Time_s,Timestamp_ms,Target_RPM,RPM,Torque_raw_lb-ft,Torque_filt_lb-ft,HP_raw,HP_filt,LoadCell_mV,ADC_Load_mV,Pressure_mV,Brake_Pos,Brake_Pct,Brake_PSI,State,PID_P,PID_I,PID_Output,Fault_Bits,Spare_Aux_mV,Tach_Glitches,RPM_Estimated,RPM_Counted,RPM_Rev
0.0000,8468,0.0,0.0,0.339,7.786,0.00,0.00,783.4,783.4,503.0,0,0.0,1.5,IDLE,0.00,0.00,0.00,0,0.0,0,0,0.0,0.0
0.0500,8518,0.0,0.0,0.339,7.786,0.00,0.00,783.4,783.4,503.0,0,0.0,1.5,IDLE,0.00,0.00,0.00,0,0.0,0,0,0.0,0.0
0.1000,8568,0.0,0.0,0.361,7.786,0.00,0.00,782.5,782.5,503.0,0,0.0,1.5,IDLE,0.00,0.00,0.00,0,0.0,0,0,0.0,0.0
0.1500,8618,0.0,0.0,0.361,7.786,0.00,0.00,782.5,782.5,502.9,0,0.0,1.4,IDLE,0.00,0.00,0.00,0,0.0,0,0,0.0,0.0
0.2000,8668,0.0,0.0,0.361,7.786,0.00,0.00,782.5,782.5,502.9,0,0.0,1.4,IDLE,0.00,0.00,0.00,0,0.0,0,0,0.0,0.0
0.2500,8718,0.0,0.0,0.538,7.786,0.00,0.00,781.9,781.9,502.9,0,0.0,1.4,IDLE,0.00,0.00,0.00,0,0.0,0,0,0.0,0.0
0.3000,8768,0.0,0.0,0.538,7.786,0.00,0.00,781.9,781.9,502.0,0,0.0,1.0,IDLE,0.00,0.00,0.00,0,0.0,0,0,0.0,0.0
0.3500,8818,0.0,0.0,0.538,7.786,0.00,0.00,781.9,781.9,502.0,0,0.0,1.0,IDLE,0.00,0.00,0.00,0,0.0,0,0,0.0,0.0
0.4000,8868,0.0,0.0,0.251,7.786,0.00,0.00,762.5,762.5,502.0,0,0.0,1.0,IDLE,0.00,0.00,0.00,0,0.0,0,0,0.0,0.0
0.4500,8918,0.0,0.0,0.251,7.786,0.00,0.00,762.5,762.5,503.1,0,0.0,1.6,IDLE,0.00,0.00,0.00,0,0.0,0,0,0.0,0.0
0.5000,8968,0.0,0.0,0.251,7.786,0.00,0.00,762.5,762.5,503.1,0,0.0,1.6,IDLE,0.00,0.00,0.00,0,0.0,0,0,0.0,0.0
0.5500,9018,0.0,0.0,0.059,7.786,0.00,0.00,764.1,764.1,503.1,0,0.0,1.6,IDLE,0.00,0.00,0.00,0,0.0,0,0,0.0,0.0
0.6000,9068,0.0,0.0,0.059,7.786,0.00,0.00,764.1,764.1,503.1,0,0.0,1.6,IDLE,0.00,0.00,0.00,0,0.0,0,0,0.0,0.0
0.6500,9118,0.0,0.0,0.059,7.786,0.00,0.00,764.1,764.1,503.0,0,0.0,1.5,IDLE,0.00,0.00,0.00,0,0.0,0,0,0.0,0.0
0.7000,9168,0.0,0.0,0.059,7.786,0.00,0.00,764.1,764.1,503.0,0,0.0,1.5,IDLE,0.00,0.00,0.00,0,0.0,0,0,0.0,0.0
0.7500,9218,0.0,0.0,0.059,7.786,0.00,0.00,770.3,770.3,503.0,0,0.0,1.5,IDLE,0.00,0.00,0.00,0,0.0,0,0,0.0,0.0
0.8000,9268,0.0,0.0,0.059,7.786,0.00,0.00,770.3,770.3,502.5,0,0.0,1.2,IDLE,0.00,0.00,0.00,0,0.0,0,0,0.0,0.0
0.8500,9318,0.0,0.0,0.059,7.786,0.00,0.00,770.3,770.3,502.5,0,0.0,1.2,IDLE,0.00,0.00,0.00,0,0.0,0,0,0.0,0.0
0.9000,9368,0.0,0.0,0.081,7.786,0.00,0.00,771.6,771.6,502.5,0,0.0,1.2,IDLE,0.00,0.00,0.00,0,0.0,0,0,0.0,0.0
0.9500,9418,0.0,0.0,0.081,7.786,0.00,0.00,771.6,771.6,502.5,0,0.0,1.2,IDLE,0.00,0.00,0.00,0,0.0,0,0,0.0,0.0
1.0000,9468,0.0,0.0,0.081,7.786,0.00,0.00,771.6,771.6,502.5,0,0.0,1.2,IDLE,0.00,0.00,0.00,0,0.0,0,0,0.0,0.0
1.0500,9518,0.0,0.0,0.302,7.786,0.00,0.00,780.3,780.3,502.5,0,0.0,1.2,IDLE,0.00,0.00,0.00,0,0.0,0,0,0.0,0.0
1.1000,9568,0.0,0.0,0.302,7.786,0.00,0.00,780.3,780.3,500.8,0,0.0,0.4,IDLE,0.00,0.00,0.00,0,0.0,0,0,0.0,0.0
1.1500,9618,0.0,0.0,0.302,7.786,0.00,0.00,780.3,780.3,500.8,0,0.0,0.4,IDLE,0.00,0.00,0.00,0,0.0,0,0,0.0,0.0
1.2000,9668,0.0,0.0,0.111,7.786,0.00,0.00,777.5,777.5,500.8,0,0.0,0.4,IDLE,0.00,0.00,0.00,0,0.0,0,0,0.0,0.0
1.2500,9718,0.0,0.0,0.111,7.786,0.00,0.00,777.5,777.5,500.8,0,0.0,0.4,IDLE,0.00,0.00,0.00,0,0.0,0,0,0.0,0.0
1.3000,9768,0.0,0.0,0.111,7.786,0.00,0.00,777.5,777.5,502.5,0,0.0,1.2,IDLE,0.00,0.00,0.00,0,0.0,0,0,0.0,0.0
1.3500,9818,0.0,0.0,0.111,7.786,0.00,0.00,777.5,777.5,502.5,0,0.0,1.2,IDLE,0.00,0.00,0.00,0,0.0,0,0,0.0,0.0
1.4000,9868,0.0,0.0,-0.155,7.786,0.00,0.00,775.3,775.3,502.5,0,0.0,1.2,IDLE,0.00,0.00,0.00,0,0.0,0,0,0.0,0.0
1.4500,9918,0.0,0.0,-0.155,7.786,0.00,0.00,775.3,775.3,502.1,0,0.0,1.1,IDLE,0.00,0.00,0.00,0,0.0,0,0,0.0,0.0
1.5000,9968,0.0,0.0,-0.155,7.786,0.00,0.00,775.3,775.3,502.1,0,0.0,1.1,IDLE,0.00,0.00,0.00,0,0.0,0,0,0.0,0.0
1.5500,10018,0.0,0.0,-0.339,7.786,0.00,0.00,775.0,775.0,502.1,0,0.0,1.1,IDLE,0.00,0.00,0.00,0,0.0,0,0,0.0,0.0
1.6000,10068,0.0,0.0,-0.339,7.786,0.00,0.00,775.0,775.0,503.6,0,0.0,1.8,IDLE,0.00,0.00,0.00,0,0.0,0,0,0.0,0.0
1.6500,10118,0.0,0.0,-0.339,7.786,0.00,0.00,775.0,775.0,503.6,0,0.0,1.8,IDLE,0.00,0.00,0.00,0,0.0,0,0,0.0,0.0
1.7000,10168,0.0,0.0,-0.398,7.786,0.00,0.00,779.7,779.7,503.6,0,0.0,1.8,IDLE,0.00,0.00,0.00,0,0.0,0,0,0.0,0.0
1.7500,10218,0.0,0.0,-0.398,7.786,0.00,0.00,779.7,779.7,503.4,0,0.0,1.7,IDLE,0.00,0.00,0.00,0,0.0,0,0,0.0,0.0
1.8000,10268,0.0,0.0,-0.398,7.786,0.00,0.00,779.7,779.7,503.4,0,0.0,1.7,IDLE,0.00,0.00,0.00,0,0.0,0,0,0.0,0.0
1.8500,10318,0.0,0.0,-0.391,7.786,0.00,0.00,782.2,782.2,503.4,0,0.0,1.7,IDLE,0.00,0.00,0.00,0,0.0,0,0,0.0,0.0
1.9000,10368,0.0,0.0,-0.391,7.786,0.00,0.00,782.2,782.2,502.0,0,0.0,1.0,IDLE,0.00,0.00,0.00,0,0.0,0,0,0.0,0.0
1.9500,10418,0.0,0.0,-0.391,7.786,0.00,0.00,782.2,782.2,502.0,0,0.0,1.0,IDLE,0.00,0.00,0.00,0,0.0,0,0,0.0,0.0
2.0000,10468,0.0,0.0,-0.125,7.786,0.00,0.00,774.7,774.7,502.0,0,0.0,1.0,IDLE,0.00,0.00,0.00,0,0.0,0,0,0.0,0.0
2.0500,10518,0.0,0.0,-0.125,7.786,0.00,0.00,774.7,774.7,502.0,0,0.0,1.0,IDLE,0.00,0.00,0.00,0,0.0,0,0,0.0,0.0
2.1000,10568,0.0,0.0,-0.125,7.786,0.00,0.00,774.7,774.7,502.9,0,0.0,1.4,IDLE,0.00,0.00,0.00,0,0.0,0,0,0.0,0.0
2.1500,10618,0.0,0.0,-0.125,7.786,0.00,0.00,774.7,774.7,502.9,0,0.0,1.4,IDLE,0.00,0.00,0.00,0,0.0,0,0,0.0,0.0
2.2000,10668,0.0,0.0,0.096,7.786,0.00,0.00,774.1,774.1,502.9,0,0.0,1.4,IDLE,0.00,0.00,0.00,0,0.0,0,0,0.0,0.0
2.2500,10718,0.0,0.0,0.096,7.786,0.00,0.00,774.1,774.1,503.1,0,0.0,1.6,IDLE,0.00,0.00,0.00,0,0.0,0,0,0.0,0.0
2.3000,10768,0.0,0.0,0.096,7.786,0.00,0.00,774.1,774.1,503.1,0,0.0,1.6,IDLE,0.00,0.00,0.00,0,0.0,0,0,0.0,0.0
2.3500,10818,0.0,0.0,0.266,7.786,0.00,0.00,777.8,777.8,503.1,0,0.0,1.6,IDLE,0.00,0.00,0.00,0,0.0,0,0,0.0,0.0
2.4000,10868,0.0,0.0,0.266,7.786,0.00,0.00,777.8,777.8,501.9,0,0.0,0.9,IDLE,0.00,0.00,0.00,0,0.0,0,0,0.0,0.0
2.4500,10918,0.0,0.0,0.266,7.786,0.00,0.00,777.8,777.8,501.9,0,0.0,0.9,IDLE,0.00,0.00,0.00,0,0.0,0,0,0.0,0.0
2.5000,10968,0.0,0.0,0.428,7.786,0.00,0.00,779.1,779.1,501.9,0,0.0,0.9,IDLE,0.00,0.00,0.00,0,0.0,0,0,0.0,0.0
2.5500,11018,0.0,0.0,0.428,7.786,0.00,0.00,779.1,779.1,502.3,0,0.0,1.1,IDLE,0.00,0.00,0.00,0,0.0,0,0,0.0,0.0
2.6000,11068,0.0,0.0,0.428,7.786,0.00,0.00,779.1,779.1,502.3,0,0.0,1.1,IDLE,0.00,0.00,0.00,0,0.0,0,0,0.0,0.0
2.6500,11118,0.0,0.0,0.612,7.786,0.00,0.00,788.4,788.4,502.3,0,0.0,1.1,IDLE,0.00,0.00,0.00,0,0.0,0,0,0.0,0.0
2.7000,11168,0.0,0.0,0.612,7.786,0.00,0.00,788.4,788.4,503.0,0,0.0,1.5,IDLE,0.00,0.00,0.00,0,0.0,0,0,0.0,0.0
2.7500,11218,0.0,0.0,0.612,7.786,0.00,0.00,788.4,788.4,503.0,0,0.0,1.5,IDLE,0.00,0.00,0.00,0,0.0,0,0,0.0,0.0
2.8000,11268,0.0,0.0,0.863,7.786,0.00,0.00,789.1,789.1,503.0,0,0.0,1.5,IDLE,0.00,0.00,0.00,0,0.0,0,0,0.0,0.0
2.8500,11318,0.0,0.0,0.863,7.786,0.00,0.00,789.1,789.1,503.0,0,0.0,1.5,IDLE,0.00,0.00,0.00,0,0.0,0,0,0.0,0.0
2.9000,11368,0.0,0.0,0.863,7.786,0.00,0.00,789.1,789.1,503.5,0,0.0,1.8,IDLE,0.00,0.00,0.00,0,0.0,0,0,0.0,0.0
2.9500,11418,0.0,0.0,0.863,7.786,0.00,0.00,789.1,789.1,503.5,0,0.0,1.8,IDLE,0.00,0.00,0.00,0,0.0,0,0,0.0,0.0
3.0000,11468,0.0,0.0,1.143,7.786,0.00,0.00,787.8,787.8,503.5,0,0.0,1.8,IDLE,0.00,0.00,0.00,0,0.0,0,0,0.0,0.0
3.0500,11518,0.0,0.0,1.143,7.786,0.00,0.00,787.8,787.8,501.1,0,0.0,0.6,IDLE,0.00,0.00,0.00,0,0.0,0,0,0.0,0.0
3.1000,11568,0.0,0.0,1.143,7.786,0.00,0.00,787.8,787.8,501.1,0,0.0,0.6,IDLE,0.00,0.00,0.00,0,0.0,0,0,0.0,0.0
3.1500,11618,0.0,0.0,1.033,7.786,0.00,0.00,770.0,770.0,501.1,0,0.0,0.6,IDLE,0.00,0.00,0.00,0,0.0,0,0,0.0,0.0
3.2000,11668,0.0,0.0,1.033,7.786,0.00,0.00,770.0,770.0,502.3,0,0.0,1.1,IDLE,0.00,0.00,0.00,0,0.0,0,0,0.0,0.0
3.2500,11718,0.0,0.0,1.033,7.786,0.00,0.00,770.0,770.0,502.3,0,0.0,1.1,IDLE,0.00,0.00,0.00,0,0.0,0,0,0.0,0.0
3.3000,11768,0.0,0.0,0.833,7.786,0.00,0.00,770.6,770.6,502.3,0,0.0,1.1,IDLE,0.00,0.00,0.00,0,0.0,0,0,0.0,0.0
3.3500,11818,0.0,0.0,0.833,7.786,0.00,0.00,770.6,770.6,503.2,0,0.0,1.6,IDLE,0.00,0.00,0.00,0,0.0,0,0,0.0,0.0
3.4000,11868,0.0,0.0,0.833,7.786,0.00,0.00,770.6,770.6,503.2,0,0.0,1.6,IDLE,0.00,0.00,0.00,0,0.0,0,0,0.0,0.0
3.4500,11918,0.0,0.0,0.487,7.786,0.00,0.00,766.6,766.6,503.2,0,0.0,1.6,IDLE,0.00,0.00,0.00,0,0.0,0,0,0.0,0.0
3.5000,11968,0.0,0.0,0.487,7.786,0.00,0.00,766.6,766.6,503.2,0,0.0,1.6,IDLE,0.00,0.00,0.00,0,0.0,0,0,0.0,0.0
3.5500,12018,0.0,0.0,0.487,7.786,0.00,0.00,766.6,766.6,502.6,0,0.0,1.3,IDLE,0.00,0.00,0.00,0,0.0,0,0,0.0,0.0
3.6000,12068,0.0,0.0,0.487,7.786,0.00,0.00,766.6,766.6,502.6,0,0.0,1.3,IDLE,0.00,0.00,0.00,0,0.0,0,0,0.0,0.0
3.6500,12118,0.0,0.0,0.347,7.786,0.00,0.00,768.4,768.4,502.6,0,0.0,1.3,IDLE,0.00,0.00,0.00,0,0.0,0,0,0.0,0.0
3.7000,12168,0.0,0.0,0.347,7.786,0.00,0.00,768.4,768.4,502.5,0,0.0,1.2,IDLE,0.00,0.00,0.00,0,0.0,0,0,0.0,0.0
3.7500,12218,0.0,0.0,0.347,7.786,0.00,0.00,768.4,768.4,502.5,0,0.0,1.2,IDLE,0.00,0.00,0.00,0,0.0,0,0,0.0,0.0
3.8000,12268,0.0,0.0,0.391,7.786,0.00,0.00,775.9,775.9,502.5,0,0.0,1.2,IDLE,0.00,0.00,0.00,0,0.0,0,0,0.0,0.0
3.8500,12318,0.0,0.0,0.391,7.786,0.00,0.00,775.9,775.9,502.6,0,0.0,1.3,IDLE,0.00,0.00,0.00,0,0.0,0,0,0.0,0.0
3.9000,12368,0.0,0.0,0.391,7.786,0.00,0.00,775.9,775.9,502.6,0,0.0,1.3,IDLE,0.00,0.00,0.00,0,0.0,0,0,0.0,0.0
3.9500,12418,0.0,0.0,0.302,7.786,0.00,0.00,774.1,774.1,502.6,0,0.0,1.3,IDLE,0.00,0.00,0.00,0,0.0,0,0,0.0,0.0
4.0000,12468,0.0,0.0,0.302,7.786,0.00,0.00,774.1,774.1,503.0,0,0.0,1.5,IDLE,0.00,0.00,0.00,0,0.0,0,0,0.0,0.0
4.0500,12518,0.0,0.0,0.302,7.786,0.00,0.00,774.1,774.1,503.0,0,0.0,1.5,IDLE,0.00,0.00,0.00,0,0.0,0,0,0.0,0.0
4.1000,12568,0.0,0.0,0.192,7.786,0.00,0.00,774.1,774.1,503.0,0,0.0,1.5,IDLE,0.00,0.00,0.00,0,0.0,0,0,0.0,0.0
4.1500,12618,0.0,0.0,0.192,7.786,0.00,0.00,774.1,774.1,503.1,0,0.0,1.6,IDLE,0.00,0.00,0.00,0,0.0,0,0,0.0,0.0
4.2000,12668,0.0,0.0,0.192,7.786,0.00,0.00,774.1,774.1,503.1,0,0.0,1.6,IDLE,0.00,0.00,0.00,0,0.0,0,0,0.0,0.0
4.2500,12718,0.0,0.0,-0.177,7.786,0.00,0.00,771.6,771.6,503.1,0,0.0,1.6,IDLE,0.00,0.00,0.00,0,0.0,0,0,0.0,0.0
4.3000,12768,0.0,0.0,-0.177,7.786,0.00,0.00,771.6,771.6,503.1,0,0.0,1.6,IDLE,0.00,0.00,0.00,0,0.0,0,0,0.0,0.0
4.3500,12818,0.0,0.0,-0.177,7.786,0.00,0.00,771.6,771.6,502.8,0,0.0,1.4,IDLE,0.00,0.00,0.00,0,0.0,0,0,0.0,0.0
4.4000,12868,0.0,0.0,-0.177,7.786,0.00,0.00,771.6,771.6,502.8,0,0.0,1.4,IDLE,0.00,0.00,0.00,0,0.0,0,0,0.0,0.0
4.4500,12918,0.0,0.0,-0.376,7.786,0.00,0.00,780.3,780.3,502.8,0,0.0,1.4,IDLE,0.00,0.00,0.00,0,0.0,0,0,0.0,0.0
4.5000,12968,0.0,0.0,-0.376,7.786,0.00,0.00,780.3,780.3,502.8,0,0.0,1.4,IDLE,0.00,0.00,0.00,0,0.0,0,0,0.0,0.0
4.5500,13018,0.0,0.0,-0.376,7.786,0.00,0.00,780.3,780.3,502.8,0,0.0,1.4,IDLE,0.00,0.00,0.00,0,0.0,0,0,0.0,0.0
4.6000,13068,0.0,0.0,-0.494,7.786,0.00,0.00,782.5,782.5,502.8,0,0.0,1.4,IDLE,0.00,0.00,0.00,0,0.0,0,0,0.0,0.0
4.6500,13118,0.0,0.0,-0.494,7.786,0.00,0.00,782.5,782.5,502.1,0,0.0,1.1,IDLE,0.00,0.00,0.00,0,0.0,0,0,0.0,0.0
4.7000,13168,0.0,0.0,-0.494,7.786,0.00,0.00,782.5,782.5,502.1,0,0.0,1.1,IDLE,0.00,0.00,0.00,0,0.0,0,0,0.0,0.0
4.7500,13218,0.0,0.0,-0.207,7.786,0.00,0.00,782.8,782.8,502.1,0,0.0,1.1,IDLE,0.00,0.00,0.00,0,0.0,0,0,0.0,0.0
4.8000,13268,0.0,0.0,-0.207,7.786,0.00,0.00,782.8,782.8,502.5,0,0.0,1.2,IDLE,0.00,0.00,0.00,0,0.0,0,0,0.0,0.0
4.8500,13318,0.0,0.0,-0.207,7.786,0.00,0.00,782.8,782.8,502.5,0,0.0,1.2,IDLE,0.00,0.00,0.00,0,0.0,0,0,0.0,0.0
4.9000,13368,0.0,0.0,0.096,7.786,0.00,0.00,784.4,784.4,502.5,0,0.0,1.2,IDLE,0.00,0.00,0.00,0,0.0,0,0,0.0,0.0
4.9500,13418,0.0,0.0,0.096,7.786,0.00,0.00,784.4,784.4,502.5,0,0.0,1.2,IDLE,0.00,0.00,0.00,0,0.0,0,0,0.0,0.0
5.0000,13468,0.0,0.0,0.096,7.786,0.00,0.00,784.4,784.4,503.0,0,0.0,1.5,IDLE,0.00,0.00,0.00,0,0.0,0,0,0.0,0.0
5.0500,13518,0.0,0.0,0.096,7.786,0.00,0.00,784.4,784.4,503.0,0,0.0,1.5,IDLE,0.00,0.00,0.00,0,0.0,0,0,0.0,0.0
5.1000,13568,0.0,0.0,0.066,7.786,0.00,0.00,765.3,765.3,503.0,0,0.0,1.5,IDLE,0.00,0.00,0.00,0,0.0,0,0,0.0,0.0
5.1500,13618,0.0,0.0,0.066,7.786,0.00,0.00,765.3,765.3,502.4,0,0.0,1.2,IDLE,0.00,0.00,0.00,0,0.0,0,0,0.0,0.0
5.2000,13668,0.0,0.0,0.066,7.786,0.00,0.00,765.3,765.3,502.4,0,0.0,1.2,IDLE,0.00,0.00,0.00,0,0.0,0,0,0.0,0.0
5.2500,13718,0.0,0.0,-0.015,7.786,0.00,0.00,764.7,764.7,502.4,0,0.0,1.2,IDLE,0.00,0.00,0.00,0,0.0,0,0,0.0,0.0
5.3000,13768,0.0,0.0,-0.015,7.786,0.00,0.00,764.7,764.7,502.1,0,0.0,1.1,IDLE,0.00,0.00,0.00,0,0.0,0,0,0.0,0.0
5.3500,13818,0.0,0.0,-0.015,7.786,0.00,0.00,764.7,764.7,502.1,0,0.0,1.1,IDLE,0.00,0.00,0.00,0,0.0,0,0,0.0,0.0
5.4000,13868,0.0,0.0,-0.221,7.786,0.00,0.00,766.6,766.6,502.1,0,0.0,1.1,IDLE,0.00,0.00,0.00,0,0.0,0,0,0.0,0.0
5.4500,13918,0.0,0.0,-0.221,7.786,0.00,0.00,766.6,766.6,502.9,0,0.0,1.4,IDLE,0.00,0.00,0.00,0,0.0,0,0,0.0,0.0
5.5000,13968,0.0,0.0,-0.221,7.786,0.00,0.00,766.6,766.6,502.9,0,0.0,1.4,IDLE,0.00,0.00,0.00,0,0.0,0,0,0.0,0.0
5.5500,14018,0.0,0.0,-0.332,7.786,0.00,0.00,769.1,769.1,502.9,0,0.0,1.4,IDLE,0.00,0.00,0.00,0,0.0,0,0,0.0,0.0
5.6000,14068,0.0,0.0,-0.332,7.786,0.00,0.00,769.1,769.1,501.9,0,0.0,0.9,IDLE,0.00,0.00,0.00,0,0.0,0,0,0.0,0.0
5.6500,14118,0.0,0.0,-0.332,7.786,0.00,0.00,769.1,769.1,501.9,0,0.0,0.9,IDLE,0.00,0.00,0.00,0,0.0,0,0,0.0,0.0
5.7000,14168,0.0,0.0,0.243,7.786,0.00,0.00,800.0,800.0,501.9,0,0.0,0.9,IDLE,0.00,0.00,0.00,0,0.0,0,0,0.0,0.0
5.7500,14218,0.0,0.0,0.243,7.786,0.00,0.00,800.0,800.0,501.9,0,0.0,0.9,IDLE,0.00,0.00,0.00,0,0.0,1,0,0.0,0.0
5.8000,14268,0.0,0.0,0.243,7.786,0.00,0.00,800.0,800.0,503.0,0,0.0,1.5,IDLE,0.00,0.00,0.00,0,0.0,1,0,0.0,0.0
5.8500,14318,0.0,0.0,0.243,7.786,0.00,0.00,800.0,800.0,503.0,0,0.0,1.5,IDLE,0.00,0.00,0.00,0,0.0,1,0,0.0,0.0
5.9000,14368,0.0,0.0,-0.302,7.786,0.00,0.00,746.9,746.9,503.0,0,0.0,1.5,IDLE,0.00,0.00,0.00,0,0.0,1,0,0.0,0.0
5.9500,14418,0.0,0.0,-0.302,7.786,0.00,0.00,746.9,746.9,502.5,0,0.0,1.2,IDLE,0.00,0.00,0.00,0,0.0,2,0,0.0,0.0
6.0000,14468,0.0,0.0,-0.302,7.786,0.00,0.00,746.9,746.9,502.5,0,0.0,1.2,IDLE,0.00,0.00,0.00,0,0.0,2,0,0.0,0.0
6.0500,14518,0.0,0.0,-0.384,7.786,0.00,0.00,776.9,776.9,502.5,0,0.0,1.2,IDLE,0.00,0.00,0.00,0,0.0,2,0,0.0,0.0
6.1000,14568,0.0,0.0,-0.384,7.786,0.00,0.00,776.9,776.9,503.0,0,0.0,1.5,IDLE,0.00,0.00,0.00,0,0.0,3,0,0.0,0.0
6.1500,14618,0.0,0.0,-0.384,7.786,0.00,0.00,776.9,776.9,503.0,0,0.0,1.5,IDLE,0.00,0.00,0.00,0,0.0,3,0,0.0,0.0
6.2000,14668,0.0,0.0,-3.076,7.786,0.00,0.00,660.6,660.6,503.0,0,0.0,1.5,IDLE,0.00,0.00,0.00,0,0.0,3,0,0.0,0.0
6.2500,14718,0.0,0.0,-3.076,7.786,0.00,0.00,660.6,660.6,503.2,0,0.0,1.6,IDLE,0.00,0.00,0.00,0,0.0,4,0,0.0,0.0
6.3000,14768,0.0,0.0,-3.076,7.786,0.00,0.00,660.6,660.6,503.2,0,0.0,1.6,IDLE,0.00,0.00,0.00,0,0.0,5,0,0.0,0.0
6.3500,14818,0.0,0.0,5.960,7.786,0.00,0.00,1191.2,1191.2,503.2,0,0.0,1.6,IDLE,0.00,0.00,0.00,0,0.0,7,0,0.0,0.0
6.4000,14868,0.0,0.0,5.960,7.786,0.00,0.00,1191.2,1191.2,503.2,0,0.0,1.6,IDLE,0.00,0.00,0.00,0,0.0,9,0,0.0,0.0
6.4500,14918,0.0,0.0,5.960,7.786,0.00,0.00,1191.2,1191.2,503.1,0,0.0,1.6,IDLE,0.00,0.00,0.00,0,0.0,11,0,0.0,848.6
6.5000,14968,0.0,911.0,5.960,7.786,1.03,1.35,1191.2,1191.2,503.1,0,0.0,1.6,IDLE,0.00,0.00,0.00,0,0.0,11,0,911.0,922.2
6.5500,15018,0.0,911.0,6.815,7.786,1.18,1.35,823.1,823.1,503.1,0,0.0,1.6,IDLE,0.00,0.00,0.00,0,0.0,11,0,911.0,928.1
6.6000,15068,0.0,950.6,6.815,7.786,1.23,1.41,823.1,823.1,503.4,0,0.0,1.7,IDLE,0.00,0.00,0.00,0,0.0,11,0,950.6,962.4
6.6500,15118,0.0,950.6,6.815,7.786,1.23,1.41,823.1,823.1,503.4,0,0.0,1.7,IDLE,0.00,0.00,0.00,0,0.0,12,0,950.6,972.6
6.7000,15168,0.0,949.8,10.901,7.786,1.97,1.41,949.7,949.7,503.4,0,0.0,1.7,IDLE,0.00,0.00,0.00,0,0.0,12,0,949.8,934.9
6.7500,15218,0.0,949.8,10.901,7.786,1.97,1.41,949.7,949.7,503.0,0,0.0,1.5,IDLE,0.00,0.00,0.00,0,0.0,12,0,949.8,893.2
6.8000,15268,0.0,867.6,10.901,7.786,1.80,1.29,949.7,949.7,503.0,0,0.0,1.5,IDLE,0.00,0.00,0.00,0,0.0,12,0,867.6,858.5
6.8500,15318,0.0,867.6,7.029,7.786,1.16,1.29,590.0,590.0,503.0,0,0.0,1.5,IDLE,0.00,0.00,0.00,0,0.0,13,0,867.6,847.9
6.9000,15368,0.0,828.1,7.029,7.786,1.11,1.23,590.0,590.0,503.5,0,0.0,1.8,IDLE,0.00,0.00,0.00,0,0.0,13,0,828.1,821.3
6.9500,15418,0.0,828.1,7.029,7.786,1.11,1.23,590.0,590.0,503.5,0,0.0,1.8,IDLE,0.00,0.00,0.00,0,0.0,14,0,828.1,802.3
7.0000,15468,0.0,828.1,6.196,7.786,0.98,1.23,728.8,728.8,503.5,0,0.0,1.8,IDLE,0.00,0.00,0.00,0,0.0,16,0,828.1,802.3
7.0500,15518,0.0,828.1,6.196,7.786,0.98,1.23,728.8,728.8,503.0,0,0.0,1.5,IDLE,0.00,0.00,0.00,0,0.0,17,0,828.1,802.3
7.1000,15568,0.0,828.1,6.196,7.786,0.98,1.23,728.8,728.8,503.0,0,0.0,1.5,IDLE,0.00,0.00,0.00,0,0.0,19,0,828.1,802.3
7.1500,15618,0.0,828.1,5.650,7.786,0.89,1.23,744.4,744.4,503.0,0,0.0,1.5,IDLE,0.00,0.00,0.00,0,0.0,21,0,828.1,802.3
7.2000,15668,0.0,828.1,5.650,7.786,0.89,1.23,744.4,744.4,503.0,0,0.0,1.5,IDLE,0.00,0.00,0.00,0,0.0,22,0,828.1,802.3
7.2500,15718,0.0,828.1,5.650,7.786,0.89,1.23,744.4,744.4,503.5,0,0.0,1.8,IDLE,0.00,0.00,0.00,0,0.0,24,0,828.1,802.3
7.3000,15768,0.0,828.1,5.650,7.786,0.89,1.23,744.4,744.4,503.5,0,0.0,1.8,IDLE,0.00,0.00,0.00,0,0.0,26,0,828.1,802.3
7.3500,15818,0.0,828.1,5.406,7.786,0.85,1.23,789.1,789.1,503.5,0,0.0,1.8,IDLE,0.00,0.00,0.00,0,0.0,27,0,828.1,802.3
7.4000,15868,0.0,828.1,5.406,7.786,0.85,1.23,789.1,789.1,503.6,0,0.0,1.8,IDLE,0.00,0.00,0.00,0,0.0,29,0,828.1,802.3
7.4500,15918,0.0,828.1,5.406,7.786,0.85,1.23,789.1,789.1,503.6,0,0.0,1.8,IDLE,0.00,0.00,0.00,0,0.0,31,0,828.1,802.3
7.5000,15968,0.0,828.1,5.369,7.786,0.85,1.23,745.3,745.3,503.6,0,0.0,1.8,IDLE,0.00,0.00,0.00,0,0.0,33,0,828.1,802.3
7.5500,16018,0.0,828.1,5.369,7.786,0.85,1.23,745.3,745.3,503.2,0,0.0,1.6,IDLE,0.00,0.00,0.00,0,0.0,35,0,828.1,802.3
7.6000,16068,0.0,828.1,5.369,7.786,0.85,1.23,745.3,745.3,503.2,0,0.0,1.6,IDLE,0.00,0.00,0.00,0,0.0,38,0,828.1,802.3
7.6500,16118,0.0,828.1,5.539,7.786,0.87,1.23,784.4,784.4,503.2,0,0.0,1.6,IDLE,0.00,0.00,0.00,0,0.0,40,0,828.1,802.3
7.7000,16168,0.0,828.1,5.539,7.786,0.87,1.23,784.4,784.4,503.6,0,0.0,1.8,IDLE,0.00,0.00,0.00,0,0.0,42,0,828.1,802.3
7.7500,16218,0.0,828.1,5.539,7.786,0.87,1.23,784.4,784.4,503.6,0,0.0,1.8,IDLE,0.00,0.00,0.00,0,0.0,44,0,828.1,802.3
7.8000,16268,0.0,828.1,8.216,7.786,1.30,1.23,781.6,781.6,503.6,0,0.0,1.8,IDLE,0.00,0.00,0.00,0,0.0,46,0,828.1,802.3
7.8500,16318,0.0,828.1,8.216,7.786,1.30,1.23,781.6,781.6,503.6,0,0.0,1.8,IDLE,0.00,0.00,0.00,0,0.0,48,0,828.1,802.3
7.9000,16368,0.0,828.1,8.216,7.786,1.30,1.23,781.6,781.6,504.4,0,0.0,2.2,IDLE,0.00,0.00,0.00,0,0.0,50,0,828.1,802.3
7.9500,16418,0.0,828.1,8.216,7.786,1.30,1.23,781.6,781.6,504.4,0,0.0,2.2,IDLE,0.00,0.00,0.00,0,0.0,52,0,828.1,802.3
8.0000,16468,0.0,828.1,-1.497,7.786,-0.24,1.23,752.2,752.2,504.4,0,0.0,2.2,IDLE,0.00,0.00,0.00,0,0.0,55,0,828.1,802.3
8.0500,16518,0.0,828.1,-1.497,7.786,-0.24,1.23,752.2,752.2,503.4,0,0.0,1.7,IDLE,0.00,0.00,0.00,0,0.0,57,0,828.1,802.3
8.1000,16568,0.0,828.1,-1.497,7.786,-0.24,1.23,752.2,752.2,503.4,0,0.0,1.7,IDLE,0.00,0.00,0.00,0,0.0,59,0,828.1,802.3
8.1500,16618,0.0,828.1,-2.353,7.786,-0.37,1.23,784.7,784.7,503.4,0,0.0,1.7,IDLE,0.00,0.00,0.00,0,0.0,61,0,828.1,802.3
8.2000,16668,0.0,828.1,-2.353,7.786,-0.37,1.23,784.7,784.7,502.6,0,0.0,1.3,IDLE,0.00,0.00,0.00,0,0.0,62,0,828.1,802.3
8.2500,16718,0.0,828.1,-2.353,7.786,-0.37,1.23,784.7,784.7,502.6,0,0.0,1.3,IDLE,0.00,0.00,0.00,0,0.0,64,0,828.1,802.3
8.3000,16768,0.0,828.1,-6.336,7.786,-1.00,1.23,769.7,769.7,502.6,0,0.0,1.3,IDLE,0.00,0.00,0.00,0,0.0,66,0,828.1,802.3
8.3500,16818,0.0,828.1,-6.336,7.786,-1.00,1.23,769.7,769.7,502.1,0,0.0,1.1,IDLE,0.00,0.00,0.00,0,0.0,67,0,828.1,802.3
8.4000,16868,0.0,828.1,-6.336,7.786,-1.00,1.23,769.7,769.7,502.1,0,0.0,1.1,IDLE,0.00,0.00,0.00,0,0.0,69,0,828.1,802.3
8.4500,16918,0.0,828.1,-0.959,7.786,-0.15,1.23,832.8,832.8,502.1,0,0.0,1.1,IDLE,0.00,0.00,0.00,0,0.0,71,0,828.1,802.3
8.5000,16968,0.0,828.1,-0.959,7.786,-0.15,1.23,832.8,832.8,503.0,0,0.0,1.5,IDLE,0.00,0.00,0.00,0,0.0,72,0,828.1,802.3
8.5500,17018,0.0,828.1,-0.959,7.786,-0.15,1.23,832.8,832.8,503.0,0,0.0,1.5,IDLE,0.00,0.00,0.00,0,0.0,74,0,828.1,802.3
8.6000,17068,0.0,828.1,-0.974,7.786,-0.15,1.23,728.1,728.1,503.0,0,0.0,1.5,IDLE,0.00,0.00,0.00,0,0.0,76,0,828.1,802.3
8.6500,17118,0.0,828.1,-0.974,7.786,-0.15,1.23,728.1,728.1,503.0,0,0.0,1.5,IDLE,0.00,0.00,0.00,0,0.0,77,0,828.1,802.3
8.7000,17168,0.0,828.1,-0.974,7.786,-0.15,1.23,728.1,728.1,501.4,0,0.0,0.7,IDLE,0.00,0.00,0.00,0,0.0,79,0,828.1,802.3
8.7500,17218,0.0,828.1,-0.974,7.786,-0.15,1.23,728.1,728.1,501.4,0,0.0,0.7,IDLE,0.00,0.00,0.00,0,0.0,80,0,828.1,802.3
8.8000,17268,0.0,828.1,1.151,7.786,0.18,1.23,840.3,840.3,501.4,0,0.0,0.7,IDLE,0.00,0.00,0.00,0,0.0,82,0,828.1,802.3
8.8500,17318,0.0,828.1,1.151,7.786,0.18,1.23,840.3,840.3,502.6,0,0.0,1.3,IDLE,0.00,0.00,0.00,0,0.0,84,0,828.1,802.3
8.9000,17368,0.0,828.1,1.151,7.786,0.18,1.23,840.3,840.3,502.6,0,0.0,1.3,IDLE,0.00,0.00,0.00,0,0.0,85,0,828.1,802.3
8.9500,17418,0.0,828.1,1.357,7.786,0.21,1.23,798.4,798.4,502.6,0,0.0,1.3,IDLE,0.00,0.00,0.00,0,0.0,87,0,828.1,802.3
9.0000,17468,0.0,828.1,1.357,7.786,0.21,1.23,798.4,798.4,501.5,0,0.0,0.8,IDLE,0.00,0.00,0.00,0,0.0,89,0,828.1,802.3
9.0500,17518,0.0,828.1,1.357,7.786,0.21,1.23,798.4,798.4,501.5,0,0.0,0.8,IDLE,0.00,0.00,0.00,0,0.0,90,0,828.1,802.3
9.1000,17568,0.0,828.1,2.463,7.786,0.39,1.23,795.3,795.3,501.5,0,0.0,0.8,IDLE,0.00,0.00,0.00,0,0.0,92,0,828.1,802.3
9.1500,17618,0.0,828.1,2.463,7.786,0.39,1.23,795.3,795.3,503.2,0,0.0,1.6,IDLE,0.00,0.00,0.00,0,0.0,94,0,828.1,802.3
9.2000,17668,0.0,828.1,2.463,7.786,0.39,1.23,795.3,795.3,503.2,0,0.0,1.6,IDLE,0.00,0.00,0.00,0,0.0,95,0,828.1,802.3
9.2500,17718,0.0,828.1,2.906,7.786,0.46,1.23,804.4,804.4,503.2,0,0.0,1.6,IDLE,0.00,0.00,0.00,0,0.0,97,0,828.1,802.3
9.3000,17768,0.0,828.1,2.906,7.786,0.46,1.23,804.4,804.4,503.2,0,0.0,1.6,IDLE,0.00,0.00,0.00,0,0.0,99,0,828.1,802.3
9.3500,17818,0.0,828.1,2.906,7.786,0.46,1.23,804.4,804.4,502.1,0,0.0,1.1,IDLE,0.00,0.00,0.00,0,0.0,100,0,828.1,802.3
9.4000,17868,0.0,828.1,2.906,7.786,0.46,1.23,804.4,804.4,502.1,0,0.0,1.1,IDLE,0.00,0.00,0.00,0,0.0,102,0,828.1,802.3
9.4500,17918,0.0,828.1,2.980,7.786,0.47,1.23,785.0,785.0,502.1,0,0.0,1.1,IDLE,0.00,0.00,0.00,0,0.0,103,0,828.1,802.3
9.5000,17968,0.0,828.1,2.980,7.786,0.47,1.23,785.0,785.0,503.0,0,0.0,1.5,IDLE,0.00,0.00,0.00,0,0.0,105,0,828.1,802.3
9.5500,18018,0.0,828.1,2.980,7.786,0.47,1.23,785.0,785.0,503.0,0,0.0,1.5,IDLE,0.00,0.00,0.00,0,0.0,106,0,828.1,802.3
9.6000,18068,0.0,828.1,3.732,7.786,0.59,1.23,786.2,786.2,503.0,0,0.0,1.5,IDLE,0.00,0.00,0.00,0,0.0,108,0,828.1,802.3
9.6500,18118,0.0,828.1,3.732,7.786,0.59,1.23,786.2,786.2,502.3,0,0.0,1.1,IDLE,0.00,0.00,0.00,0,0.0,110,0,828.1,802.3
9.7000,18168,0.0,828.1,3.732,7.786,0.59,1.23,786.2,786.2,502.3,0,0.0,1.1,IDLE,0.00,0.00,0.00,0,0.0,111,0,828.1,802.3
9.7500,18218,0.0,828.1,1.468,7.786,0.23,1.23,682.2,682.2,502.3,0,0.0,1.1,IDLE,0.00,0.00,0.00,0,0.0,113,0,828.1,802.3
9.8000,18268,0.0,828.1,1.468,7.786,0.23,1.23,682.2,682.2,503.0,0,0.0,1.5,IDLE,0.00,0.00,0.00,0,0.0,115,0,828.1,802.3
9.8500,18318,0.0,828.1,1.468,7.786,0.23,1.23,682.2,682.2,503.0,0,0.0,1.5,IDLE,0.00,0.00,0.00,0,0.0,117,0,828.1,802.3
9.9000,18368,0.0,828.1,1.851,7.786,0.29,1.23,787.2,787.2,503.0,0,0.0,1.5,IDLE,0.00,0.00,0.00,0,0.0,119,0,828.1,802.3
9.9500,18418,0.0,828.1,1.851,7.786,0.29,1.23,787.2,787.2,501.6,0,0.0,0.8,IDLE,0.00,0.00,0.00,0,0.0,120,0,828.1,802.3
10.0000,18468,0.0,828.1,1.851,7.786,0.29,1.23,787.2,787.2,501.6,0,0.0,0.8,IDLE,0.00,0.00,0.00,0,0.0,122,0,828.1,802.3
10.0500,18518,0.0,828.1,-3.024,7.786,-0.48,1.23,612.5,612.5,501.6,0,0.0,0.8,IDLE,0.00,0.00,0.00,0,0.0,124,0,828.1,802.3
10.1000,18568,0.0,828.1,-3.024,7.786,-0.48,1.23,612.5,612.5,501.6,0,0.0,0.8,IDLE,0.00,0.00,0.00,0,0.0,125,0,828.1,802.3
10.1500,18618,0.0,828.1,-3.024,7.786,-0.48,1.23,612.5,612.5,503.4,0,0.0,1.7,IDLE,0.00,0.00,0.00,0,0.0,127,0,828.1,802.3
10.2000,18668,0.0,828.1,-3.024,7.786,-0.48,1.23,612.5,612.5,503.4,0,0.0,1.7,IDLE,0.00,0.00,0.00,0,0.0,128,0,828.1,802.3
10.2500,18718,0.0,828.1,-5.067,7.786,-0.80,1.23,635.6,635.6,503.4,0,0.0,1.7,IDLE,0.00,0.00,0.00,0,0.0,130,0,828.1,802.3
10.3000,18768,0.0,828.1,-5.067,7.786,-0.80,1.23,635.6,635.6,503.0,0,0.0,1.5,IDLE,0.00,0.00,0.00,0,0.0,133,0,828.1,802.3
10.3500,18818,0.0,828.1,-5.067,7.786,-0.80,1.23,635.6,635.6,503.0,0,0.0,1.5,IDLE,0.00,0.00,0.00,0,0.0,135,0,828.1,802.3
10.4000,18868,0.0,828.1,-9.677,7.786,-1.53,1.23,631.9,631.9,503.0,0,0.0,1.5,IDLE,0.00,0.00,0.00,0,0.0,136,0,828.1,802.3
10.4500,18918,0.0,828.1,-9.677,7.786,-1.53,1.23,631.9,631.9,501.9,0,0.0,0.9,IDLE,0.00,0.00,0.00,0,0.0,138,0,828.1,802.3
10.5000,18968,0.0,828.1,-9.677,7.786,-1.53,1.23,631.9,631.9,501.9,0,0.0,0.9,IDLE,0.00,0.00,0.00,0,0.0,140,0,828.1,802.3
10.5500,19018,0.0,828.1,-12.612,7.786,-1.99,1.23,665.9,665.9,501.9,0,0.0,0.9,IDLE,0.00,0.00,0.00,0,0.0,142,0,828.1,802.3
10.6000,19068,0.0,828.1,-12.612,7.786,-1.99,1.23,665.9,665.9,502.0,0,0.0,1.0,IDLE,0.00,0.00,0.00,0,0.0,144,0,828.1,802.3
10.6500,19118,0.0,828.1,-12.612,7.786,-1.99,1.23,665.9,665.9,502.0,0,0.0,1.0,IDLE,0.00,0.00,0.00,0,0.0,146,0,828.1,802.3
10.7000,19168,0.0,828.1,-7.036,7.786,-1.11,1.23,1047.2,1047.2,502.0,0,0.0,1.0,IDLE,0.00,0.00,0.00,0,0.0,148,0,828.1,802.3
10.7500,19218,0.0,828.1,-7.036,7.786,-1.11,1.23,1047.2,1047.2,502.1,0,0.0,1.1,IDLE,0.00,0.00,0.00,0,0.0,149,0,828.1,802.3
10.8000,19268,0.0,828.1,-7.036,7.786,-1.11,1.23,1047.2,1047.2,502.1,0,0.0,1.1,IDLE,0.00,0.00,0.00,0,0.0,151,0,828.1,802.3
10.8500,19318,0.0,828.1,-8.047,7.786,-1.27,1.23,758.8,758.8,502.1,0,0.0,1.1,IDLE,0.00,0.00,0.00,0,0.0,153,0,828.1,802.3
10.9000,19368,0.0,828.1,-8.047,7.786,-1.27,1.23,758.8,758.8,502.1,0,0.0,1.1,IDLE,0.00,0.00,0.00,0,0.0,154,0,828.1,802.3
10.9500,19418,0.0,828.1,-8.047,7.786,-1.27,1.23,758.8,758.8,501.8,0,0.0,0.9,IDLE,0.00,0.00,0.00,0,0.0,156,0,828.1,802.3
11.0000,19468,0.0,828.1,-8.047,7.786,-1.27,1.23,758.8,758.8,501.8,0,0.0,0.9,IDLE,0.00,0.00,0.00,0,0.0,158,0,828.1,802.3
11.0500,19518,0.0,828.1,-8.054,7.786,-1.27,1.23,784.7,784.7,501.8,0,0.0,0.9,IDLE,0.00,0.00,0.00,0,0.0,159,0,828.1,802.3
11.1000,19568,0.0,828.1,-8.054,7.786,-1.27,1.23,784.7,784.7,502.0,0,0.0,1.0,IDLE,0.00,0.00,0.00,0,0.0,161,0,828.1,802.3
11.1500,19618,0.0,828.1,-8.054,7.786,-1.27,1.23,784.7,784.7,502.0,0,0.0,1.0,IDLE,0.00,0.00,0.00,0,0.0,163,0,828.1,802.3
11.2000,19668,0.0,828.1,-6.616,7.786,-1.04,1.23,851.2,851.2,502.0,0,0.0,1.0,IDLE,0.00,0.00,0.00,0,0.0,164,0,828.1,802.3
11.2500,19718,0.0,828.1,-6.616,7.786,-1.04,1.23,851.2,851.2,501.8,0,0.0,0.9,IDLE,0.00,0.00,0.00,0,0.0,166,0,828.1,802.3
11.3000,19768,0.0,828.1,-6.616,7.786,-1.04,1.23,851.2,851.2,501.8,0,0.0,0.9,IDLE,0.00,0.00,0.00,0,0.0,168,0,828.1,802.3
11.3500,19818,0.0,828.1,-4.654,7.786,-0.73,1.23,770.9,770.9,501.8,0,0.0,0.9,IDLE,0.00,0.00,0.00,0,0.0,169,0,828.1,802.3
11.4000,19868,0.0,828.1,-4.654,7.786,-0.73,1.23,770.9,770.9,502.3,0,0.0,1.1,IDLE,0.00,0.00,0.00,0,0.0,171,0,828.1,802.3
11.4500,19918,0.0,828.1,-4.654,7.786,-0.73,1.23,770.9,770.9,502.3,0,0.0,1.1,IDLE,0.00,0.00,0.00,0,0.0,173,0,828.1,802.3
11.5000,19968,0.0,828.1,-10.768,7.786,-1.70,1.23,510.9,510.9,502.3,0,0.0,1.1,IDLE,0.00,0.00,0.00,0,0.0,174,0,828.1,802.3
11.5500,20018,0.0,828.1,-10.768,7.786,-1.70,1.23,510.9,510.9,502.3,0,0.0,1.1,IDLE,0.00,0.00,0.00,0,0.0,176,0,828.1,802.3
11.6000,20068,0.0,828.1,-10.768,7.786,-1.70,1.23,510.9,510.9,500.0,0,0.0,0.0,IDLE,0.00,0.00,0.00,0,0.0,178,0,828.1,802.3
11.6500,20118,0.0,828.1,-10.768,7.786,-1.70,1.23,510.9,510.9,500.0,0,0.0,0.0,IDLE,0.00,0.00,0.00,0,0.0,179,0,828.1,802.3
11.7000,20168,0.0,828.1,-5.679,7.786,-0.90,1.23,842.5,842.5,500.0,0,0.0,0.0,IDLE,0.00,0.00,0.00,0,0.0,181,0,828.1,802.3
11.7500,20218,0.0,828.1,-5.679,7.786,-0.90,1.23,842.5,842.5,502.0,0,0.0,1.0,IDLE,0.00,0.00,0.00,0,0.0,183,0,828.1,802.3
11.8000,20268,0.0,828.1,-5.679,7.786,-0.90,1.23,842.5,842.5,502.0,0,0.0,1.0,IDLE,0.00,0.00,0.00,0,0.0,184,0,828.1,802.3
11.8500,20318,0.0,828.1,-5.723,7.786,-0.90,1.23,633.4,633.4,502.0,0,0.0,1.0,IDLE,0.00,0.00,0.00,0,0.0,186,0,828.1,802.3
11.9000,20368,0.0,828.1,-5.723,7.786,-0.90,1.23,633.4,633.4,502.1,0,0.0,1.1,IDLE,0.00,0.00,0.00,0,0.0,188,0,828.1,802.3
11.9500,20418,0.0,828.1,-5.723,7.786,-0.90,1.23,633.4,633.4,502.1,0,0.0,1.1,IDLE,0.00,0.00,0.00,0,0.0,189,0,828.1,802.3
12.0000,20468,0.0,828.1,-2.043,7.786,-0.32,1.23,798.1,798.1,502.1,0,0.0,1.1,IDLE,0.00,0.00,0.00,0,0.0,191,0,828.1,802.3
12.0500,20518,0.0,828.1,-2.043,7.786,-0.32,1.23,798.1,798.1,502.4,0,0.0,1.2,IDLE,0.00,0.00,0.00,0,0.0,194,0,828.1,802.3
12.1000,20568,0.0,828.1,-2.043,7.786,-0.32,1.23,798.1,798.1,502.4,0,0.0,1.2,IDLE,0.00,0.00,0.00,0,0.0,195,0,828.1,802.3
12.1500,20618,0.0,828.1,-2.006,7.786,-0.32,1.23,667.8,667.8,502.4,0,0.0,1.2,IDLE,0.00,0.00,0.00,0,0.0,197,0,828.1,802.3
12.2000,20668,0.0,828.1,-2.006,7.786,-0.32,1.23,667.8,667.8,500.9,0,0.0,0.4,IDLE,0.00,0.00,0.00,0,0.0,199,0,828.1,802.3
12.2500,20718,0.0,828.1,-2.006,7.786,-0.32,1.23,667.8,667.8,500.9,0,0.0,0.4,IDLE,0.00,0.00,0.00,0,0.0,200,0,828.1,802.3
12.3000,20768,0.0,828.1,-9.596,7.786,-1.51,1.23,704.1,704.1,500.9,0,0.0,0.4,IDLE,0.00,0.00,0.00,0,0.0,202,0,828.1,802.3
12.3500,20818,0.0,828.1,-9.596,7.786,-1.51,1.23,704.1,704.1,500.9,0,0.0,0.4,IDLE,0.00,0.00,0.00,0,0.0,203,0,828.1,802.3
12.4000,20868,0.0,828.1,-9.596,7.786,-1.51,1.23,704.1,704.1,503.6,0,0.0,1.8,IDLE,0.00,0.00,0.00,0,0.0,205,0,828.1,802.3
12.4500,20918,0.0,828.1,-9.596,7.786,-1.51,1.23,704.1,704.1,503.6,0,0.0,1.8,IDLE,0.00,0.00,0.00,0,0.0,207,0,828.1,802.3
12.5000,20968,0.0,828.1,-12.236,7.786,-1.93,1.23,639.4,639.4,503.6,0,0.0,1.8,IDLE,0.00,0.00,0.00,0,0.0,208,0,828.1,802.3
12.5500,21018,0.0,828.1,-12.236,7.786,-1.93,1.23,639.4,639.4,503.5,0,0.0,1.8,IDLE,0.00,0.00,0.00,0,0.0,210,0,828.1,802.3
12.6000,21068,0.0,828.1,-12.236,7.786,-1.93,1.23,639.4,639.4,503.5,0,0.0,1.8,IDLE,0.00,0.00,0.00,0,0.0,211,0,828.1,802.3
12.6500,21118,0.0,828.1,-12.244,7.786,-1.93,1.23,784.4,784.4,503.5,0,0.0,1.8,IDLE,0.00,0.00,0.00,0,0.0,213,0,828.1,802.3
12.7000,21168,0.0,828.1,-12.244,7.786,-1.93,1.23,784.4,784.4,503.0,0,0.0,1.5,IDLE,0.00,0.00,0.00,0,0.0,215,0,828.1,802.3
12.7500,21218,0.0,828.1,-12.244,7.786,-1.93,1.23,784.4,784.4,503.0,0,0.0,1.5,IDLE,0.00,0.00,0.00,0,0.0,216,0,828.1,802.3
12.8000,21268,0.0,828.1,-15.186,7.786,-2.39,1.23,718.4,718.4,503.0,0,0.0,1.5,IDLE,0.00,0.00,0.00,0,0.0,218,0,828.1,802.3
12.8500,21318,0.0,828.1,-15.186,7.786,-2.39,1.23,718.4,718.4,501.4,0,0.0,0.7,IDLE,0.00,0.00,0.00,0,0.0,219,0,828.1,802.3
12.9000,21368,0.0,828.1,-15.186,7.786,-2.39,1.23,718.4,718.4,501.4,0,0.0,0.7,IDLE,0.00,0.00,0.00,0,0.0,221,0,828.1,802.3
12.9500,21418,0.0,828.1,-14.028,7.786,-2.21,1.23,823.1,823.1,501.4,0,0.0,0.7,IDLE,0.00,0.00,0.00,0,0.0,223,0,828.1,802.3
13.0000,21468,0.0,828.1,-14.028,7.786,-2.21,1.23,823.1,823.1,501.4,0,0.0,0.7,IDLE,0.00,0.00,0.00,0,0.0,224,0,828.1,802.3
13.0500,21518,0.0,828.1,-14.028,7.786,-2.21,1.23,823.1,823.1,503.2,0,0.0,1.6,IDLE,0.00,0.00,0.00,0,0.0,227,0,828.1,802.3
13.1000,21568,0.0,828.1,-14.028,7.786,-2.21,1.23,823.1,823.1,503.2,0,0.0,1.6,IDLE,0.00,0.00,0.00,0,0.0,229,0,828.1,802.3
13.1500,21618,0.0,828.1,-6.631,7.786,-1.05,1.23,845.3,845.3,503.2,0,0.0,1.6,IDLE,0.00,0.00,0.00,0,0.0,230,0,828.1,802.3
13.2000,21668,0.0,828.1,-6.631,7.786,-1.05,1.23,845.3,845.3,502.9,0,0.0,1.4,IDLE,0.00,0.00,0.00,0,0.0,232,0,828.1,802.3
13.2500,21718,0.0,828.1,-6.631,7.786,-1.05,1.23,845.3,845.3,502.9,0,0.0,1.4,IDLE,0.00,0.00,0.00,0,0.0,233,0,828.1,802.3
13.3000,21768,0.0,828.1,-6.778,7.786,-1.07,1.23,835.9,835.9,502.9,0,0.0,1.4,IDLE,0.00,0.00,0.00,0,0.0,236,0,828.1,802.3
13.3500,21818,0.0,828.1,-6.778,7.786,-1.07,1.23,835.9,835.9,502.9,0,0.0,1.4,IDLE,0.00,0.00,0.00,0,0.0,238,0,828.1,802.3
13.4000,21868,0.0,828.1,-6.778,7.786,-1.07,1.23,835.9,835.9,502.9,0,0.0,1.4,IDLE,0.00,0.00,0.00,0,0.0,241,0,828.1,802.3
13.4500,21918,0.0,828.1,-5.628,7.786,-0.89,1.23,685.3,685.3,502.9,0,0.0,1.4,IDLE,0.00,0.00,0.00,0,0.0,242,0,828.1,802.3
13.5000,21968,0.0,828.1,-5.628,7.786,-0.89,1.23,685.3,685.3,502.9,0,0.0,1.4,IDLE,0.00,0.00,0.00,0,0.0,244,0,828.1,802.3
13.5500,22018,0.0,828.1,-5.628,7.786,-0.89,1.23,685.3,685.3,502.9,0,0.0,1.4,IDLE,0.00,0.00,0.00,0,0.0,245,0,828.1,802.3
13.6000,22068,0.0,828.1,-3.946,7.786,-0.62,1.23,874.1,874.1,502.9,0,0.0,1.4,IDLE,0.00,0.00,0.00,0,0.0,247,0,828.1,802.3
13.6500,22118,0.0,828.1,-3.946,7.786,-0.62,1.23,874.1,874.1,502.8,0,0.0,1.4,IDLE,0.00,0.00,0.00,0,0.0,250,0,828.1,802.3
13.7000,22168,0.0,828.1,-3.946,7.786,-0.62,1.23,874.1,874.1,502.8,0,0.0,1.4,IDLE,0.00,0.00,0.00,0,0.0,251,0,828.1,802.3
13.7500,22218,0.0,828.1,-5.362,7.786,-0.85,1.23,603.8,603.8,502.8,0,0.0,1.4,IDLE,0.00,0.00,0.00,0,0.0,253,0,828.1,802.3
13.8000,22268,0.0,828.1,-5.362,7.786,-0.85,1.23,603.8,603.8,502.8,0,0.0,1.4,IDLE,0.00,0.00,0.00,0,0.0,254,0,828.1,802.3
13.8500,22318,0.0,828.1,-5.362,7.786,-0.85,1.23,603.8,603.8,501.4,0,0.0,0.7,IDLE,0.00,0.00,0.00,0,0.0,256,0,828.1,802.3
13.9000,22368,0.0,828.1,-5.362,7.786,-0.85,1.23,603.8,603.8,501.4,0,0.0,0.7,IDLE,0.00,0.00,0.00,0,0.0,257,0,828.1,802.3
13.9500,22418,0.0,828.1,-2.758,7.786,-0.43,1.23,821.9,821.9,501.4,0,0.0,0.7,IDLE,0.00,0.00,0.00,0,0.0,259,0,828.1,802.3
14.0000,22468,0.0,828.1,-2.758,7.786,-0.43,1.23,821.9,821.9,503.5,0,0.0,1.8,IDLE,0.00,0.00,0.00,0,0.0,261,0,828.1,802.3
14.0500,22518,0.0,828.1,-2.758,7.786,-0.43,1.23,821.9,821.9,503.5,0,0.0,1.8,IDLE,0.00,0.00,0.00,0,0.0,262,0,828.1,802.3
14.1000,22568,0.0,828.1,-1.741,7.786,-0.27,1.23,685.3,685.3,503.5,0,0.0,1.8,IDLE,0.00,0.00,0.00,0,0.0,264,0,828.1,802.3
14.1500,22618,0.0,828.1,-1.741,7.786,-0.27,1.23,685.3,685.3,503.5,0,0.0,1.8,IDLE,0.00,0.00,0.00,0,0.0,265,0,828.1,802.3
14.2000,22668,0.0,828.1,-1.741,7.786,-0.27,1.23,685.3,685.3,503.5,0,0.0,1.8,IDLE,0.00,0.00,0.00,0,0.0,267,0,828.1,802.3
14.2500,22718,0.0,828.1,3.201,7.786,0.50,1.23,1007.8,1007.8,503.5,0,0.0,1.8,IDLE,0.00,0.00,0.00,0,0.0,268,0,828.1,802.3
14.3000,22768,0.0,828.1,3.201,7.786,0.50,1.23,1007.8,1007.8,502.3,0,0.0,1.1,IDLE,0.00,0.00,0.00,0,0.0,270,0,828.1,802.3
14.3500,22818,0.0,828.1,3.201,7.786,0.50,1.23,1007.8,1007.8,502.3,0,0.0,1.1,IDLE,0.00,0.00,0.00,0,0.0,272,0,828.1,802.3
14.4000,22868,0.0,828.1,1.999,7.786,0.32,1.23,664.1,664.1,502.3,0,0.0,1.1,IDLE,0.00,0.00,0.00,0,0.0,273,0,828.1,802.3
14.4500,22918,0.0,828.1,1.999,7.786,0.32,1.23,664.1,664.1,502.3,0,0.0,1.1,IDLE,0.00,0.00,0.00,0,0.0,275,0,828.1,802.3
14.5000,22968,0.0,828.1,1.999,7.786,0.32,1.23,664.1,664.1,503.4,0,0.0,1.7,IDLE,0.00,0.00,0.00,0,0.0,276,0,828.1,802.3
14.5500,23018,0.0,828.1,1.999,7.786,0.32,1.23,664.1,664.1,503.4,0,0.0,1.7,IDLE,0.00,0.00,0.00,0,0.0,278,0,828.1,802.3
14.6000,23068,0.0,828.1,4.116,7.786,0.65,1.23,918.8,918.8,503.4,0,0.0,1.7,IDLE,0.00,0.00,0.00,0,0.0,280,0,828.1,802.3
14.6500,23118,0.0,828.1,4.116,7.786,0.65,1.23,918.8,918.8,502.6,0,0.0,1.3,IDLE,0.00,0.00,0.00,0,0.0,282,0,828.1,802.3
14.7000,23168,0.0,828.1,4.116,7.786,0.65,1.23,918.8,918.8,502.6,0,0.0,1.3,IDLE,0.00,0.00,0.00,0,0.0,283,0,828.1,802.3
14.7500,23218,0.0,828.1,-0.015,7.786,-0.00,1.23,658.8,658.8,502.6,0,0.0,1.3,IDLE,0.00,0.00,0.00,0,0.0,285,0,828.1,802.3
14.8000,23268,0.0,828.1,-0.015,7.786,-0.00,1.23,658.8,658.8,502.1,0,0.0,1.1,IDLE,0.00,0.00,0.00,0,0.0,286,0,828.1,802.3
14.8500,23318,0.0,828.1,-0.015,7.786,-0.00,1.23,658.8,658.8,502.1,0,0.0,1.1,IDLE,0.00,0.00,0.00,0,0.0,288,0,828.1,802.3
14.9000,23368,0.0,828.1,-1.055,7.786,-0.17,1.23,788.8,788.8,502.1,0,0.0,1.1,IDLE,0.00,0.00,0.00,0,0.0,290,0,828.1,802.3
14.9500,23418,0.0,828.1,-1.055,7.786,-0.17,1.23,788.8,788.8,501.5,0,0.0,0.8,IDLE,0.00,0.00,0.00,0,0.0,291,0,828.1,802.3
15.0000,23468,0.0,828.1,-1.055,7.786,-0.17,1.23,788.8,788.8,501.5,0,0.0,0.8,IDLE,0.00,0.00,0.00,0,0.0,293,0,828.1,802.3
15.0500,23518,0.0,828.1,2.559,7.786,0.40,1.23,848.8,848.8,501.5,0,0.0,0.8,IDLE,0.00,0.00,0.00,0,0.0,295,0,828.1,802.3
15.1000,23568,0.0,828.1,2.559,7.786,0.40,1.23,848.8,848.8,503.5,0,0.0,1.8,IDLE,0.00,0.00,0.00,0,0.0,296,0,828.1,802.3
15.1500,23618,0.0,828.1,2.559,7.786,0.40,1.23,848.8,848.8,503.5,0,0.0,1.8,IDLE,0.00,0.00,0.00,0,0.0,299,0,828.1,802.3
15.2000,23668,0.0,828.1,-0.266,7.786,-0.04,1.23,746.2,746.2,503.5,0,0.0,1.8,IDLE,0.00,0.00,0.00,0,0.0,300,0,828.1,802.3
15.2500,23718,0.0,828.1,-0.266,7.786,-0.04,1.23,746.2,746.2,503.5,0,0.0,1.8,IDLE,0.00,0.00,0.00,0,0.0,302,0,828.1,802.3
15.3000,23768,0.0,828.1,-0.266,7.786,-0.04,1.23,746.2,746.2,500.8,0,0.0,0.4,IDLE,0.00,0.00,0.00,0,0.0,304,0,828.1,802.3
15.3500,23818,0.0,828.1,-0.266,7.786,-0.04,1.23,746.2,746.2,500.8,0,0.0,0.4,IDLE,0.00,0.00,0.00,0,0.0,305,0,828.1,802.3
15.4000,23868,0.0,828.1,3.319,7.786,0.52,1.23,765.9,765.9,500.8,0,0.0,0.4,IDLE,0.00,0.00,0.00,0,0.0,308,0,828.1,802.3
15.4500,23918,0.0,828.1,3.319,7.786,0.52,1.23,765.9,765.9,502.9,0,0.0,1.4,IDLE,0.00,0.00,0.00,0,0.0,309,0,828.1,802.3
15.5000,23968,0.0,828.1,3.319,7.786,0.52,1.23,765.9,765.9,502.9,0,0.0,1.4,IDLE,0.00,0.00,0.00,0,0.0,311,0,828.1,802.3
15.5500,24018,0.0,828.1,2.500,7.786,0.39,1.23,785.0,785.0,502.9,0,0.0,1.4,IDLE,0.00,0.00,0.00,0,0.0,313,0,828.1,802.3
15.6000,24068,0.0,828.1,2.500,7.786,0.39,1.23,785.0,785.0,503.4,0,0.0,1.7,IDLE,0.00,0.00,0.00,0,0.0,314,0,828.1,802.3
15.6500,24118,0.0,828.1,2.500,7.786,0.39,1.23,785.0,785.0,503.4,0,0.0,1.7,IDLE,0.00,0.00,0.00,0,0.0,316,0,828.1,802.3
15.7000,24168,0.0,828.1,3.548,7.786,0.56,1.23,732.5,732.5,503.4,0,0.0,1.7,IDLE,0.00,0.00,0.00,0,0.0,318,0,828.1,802.3
15.7500,24218,0.0,828.1,3.548,7.786,0.56,1.23,732.5,732.5,501.1,0,0.0,0.6,IDLE,0.00,0.00,0.00,0,0.0,320,0,828.1,802.3
15.8000,24268,0.0,828.1,3.548,7.786,0.56,1.23,732.5,732.5,501.1,0,0.0,0.6,IDLE,0.00,0.00,0.00,0,0.0,322,0,828.1,802.3
15.8500,24318,0.0,828.1,-0.627,7.786,-0.10,1.23,819.1,819.1,501.1,0,0.0,0.6,IDLE,0.00,0.00,0.00,0,0.0,323,0,828.1,802.3
15.9000,24368,0.0,828.1,-0.627,7.786,-0.10,1.23,819.1,819.1,501.1,0,0.0,0.6,IDLE,0.00,0.00,0.00,0,0.0,326,0,828.1,802.3
15.9500,24418,0.0,828.1,-0.627,7.786,-0.10,1.23,819.1,819.1,503.4,0,0.0,1.7,IDLE,0.00,0.00,0.00,0,0.0,328,0,828.1,802.3
16.0000,24468,0.0,828.1,-0.627,7.786,-0.10,1.23,819.1,819.1,503.4,0,0.0,1.7,IDLE,0.00,0.00,0.00,0,0.0,329,0,828.1,802.3
16.0500,24518,0.0,828.1,4.861,7.786,0.77,1.23,912.2,912.2,503.4,0,0.0,1.7,IDLE,0.00,0.00,0.00,0,0.0,332,0,828.1,802.3
16.1000,24568,0.0,828.1,4.861,7.786,0.77,1.23,912.2,912.2,501.8,0,0.0,0.9,IDLE,0.00,0.00,0.00,0,0.0,334,0,828.1,802.3
16.1500,24618,0.0,828.1,4.861,7.786,0.77,1.23,912.2,912.2,501.8,0,0.0,0.9,IDLE,0.00,0.00,0.00,0,0.0,335,0,828.1,802.3
16.2000,24668,0.0,828.1,1.106,7.786,0.17,1.23,749.1,749.1,501.8,0,0.0,0.9,IDLE,0.00,0.00,0.00,0,0.0,338,0,828.1,802.3
16.2500,24718,0.0,828.1,1.106,7.786,0.17,1.23,749.1,749.1,500.1,0,0.0,0.1,IDLE,0.00,0.00,0.00,0,0.0,339,0,828.1,802.3
16.3000,24768,0.0,828.1,1.106,7.786,0.17,1.23,749.1,749.1,500.1,0,0.0,0.1,IDLE,0.00,0.00,0.00,0,0.0,341,0,828.1,802.3
16.3500,24818,0.0,828.1,3.710,7.786,0.58,1.23,776.2,776.2,500.1,0,0.0,0.1,IDLE,0.00,0.00,0.00,0,0.0,342,0,828.1,802.3
16.4000,24868,0.0,828.1,3.710,7.786,0.58,1.23,776.2,776.2,501.5,0,0.0,0.8,IDLE,0.00,0.00,0.00,0,0.0,344,0,828.1,802.3
16.4500,24918,0.0,828.1,3.710,7.786,0.58,1.23,776.2,776.2,501.5,0,0.0,0.8,IDLE,0.00,0.00,0.00,0,0.0,346,0,828.1,802.3
16.5000,24968,0.0,828.1,5.303,7.786,0.84,1.23,860.9,860.9,501.5,0,0.0,0.8,IDLE,0.00,0.00,0.00,0,0.0,347,0,828.1,802.3
16.5500,25018,0.0,828.1,5.303,7.786,0.84,1.23,860.9,860.9,501.5,0,0.0,0.8,IDLE,0.00,0.00,0.00,0,0.0,349,0,828.1,802.3
16.6000,25068,0.0,828.1,5.303,7.786,0.84,1.23,860.9,860.9,501.5,0,0.0,0.8,IDLE,0.00,0.00,0.00,0,0.0,350,0,828.1,802.3
16.6500,25118,0.0,828.1,1.136,7.786,0.18,1.23,660.3,660.3,501.5,0,0.0,0.8,IDLE,0.00,0.00,0.00,0,0.0,352,0,828.1,802.3
16.7000,25168,0.0,828.1,1.136,7.786,0.18,1.23,660.3,660.3,501.5,0,0.0,0.8,IDLE,0.00,0.00,0.00,0,0.0,353,0,828.1,802.3
16.7500,25218,0.0,828.1,1.136,7.786,0.18,1.23,660.3,660.3,501.4,0,0.0,0.7,IDLE,0.00,0.00,0.00,0,0.0,355,0,828.1,802.3
16.8000,25268,0.0,828.1,1.136,7.786,0.18,1.23,660.3,660.3,501.4,0,0.0,0.7,IDLE,0.00,0.00,0.00,0,0.0,356,0,828.1,802.3
16.8500,25318,0.0,828.1,0.420,7.786,0.07,1.23,714.1,714.1,501.4,0,0.0,0.7,IDLE,0.00,0.00,0.00,0,0.0,358,0,828.1,802.3
16.9000,25368,0.0,828.1,0.420,7.786,0.07,1.23,714.1,714.1,501.3,0,0.0,0.6,IDLE,0.00,0.00,0.00,0,0.0,359,0,828.1,802.3
16.9500,25418,0.0,828.1,0.420,7.786,0.07,1.23,714.1,714.1,501.3,0,0.0,0.6,IDLE,0.00,0.00,0.00,0,0.0,361,0,828.1,802.3
17.0000,25468,0.0,828.1,5.746,7.786,0.91,1.23,1006.6,1006.6,501.3,0,0.0,0.6,IDLE,0.00,0.00,0.00,0,0.0,363,0,828.1,802.3
17.0500,25518,0.0,828.1,5.746,7.786,0.91,1.23,1006.6,1006.6,503.8,0,0.0,1.9,IDLE,0.00,0.00,0.00,0,0.0,365,0,828.1,802.3
17.1000,25568,0.0,828.1,5.746,7.786,0.91,1.23,1006.6,1006.6,503.8,0,0.0,1.9,IDLE,0.00,0.00,0.00,0,0.0,367,0,828.1,802.3
17.1500,25618,0.0,828.1,6.970,7.786,1.10,1.23,840.3,840.3,503.8,0,0.0,1.9,IDLE,0.00,0.00,0.00,0,0.0,369,0,828.1,802.3
17.2000,25668,0.0,828.1,6.970,7.786,1.10,1.23,840.3,840.3,500.4,0,0.0,0.2,IDLE,0.00,0.00,0.00,0,0.0,371,0,828.1,802.3
17.2500,25718,0.0,828.1,6.970,7.786,1.10,1.23,840.3,840.3,500.4,0,0.0,0.2,IDLE,0.00,0.00,0.00,0,0.0,372,0,828.1,802.3
17.3000,25768,0.0,828.1,7.693,7.786,1.21,1.23,765.3,765.3,500.4,0,0.0,0.2,IDLE,0.00,0.00,0.00,0,0.0,374,0,828.1,802.3
17.3500,25818,0.0,828.1,7.693,7.786,1.21,1.23,765.3,765.3,500.4,0,0.0,0.2,IDLE,0.00,0.00,0.00,0,0.0,376,0,828.1,802.3
17.4000,25868,0.0,828.1,7.693,7.786,1.21,1.23,765.3,765.3,501.3,0,0.0,0.6,IDLE,0.00,0.00,0.00,0,0.0,377,0,828.1,802.3
17.4500,25918,0.0,828.1,7.693,7.786,1.21,1.23,765.3,765.3,501.3,0,0.0,0.6,IDLE,0.00,0.00,0.00,0,0.0,379,0,828.1,802.3
17.5000,25968,0.0,828.1,3.120,7.786,0.49,1.23,612.2,612.2,501.3,0,0.0,0.6,IDLE,0.00,0.00,0.00,0,0.0,382,0,828.1,802.3
17.5500,26018,0.0,828.1,3.120,7.786,0.49,1.23,612.2,612.2,500.4,0,0.0,0.2,IDLE,0.00,0.00,0.00,0,0.0,383,0,828.1,802.3
17.6000,26068,0.0,828.1,3.120,7.786,0.49,1.23,612.2,612.2,500.4,0,0.0,0.2,IDLE,0.00,0.00,0.00,0,0.0,385,0,828.1,802.3
17.6500,26118,0.0,828.1,1.674,7.786,0.26,1.23,846.9,846.9,500.4,0,0.0,0.2,IDLE,0.00,0.00,0.00,0,0.0,386,0,828.1,802.3
17.7000,26168,0.0,828.1,1.674,7.786,0.26,1.23,846.9,846.9,501.0,0,0.0,0.5,IDLE,0.00,0.00,0.00,0,0.0,388,0,828.1,802.3
17.7500,26218,0.0,828.1,1.674,7.786,0.26,1.23,846.9,846.9,501.0,0,0.0,0.5,IDLE,0.00,0.00,0.00,0,0.0,390,0,828.1,802.3
17.8000,26268,0.0,828.1,1.873,7.786,0.30,1.23,758.1,758.1,501.0,0,0.0,0.5,IDLE,0.00,0.00,0.00,0,0.0,391,0,828.1,802.3
17.8500,26318,0.0,828.1,1.873,7.786,0.30,1.23,758.1,758.1,503.0,0,0.0,1.5,IDLE,0.00,0.00,0.00,0,0.0,393,0,828.1,802.3
17.9000,26368,0.0,828.1,1.873,7.786,0.30,1.23,758.1,758.1,503.0,0,0.0,1.5,IDLE,0.00,0.00,0.00,0,0.0,394,0,828.1,802.3
17.9500,26418,0.0,828.1,-0.148,7.786,-0.02,1.23,685.0,685.0,503.0,0,0.0,1.5,IDLE,0.00,0.00,0.00,0,0.0,396,0,828.1,802.3
18.0000,26468,0.0,828.1,-0.148,7.786,-0.02,1.23,685.0,685.0,502.1,0,0.0,1.1,IDLE,0.00,0.00,0.00,0,0.0,398,0,828.1,802.3
18.0500,26518,0.0,828.1,-0.148,7.786,-0.02,1.23,685.0,685.0,502.1,0,0.0,1.1,IDLE,0.00,0.00,0.00,0,0.0,399,0,828.1,802.3
18.1000,26568,0.0,828.1,-4.167,7.786,-0.66,1.23,679.1,679.1,502.1,0,0.0,1.1,IDLE,0.00,0.00,0.00,0,0.0,401,0,828.1,802.3
18.1500,26618,0.0,828.1,-4.167,7.786,-0.66,1.23,679.1,679.1,502.1,0,0.0,1.1,IDLE,0.00,0.00,0.00,0,0.0,403,0,828.1,802.3
18.2000,26668,0.0,828.1,-4.167,7.786,-0.66,1.23,679.1,679.1,499.9,0,0.0,-0.1,IDLE,0.00,0.00,0.00,0,0.0,405,0,828.1,802.3
18.2500,26718,0.0,828.1,-4.167,7.786,-0.66,1.23,679.1,679.1,499.9,0,0.0,-0.1,IDLE,0.00,0.00,0.00,0,0.0,406,0,828.1,802.3
18.3000,26768,0.0,828.1,-0.583,7.786,-0.09,1.23,822.5,822.5,499.9,0,0.0,-0.1,IDLE,0.00,0.00,0.00,0,0.0,408,0,828.1,802.3
18.3500,26818,0.0,828.1,-0.583,7.786,-0.09,1.23,822.5,822.5,501.1,0,0.0,0.6,IDLE,0.00,0.00,0.00,0,0.0,411,0,828.1,802.3
18.4000,26868,0.0,828.1,-0.583,7.786,-0.09,1.23,822.5,822.5,501.1,0,0.0,0.6,IDLE,0.00,0.00,0.00,0,0.0,412,0,828.1,802.3
18.4500,26918,0.0,828.1,0.066,7.786,0.01,1.23,743.4,743.4,501.1,0,0.0,0.6,IDLE,0.00,0.00,0.00,0,0.0,414,0,828.1,802.3
18.5000,26968,0.0,828.1,0.066,7.786,0.01,1.23,743.4,743.4,501.0,0,0.0,0.5,IDLE,0.00,0.00,0.00,0,0.0,415,0,828.1,802.3
18.5500,27018,0.0,828.1,0.066,7.786,0.01,1.23,743.4,743.4,501.0,0,0.0,0.5,IDLE,0.00,0.00,0.00,0,0.0,417,0,828.1,802.3
18.6000,27068,0.0,828.1,-6.690,7.786,-1.05,1.23,700.9,700.9,501.0,0,0.0,0.5,IDLE,0.00,0.00,0.00,0,0.0,418,0,828.1,802.3
18.6500,27118,0.0,828.1,-6.690,7.786,-1.05,1.23,700.9,700.9,501.6,0,0.0,0.8,IDLE,0.00,0.00,0.00,0,0.0,420,0,828.1,802.3
18.7000,27168,0.0,828.1,-6.690,7.786,-1.05,1.23,700.9,700.9,501.6,0,0.0,0.8,IDLE,0.00,0.00,0.00,0,0.0,422,0,828.1,802.3
18.7500,27218,0.0,828.1,-6.328,7.786,-1.00,1.23,856.9,856.9,501.6,0,0.0,0.8,IDLE,0.00,0.00,0.00,0,0.0,423,0,828.1,802.3
18.8000,27268,0.0,828.1,-6.328,7.786,-1.00,1.23,856.9,856.9,501.3,0,0.0,0.6,IDLE,0.00,0.00,0.00,0,0.0,425,0,828.1,802.3
18.8500,27318,0.0,828.1,-6.328,7.786,-1.00,1.23,856.9,856.9,501.3,0,0.0,0.6,IDLE,0.00,0.00,0.00,0,0.0,426,0,828.1,802.3
18.9000,27368,0.0,828.1,-7.553,7.786,-1.19,1.23,710.0,710.0,501.3,0,0.0,0.6,IDLE,0.00,0.00,0.00,0,0.0,428,0,828.1,802.3
18.9500,27418,0.0,828.1,-7.553,7.786,-1.19,1.23,710.0,710.0,501.3,0,0.0,0.6,IDLE,0.00,0.00,0.00,0,0.0,429,0,828.1,802.3
19.0000,27468,0.0,828.1,-7.553,7.786,-1.19,1.23,710.0,710.0,502.1,0,0.0,1.1,IDLE,0.00,0.00,0.00,0,0.0,431,0,828.1,802.3
19.0500,27518,0.0,828.1,-7.553,7.786,-1.19,1.23,710.0,710.0,502.1,0,0.0,1.1,IDLE,0.00,0.00,0.00,0,0.0,432,0,828.1,802.3
19.1000,27568,0.0,828.1,0.199,7.786,0.03,1.23,962.5,962.5,502.1,0,0.0,1.1,IDLE,0.00,0.00,0.00,0,0.0,436,0,828.1,802.3
19.1500,27618,0.0,828.1,0.199,7.786,0.03,1.23,962.5,962.5,501.6,0,0.0,0.8,IDLE,0.00,0.00,0.00,0,0.0,438,0,828.1,802.3
19.2000,27668,0.0,828.1,0.199,7.786,0.03,1.23,962.5,962.5,501.6,0,0.0,0.8,IDLE,0.00,0.00,0.00,0,0.0,439,0,828.1,802.3
19.2500,27718,0.0,828.1,-2.736,7.786,-0.43,1.23,714.1,714.1,501.6,0,0.0,0.8,IDLE,0.00,0.00,0.00,0,0.0,441,0,828.1,802.3
19.3000,27768,0.0,828.1,-2.736,7.786,-0.43,1.23,714.1,714.1,500.5,0,0.0,0.3,IDLE,0.00,0.00,0.00,0,0.0,442,0,828.1,802.3
19.3500,27818,0.0,828.1,-2.736,7.786,-0.43,1.23,714.1,714.1,500.5,0,0.0,0.3,IDLE,0.00,0.00,0.00,0,0.0,444,0,828.1,802.3
19.4000,27868,0.0,828.1,-2.781,7.786,-0.44,1.23,756.2,756.2,500.5,0,0.0,0.3,IDLE,0.00,0.00,0.00,0,0.0,445,0,828.1,802.3
19.4500,27918,0.0,828.1,-2.781,7.786,-0.44,1.23,756.2,756.2,501.3,0,0.0,0.6,IDLE,0.00,0.00,0.00,0,0.0,447,0,828.1,802.3
19.5000,27968,0.0,828.1,-2.781,7.786,-0.44,1.23,756.2,756.2,501.3,0,0.0,0.6,IDLE,0.00,0.00,0.00,0,0.0,448,0,828.1,802.3
19.5500,28018,0.0,828.1,-0.059,7.786,-0.01,1.23,807.8,807.8,501.3,0,0.0,0.6,IDLE,0.00,0.00,0.00,0,0.0,450,0,828.1,802.3
19.6000,28068,0.0,828.1,-0.059,7.786,-0.01,1.23,807.8,807.8,501.3,0,0.0,0.6,IDLE,0.00,0.00,0.00,0,0.0,452,0,828.1,802.3
19.6500,28118,0.0,828.1,-0.059,7.786,-0.01,1.23,807.8,807.8,500.6,0,0.0,0.3,IDLE,0.00,0.00,0.00,0,0.0,453,0,828.1,802.3
19.7000,28168,0.0,828.1,-0.059,7.786,-0.01,1.23,807.8,807.8,500.6,0,0.0,0.3,IDLE,0.00,0.00,0.00,0,0.0,454,0,828.1,802.3
19.7500,28218,0.0,828.1,3.194,7.786,0.50,1.23,826.2,826.2,500.6,0,0.0,0.3,IDLE,0.00,0.00,0.00,0,0.0,456,0,828.1,802.3
19.8000,28268,0.0,828.1,3.194,7.786,0.50,1.23,826.2,826.2,500.8,0,0.0,0.4,IDLE,0.00,0.00,0.00,0,0.0,457,0,828.1,802.3
19.8500,28318,0.0,828.1,3.194,7.786,0.50,1.23,826.2,826.2,500.8,0,0.0,0.4,IDLE,0.00,0.00,0.00,0,0.0,459,0,828.1,802.3
19.9000,28368,0.0,828.1,-1.505,7.786,-0.24,1.23,610.0,610.0,500.8,0,0.0,0.4,IDLE,0.00,0.00,0.00,0,0.0,460,0,828.1,802.3
19.9500,28418,0.0,828.1,-1.505,7.786,-0.24,1.23,610.0,610.0,500.3,0,0.0,0.1,IDLE,0.00,0.00,0.00,0,0.0,461,0,828.1,802.3
20.0000,28468,0.0,828.1,-1.505,7.786,-0.24,1.23,610.0,610.0,500.3,0,0.0,0.1,IDLE,0.00,0.00,0.00,0,0.0,464,0,828.1,802.3
20.0500,28518,0.0,828.1,-3.828,7.786,-0.60,1.23,638.4,638.4,500.3,0,0.0,0.1,IDLE,0.00,0.00,0.00,0,0.0,466,0,828.1,802.3
20.1000,28568,0.0,828.1,-3.828,7.786,-0.60,1.23,638.4,638.4,501.8,0,0.0,0.9,IDLE,0.00,0.00,0.00,0,0.0,467,0,828.1,802.3
20.1500,28618,0.0,828.1,-3.828,7.786,-0.60,1.23,638.4,638.4,501.8,0,0.0,0.9,IDLE,0.00,0.00,0.00,0,0.0,469,0,828.1,802.3
20.2000,28668,0.0,828.1,-3.607,7.786,-0.57,1.23,710.9,710.9,501.8,0,0.0,0.9,IDLE,0.00,0.00,0.00,0,0.0,470,0,828.1,802.3
20.2500,28718,0.0,828.1,-3.607,7.786,-0.57,1.23,710.9,710.9,501.5,0,0.0,0.8,IDLE,0.00,0.00,0.00,0,0.0,473,0,828.1,802.3
20.3000,28768,0.0,828.1,-3.607,7.786,-0.57,1.23,710.9,710.9,501.5,0,0.0,0.8,IDLE,0.00,0.00,0.00,0,0.0,474,0,828.1,802.3
20.3500,28818,0.0,828.1,-6.690,7.786,-1.05,1.23,717.5,717.5,501.5,0,0.0,0.8,IDLE,0.00,0.00,0.00,0,0.0,476,0,828.1,802.3
20.4000,28868,0.0,828.1,-6.690,7.786,-1.05,1.23,717.5,717.5,501.5,0,0.0,0.8,IDLE,0.00,0.00,0.00,0,0.0,477,0,828.1,802.3
20.4500,28918,0.0,828.1,-6.690,7.786,-1.05,1.23,717.5,717.5,503.5,0,0.0,1.8,IDLE,0.00,0.00,0.00,0,0.0,479,0,828.1,802.3
20.5000,28968,0.0,828.1,-6.690,7.786,-1.05,1.23,717.5,717.5,503.5,0,0.0,1.8,IDLE,0.00,0.00,0.00,0,0.0,480,0,828.1,802.3
20.5500,29018,0.0,828.1,-2.707,7.786,-0.43,1.23,890.0,890.0,503.5,0,0.0,1.8,IDLE,0.00,0.00,0.00,0,0.0,482,0,828.1,802.3
20.6000,29068,0.0,828.1,-2.707,7.786,-0.43,1.23,890.0,890.0,500.9,0,0.0,0.4,IDLE,0.00,0.00,0.00,0,0.0,483,0,828.1,802.3
20.6500,29118,0.0,828.1,-2.707,7.786,-0.43,1.23,890.0,890.0,500.9,0,0.0,0.4,IDLE,0.00,0.00,0.00,0,0.0,485,0,828.1,802.3
20.7000,29168,0.0,828.1,-8.880,7.786,-1.40,1.23,683.8,683.8,500.9,0,0.0,0.4,IDLE,0.00,0.00,0.00,0,0.0,486,0,828.1,802.3
20.7500,29218,0.0,828.1,-8.880,7.786,-1.40,1.23,683.8,683.8,500.9,0,0.0,0.4,IDLE,0.00,0.00,0.00,0,0.0,488,0,828.1,802.3
20.8000,29268,0.0,828.1,-8.880,7.786,-1.40,1.23,683.8,683.8,500.9,0,0.0,0.4,IDLE,0.00,0.00,0.00,0,0.0,489,0,828.1,802.3
20.8500,29318,0.0,828.1,-4.234,7.786,-0.67,1.23,924.1,924.1,500.9,0,0.0,0.4,IDLE,0.00,0.00,0.00,0,0.0,491,0,828.1,802.3
20.9000,29368,0.0,828.1,-4.234,7.786,-0.67,1.23,924.1,924.1,500.9,0,0.0,0.4,IDLE,0.00,0.00,0.00,0,0.0,493,0,828.1,802.3
20.9500,29418,0.0,828.1,-4.234,7.786,-0.67,1.23,924.1,924.1,500.9,0,0.0,0.4,IDLE,0.00,0.00,0.00,0,0.0,494,0,828.1,802.3
21.0000,29468,0.0,828.1,-1.010,7.786,-0.16,1.23,901.9,901.9,500.9,0,0.0,0.4,IDLE,0.00,0.00,0.00,0,0.0,496,0,828.1,802.3
21.0500,29518,0.0,828.1,-1.010,7.786,-0.16,1.23,901.9,901.9,500.9,0,0.0,0.4,IDLE,0.00,0.00,0.00,0,0.0,497,0,828.1,802.3
21.1000,29568,0.0,828.1,-1.010,7.786,-0.16,1.23,901.9,901.9,500.8,0,0.0,0.4,IDLE,0.00,0.00,0.00,0,0.0,499,0,828.1,802.3
21.1500,29618,0.0,828.1,-1.010,7.786,-0.16,1.23,901.9,901.9,500.8,0,0.0,0.4,IDLE,0.00,0.00,0.00,0,0.0,500,0,828.1,802.3
21.2000,29668,0.0,828.1,-3.459,7.786,-0.55,1.23,697.2,697.2,500.8,0,0.0,0.4,IDLE,0.00,0.00,0.00,0,0.0,502,0,828.1,802.3
21.2500,29718,0.0,828.1,-3.459,7.786,-0.55,1.23,697.2,697.2,500.8,0,0.0,0.4,IDLE,0.00,0.00,0.00,0,0.0,504,0,828.1,802.3
21.3000,29768,0.0,828.1,-3.459,7.786,-0.55,1.23,697.2,697.2,500.8,0,0.0,0.4,IDLE,0.00,0.00,0.00,0,0.0,505,0,828.1,802.3
21.3500,29818,0.0,828.1,-3.223,7.786,-0.51,1.23,836.9,836.9,500.8,0,0.0,0.4,IDLE,0.00,0.00,0.00,0,0.0,507,0,828.1,802.3
21.4000,29868,0.0,828.1,-3.223,7.786,-0.51,1.23,836.9,836.9,501.6,0,0.0,0.8,IDLE,0.00,0.00,0.00,0,0.0,508,0,828.1,802.3
21.4500,29918,0.0,828.1,-3.223,7.786,-0.51,1.23,836.9,836.9,501.6,0,0.0,0.8,IDLE,0.00,0.00,0.00,0,0.0,509,0,828.1,802.3
21.5000,29968,0.0,828.1,-1.409,7.786,-0.22,1.23,691.9,691.9,501.6,0,0.0,0.8,IDLE,0.00,0.00,0.00,0,0.0,511,0,828.1,802.3
21.5500,30018,0.0,828.1,-1.409,7.786,-0.22,1.23,691.9,691.9,501.5,0,0.0,0.8,IDLE,0.00,0.00,0.00,0,0.0,513,0,828.1,802.3
21.6000,30068,0.0,828.1,-1.409,7.786,-0.22,1.23,691.9,691.9,501.5,0,0.0,0.8,IDLE,0.00,0.00,0.00,0,0.0,514,0,828.1,802.3
21.6500,30118,0.0,828.1,-3.275,7.786,-0.52,1.23,554.1,554.1,501.5,0,0.0,0.8,IDLE,0.00,0.00,0.00,0,0.0,516,0,828.1,802.3
21.7000,30168,0.0,828.1,-3.275,7.786,-0.52,1.23,554.1,554.1,501.0,0,0.0,0.5,IDLE,0.00,0.00,0.00,0,0.0,517,0,828.1,802.3
21.7500,30218,0.0,828.1,-3.275,7.786,-0.52,1.23,554.1,554.1,501.0,0,0.0,0.5,IDLE,0.00,0.00,0.00,0,0.0,519,0,828.1,802.3
21.8000,30268,0.0,828.1,-3.902,7.786,-0.62,1.23,682.8,682.8,501.0,0,0.0,0.5,IDLE,0.00,0.00,0.00,0,0.0,520,0,828.1,802.3
21.8500,30318,0.0,828.1,-3.902,7.786,-0.62,1.23,682.8,682.8,501.0,0,0.0,0.5,IDLE,0.00,0.00,0.00,0,0.0,522,0,828.1,802.3
21.9000,30368,0.0,828.1,-3.902,7.786,-0.62,1.23,682.8,682.8,501.0,0,0.0,0.5,IDLE,0.00,0.00,0.00,0,0.0,524,0,828.1,802.3
21.9500,30418,0.0,828.1,-3.902,7.786,-0.62,1.23,682.8,682.8,501.0,0,0.0,0.5,IDLE,0.00,0.00,0.00,0,0.0,525,0,828.1,802.3
22.0000,30468,0.0,828.1,-3.666,7.786,-0.58,1.23,728.1,728.1,501.0,0,0.0,0.5,IDLE,0.00,0.00,0.00,0,0.0,527,0,828.1,802.3
22.0500,30518,0.0,828.1,-3.666,7.786,-0.58,1.23,728.1,728.1,501.5,0,0.0,0.8,IDLE,0.00,0.00,0.00,0,0.0,528,0,828.1,802.3
22.1000,30568,0.0,828.1,-3.666,7.786,-0.58,1.23,728.1,728.1,501.5,0,0.0,0.8,IDLE,0.00,0.00,0.00,0,0.0,529,0,828.1,802.3
22.1500,30618,0.0,828.1,-2.773,7.786,-0.44,1.23,930.2,930.2,501.5,0,0.0,0.8,IDLE,0.00,0.00,0.00,0,0.0,531,0,828.1,802.3
22.2000,30668,0.0,828.1,-2.773,7.786,-0.44,1.23,930.2,930.2,503.0,0,0.0,1.5,IDLE,0.00,0.00,0.00,0,0.0,533,0,828.1,802.3
22.2500,30718,0.0,828.1,-2.773,7.786,-0.44,1.23,930.2,930.2,503.0,0,0.0,1.5,IDLE,0.00,0.00,0.00,0,0.0,535,0,828.1,802.3
22.3000,30768,0.0,828.1,4.329,7.786,0.68,1.23,1005.0,1005.0,503.0,0,0.0,1.5,IDLE,0.00,0.00,0.00,0,0.0,536,0,828.1,802.3
22.3500,30818,0.0,828.1,4.329,7.786,0.68,1.23,1005.0,1005.0,503.9,0,0.0,1.9,IDLE,0.00,0.00,0.00,0,0.0,538,0,828.1,802.3
22.4000,30868,0.0,828.1,4.329,7.786,0.68,1.23,1005.0,1005.0,503.9,0,0.0,1.9,IDLE,0.00,0.00,0.00,0,0.0,539,0,828.1,802.3
22.4500,30918,0.0,828.1,0.944,7.786,0.15,1.23,770.9,770.9,503.9,0,0.0,1.9,IDLE,0.00,0.00,0.00,0,0.0,543,0,828.1,802.3
22.5000,30968,0.0,828.1,0.944,7.786,0.15,1.23,770.9,770.9,503.9,0,0.0,1.9,IDLE,0.00,0.00,0.00,0,0.0,544,0,828.1,802.3
22.5500,31018,0.0,828.1,0.944,7.786,0.15,1.23,770.9,770.9,501.8,0,0.0,0.9,IDLE,0.00,0.00,0.00,0,0.0,546,0,828.1,802.3
22.6000,31068,0.0,828.1,0.944,7.786,0.15,1.23,770.9,770.9,501.8,0,0.0,0.9,IDLE,0.00,0.00,0.00,0,0.0,547,0,828.1,802.3
22.6500,31118,0.0,828.1,5.052,7.786,0.80,1.23,1087.5,1087.5,501.8,0,0.0,0.9,IDLE,0.00,0.00,0.00,0,0.0,549,0,828.1,802.3
22.7000,31168,0.0,828.1,5.052,7.786,0.80,1.23,1087.5,1087.5,502.3,0,0.0,1.1,IDLE,0.00,0.00,0.00,0,0.0,551,0,828.1,802.3
22.7500,31218,0.0,828.1,5.052,7.786,0.80,1.23,1087.5,1087.5,502.3,0,0.0,1.1,IDLE,0.00,0.00,0.00,0,0.0,552,0,828.1,802.3
22.8000,31268,0.0,828.1,3.496,7.786,0.55,1.23,626.9,626.9,502.3,0,0.0,1.1,IDLE,0.00,0.00,0.00,0,0.0,554,0,828.1,802.3
22.8500,31318,0.0,828.1,3.496,7.786,0.55,1.23,626.9,626.9,501.3,0,0.0,0.6,IDLE,0.00,0.00,0.00,0,0.0,555,0,828.1,802.3
22.9000,31368,0.0,828.1,3.496,7.786,0.55,1.23,626.9,626.9,501.3,0,0.0,0.6,IDLE,0.00,0.00,0.00,0,0.0,557,0,828.1,802.3
22.9500,31418,0.0,828.1,1.460,7.786,0.23,1.23,745.0,745.0,501.3,0,0.0,0.6,IDLE,0.00,0.00,0.00,0,0.0,558,0,828.1,802.3
23.0000,31468,0.0,828.1,1.460,7.786,0.23,1.23,745.0,745.0,504.0,0,0.0,2.0,IDLE,0.00,0.00,0.00,0,0.0,560,0,828.1,802.3
23.0500,31518,0.0,828.1,1.460,7.786,0.23,1.23,745.0,745.0,504.0,0,0.0,2.0,IDLE,0.00,0.00,0.00,0,0.0,561,0,828.1,802.3
23.1000,31568,0.0,828.1,-2.522,7.786,-0.40,1.23,511.9,511.9,504.0,0,0.0,2.0,IDLE,0.00,0.00,0.00,0,0.0,564,0,828.1,802.3
23.1500,31618,0.0,828.1,-2.522,7.786,-0.40,1.23,511.9,511.9,503.2,0,0.0,1.6,IDLE,0.00,0.00,0.00,0,0.0,565,0,828.1,802.3
23.2000,31668,0.0,828.1,-2.522,7.786,-0.40,1.23,511.9,511.9,503.2,0,0.0,1.6,IDLE,0.00,0.00,0.00,0,0.0,567,0,828.1,802.3
23.2500,31718,0.0,828.1,6.505,7.786,1.03,1.23,961.9,961.9,503.2,0,0.0,1.6,IDLE,0.00,0.00,0.00,0,0.0,568,0,828.1,802.3
23.3000,31768,0.0,828.1,6.505,7.786,1.03,1.23,961.9,961.9,503.2,0,0.0,1.6,IDLE,0.00,0.00,0.00,0,0.0,570,0,828.1,802.3
23.3500,31818,0.0,828.1,6.505,7.786,1.03,1.23,961.9,961.9,503.8,0,0.0,1.9,IDLE,0.00,0.00,0.00,0,0.0,571,0,828.1,802.3
23.4000,31868,0.0,828.1,6.505,7.786,1.03,1.23,961.9,961.9,503.8,0,0.0,1.9,IDLE,0.00,0.00,0.00,0,0.0,573,0,828.1,802.3
23.4500,31918,0.0,828.1,8.416,7.786,1.33,1.23,769.1,769.1,503.8,0,0.0,1.9,IDLE,0.00,0.00,0.00,0,0.0,574,0,828.1,802.3
23.5000,31968,0.0,828.1,8.416,7.786,1.33,1.23,769.1,769.1,501.1,0,0.0,0.6,IDLE,0.00,0.00,0.00,0,0.0,577,0,828.1,802.3
23.5500,32018,0.0,828.1,8.416,7.786,1.33,1.23,769.1,769.1,501.1,0,0.0,0.6,IDLE,0.00,0.00,0.00,0,0.0,578,0,828.1,802.3
23.6000,32068,0.0,828.1,10.636,7.786,1.68,1.23,828.8,828.8,501.1,0,0.0,0.6,IDLE,0.00,0.00,0.00,0,0.0,579,0,828.1,802.3
23.6500,32118,0.0,828.1,10.636,7.786,1.68,1.23,828.8,828.8,501.0,0,0.0,0.5,IDLE,0.00,0.00,0.00,0,0.0,581,0,828.1,802.3
23.7000,32168,0.0,828.1,10.636,7.786,1.68,1.23,828.8,828.8,501.0,0,0.0,0.5,IDLE,0.00,0.00,0.00,0,0.0,583,0,828.1,802.3
23.7500,32218,0.0,828.1,-0.044,7.786,-0.01,1.23,447.5,447.5,501.0,0,0.0,0.5,IDLE,0.00,0.00,0.00,0,0.0,584,0,828.1,802.3
23.8000,32268,0.0,828.1,-0.044,7.786,-0.01,1.23,447.5,447.5,502.9,0,0.0,1.4,IDLE,0.00,0.00,0.00,0,0.0,585,0,828.1,802.3
23.8500,32318,0.0,828.1,-0.044,7.786,-0.01,1.23,447.5,447.5,502.9,0,0.0,1.4,IDLE,0.00,0.00,0.00,0,0.0,587,0,828.1,802.3
23.9000,32368,0.0,828.1,-7.427,7.786,-1.17,1.23,671.2,671.2,502.9,0,0.0,1.4,IDLE,0.00,0.00,0.00,0,0.0,588,0,828.1,802.3
23.9500,32418,0.0,828.1,-7.427,7.786,-1.17,1.23,671.2,671.2,502.9,0,0.0,1.4,IDLE,0.00,0.00,0.00,0,0.0,590,0,828.1,802.3
24.0000,32468,0.0,828.1,-7.427,7.786,-1.17,1.23,671.2,671.2,503.1,0,0.0,1.6,IDLE,0.00,0.00,0.00,0,0.0,591,0,828.1,802.3
24.0500,32518,0.0,828.1,-7.427,7.786,-1.17,1.23,671.2,671.2,503.1,0,0.0,1.6,IDLE,0.00,0.00,0.00,0,0.0,593,0,828.1,802.3
24.1000,32568,0.0,828.1,-6.579,7.786,-1.04,1.23,809.1,809.1,503.1,0,0.0,1.6,IDLE,0.00,0.00,0.00,0,0.0,594,0,828.1,802.3
24.1500,32618,0.0,828.1,-6.579,7.786,-1.04,1.23,809.1,809.1,503.4,0,0.0,1.7,IDLE,0.00,0.00,0.00,0,0.0,595,0,828.1,802.3
24.2000,32668,0.0,828.1,-6.579,7.786,-1.04,1.23,809.1,809.1,503.4,0,0.0,1.7,IDLE,0.00,0.00,0.00,0,0.0,597,0,828.1,802.3
24.2500,32718,0.0,828.1,-15.260,7.786,-2.41,1.23,695.3,695.3,503.4,0,0.0,1.7,IDLE,0.00,0.00,0.00,0,0.0,598,0,828.1,802.3
24.3000,32768,0.0,828.1,-15.260,7.786,-2.41,1.23,695.3,695.3,502.9,0,0.0,1.4,IDLE,0.00,0.00,0.00,0,0.0,600,0,828.1,802.3
24.3500,32818,0.0,828.1,-15.260,7.786,-2.41,1.23,695.3,695.3,502.9,0,0.0,1.4,IDLE,0.00,0.00,0.00,0,0.0,601,0,828.1,802.3
24.4000,32868,0.0,828.1,-12.443,7.786,-1.96,1.23,754.1,754.1,502.9,0,0.0,1.4,IDLE,0.00,0.00,0.00,0,0.0,603,0,828.1,802.3
24.4500,32918,0.0,828.1,-12.443,7.786,-1.96,1.23,754.1,754.1,503.0,0,0.0,1.5,IDLE,0.00,0.00,0.00,0,0.0,604,0,828.1,802.3
24.5000,32968,0.0,828.1,-12.443,7.786,-1.96,1.23,754.1,754.1,503.0,0,0.0,1.5,IDLE,0.00,0.00,0.00,0,0.0,606,0,828.1,802.3
24.5500,33018,0.0,828.1,-11.056,7.786,-1.74,1.23,807.8,807.8,503.0,0,0.0,1.5,IDLE,0.00,0.00,0.00,0,0.0,607,0,828.1,802.3
24.6000,33068,0.0,828.1,-11.056,7.786,-1.74,1.23,807.8,807.8,503.6,0,0.0,1.8,IDLE,0.00,0.00,0.00,0,0.0,609,0,828.1,802.3
24.6500,33118,0.0,828.1,-11.056,7.786,-1.74,1.23,807.8,807.8,503.6,0,0.0,1.8,IDLE,0.00,0.00,0.00,0,0.0,610,0,828.1,802.3
24.7000,33168,0.0,828.1,-3.393,7.786,-0.53,1.23,858.1,858.1,503.6,0,0.0,1.8,IDLE,0.00,0.00,0.00,0,0.0,611,0,828.1,802.3
24.7500,33218,0.0,828.1,-3.393,7.786,-0.53,1.23,858.1,858.1,503.6,0,0.0,1.8,IDLE,0.00,0.00,0.00,0,0.0,613,0,828.1,802.3
24.8000,33268,0.0,828.1,-3.393,7.786,-0.53,1.23,858.1,858.1,503.9,0,0.0,1.9,IDLE,0.00,0.00,0.00,0,0.0,614,0,828.1,802.3
24.8500,33318,0.0,828.1,-3.393,7.786,-0.53,1.23,858.1,858.1,503.9,0,0.0,1.9,IDLE,0.00,0.00,0.00,0,0.0,616,0,828.1,802.3
24.9000,33368,0.0,828.1,-6.808,7.786,-1.07,1.23,807.5,807.5,503.9,0,0.0,1.9,IDLE,0.00,0.00,0.00,0,0.0,617,0,828.1,802.3
24.9500,33418,0.0,828.1,-6.808,7.786,-1.07,1.23,807.5,807.5,502.6,0,0.0,1.3,IDLE,0.00,0.00,0.00,0,0.0,619,0,828.1,802.3
25.0000,33468,0.0,828.1,-6.808,7.786,-1.07,1.23,807.5,807.5,502.6,0,0.0,1.3,IDLE,0.00,0.00,0.00,0,0.0,620,0,828.1,802.3
25.0500,33518,0.0,828.1,-4.543,7.786,-0.72,1.23,871.6,871.6,502.6,0,0.0,1.3,IDLE,0.00,0.00,0.00,0,0.0,622,0,828.1,802.3
25.1000,33568,0.0,828.1,-4.543,7.786,-0.72,1.23,871.6,871.6,502.6,0,0.0,1.3,IDLE,0.00,0.00,0.00,0,0.0,623,0,828.1,802.3
25.1500,33618,0.0,828.1,-4.543,7.786,-0.72,1.23,871.6,871.6,502.6,0,0.0,1.3,IDLE,0.00,0.00,0.00,0,0.0,625,0,828.1,802.3
25.2000,33668,0.0,828.1,-4.934,7.786,-0.78,1.23,810.9,810.9,502.6,0,0.0,1.3,IDLE,0.00,0.00,0.00,0,0.0,626,0,828.1,802.3
25.2500,33718,0.0,828.1,-4.934,7.786,-0.78,1.23,810.9,810.9,502.5,0,0.0,1.2,IDLE,0.00,0.00,0.00,0,0.0,627,0,828.1,802.3
25.3000,33768,0.0,828.1,-4.934,7.786,-0.78,1.23,810.9,810.9,502.5,0,0.0,1.2,IDLE,0.00,0.00,0.00,0,0.0,629,0,828.1,802.3
25.3500,33818,0.0,828.1,1.416,7.786,0.22,1.23,734.7,734.7,502.5,0,0.0,1.2,IDLE,0.00,0.00,0.00,0,0.0,630,0,828.1,802.3
25.4000,33868,0.0,828.1,1.416,7.786,0.22,1.23,734.7,734.7,502.5,0,0.0,1.2,IDLE,0.00,0.00,0.00,0,0.0,631,0,828.1,802.3
25.4500,33918,0.0,828.1,1.416,7.786,0.22,1.23,734.7,734.7,503.1,0,0.0,1.6,IDLE,0.00,0.00,0.00,0,0.0,633,0,828.1,802.3
25.5000,33968,0.0,828.1,1.416,7.786,0.22,1.23,734.7,734.7,503.1,0,0.0,1.6,IDLE,0.00,0.00,0.00,0,0.0,634,0,828.1,802.3
25.5500,34018,0.0,828.1,2.581,7.786,0.41,1.23,723.8,723.8,503.1,0,0.0,1.6,IDLE,0.00,0.00,0.00,0,0.0,636,0,828.1,802.3
25.6000,34068,0.0,828.1,2.581,7.786,0.41,1.23,723.8,723.8,500.8,0,0.0,0.4,IDLE,0.00,0.00,0.00,0,0.0,637,0,828.1,802.3
25.6500,34118,0.0,828.1,2.581,7.786,0.41,1.23,723.8,723.8,500.8,0,0.0,0.4,IDLE,0.00,0.00,0.00,0,0.0,638,0,828.1,802.3
25.7000,34168,0.0,828.1,1.187,7.786,0.19,1.23,746.2,746.2,500.8,0,0.0,0.4,IDLE,0.00,0.00,0.00,0,0.0,640,0,828.1,802.3
25.7500,34218,0.0,828.1,1.187,7.786,0.19,1.23,746.2,746.2,501.1,0,0.0,0.6,IDLE,0.00,0.00,0.00,0,0.0,641,0,828.1,802.3
25.8000,34268,0.0,828.1,1.187,7.786,0.19,1.23,746.2,746.2,501.1,0,0.0,0.6,IDLE,0.00,0.00,0.00,0,0.0,643,0,828.1,802.3
25.8500,34318,0.0,828.1,4.617,7.786,0.73,1.23,850.3,850.3,501.1,0,0.0,0.6,IDLE,0.00,0.00,0.00,0,0.0,644,0,828.1,802.3
25.9000,34368,0.0,828.1,4.617,7.786,0.73,1.23,850.3,850.3,503.0,0,0.0,1.5,IDLE,0.00,0.00,0.00,0,0.0,646,0,828.1,802.3
25.9500,34418,0.0,828.1,4.617,7.786,0.73,1.23,850.3,850.3,503.0,0,0.0,1.5,IDLE,0.00,0.00,0.00,0,0.0,647,0,828.1,802.3
26.0000,34468,0.0,828.1,7.162,7.786,1.13,1.23,869.1,869.1,503.0,0,0.0,1.5,IDLE,0.00,0.00,0.00,0,0.0,649,0,828.1,802.3
26.0500,34518,0.0,828.1,7.162,7.786,1.13,1.23,869.1,869.1,501.8,0,0.0,0.9,IDLE,0.00,0.00,0.00,0,0.0,650,0,828.1,802.3
26.1000,34568,0.0,828.1,7.162,7.786,1.13,1.23,869.1,869.1,501.8,0,0.0,0.9,IDLE,0.00,0.00,0.00,0,0.0,651,0,828.1,802.3
26.1500,34618,0.0,828.1,5.915,7.786,0.93,1.23,751.2,751.2,501.8,0,0.0,0.9,IDLE,0.00,0.00,0.00,0,0.0,653,0,828.1,802.3
26.2000,34668,0.0,828.1,5.915,7.786,0.93,1.23,751.2,751.2,501.8,0,0.0,0.9,IDLE,0.00,0.00,0.00,0,0.0,654,0,828.1,802.3
26.2500,34718,0.0,828.1,5.915,7.786,0.93,1.23,751.2,751.2,499.4,0,0.0,-0.3,IDLE,0.00,0.00,0.00,0,0.0,658,0,828.1,802.3
26.3000,34768,0.0,828.1,5.915,7.786,0.93,1.23,751.2,751.2,499.4,0,0.0,-0.3,IDLE,0.00,0.00,0.00,0,0.0,659,0,828.1,802.3
26.3500,34818,0.0,828.1,4.824,7.786,0.76,1.23,808.8,808.8,499.4,0,0.0,-0.3,IDLE,0.00,0.00,0.00,0,0.0,661,0,828.1,802.3
26.4000,34868,0.0,828.1,4.824,7.786,0.76,1.23,808.8,808.8,503.5,0,0.0,1.8,IDLE,0.00,0.00,0.00,0,0.0,662,0,828.1,802.3
26.4500,34918,0.0,828.1,4.824,7.786,0.76,1.23,808.8,808.8,503.5,0,0.0,1.8,IDLE,0.00,0.00,0.00,0,0.0,665,0,828.1,802.3
26.5000,34968,0.0,828.1,7.656,7.786,1.21,1.23,935.6,935.6,503.5,0,0.0,1.8,IDLE,0.00,0.00,0.00,0,0.0,666,0,828.1,802.3
26.5500,35018,0.0,828.1,7.656,7.786,1.21,1.23,935.6,935.6,503.1,0,0.0,1.6,IDLE,0.00,0.00,0.00,0,0.0,667,0,828.1,802.3
26.6000,35068,0.0,828.1,7.656,7.786,1.21,1.23,935.6,935.6,503.1,0,0.0,1.6,IDLE,0.00,0.00,0.00,0,0.0,669,0,828.1,802.3
26.6500,35118,0.0,828.1,4.138,7.786,0.65,1.23,712.5,712.5,503.1,0,0.0,1.6,IDLE,0.00,0.00,0.00,0,0.0,670,0,828.1,802.3
26.7000,35168,0.0,828.1,4.138,7.786,0.65,1.23,712.5,712.5,502.0,0,0.0,1.0,IDLE,0.00,0.00,0.00,0,0.0,672,0,828.1,802.3
26.7500,35218,0.0,828.1,4.138,7.786,0.65,1.23,712.5,712.5,502.0,0,0.0,1.0,IDLE,0.00,0.00,0.00,0,0.0,673,0,828.1,802.3
26.8000,35268,0.0,828.1,1.224,7.786,0.19,1.23,679.4,679.4,502.0,0,0.0,1.0,IDLE,0.00,0.00,0.00,0,0.0,675,0,828.1,802.3
26.8500,35318,0.0,828.1,1.224,7.786,0.19,1.23,679.4,679.4,503.0,0,0.0,1.5,IDLE,0.00,0.00,0.00,0,0.0,676,0,828.1,802.3
26.9000,35368,0.0,828.1,1.224,7.786,0.19,1.23,679.4,679.4,503.0,0,0.0,1.5,IDLE,0.00,0.00,0.00,0,0.0,677,0,828.1,802.3
26.9500,35418,0.0,828.1,3.555,7.786,0.56,1.23,840.0,840.0,503.0,0,0.0,1.5,IDLE,0.00,0.00,0.00,0,0.0,679,0,828.1,802.3
27.0000,35468,0.0,828.1,3.555,7.786,0.56,1.23,840.0,840.0,503.0,0,0.0,1.5,IDLE,0.00,0.00,0.00,0,0.0,680,0,828.1,802.3
27.0500,35518,0.0,828.1,3.555,7.786,0.56,1.23,840.0,840.0,503.0,0,0.0,1.5,IDLE,0.00,0.00,0.00,0,0.0,682,0,828.1,802.3
27.1000,35568,0.0,828.1,3.555,7.786,0.56,1.23,840.0,840.0,503.0,0,0.0,1.5,IDLE,0.00,0.00,0.00,0,0.0,683,0,828.1,802.3
27.1500,35618,0.0,828.1,5.237,7.786,0.83,1.23,799.7,799.7,503.0,0,0.0,1.5,IDLE,0.00,0.00,0.00,0,0.0,685,0,828.1,802.3
27.2000,35668,0.0,828.1,5.237,7.786,0.83,1.23,799.7,799.7,501.3,0,0.0,0.6,IDLE,0.00,0.00,0.00,0,0.0,686,0,828.1,802.3
27.2500,35718,0.0,828.1,5.237,7.786,0.83,1.23,799.7,799.7,501.3,0,0.0,0.6,IDLE,0.00,0.00,0.00,0,0.0,688,0,828.1,802.3
27.3000,35768,0.0,828.1,7.442,7.786,1.17,1.23,845.9,845.9,501.3,0,0.0,0.6,IDLE,0.00,0.00,0.00,0,0.0,689,0,828.1,802.3
27.3500,35818,0.0,828.1,7.442,7.786,1.17,1.23,845.9,845.9,501.0,0,0.0,0.5,IDLE,0.00,0.00,0.00,0,0.0,691,0,828.1,802.3
27.4000,35868,0.0,828.1,7.442,7.786,1.17,1.23,845.9,845.9,501.0,0,0.0,0.5,IDLE,0.00,0.00,0.00,0,0.0,692,0,828.1,802.3
27.4500,35918,0.0,828.1,4.042,7.786,0.64,1.23,696.9,696.9,501.0,0,0.0,0.5,IDLE,0.00,0.00,0.00,0,0.0,694,0,828.1,802.3
27.5000,35968,0.0,828.1,4.042,7.786,0.64,1.23,696.9,696.9,501.1,0,0.0,0.6,IDLE,0.00,0.00,0.00,0,0.0,695,0,828.1,802.3
27.5500,36018,0.0,828.1,4.042,7.786,0.64,1.23,696.9,696.9,501.1,0,0.0,0.6,IDLE,0.00,0.00,0.00,0,0.0,696,0,828.1,802.3
27.6000,36068,0.0,828.1,5.038,7.786,0.79,1.23,914.1,914.1,501.1,0,0.0,0.6,IDLE,0.00,0.00,0.00,0,0.0,698,0,828.1,802.3
27.6500,36118,2000.0,828.1,5.038,7.786,0.79,1.23,914.1,914.1,501.1,7,1.4,0.6,HOLD_RPM,0.00,0.00,0.00,0,0.0,699,0,828.1,802.3
27.7000,36168,2000.0,828.1,5.038,7.786,0.79,1.23,914.1,914.1,503.0,25,5.0,1.5,HOLD_RPM,0.00,0.00,0.00,0,0.0,700,0,828.1,802.3
27.7500,36218,2000.0,828.1,5.038,7.786,0.79,1.23,914.1,914.1,503.0,52,10.4,1.5,HOLD_RPM,0.00,0.00,0.00,0,0.0,702,0,828.1,802.3
27.8000,36268,2000.0,828.1,0.915,7.786,0.14,1.23,564.7,564.7,503.0,78,15.6,1.5,HOLD_RPM,0.00,0.00,0.00,0,0.0,703,0,828.1,802.3
27.8500,36318,2000.0,828.1,0.915,7.786,0.14,1.23,564.7,564.7,500.1,94,18.8,0.1,HOLD_RPM,0.00,0.00,0.00,0,0.0,705,0,828.1,802.3
27.9000,36368,2000.0,828.1,0.915,7.786,0.14,1.23,564.7,564.7,500.1,100,20.0,0.1,HOLD_RPM,0.00,0.00,0.00,0,0.0,707,0,828.1,802.3
27.9500,36418,2000.0,828.1,1.719,7.786,0.27,1.23,845.0,845.0,500.1,100,20.0,0.1,HOLD_RPM,0.00,0.00,0.00,0,0.0,709,0,828.1,802.3
28.0000,36468,2000.0,828.1,1.719,7.786,0.27,1.23,845.0,845.0,502.3,100,20.0,1.1,HOLD_RPM,0.00,0.00,0.00,0,0.0,710,0,828.1,802.3
28.0500,36518,2000.0,828.1,1.719,7.786,0.27,1.23,845.0,845.0,502.3,100,20.0,1.1,HOLD_RPM,0.00,0.00,0.00,0,0.0,712,0,828.1,802.3
28.1000,36568,2000.0,828.1,-1.254,7.786,-0.20,1.23,801.6,801.6,502.3,100,20.0,1.1,HOLD_RPM,0.00,0.00,0.00,0,0.0,713,0,828.1,802.3
28.1500,36618,2000.0,828.1,-1.254,7.786,-0.20,1.23,801.6,801.6,502.4,100,20.0,1.2,HOLD_RPM,0.00,0.00,0.00,0,0.0,714,0,828.1,802.3
28.2000,36668,2000.0,828.1,-1.254,7.786,-0.20,1.23,801.6,801.6,502.4,100,20.0,1.2,HOLD_RPM,0.00,0.00,0.00,0,0.0,716,0,828.1,802.3
28.2500,36718,2000.0,828.1,-0.752,7.786,-0.12,1.23,735.0,735.0,502.4,100,20.0,1.2,HOLD_RPM,0.00,0.00,0.00,0,0.0,717,0,828.1,802.3
28.3000,36768,2000.0,828.1,-0.752,7.786,-0.12,1.23,735.0,735.0,500.4,100,20.0,0.2,HOLD_RPM,0.00,0.00,0.00,0,0.0,719,0,828.1,802.3
28.3500,36818,2000.0,828.1,-0.752,7.786,-0.12,1.23,735.0,735.0,500.4,100,20.0,0.2,HOLD_RPM,0.00,0.00,0.00,0,0.0,721,0,828.1,802.3
28.4000,36868,2000.0,828.1,0.612,7.786,0.10,1.23,741.2,741.2,500.4,100,20.0,0.2,HOLD_RPM,0.00,0.00,0.00,0,0.0,722,0,828.1,802.3
28.4500,36918,2000.0,828.1,0.612,7.786,0.10,1.23,741.2,741.2,500.4,100,20.0,0.2,HOLD_RPM,0.00,0.00,0.00,0,0.0,725,0,828.1,802.3
28.5000,36968,2000.0,828.1,0.612,7.786,0.10,1.23,741.2,741.2,503.0,100,20.0,1.5,HOLD_RPM,0.00,0.00,0.00,0,0.0,727,0,828.1,802.3
28.5500,37018,2000.0,828.1,0.612,7.786,0.10,1.23,741.2,741.2,503.0,100,20.0,1.5,HOLD_RPM,0.00,0.00,0.00,0,0.0,729,0,828.1,802.3
28.6000,37068,2000.0,828.1,0.450,7.786,0.07,1.23,832.5,832.5,503.0,100,20.0,1.5,HOLD_RPM,0.00,0.00,0.00,0,0.0,731,0,828.1,802.3
28.6500,37118,2000.0,828.1,0.450,7.786,0.07,1.23,832.5,832.5,500.6,100,20.0,0.3,HOLD_RPM,0.00,0.00,0.00,0,0.0,733,0,828.1,802.3
28.7000,37168,2000.0,828.1,0.450,7.786,0.07,1.23,832.5,832.5,500.6,100,20.0,0.3,HOLD_RPM,0.00,0.00,0.00,0,0.0,735,0,828.1,802.3
28.7500,37218,2000.0,828.1,-0.288,7.786,-0.05,1.23,766.2,766.2,500.6,100,20.0,0.3,HOLD_RPM,0.00,0.00,0.00,0,0.0,736,0,828.1,802.3
28.8000,37268,2000.0,828.1,-0.288,7.786,-0.05,1.23,766.2,766.2,502.1,100,20.0,1.1,HOLD_RPM,0.00,0.00,0.00,0,0.0,738,0,828.1,802.3
28.8500,37318,2000.0,828.1,-0.288,7.786,-0.05,1.23,766.2,766.2,502.1,100,20.0,1.1,HOLD_RPM,0.00,0.00,0.00,0,0.0,739,0,828.1,802.3
28.9000,37368,2000.0,828.1,1.092,7.786,0.17,1.23,908.4,908.4,502.1,100,20.0,1.1,HOLD_RPM,0.00,0.00,0.00,0,0.0,740,0,828.1,802.3
28.9500,37418,2000.0,828.1,1.092,7.786,0.17,1.23,908.4,908.4,501.9,100,20.0,0.9,HOLD_RPM,0.00,0.00,0.00,0,0.0,742,0,828.1,802.3
29.0000,37468,2000.0,828.1,1.092,7.786,0.17,1.23,908.4,908.4,501.9,100,20.0,0.9,HOLD_RPM,0.00,0.00,0.00,0,0.0,743,0,828.1,802.3
29.0500,37518,2000.0,828.1,2.714,7.786,0.43,1.23,770.0,770.0,501.9,100,20.0,0.9,HOLD_RPM,0.00,0.00,0.00,0,0.0,745,0,828.1,802.3
29.1000,37568,2000.0,828.1,2.714,7.786,0.43,1.23,770.0,770.0,501.9,100,20.0,0.9,HOLD_RPM,0.00,0.00,0.00,0,0.0,747,0,828.1,802.3
29.1500,37618,2000.0,828.1,2.714,7.786,0.43,1.23,770.0,770.0,502.3,100,20.0,1.1,HOLD_RPM,0.00,0.00,0.00,0,0.0,748,0,828.1,802.3
29.2000,37668,2000.0,828.1,2.714,7.786,0.43,1.23,770.0,770.0,502.3,100,20.0,1.1,HOLD_RPM,0.00,0.00,0.00,0,0.0,750,0,828.1,802.3
29.2500,37718,2000.0,828.1,-1.755,7.786,-0.28,1.23,712.2,712.2,502.3,100,20.0,1.1,HOLD_RPM,0.00,0.00,0.00,0,0.0,751,0,828.1,802.3
29.3000,37768,2000.0,828.1,-1.755,7.786,-0.28,1.23,712.2,712.2,501.3,100,20.0,0.6,HOLD_RPM,0.00,0.00,0.00,0,0.0,752,0,828.1,802.3
29.3500,37818,2000.0,828.1,-1.755,7.786,-0.28,1.23,712.2,712.2,501.3,100,20.0,0.6,HOLD_RPM,0.00,0.00,0.00,0,0.0,754,0,828.1,802.3
29.4000,37868,2000.0,828.1,3.142,7.786,0.50,1.23,785.9,785.9,501.3,100,20.0,0.6,HOLD_RPM,0.00,0.00,0.00,0,0.0,757,0,828.1,802.3
29.4500,37918,2000.0,828.1,3.142,7.786,0.50,1.23,785.9,785.9,501.6,100,20.0,0.8,HOLD_RPM,0.00,0.00,0.00,0,0.0,758,0,828.1,802.3
29.5000,37968,2000.0,828.1,3.142,7.786,0.50,1.23,785.9,785.9,501.6,100,20.0,0.8,HOLD_RPM,0.00,0.00,0.00,0,0.0,760,0,828.1,802.3
29.5500,38018,2000.0,828.1,-1.704,7.786,-0.27,1.23,626.2,626.2,501.6,100,20.0,0.8,HOLD_RPM,0.00,0.00,0.00,0,0.0,762,0,828.1,802.3
29.6000,38068,2000.0,828.1,-1.704,7.786,-0.27,1.23,626.2,626.2,500.8,100,20.0,0.4,HOLD_RPM,0.00,0.00,0.00,0,0.0,763,0,828.1,802.3
29.6500,38118,2000.0,828.1,-1.704,7.786,-0.27,1.23,626.2,626.2,500.8,100,20.0,0.4,HOLD_RPM,0.00,0.00,0.00,0,0.0,765,0,828.1,802.3
29.7000,38168,2000.0,828.1,-5.266,7.786,-0.83,1.23,640.3,640.3,500.8,100,20.0,0.4,HOLD_RPM,0.00,0.00,0.00,0,0.0,766,0,828.1,802.3
29.7500,38218,2000.0,828.1,-5.266,7.786,-0.83,1.23,640.3,640.3,500.5,100,20.0,0.3,HOLD_RPM,0.00,0.00,0.00,0,0.0,768,0,828.1,802.3
29.8000,38268,2000.0,828.1,-5.266,7.786,-0.83,1.23,640.3,640.3,500.5,100,20.0,0.3,HOLD_RPM,0.00,0.00,0.00,0,0.0,771,0,828.1,802.3
29.8500,38318,2000.0,828.1,-2.943,7.786,-0.46,1.23,840.0,840.0,500.5,100,20.0,0.3,HOLD_RPM,0.00,0.00,0.00,0,0.0,772,0,828.1,802.3
29.9000,38368,2000.0,828.1,-2.943,7.786,-0.46,1.23,840.0,840.0,500.5,100,20.0,0.3,HOLD_RPM,0.00,0.00,0.00,0,0.0,773,0,828.1,802.3
29.9500,38418,2000.0,828.1,-2.943,7.786,-0.46,1.23,840.0,840.0,500.8,100,20.0,0.4,HOLD_RPM,0.00,0.00,0.00,0,0.0,775,0,828.1,802.3
30.0000,38468,2000.0,828.1,-2.943,7.786,-0.46,1.23,840.0,840.0,500.8,100,20.0,0.4,HOLD_RPM,0.00,0.00,0.00,0,0.0,776,0,828.1,802.3
30.0500,38518,2000.0,828.1,-1.195,7.786,-0.19,1.23,820.3,820.3,500.8,100,20.0,0.4,HOLD_RPM,0.00,0.00,0.00,0,0.0,777,0,828.1,802.3
30.1000,38568,2000.0,828.1,-1.195,7.786,-0.19,1.23,820.3,820.3,501.6,100,20.0,0.8,HOLD_RPM,0.00,0.00,0.00,0,0.0,778,0,828.1,802.3
30.1500,38618,2000.0,828.1,-1.195,7.786,-0.19,1.23,820.3,820.3,501.6,100,20.0,0.8,HOLD_RPM,0.00,0.00,0.00,0,0.0,779,0,828.1,802.3
30.2000,38668,2000.0,828.1,-4.927,7.786,-0.78,1.23,663.8,663.8,501.6,100,20.0,0.8,HOLD_RPM,0.00,0.00,0.00,0,0.0,781,0,828.1,802.3
30.2500,38718,2000.0,828.1,-4.927,7.786,-0.78,1.23,663.8,663.8,501.0,100,20.0,0.5,HOLD_RPM,0.00,0.00,0.00,0,0.0,782,0,828.1,802.3
30.3000,38768,2000.0,828.1,-4.927,7.786,-0.78,1.23,663.8,663.8,501.0,100,20.0,0.5,HOLD_RPM,0.00,0.00,0.00,0,0.0,783,0,828.1,802.3
30.3500,38818,2000.0,828.1,-0.966,7.786,-0.15,1.23,945.3,945.3,501.0,100,20.0,0.5,HOLD_RPM,0.00,0.00,0.00,0,0.0,784,0,828.1,802.3
30.4000,38868,2000.0,828.1,-0.966,7.786,-0.15,1.23,945.3,945.3,501.0,100,20.0,0.5,HOLD_RPM,0.00,0.00,0.00,0,0.0,785,0,828.1,802.3
30.4500,38918,2000.0,828.1,-0.966,7.786,-0.15,1.23,945.3,945.3,501.0,100,20.0,0.5,HOLD_RPM,0.00,0.00,0.00,0,0.0,787,0,828.1,802.3
30.5000,38968,2000.0,828.1,-4.558,7.786,-0.72,1.23,746.2,746.2,501.0,100,20.0,0.5,HOLD_RPM,0.00,0.00,0.00,0,0.0,789,0,828.1,802.3
30.5500,39018,2000.0,828.1,-4.558,7.786,-0.72,1.23,746.2,746.2,501.0,100,20.0,0.5,HOLD_RPM,0.00,0.00,0.00,0,0.0,791,0,828.1,802.3
30.6000,39068,2000.0,880.6,-4.558,7.786,-0.76,1.31,746.2,746.2,500.9,100,20.0,0.4,HOLD_RPM,0.00,0.00,0.00,0,0.0,791,0,880.6,913.7
30.6500,39118,2000.0,880.6,-4.558,7.786,-0.76,1.31,746.2,746.2,500.9,100,20.0,0.4,HOLD_RPM,0.00,0.00,0.00,0,0.0,792,0,880.6,1088.2
30.7000,39168,2000.0,1169.4,0.568,7.786,0.13,1.73,1001.6,1001.6,500.9,100,20.0,0.4,HOLD_RPM,0.00,0.00,0.00,0,0.0,792,0,1169.4,1263.6
30.7500,39218,2000.0,1169.4,0.568,7.786,0.13,1.73,1001.6,1001.6,498.9,100,20.0,-0.6,HOLD_RPM,0.00,0.00,0.00,0,0.0,793,0,1169.4,1457.8
30.8000,39268,2000.0,1512.2,0.568,7.866,0.16,2.26,1001.6,1001.6,498.9,100,20.0,-0.6,HOLD_RPM,0.00,0.00,0.00,0,0.0,794,0,1512.2,1618.1
30.8500,39318,2000.0,1512.2,3.326,7.866,0.96,2.26,836.9,836.9,498.9,100,20.0,-0.6,HOLD_RPM,0.00,0.00,0.00,0,0.0,794,0,1512.2,1773.5
30.9000,39368,2000.0,1788.3,3.326,9.041,1.13,3.08,836.9,836.9,503.1,100,20.0,1.6,HOLD_RPM,0.00,0.00,0.00,0,0.0,796,0,1788.3,1858.6
30.9500,39418,2000.0,1788.3,3.326,9.041,1.13,3.08,836.9,836.9,503.1,100,20.0,1.6,HOLD_RPM,0.00,0.00,0.00,0,0.0,796,0,1788.3,1931.6
31.0000,39468,2000.0,1944.6,2.353,11.670,0.87,4.32,741.9,741.9,503.1,100,20.0,1.6,HOLD_RPM,0.00,0.00,0.00,0,0.0,796,0,1944.6,1979.9
31.0500,39518,2000.0,1944.6,2.353,11.670,0.87,4.32,741.9,741.9,502.8,100,20.0,1.4,HOLD_RPM,0.00,0.00,0.00,0,0.0,797,0,1944.6,2009.9
31.1000,39568,2000.0,2016.2,2.353,13.618,0.90,5.23,741.9,741.9,502.8,100,20.0,1.4,HOLD_RPM,0.00,0.00,0.00,0,0.0,797,0,2016.2,2029.8
31.1500,39618,2000.0,2016.2,11.204,13.618,4.30,5.23,1026.2,1026.2,502.8,106,21.2,1.4,HOLD_RPM,8.10,100.65,108.74,0,0.0,798,0,2016.2,2022.0
31.2000,39668,2000.0,2023.5,11.204,13.691,4.32,5.27,1026.2,1026.2,502.3,109,21.8,1.1,HOLD_RPM,8.10,101.30,109.39,0,0.0,798,0,2023.5,2021.9
31.2500,39718,2000.0,2023.5,11.204,13.691,4.32,5.27,1026.2,1026.2,502.3,115,23.0,1.1,HOLD_RPM,11.75,102.23,116.90,0,0.0,798,0,2023.5,2004.5
31.3000,39768,2000.0,1999.2,11.779,13.431,4.48,5.11,666.2,666.2,502.3,114,22.8,1.1,HOLD_RPM,11.75,103.17,114.92,0,0.0,798,0,1999.2,1988.2
31.3500,39818,2000.0,1999.2,11.779,13.431,4.48,5.11,666.2,666.2,502.3,107,21.4,1.1,HOLD_RPM,-0.42,103.14,92.99,0,0.0,799,0,1999.2,1977.7
31.4000,39868,2000.0,1973.4,11.779,12.599,4.43,4.73,666.2,666.2,500.0,96,19.2,0.0,HOLD_RPM,-0.42,103.11,102.69,0,0.0,800,0,1973.4,1961.7
31.4500,39918,2000.0,1973.4,11.779,12.599,4.43,4.73,666.2,666.2,500.0,90,18.0,0.0,HOLD_RPM,-13.28,102.04,78.47,0,0.0,800,0,1973.4,1960.1
31.5000,39968,2000.0,1956.2,8.526,12.044,3.18,4.49,693.1,693.1,500.0,82,16.4,0.0,HOLD_RPM,-13.28,100.98,87.70,0,0.0,800,0,1956.2,1950.5
31.5500,40018,2000.0,1956.2,8.526,12.044,3.18,4.49,693.1,693.1,502.5,77,15.4,1.2,HOLD_RPM,-21.92,99.23,70.40,0,0.0,801,0,1956.2,1940.3
31.6000,40068,2000.0,1937.4,8.526,11.437,3.15,4.22,693.1,693.1,502.5,71,14.2,1.2,HOLD_RPM,-21.92,97.48,75.56,0,0.0,801,0,1937.4,1930.1
31.6500,40118,2000.0,1937.4,10.599,11.437,3.91,4.22,914.1,914.1,502.5,71,14.2,1.2,HOLD_RPM,-31.31,94.97,56.15,0,0.0,801,0,1937.4,1916.0
31.7000,40168,2000.0,1920.6,10.599,10.895,3.88,3.98,914.1,914.1,501.5,63,12.6,0.8,HOLD_RPM,-31.31,92.47,61.16,0,0.0,801,0,1920.6,1922.0
31.7500,40218,2000.0,1920.6,10.599,10.895,3.88,3.98,914.1,914.1,501.5,56,11.2,0.8,HOLD_RPM,-39.68,89.29,42.91,0,0.0,801,0,1920.6,1927.5
31.8000,40268,2000.0,1927.9,16.846,11.131,6.18,4.09,945.9,945.9,501.5,47,9.4,0.8,HOLD_RPM,-39.68,86.12,46.43,0,0.0,802,0,1927.9,1930.0
31.8500,40318,2000.0,1927.9,16.846,11.131,6.18,4.09,945.9,945.9,501.0,50,10.0,0.5,HOLD_RPM,-36.06,83.23,50.07,0,0.0,802,0,1927.9,1935.0
31.9000,40368,2000.0,1938.7,16.846,11.479,6.22,4.24,945.9,945.9,501.0,44,8.8,0.5,HOLD_RPM,-36.06,80.35,44.29,0,0.0,802,0,1938.7,1945.7
31.9500,40418,2000.0,1938.7,17.864,11.479,6.59,4.24,991.2,991.2,501.0,49,9.8,0.5,HOLD_RPM,-30.63,77.90,51.61,0,0.0,802,0,1938.7,1951.7
32.0000,40468,2000.0,1957.8,17.864,12.095,6.66,4.51,991.2,991.2,501.0,45,9.0,0.5,HOLD_RPM,-30.63,75.45,44.81,0,0.0,804,0,1957.8,1968.8
32.0500,40518,2000.0,1957.8,17.864,12.095,6.66,4.51,991.2,991.2,499.3,49,9.8,-0.4,HOLD_RPM,-21.10,73.76,60.27,0,0.0,804,0,1957.8,1989.5
32.1000,40568,2000.0,1997.4,17.864,13.373,6.79,5.09,991.2,991.2,499.3,57,11.4,-0.4,HOLD_RPM,-21.10,72.07,50.96,0,0.0,804,0,1997.4,2013.7
32.1500,40618,2000.0,1997.4,16.986,13.373,6.46,5.09,706.6,706.6,499.3,62,12.4,-0.4,HOLD_RPM,-1.29,71.97,86.53,0,0.0,804,0,1997.4,2027.4
32.2000,40668,2000.0,2029.9,16.986,13.754,6.57,5.32,706.6,706.6,502.4,71,14.2,1.2,HOLD_RPM,-1.29,71.86,70.57,0,0.0,805,0,2029.9,2034.7
32.2500,40718,2000.0,2029.9,16.986,13.754,6.57,5.32,706.6,706.6,502.4,78,15.6,1.2,HOLD_RPM,14.93,73.06,100.96,0,0.0,805,0,2029.9,2055.6
32.3000,40768,2000.0,2055.2,8.357,14.007,3.27,5.48,611.6,611.6,502.4,89,17.8,1.2,HOLD_RPM,14.93,74.25,89.18,0,0.0,809,0,2055.2,2060.7
32.3500,40818,2000.0,2055.2,8.357,14.007,3.27,5.48,611.6,611.6,501.4,94,18.8,0.7,HOLD_RPM,27.60,76.46,114.19,0,0.0,810,0,2055.2,2056.7
32.4000,40868,2000.0,2057.8,8.357,14.032,3.27,5.50,611.6,611.6,501.4,104,20.8,0.7,HOLD_RPM,27.60,78.67,106.26,0,0.0,810,0,2057.8,2059.0
32.4500,40918,2000.0,2057.8,7.324,14.032,2.87,5.50,790.3,790.3,501.4,109,21.8,0.7,HOLD_RPM,28.90,80.98,110.93,0,0.0,810,0,2057.8,2048.7
32.5000,40968,2000.0,2054.0,7.324,13.995,2.86,5.47,790.3,790.3,502.1,112,22.4,1.1,HOLD_RPM,28.90,83.29,112.19,0,0.0,810,0,2054.0,2059.5
32.5500,41018,2000.0,2054.0,7.324,13.995,2.86,5.47,790.3,790.3,502.1,110,22.0,1.1,HOLD_RPM,27.02,85.45,110.97,0,0.0,810,0,2054.0,2052.8
32.6000,41068,2000.0,2057.1,4.211,14.026,1.65,5.49,601.2,601.2,502.1,114,22.8,1.1,HOLD_RPM,27.02,87.61,114.64,0,0.0,811,0,2057.1,2064.6
32.6500,41118,2000.0,2057.1,4.211,14.026,1.65,5.49,601.2,601.2,502.6,118,23.6,1.3,HOLD_RPM,28.55,89.90,119.67,0,0.0,811,0,2057.1,2061.4
32.7000,41168,2000.0,2065.8,4.211,14.112,1.66,5.55,601.2,601.2,502.6,120,24.0,1.3,HOLD_RPM,28.55,92.18,120.73,0,0.0,812,0,2065.8,2072.8
32.7500,41218,2000.0,2065.8,6.159,14.112,2.42,5.55,1114.4,1114.4,502.6,127,25.4,1.3,HOLD_RPM,32.88,94.81,131.15,0,0.0,813,0,2065.8,2074.9
32.8000,41268,2000.0,2071.3,6.159,14.167,2.43,5.59,1114.4,1114.4,502.6,130,26.0,1.3,HOLD_RPM,32.88,97.44,130.32,0,0.0,815,0,2071.3,2067.4
32.8500,41318,2000.0,2071.3,6.159,14.167,2.43,5.59,1114.4,1114.4,504.4,136,27.2,2.2,HOLD_RPM,35.66,100.30,138.18,0,0.0,815,0,2071.3,2079.7
32.9000,41368,2000.0,2073.7,6.159,14.191,2.43,5.60,1114.4,1114.4,504.4,138,27.6,2.2,HOLD_RPM,35.66,103.15,138.81,0,0.0,816,0,2073.7,2065.0
32.9500,41418,2000.0,2073.7,3.806,14.191,1.50,5.60,559.7,559.7,504.4,142,28.4,2.2,HOLD_RPM,36.86,106.10,143.91,0,0.0,816,0,2073.7,2055.9
33.0000,41468,2000.0,2051.2,3.806,13.967,1.49,5.45,559.7,559.7,500.1,145,29.0,0.1,HOLD_RPM,36.86,109.04,145.90,0,0.0,817,0,2051.2,2042.3
33.0500,41518,2000.0,2051.2,3.806,13.967,1.49,5.45,559.7,559.7,500.1,138,27.6,0.1,HOLD_RPM,25.61,111.09,127.71,0,0.0,817,0,2051.2,2035.7
33.1000,41568,2000.0,2041.6,12.295,13.871,4.78,5.39,1076.9,1076.9,500.1,128,25.6,0.1,HOLD_RPM,25.61,113.14,138.75,0,0.0,817,0,2041.6,2052.1
33.1500,41618,2000.0,2041.6,12.295,13.871,4.78,5.39,1076.9,1076.9,502.8,131,26.2,1.4,HOLD_RPM,20.80,114.81,131.77,0,0.0,817,0,2041.6,2068.5
33.2000,41668,2000.0,2072.4,12.295,14.178,4.85,5.59,1076.9,1076.9,502.8,137,27.4,1.4,HOLD_RPM,20.80,116.47,137.27,0,0.0,818,0,2072.4,2080.4
33.2500,41718,2000.0,2072.4,2.913,14.178,1.15,5.59,490.0,490.0,502.8,144,28.8,1.4,HOLD_RPM,36.20,119.37,167.89,0,0.0,820,0,2072.4,2082.7
33.3000,41768,2000.0,2086.2,2.913,14.315,1.16,5.69,490.0,490.0,497.5,156,31.2,-1.2,HOLD_RPM,36.20,122.26,158.47,0,0.0,821,0,2086.2,2097.8
33.3500,41818,2000.0,2086.2,2.913,14.315,1.16,5.69,490.0,490.0,497.5,169,33.8,-1.2,HOLD_RPM,43.09,125.71,174.31,0,0.0,821,0,2086.2,2108.7
33.4000,41868,2000.0,2111.4,7.479,14.391,3.01,5.79,1152.5,1152.5,497.5,175,35.0,-1.2,HOLD_RPM,43.09,129.16,172.25,0,0.0,821,0,2111.4,2121.9
33.4500,41918,2000.0,2111.4,7.479,14.391,3.01,5.79,1152.5,1152.5,497.5,182,36.4,-1.2,HOLD_RPM,55.72,133.62,199.44,0,0.0,821,0,2111.4,2152.2
33.5000,41968,2000.0,2154.8,7.479,14.154,3.07,5.81,1152.5,1152.5,505.0,192,38.4,2.5,HOLD_RPM,55.72,138.07,193.79,0,0.0,821,0,2154.8,2169.4
33.5500,42018,2000.0,2154.8,7.479,14.154,3.07,5.81,1152.5,1152.5,505.0,198,39.6,2.5,HOLD_RPM,77.38,144.26,238.96,0,0.0,821,0,2154.8,2187.1
33.6000,42068,2000.0,2192.9,7.988,13.946,3.34,5.82,1014.1,1014.1,505.0,214,42.8,2.5,HOLD_RPM,77.38,150.45,227.83,0,0.0,822,0,2192.9,2212.0
33.6500,42118,2000.0,2192.9,7.988,13.946,3.34,5.82,1014.1,1014.1,504.1,231,46.2,2.1,HOLD_RPM,96.44,158.17,269.85,0,0.0,822,0,2192.9,2225.1
33.7000,42168,2000.0,2229.7,7.988,13.695,3.39,5.81,1014.1,1014.1,504.1,253,50.6,2.1,HOLD_RPM,96.44,165.88,262.32,0,0.0,822,0,2229.7,2243.8
33.7500,42218,2000.0,2229.7,8.718,13.695,3.70,5.81,739.7,739.7,504.1,271,54.2,2.1,HOLD_RPM,114.85,175.07,304.65,0,0.0,822,0,2229.7,2227.3
33.8000,42268,2000.0,2225.8,8.718,13.723,3.69,5.82,739.7,739.7,596.1,291,58.2,48.1,HOLD_RPM,114.85,184.26,299.11,0,0.0,823,0,2225.8,2213.6
33.8500,42318,2000.0,2225.8,8.718,13.723,3.69,5.82,739.7,739.7,596.1,302,60.4,48.1,HOLD_RPM,112.90,193.29,304.63,0,0.0,824,0,2225.8,2172.4
33.9000,42368,2000.0,2161.2,13.342,14.119,5.49,5.81,820.6,820.6,596.1,308,61.6,48.1,HOLD_RPM,112.90,202.32,315.22,0,0.0,824,0,2161.2,2123.7
33.9500,42418,2000.0,2161.2,13.342,14.119,5.49,5.81,820.6,820.6,703.9,315,63.0,101.9,HOLD_RPM,80.61,208.77,263.56,0,0.0,824,0,2161.2,2072.8
34.0000,42468,2000.0,2046.1,13.342,13.916,5.20,5.42,820.6,820.6,703.9,306,61.2,101.9,HOLD_RPM,80.61,215.22,295.83,0,0.0,824,0,2046.1,1996.2
34.0500,42518,2000.0,2046.1,18.424,13.916,7.18,5.42,1019.7,1019.7,703.9,290,58.0,101.9,HOLD_RPM,23.03,217.06,194.02,0,0.0,825,0,2046.1,1935.9
34.1000,42568,2000.0,1931.7,18.424,11.253,6.78,4.14,1019.7,1019.7,538.0,265,53.0,19.0,HOLD_RPM,23.03,218.91,241.93,0,0.0,825,0,1931.7,1916.0
34.1500,42618,2000.0,1931.7,18.424,11.253,6.78,4.14,1019.7,1019.7,538.0,242,48.4,19.0,HOLD_RPM,-34.14,216.17,136.29,0,0.0,825,0,1931.7,1955.5
34.2000,42668,2000.0,1967.5,21.655,12.408,8.11,4.65,747.5,747.5,538.0,213,42.6,19.0,HOLD_RPM,-34.14,213.44,179.30,0,0.0,825,0,1967.5,1997.1
34.2500,42718,2000.0,1967.5,21.655,12.408,8.11,4.65,747.5,747.5,538.0,192,38.4,19.0,HOLD_RPM,-16.27,212.14,210.17,0,0.0,825,0,1967.5,2030.1
34.3000,42768,2000.0,2041.2,21.655,13.867,8.42,5.39,747.5,747.5,496.8,183,36.6,-1.6,HOLD_RPM,-16.27,210.84,194.57,0,0.0,825,0,2041.2,2068.2
34.3500,42818,2000.0,2041.2,21.655,13.867,8.42,5.39,747.5,747.5,496.8,188,37.6,-1.6,HOLD_RPM,20.60,212.49,262.58,0,0.0,825,0,2041.2,2106.4
34.4000,42868,2000.0,2128.8,13.586,14.296,5.51,5.79,749.7,749.7,496.8,205,41.0,-1.6,HOLD_RPM,20.60,214.13,234.73,0,0.0,825,0,2128.8,2171.2
34.4500,42918,2000.0,2128.8,13.586,14.296,5.51,5.79,749.7,749.7,504.1,231,46.2,2.1,HOLD_RPM,64.40,219.29,318.72,0,0.0,825,0,2128.8,2208.7
34.5000,42968,2000.0,2223.7,13.586,13.738,5.75,5.82,749.7,749.7,504.1,260,52.0,2.1,HOLD_RPM,64.40,224.44,288.83,0,0.0,826,0,2223.7,2253.7
34.5500,43018,2000.0,2223.7,14.936,13.738,6.32,5.82,620.6,620.6,504.1,286,57.2,2.1,HOLD_RPM,111.85,233.39,383.20,0,0.0,826,0,2223.7,2271.4
34.6000,43068,2000.0,2262.9,14.936,13.458,6.44,5.80,620.6,620.6,681.3,317,63.4,90.6,HOLD_RPM,111.85,242.33,354.19,0,0.0,827,0,2262.9,2247.4
34.6500,43118,2000.0,2262.9,14.936,13.458,6.44,5.80,620.6,620.6,681.3,346,69.2,90.6,HOLD_RPM,131.44,252.85,399.96,0,0.0,828,0,2262.9,2140.2
34.7000,43168,2000.0,2066.9,9.898,14.123,3.90,5.56,849.1,849.1,681.3,373,74.6,90.6,HOLD_RPM,131.44,263.37,394.81,0,0.0,828,0,2066.9,1895.6
34.7500,43218,2000.0,2066.9,9.898,14.123,3.90,5.56,849.1,849.1,1088.0,390,78.0,294.0,HOLD_RPM,33.47,266.04,221.13,0,0.0,829,0,2066.9,1631.1
34.8000,43268,2000.0,1539.5,9.898,8.044,2.90,2.36,849.1,849.1,1088.0,397,79.4,294.0,HOLD_RPM,33.47,268.72,302.19,0,0.0,830,0,1539.5,1400.9
34.8500,43318,2000.0,1539.5,25.387,8.044,7.44,2.36,1190.0,1190.0,1088.0,388,77.6,294.0,HOLD_RPM,-230.23,268.72,-172.46,0,0.0,831,0,1539.5,1063.3
34.9000,43368,0.0,975.3,25.387,7.786,4.71,1.45,1190.0,1190.0,1080.4,372,74.4,290.2,IDLE,0.00,0.00,0.00,0,0.0,831,0,975.3,916.5
34.9500,43418,0.0,975.3,25.387,7.786,4.71,1.45,1190.0,1190.0,1080.4,350,70.0,290.2,IDLE,0.00,0.00,0.00,0,0.0,832,0,975.3,916.5
35.0000,43468,0.0,975.3,14.840,7.786,2.76,1.45,675.9,675.9,1080.4,313,62.6,290.2,IDLE,0.00,0.00,0.00,0,0.0,833,0,975.3,916.5
35.0500,43518,0.0,975.3,14.840,7.786,2.76,1.45,675.9,675.9,1080.4,274,54.8,290.2,IDLE,0.00,0.00,0.00,0,0.0,834,0,975.3,916.5
35.1000,43568,0.0,975.3,14.840,7.786,2.76,1.45,675.9,675.9,504.9,234,46.8,2.4,IDLE,0.00,0.00,0.00,0,0.0,834,0,975.3,916.5
35.1500,43618,0.0,975.3,14.840,7.786,2.76,1.45,675.9,675.9,504.9,194,38.8,2.4,IDLE,0.00,0.00,0.00,0,0.0,835,0,975.3,916.5
35.2000,43668,0.0,975.3,8.334,7.786,1.55,1.45,720.0,720.0,504.9,154,30.8,2.4,IDLE,0.00,0.00,0.00,0,0.0,836,0,975.3,916.5
35.2500,43718,0.0,975.3,8.334,7.786,1.55,1.45,720.0,720.0,499.6,115,23.0,-0.2,IDLE,0.00,0.00,0.00,0,0.0,837,0,975.3,916.5
35.3000,43768,0.0,975.3,8.334,7.786,1.55,1.45,720.0,720.0,499.6,75,15.0,-0.2,IDLE,0.00,0.00,0.00,0,0.0,838,0,975.3,916.5
35.3500,43818,0.0,975.3,23.314,7.786,4.33,1.45,1416.9,1416.9,499.6,42,8.4,-0.2,IDLE,0.00,0.00,0.00,0,0.0,839,0,975.3,916.5
35.4000,43868,0.0,975.3,23.314,7.786,4.33,1.45,1416.9,1416.9,500.1,18,3.6,0.1,IDLE,0.00,0.00,0.00,0,0.0,840,0,975.3,916.5
35.4500,43918,0.0,975.3,23.314,7.786,4.33,1.45,1416.9,1416.9,500.1,4,0.8,0.1,IDLE,0.00,0.00,0.00,0,0.0,843,0,975.3,916.5
35.5000,43968,0.0,975.3,21.847,7.786,4.06,1.45,754.1,754.1,500.1,0,0.0,0.1,IDLE,0.00,0.00,0.00,0,0.0,845,0,975.3,916.5
35.5500,44018,0.0,975.3,21.847,7.786,4.06,1.45,754.1,754.1,499.8,0,0.0,-0.1,IDLE,0.00,0.00,0.00,0,0.0,845,0,975.3,1029.5
35.6000,44068,0.0,1111.7,21.847,7.786,4.62,1.65,754.1,754.1,499.8,0,0.0,-0.1,IDLE,0.00,0.00,0.00,0,0.0,845,0,1111.7,1208.2
35.6500,44118,0.0,1111.7,20.386,7.786,4.32,1.65,953.8,953.8,499.8,0,0.0,-0.1,IDLE,0.00,0.00,0.00,0,0.0,845,0,1111.7,1370.9
35.7000,44168,0.0,1456.0,20.386,7.786,5.65,2.16,953.8,953.8,499.8,0,0.0,-0.1,IDLE,0.00,0.00,0.00,0,0.0,846,0,1456.0,1546.8
35.7500,44218,0.0,1456.0,20.386,7.786,5.65,2.16,953.8,953.8,500.1,0,0.0,0.1,IDLE,0.00,0.00,0.00,0,0.0,847,0,1456.0,1700.4
35.8000,44268,0.0,1712.0,20.386,9.199,6.65,3.00,953.8,953.8,500.1,0,0.0,0.1,IDLE,0.00,0.00,0.00,0,0.0,847,0,1712.0,1771.6
35.8500,44318,0.0,1712.0,18.778,9.199,6.12,3.00,675.0,675.0,500.1,0,0.0,0.1,IDLE,0.00,0.00,0.00,0,0.0,847,0,1712.0,1781.2
35.9000,44368,0.0,1770.8,18.778,9.077,6.33,3.06,675.0,675.0,502.4,0,0.0,1.2,IDLE,0.00,0.00,0.00,0,0.0,847,0,1770.8,1756.7
35.9500,44418,0.0,1770.8,18.778,9.077,6.33,3.06,675.0,675.0,502.4,0,0.0,1.2,IDLE,0.00,0.00,0.00,0,0.0,847,0,1770.8,1721.8
36.0000,44468,0.0,1692.0,17.842,9.161,5.75,2.95,707.2,707.2,502.4,0,0.0,1.2,IDLE,0.00,0.00,0.00,0,0.0,847,0,1692.0,1648.4
36.0500,44518,0.0,1692.0,17.842,9.161,5.75,2.95,707.2,707.2,501.0,0,0.0,0.5,IDLE,0.00,0.00,0.00,0,0.0,847,0,1692.0,1542.7
36.1000,44568,0.0,1497.5,17.842,7.786,5.09,2.22,707.2,707.2,501.0,0,0.0,0.5,IDLE,0.00,0.00,0.00,0,0.0,847,0,1497.5,1427.7
36.1500,44618,0.0,1497.5,19.531,7.786,5.57,2.22,696.9,696.9,501.0,0,0.0,0.5,IDLE,0.00,0.00,0.00,0,0.0,847,0,1497.5,1335.4
36.2000,44668,0.0,1284.7,19.531,7.786,4.78,1.90,696.9,696.9,500.3,0,0.0,0.1,IDLE,0.00,0.00,0.00,0,0.0,847,0,1284.7,1237.7
36.2500,44718,0.0,1284.7,19.531,7.786,4.78,1.90,696.9,696.9,500.3,0,0.0,0.1,IDLE,0.00,0.00,0.00,0,0.0,847,0,1284.7,1134.0
36.3000,44768,0.0,1094.0,18.011,7.786,3.75,1.62,780.6,780.6,500.3,0,0.0,0.1,IDLE,0.00,0.00,0.00,0,0.0,847,0,1094.0,1058.1
36.3500,44818,0.0,1094.0,18.011,7.786,3.75,1.62,780.6,780.6,500.6,0,0.0,0.3,IDLE,0.00,0.00,0.00,0,0.0,847,0,1094.0,932.7
36.4000,44868,0.0,882.4,18.011,7.786,3.03,1.31,780.6,780.6,500.6,0,0.0,0.3,IDLE,0.00,0.00,0.00,0,0.0,847,0,882.4,839.5
36.4500,44918,0.0,882.4,4.344,7.786,0.73,1.31,572.2,572.2,500.6,0,0.0,0.3,IDLE,0.00,0.00,0.00,0,0.0,848,0,882.4,839.5
36.5000,44968,0.0,882.4,4.344,7.786,0.73,1.31,572.2,572.2,500.6,0,0.0,0.3,IDLE,0.00,0.00,0.00,0,0.0,850,0,882.4,839.5
36.5500,45018,0.0,882.4,4.344,7.786,0.73,1.31,572.2,572.2,501.6,0,0.0,0.8,IDLE,0.00,0.00,0.00,0,0.0,851,0,882.4,839.5
36.6000,45068,0.0,882.4,4.344,7.786,0.73,1.31,572.2,572.2,501.6,0,0.0,0.8,IDLE,0.00,0.00,0.00,0,0.0,852,0,882.4,839.5
36.6500,45118,0.0,882.4,3.998,7.786,0.67,1.31,660.3,660.3,501.6,0,0.0,0.8,IDLE,0.00,0.00,0.00,0,0.0,853,0,882.4,839.5
36.7000,45168,0.0,882.4,3.998,7.786,0.67,1.31,660.3,660.3,501.8,0,0.0,0.9,IDLE,0.00,0.00,0.00,0,0.0,854,0,882.4,839.5
36.7500,45218,0.0,882.4,3.998,7.786,0.67,1.31,660.3,660.3,501.8,0,0.0,0.9,IDLE,0.00,0.00,0.00,0,0.0,854,0,882.4,839.5
36.8000,45268,0.0,882.4,4.669,7.786,0.78,1.31,750.3,750.3,501.8,0,0.0,0.9,IDLE,0.00,0.00,0.00,0,0.0,855,0,882.4,839.5
36.8500,45318,0.0,882.4,4.669,7.786,0.78,1.31,750.3,750.3,501.9,0,0.0,0.9,IDLE,0.00,0.00,0.00,0,0.0,855,0,882.4,839.5
36.9000,45368,0.0,0.0,4.669,7.786,0.00,0.00,750.3,750.3,501.9,0,0.0,0.9,IDLE,0.00,0.00,0.00,0,0.0,855,0,0.0,839.5
36.9500,45418,0.0,0.0,-10.296,7.786,0.00,0.00,740.6,740.6,501.9,0,0.0,0.9,IDLE,0.00,0.00,0.00,0,0.0,856,0,0.0,839.5
37.0000,45468,0.0,0.0,-10.296,7.786,0.00,0.00,740.6,740.6,501.5,0,0.0,0.8,IDLE,0.00,0.00,0.00,0,0.0,856,0,0.0,839.5
37.0500,45518,0.0,0.0,-10.296,7.786,0.00,0.00,740.6,740.6,501.5,0,0.0,0.8,IDLE,0.00,0.00,0.00,0,0.0,856,0,0.0,839.5
37.1000,45568,0.0,0.0,-12.008,7.786,0.00,0.00,676.6,676.6,501.5,0,0.0,0.8,IDLE,0.00,0.00,0.00,0,0.0,856,0,0.0,839.5
37.1500,45618,0.0,0.0,-12.008,7.786,0.00,0.00,676.6,676.6,501.5,0,0.0,0.8,IDLE,0.00,0.00,0.00,0,0.0,856,0,0.0,839.5
37.2000,45668,0.0,0.0,-12.008,7.786,0.00,0.00,676.6,676.6,501.6,0,0.0,0.8,IDLE,0.00,0.00,0.00,0,0.0,856,0,0.0,839.5
37.2500,45718,0.0,0.0,-12.008,7.786,0.00,0.00,676.6,676.6,501.6,0,0.0,0.8,IDLE,0.00,0.00,0.00,0,0.0,856,0,0.0,839.5
37.3000,45768,0.0,0.0,-17.974,7.786,0.00,0.00,684.4,684.4,501.6,0,0.0,0.8,IDLE,0.00,0.00,0.00,0,0.0,856,0,0.0,839.5
37.3500,45818,0.0,0.0,-17.974,7.786,0.00,0.00,684.4,684.4,501.8,0,0.0,0.9,IDLE,0.00,0.00,0.00,0,0.0,856,0,0.0,839.5
37.4000,45868,0.0,0.0,-17.974,7.786,0.00,0.00,684.4,684.4,501.8,0,0.0,0.9,IDLE,0.00,0.00,0.00,0,0.0,856,0,0.0,839.5
37.4500,45918,0.0,0.0,-16.905,7.786,0.00,0.00,723.1,723.1,501.8,0,0.0,0.9,IDLE,0.00,0.00,0.00,0,0.0,856,0,0.0,839.5
37.5000,45968,0.0,0.0,-16.905,7.786,0.00,0.00,723.1,723.1,501.3,0,0.0,0.6,IDLE,0.00,0.00,0.00,0,0.0,856,0,0.0,839.5
37.5500,46018,0.0,0.0,-16.905,7.786,0.00,0.00,723.1,723.1,501.3,0,0.0,0.6,IDLE,0.00,0.00,0.00,0,0.0,856,0,0.0,839.5
37.6000,46068,0.0,0.0,-16.204,7.786,0.00,0.00,738.8,738.8,501.3,0,0.0,0.6,IDLE,0.00,0.00,0.00,0,0.0,856,0,0.0,839.5
37.6500,46118,0.0,0.0,-16.204,7.786,0.00,0.00,738.8,738.8,501.3,0,0.0,0.6,IDLE,0.00,0.00,0.00,0,0.0,856,0,0.0,839.5
37.7000,46168,0.0,0.0,-16.204,7.786,0.00,0.00,738.8,738.8,501.3,0,0.0,0.6,IDLE,0.00,0.00,0.00,0,0.0,856,0,0.0,839.5
37.7500,46218,0.0,0.0,-15.194,7.786,0.00,0.00,742.8,742.8,501.3,0,0.0,0.6,IDLE,0.00,0.00,0.00,0,0.0,856,0,0.0,839.5
37.8000,46268,0.0,0.0,-15.194,7.786,0.00,0.00,742.8,742.8,500.0,0,0.0,0.0,IDLE,0.00,0.00,0.00,0,0.0,856,0,0.0,839.5
37.8500,46318,0.0,0.0,-15.194,7.786,0.00,0.00,742.8,742.8,500.0,0,0.0,0.0,IDLE,0.00,0.00,0.00,0,0.0,856,0,0.0,839.5
37.9000,46368,0.0,0.0,-16.234,7.786,0.00,0.00,733.4,733.4,500.0,0,0.0,0.0,IDLE,0.00,0.00,0.00,0,0.0,856,0,0.0,839.5
37.9500,46418,0.0,0.0,-16.234,7.786,0.00,0.00,733.4,733.4,500.0,0,0.0,0.0,IDLE,0.00,0.00,0.00,0,0.0,856,0,0.0,839.5
38.0000,46468,0.0,0.0,-16.234,7.786,0.00,0.00,733.4,733.4,501.9,0,0.0,0.9,IDLE,0.00,0.00,0.00,0,0.0,856,0,0.0,839.5
38.0500,46518,0.0,0.0,-16.234,7.786,0.00,0.00,733.4,733.4,501.9,0,0.0,0.9,IDLE,0.00,0.00,0.00,0,0.0,856,0,0.0,839.5
38.1000,46568,0.0,0.0,-12.450,7.786,0.00,0.00,743.1,743.1,501.9,0,0.0,0.9,IDLE,0.00,0.00,0.00,0,0.0,856,0,0.0,839.5
38.1500,46618,0.0,0.0,-12.450,7.786,0.00,0.00,743.1,743.1,501.8,0,0.0,0.9,IDLE,0.00,0.00,0.00,0,0.0,856,0,0.0,839.5
38.2000,46668,0.0,0.0,-12.450,7.786,0.00,0.00,743.1,743.1,501.8,0,0.0,0.9,IDLE,0.00,0.00,0.00,0,0.0,856,0,0.0,839.5
38.2500,46718,0.0,0.0,-10.665,7.786,0.00,0.00,741.2,741.2,501.8,0,0.0,0.9,IDLE,0.00,0.00,0.00,0,0.0,856,0,0.0,839.5
38.3000,46768,0.0,0.0,-10.665,7.786,0.00,0.00,741.2,741.2,502.8,0,0.0,1.4,IDLE,0.00,0.00,0.00,0,0.0,856,0,0.0,839.5
38.3500,46818,0.0,0.0,-10.665,7.786,0.00,0.00,741.2,741.2,502.8,0,0.0,1.4,IDLE,0.00,0.00,0.00,0,0.0,856,0,0.0,839.5
38.4000,46868,0.0,0.0,-10.916,7.786,0.00,0.00,738.8,738.8,502.8,0,0.0,1.4,IDLE,0.00,0.00,0.00,0,0.0,856,0,0.0,839.5
38.4500,46918,0.0,0.0,-10.916,7.786,0.00,0.00,738.8,738.8,501.3,0,0.0,0.6,IDLE,0.00,0.00,0.00,0,0.0,856,0,0.0,839.5
38.5000,46968,0.0,0.0,-10.916,7.786,0.00,0.00,738.8,738.8,501.3,0,0.0,0.6,IDLE,0.00,0.00,0.00,0,0.0,856,0,0.0,839.5
38.5500,47018,0.0,0.0,-10.997,7.786,0.00,0.00,737.2,737.2,501.3,0,0.0,0.6,IDLE,0.00,0.00,0.00,0,0.0,856,0,0.0,839.5
38.6000,47068,0.0,0.0,-10.997,7.786,0.00,0.00,737.2,737.2,501.3,0,0.0,0.6,IDLE,0.00,0.00,0.00,0,0.0,856,0,0.0,839.5
38.6500,47118,0.0,0.0,-10.997,7.786,0.00,0.00,737.2,737.2,503.1,0,0.0,1.6,IDLE,0.00,0.00,0.00,0,0.0,856,0,0.0,839.5
38.7000,47168,0.0,0.0,-10.997,7.786,0.00,0.00,737.2,737.2,503.1,0,0.0,1.6,IDLE,0.00,0.00,0.00,0,0.0,856,0,0.0,839.5
38.7500,47218,0.0,0.0,-9.633,7.786,0.00,0.00,738.1,738.1,503.1,0,0.0,1.6,IDLE,0.00,0.00,0.00,0,0.0,856,0,0.0,839.5
38.8000,47268,0.0,0.0,-9.633,7.786,0.00,0.00,738.1,738.1,502.8,0,0.0,1.4,IDLE,0.00,0.00,0.00,0,0.0,856,0,0.0,839.5
38.8500,47318,0.0,0.0,-9.633,7.786,0.00,0.00,738.1,738.1,502.8,0,0.0,1.4,IDLE,0.00,0.00,0.00,0,0.0,856,0,0.0,839.5
38.9000,47368,0.0,0.0,-8.438,7.786,0.00,0.00,738.4,738.4,502.8,0,0.0,1.4,IDLE,0.00,0.00,0.00,0,0.0,856,0,0.0,839.5
38.9500,47418,0.0,0.0,-8.438,7.786,0.00,0.00,738.4,738.4,501.5,0,0.0,0.8,IDLE,0.00,0.00,0.00,0,0.0,856,0,0.0,0.0
39.0000,47468,0.0,0.0,-8.438,7.786,0.00,0.00,738.4,738.4,501.5,0,0.0,0.8,IDLE,0.00,0.00,0.00,0,0.0,856,0,0.0,0.0
39.0500,47518,0.0,0.0,-7.966,7.786,0.00,0.00,744.4,744.4,501.5,0,0.0,0.8,IDLE,0.00,0.00,0.00,0,0.0,856,0,0.0,0.0
39.1000,47568,0.0,0.0,-7.966,7.786,0.00,0.00,744.4,744.4,502.3,0,0.0,1.1,IDLE,0.00,0.00,0.00,0,0.0,856,0,0.0,0.0
39.1500,47618,0.0,0.0,-7.966,7.786,0.00,0.00,744.4,744.4,502.3,0,0.0,1.1,IDLE,0.00,0.00,0.00,0,0.0,856,0,0.0,0.0
39.2000,47668,0.0,0.0,-7.855,7.786,0.00,0.00,743.8,743.8,502.3,0,0.0,1.1,IDLE,0.00,0.00,0.00,0,0.0,856,0,0.0,0.0
39.2500,47718,0.0,0.0,-7.855,7.786,0.00,0.00,743.8,743.8,502.1,0,0.0,1.1,IDLE,0.00,0.00,0.00,0,0.0,856,0,0.0,0.0
39.3000,47768,0.0,0.0,-7.855,7.786,0.00,0.00,743.8,743.8,502.1,0,0.0,1.1,IDLE,0.00,0.00,0.00,0,0.0,856,0,0.0,0.0
39.3500,47818,0.0,0.0,-7.759,7.786,0.00,0.00,747.2,747.2,502.1,0,0.0,1.1,IDLE,0.00,0.00,0.00,0,0.0,856,0,0.0,0.0
39.4000,47868,0.0,0.0,-7.759,7.786,0.00,0.00,747.2,747.2,502.1,0,0.0,1.1,IDLE,0.00,0.00,0.00,0,0.0,856,0,0.0,0.0
39.4500,47918,0.0,0.0,-7.759,7.786,0.00,0.00,747.2,747.2,502.8,0,0.0,1.4,IDLE,0.00,0.00,0.00,0,0.0,856,0,0.0,0.0
39.5000,47968,0.0,0.0,-7.759,7.786,0.00,0.00,747.2,747.2,502.8,0,0.0,1.4,IDLE,0.00,0.00,0.00,0,0.0,856,0,0.0,0.0
39.5500,48018,0.0,0.0,-7.442,7.786,0.00,0.00,747.8,747.8,502.8,0,0.0,1.4,IDLE,0.00,0.00,0.00,0,0.0,856,0,0.0,0.0
39.6000,48068,0.0,0.0,-7.442,7.786,0.00,0.00,747.8,747.8,502.6,0,0.0,1.3,IDLE,0.00,0.00,0.00,0,0.0,856,0,0.0,0.0
39.6500,48118,0.0,0.0,-7.442,7.786,0.00,0.00,747.8,747.8,502.6,0,0.0,1.3,IDLE,0.00,0.00,0.00,0,0.0,856,0,0.0,0.0
39.7000,48168,0.0,0.0,-7.442,7.786,0.00,0.00,743.1,743.1,502.6,0,0.0,1.3,IDLE,0.00,0.00,0.00,0,0.0,856,0,0.0,0.0
39.7500,48218,0.0,0.0,-7.442,7.786,0.00,0.00,743.1,743.1,503.6,0,0.0,1.8,IDLE,0.00,0.00,0.00,0,0.0,856,0,0.0,0.0
39.8000,48268,0.0,0.0,-7.442,7.786,0.00,0.00,743.1,743.1,503.6,0,0.0,1.8,IDLE,0.00,0.00,0.00,0,0.0,856,0,0.0,0.0
39.8500,48318,0.0,0.0,-7.294,7.786,0.00,0.00,747.8,747.8,503.6,0,0.0,1.8,IDLE,0.00,0.00,0.00,0,0.0,856,0,0.0,0.0
39.9000,48368,0.0,0.0,-7.294,7.786,0.00,0.00,747.8,747.8,503.1,0,0.0,1.6,IDLE,0.00,0.00,0.00,0,0.0,856,0,0.0,0.0
39.9500,48418,0.0,0.0,-7.294,7.786,0.00,0.00,747.8,747.8,503.1,0,0.0,1.6,IDLE,0.00,0.00,0.00,0,0.0,856,0,0.0,0.0
40.0000,48468,0.0,0.0,-7.014,7.786,0.00,0.00,751.6,751.6,503.1,0,0.0,1.6,IDLE,0.00,0.00,0.00,0,0.0,856,0,0.0,0.0
40.0500,48518,0.0,0.0,-7.014,7.786,0.00,0.00,751.6,751.6,503.1,0,0.0,1.6,IDLE,0.00,0.00,0.00,0,0.0,856,0,0.0,0.0
40.1000,48568,0.0,0.0,-7.014,7.786,0.00,0.00,751.6,751.6,503.0,0,0.0,1.5,IDLE,0.00,0.00,0.00,0,0.0,856,0,0.0,0.0
40.1500,48618,0.0,0.0,-7.014,7.786,0.00,0.00,751.6,751.6,503.0,0,0.0,1.5,IDLE,0.00,0.00,0.00,0,0.0,856,0,0.0,0.0
40.2000,48668,0.0,0.0,-6.852,7.786,0.00,0.00,744.4,744.4,503.0,0,0.0,1.5,IDLE,0.00,0.00,0.00,0,0.0,856,0,0.0,0.0
40.2500,48718,0.0,0.0,-6.852,7.786,0.00,0.00,744.4,744.4,501.9,0,0.0,0.9,IDLE,0.00,0.00,0.00,0,0.0,856,0,0.0,0.0
40.3000,48768,0.0,0.0,-6.852,7.786,0.00,0.00,744.4,744.4,501.9,0,0.0,0.9,IDLE,0.00,0.00,0.00,0,0.0,856,0,0.0,0.0
40.3500,48818,0.0,0.0,-6.586,7.786,0.00,0.00,750.0,750.0,501.9,0,0.0,0.9,IDLE,0.00,0.00,0.00,0,0.0,856,0,0.0,0.0
40.4000,48868,0.0,0.0,-6.586,7.786,0.00,0.00,750.0,750.0,501.0,0,0.0,0.5,IDLE,0.00,0.00,0.00,0,0.0,856,0,0.0,0.0
40.4500,48918,0.0,0.0,-6.586,7.786,0.00,0.00,750.0,750.0,501.0,0,0.0,0.5,IDLE,0.00,0.00,0.00,0,0.0,856,0,0.0,0.0
40.5000,48968,0.0,0.0,-6.586,7.786,0.00,0.00,738.4,738.4,501.0,0,0.0,0.5,IDLE,0.00,0.00,0.00,0,0.0,856,0,0.0,0.0
40.5500,49018,0.0,0.0,-6.586,7.786,0.00,0.00,738.4,738.4,501.5,0,0.0,0.8,IDLE,0.00,0.00,0.00,0,0.0,856,0,0.0,0.0
40.6000,49068,0.0,0.0,-6.586,7.786,0.00,0.00,738.4,738.4,501.5,0,0.0,0.8,IDLE,0.00,0.00,0.00,0,0.0,856,0,0.0,0.0
40.6500,49118,0.0,0.0,-6.564,7.786,0.00,0.00,745.6,745.6,501.5,0,0.0,0.8,IDLE,0.00,0.00,0.00,0,0.0,856,0,0.0,0.0
40.7000,49168,0.0,0.0,-6.564,7.786,0.00,0.00,745.6,745.6,501.6,0,0.0,0.8,IDLE,0.00,0.00,0.00,0,0.0,856,0,0.0,0.0
40.7500,49218,0.0,0.0,-6.564,7.786,0.00,0.00,745.6,745.6,501.6,0,0.0,0.8,IDLE,0.00,0.00,0.00,0,0.0,856,0,0.0,0.0
40.8000,49268,0.0,0.0,-6.727,7.786,0.00,0.00,736.2,736.2,501.6,0,0.0,0.8,IDLE,0.00,0.00,0.00,0,0.0,856,0,0.0,0.0
40.8500,49318,0.0,0.0,-6.727,7.786,0.00,0.00,736.2,736.2,501.6,0,0.0,0.8,IDLE,0.00,0.00,0.00,0,0.0,856,0,0.0,0.0
40.9000,49368,0.0,0.0,-6.727,7.786,0.00,0.00,736.2,736.2,500.9,0,0.0,0.4,IDLE,0.00,0.00,0.00,0,0.0,856,0,0.0,0.0
40.9500,49418,0.0,0.0,-6.727,7.786,0.00,0.00,736.2,736.2,500.9,0,0.0,0.4,IDLE,0.00,0.00,0.00,0,0.0,856,0,0.0,0.0
41.0000,49468,0.0,0.0,-6.859,7.786,0.00,0.00,741.2,741.2,500.9,0,0.0,0.4,IDLE,0.00,0.00,0.00,0,0.0,856,0,0.0,0.0
41.0500,49518,0.0,0.0,-6.859,7.786,0.00,0.00,741.2,741.2,501.3,0,0.0,0.6,IDLE,0.00,0.00,0.00,0,0.0,856,0,0.0,0.0
41.1000,49568,0.0,0.0,-6.859,7.786,0.00,0.00,741.2,741.2,501.3,0,0.0,0.6,IDLE,0.00,0.00,0.00,0,0.0,856,0,0.0,0.0
41.1500,49618,0.0,0.0,-7.162,7.786,0.00,0.00,734.1,734.1,501.3,0,0.0,0.6,IDLE,0.00,0.00,0.00,0,0.0,856,0,0.0,0.0
41.2000,49668,0.0,0.0,-7.162,7.786,0.00,0.00,734.1,734.1,500.3,0,0.0,0.1,IDLE,0.00,0.00,0.00,0,0.0,856,0,0.0,0.0
41.2500,49718,0.0,0.0,-7.162,7.786,0.00,0.00,734.1,734.1,500.3,0,0.0,0.1,IDLE,0.00,0.00,0.00,0,0.0,856,0,0.0,0.0
41.3000,49768,0.0,0.0,-7.376,7.786,0.00,0.00,733.4,733.4,500.3,0,0.0,0.1,IDLE,0.00,0.00,0.00,0,0.0,856,0,0.0,0.0
41.3500,49818,0.0,0.0,-7.376,7.786,0.00,0.00,733.4,733.4,500.5,0,0.0,0.3,IDLE,0.00,0.00,0.00,0,0.0,856,0,0.0,0.0
41.4000,49868,0.0,0.0,-7.376,7.786,0.00,0.00,733.4,733.4,500.5,0,0.0,0.3,IDLE,0.00,0.00,0.00,0,0.0,856,0,0.0,0.0
41.4500,49918,0.0,0.0,-7.656,7.786,0.00,0.00,735.3,735.3,500.5,0,0.0,0.3,IDLE,0.00,0.00,0.00,0,0.0,856,0,0.0,0.0
41.5000,49968,0.0,0.0,-7.656,7.786,0.00,0.00,735.3,735.3,500.5,0,0.0,0.3,IDLE,0.00,0.00,0.00,0,0.0,856,0,0.0,0.0
41.5500,50018,0.0,0.0,-7.656,7.786,0.00,0.00,735.3,735.3,500.1,0,0.0,0.1,IDLE,0.00,0.00,0.00,0,0.0,856,0,0.0,0.0
41.6000,50068,0.0,0.0,-7.656,7.786,0.00,0.00,735.3,735.3,500.1,0,0.0,0.1,IDLE,0.00,0.00,0.00,0,0.0,856,0,0.0,0.0
41.6500,50118,0.0,0.0,-7.951,7.786,0.00,0.00,738.1,738.1,500.1,0,0.0,0.1,IDLE,0.00,0.00,0.00,0,0.0,856,0,0.0,0.0
41.7000,50168,0.0,0.0,-7.951,7.786,0.00,0.00,738.1,738.1,500.1,0,0.0,0.1,IDLE,0.00,0.00,0.00,0,0.0,856,0,0.0,0.0
41.7500,50218,0.0,0.0,-7.951,7.786,0.00,0.00,738.1,738.1,500.1,0,0.0,0.1,IDLE,0.00,0.00,0.00,0,0.0,856,0,0.0,0.0
41.8000,50268,0.0,0.0,-8.091,7.786,0.00,0.00,738.1,738.1,500.1,0,0.0,0.1,IDLE,0.00,0.00,0.00,0,0.0,856,0,0.0,0.0
41.8500,50318,0.0,0.0,-8.091,7.786,0.00,0.00,738.1,738.1,501.1,0,0.0,0.6,IDLE,0.00,0.00,0.00,0,0.0,856,0,0.0,0.0
41.9000,50368,0.0,0.0,-8.091,7.786,0.00,0.00,738.1,738.1,501.1,0,0.0,0.6,IDLE,0.00,0.00,0.00,0,0.0,856,0,0.0,0.0
41.9500,50418,0.0,0.0,-8.298,7.786,0.00,0.00,740.6,740.6,501.1,0,0.0,0.6,IDLE,0.00,0.00,0.00,0,0.0,856,0,0.0,0.0
42.0000,50468,0.0,0.0,-8.298,7.786,0.00,0.00,740.6,740.6,501.6,0,0.0,0.8,IDLE,0.00,0.00,0.00,0,0.0,856,0,0.0,0.0
42.0500,50518,0.0,0.0,-8.298,7.786,0.00,0.00,740.6,740.6,501.6,0,0.0,0.8,IDLE,0.00,0.00,0.00,0,0.0,856,0,0.0,0.0
42.1000,50568,0.0,0.0,-8.275,7.786,0.00,0.00,739.4,739.4,501.6,0,0.0,0.8,IDLE,0.00,0.00,0.00,0,0.0,856,0,0.0,0.0
42.1500,50618,0.0,0.0,-8.275,7.786,0.00,0.00,739.4,739.4,501.0,0,0.0,0.5,IDLE,0.00,0.00,0.00,0,0.0,856,0,0.0,0.0
42.2000,50668,0.0,0.0,-8.275,7.786,0.00,0.00,739.4,739.4,501.0,0,0.0,0.5,IDLE,0.00,0.00,0.00,0,0.0,856,0,0.0,0.0
42.2500,50718,0.0,0.0,-8.275,7.786,0.00,0.00,745.6,745.6,501.0,0,0.0,0.5,IDLE,0.00,0.00,0.00,0,0.0,856,0,0.0,0.0
42.3000,50768,0.0,0.0,-8.275,7.786,0.00,0.00,745.6,745.6,501.0,0,0.0,0.5,IDLE,0.00,0.00,0.00,0,0.0,856,0,0.0,0.0
42.3500,50818,0.0,0.0,-8.275,7.786,0.00,0.00,745.6,745.6,501.4,0,0.0,0.7,IDLE,0.00,0.00,0.00,0,0.0,856,0,0.0,0.0
42.4000,50868,0.0,0.0,-8.275,7.786,0.00,0.00,745.6,745.6,501.4,0,0.0,0.7,IDLE,0.00,0.00,0.00,0,0.0,856,0,0.0,0.0
42.4500,50918,0.0,0.0,-8.091,7.786,0.00,0.00,744.7,744.7,501.4,0,0.0,0.7,IDLE,0.00,0.00,0.00,0,0.0,856,0,0.0,0.0
42.5000,50968,0.0,0.0,-8.091,7.786,0.00,0.00,744.7,744.7,500.5,0,0.0,0.3,IDLE,0.00,0.00,0.00,0,0.0,856,0,0.0,0.0
42.5500,51018,0.0,0.0,-8.091,7.786,0.00,0.00,744.7,744.7,500.5,0,0.0,0.3,IDLE,0.00,0.00,0.00,0,0.0,856,0,0.0,0.0
42.6000,51068,0.0,0.0,-7.951,7.786,0.00,0.00,747.5,747.5,500.5,0,0.0,0.3,IDLE,0.00,0.00,0.00,0,0.0,856,0,0.0,0.0
42.6500,51118,0.0,0.0,-7.951,7.786,0.00,0.00,747.5,747.5,501.3,0,0.0,0.6,IDLE,0.00,0.00,0.00,0,0.0,856,0,0.0,0.0
42.7000,51168,0.0,0.0,-7.951,7.786,0.00,0.00,747.5,747.5,501.3,0,0.0,0.6,IDLE,0.00,0.00,0.00,0,0.0,856,0,0.0,0.0
42.7500,51218,0.0,0.0,-7.649,7.786,0.00,0.00,747.8,747.8,501.3,0,0.0,0.6,IDLE,0.00,0.00,0.00,0,0.0,856,0,0.0,0.0
42.8000,51268,0.0,0.0,-7.649,7.786,0.00,0.00,747.8,747.8,501.1,0,0.0,0.6,IDLE,0.00,0.00,0.00,0,0.0,856,0,0.0,0.0
42.8500,51318,0.0,0.0,-7.649,7.786,0.00,0.00,747.8,747.8,501.1,0,0.0,0.6,IDLE,0.00,0.00,0.00,0,0.0,856,0,0.0,0.0
42.9000,51368,0.0,0.0,-7.302,7.786,0.00,0.00,749.1,749.1,501.1,0,0.0,0.6,IDLE,0.00,0.00,0.00,0,0.0,856,0,0.0,0.0
42.9500,51418,0.0,0.0,-7.302,7.786,0.00,0.00,749.1,749.1,501.5,0,0.0,0.8,IDLE,0.00,0.00,0.00,0,0.0,856,0,0.0,0.0
43.0000,51468,0.0,0.0,-7.302,7.786,0.00,0.00,749.1,749.1,501.5,0,0.0,0.8,IDLE,0.00,0.00,0.00,0,0.0,856,0,0.0,0.0
43.0500,51518,0.0,0.0,-6.955,7.786,0.00,0.00,750.9,750.9,501.5,0,0.0,0.8,IDLE,0.00,0.00,0.00,0,0.0,856,0,0.0,0.0
43.1000,51568,0.0,0.0,-6.955,7.786,0.00,0.00,750.9,750.9,501.5,0,0.0,0.8,IDLE,0.00,0.00,0.00,0,0.0,856,0,0.0,0.0
43.1500,51618,0.0,0.0,-6.955,7.786,0.00,0.00,750.9,750.9,501.5,0,0.0,0.8,IDLE,0.00,0.00,0.00,0,0.0,856,0,0.0,0.0
43.2000,51668,0.0,0.0,-6.955,7.786,0.00,0.00,750.9,750.9,501.5,0,0.0,0.8,IDLE,0.00,0.00,0.00,0,0.0,856,0,0.0,0.0
43.2500,51718,0.0,0.0,-6.800,7.786,0.00,0.00,745.0,745.0,501.5,0,0.0,0.8,IDLE,0.00,0.00,0.00,0,0.0,856,0,0.0,0.0
43.3000,51768,0.0,0.0,-6.800,7.786,0.00,0.00,745.0,745.0,501.3,0,0.0,0.6,IDLE,0.00,0.00,0.00,0,0.0,856,0,0.0,0.0
43.3500,51818,0.0,0.0,-6.800,7.786,0.00,0.00,745.0,745.0,501.3,0,0.0,0.6,IDLE,0.00,0.00,0.00,0,0.0,856,0,0.0,0.0
43.4000,51868,0.0,0.0,-6.867,7.786,0.00,0.00,735.3,735.3,501.3,0,0.0,0.6,IDLE,0.00,0.00,0.00,0,0.0,856,0,0.0,0.0
43.4500,51918,0.0,0.0,-6.867,7.786,0.00,0.00,735.3,735.3,503.1,0,0.0,1.6,IDLE,0.00,0.00,0.00,0,0.0,856,0,0.0,0.0
43.5000,51968,0.0,0.0,-6.867,7.786,0.00,0.00,735.3,735.3,503.1,0,0.0,1.6,IDLE,0.00,0.00,0.00,0,0.0,856,0,0.0,0.0
43.5500,52018,0.0,0.0,-6.815,7.786,0.00,0.00,742.8,742.8,503.1,0,0.0,1.6,IDLE,0.00,0.00,0.00,0,0.0,856,0,0.0,0.0
43.6000,52068,0.0,0.0,-6.815,7.786,0.00,0.00,742.8,742.8,502.6,0,0.0,1.3,IDLE,0.00,0.00,0.00,0,0.0,856,0,0.0,0.0
43.6500,52118,0.0,0.0,-6.815,7.786,0.00,0.00,742.8,742.8,502.6,0,0.0,1.3,IDLE,0.00,0.00,0.00,0,0.0,856,0,0.0,0.0
43.7000,52168,0.0,0.0,-6.557,7.786,0.00,0.00,751.2,751.2,502.6,0,0.0,1.3,IDLE,0.00,0.00,0.00,0,0.0,856,0,0.0,0.0
43.7500,52218,0.0,0.0,-6.557,7.786,0.00,0.00,751.2,751.2,502.6,0,0.0,1.3,IDLE,0.00,0.00,0.00,0,0.0,856,0,0.0,0.0
43.8000,52268,0.0,0.0,-6.557,7.786,0.00,0.00,751.2,751.2,501.6,0,0.0,0.8,IDLE,0.00,0.00,0.00,0,0.0,856,0,0.0,0.0
43.8500,52318,0.0,0.0,-6.557,7.786,0.00,0.00,751.2,751.2,501.6,0,0.0,0.8,IDLE,0.00,0.00,0.00,0,0.0,856,0,0.0,0.0
43.9000,52368,0.0,0.0,-6.690,7.786,0.00,0.00,739.7,739.7,501.6,0,0.0,0.8,IDLE,0.00,0.00,0.00,0,0.0,856,0,0.0,0.0
43.9500,52418,0.0,0.0,-6.690,7.786,0.00,0.00,739.7,739.7,501.9,0,0.0,0.9,IDLE,0.00,0.00,0.00,0,0.0,856,0,0.0,0.0
44.0000,52468,0.0,0.0,-6.690,7.786,0.00,0.00,739.7,739.7,501.9,0,0.0,0.9,IDLE,0.00,0.00,0.00,0,0.0,856,0,0.0,0.0
44.0500,52518,0.0,0.0,-6.601,7.786,0.00,0.00,748.4,748.4,501.9,0,0.0,0.9,IDLE,0.00,0.00,0.00,0,0.0,856,0,0.0,0.0
44.1000,52568,0.0,0.0,-6.601,7.786,0.00,0.00,748.4,748.4,502.4,0,0.0,1.2,IDLE,0.00,0.00,0.00,0,0.0,856,0,0.0,0.0
44.1500,52618,0.0,0.0,-6.601,7.786,0.00,0.00,748.4,748.4,502.4,0,0.0,1.2,IDLE,0.00,0.00,0.00,0,0.0,856,0,0.0,0.0
44.2000,52668,0.0,0.0,-6.815,7.786,0.00,0.00,737.8,737.8,502.4,0,0.0,1.2,IDLE,0.00,0.00,0.00,0,0.0,856,0,0.0,0.0
44.2500,52718,0.0,0.0,-6.815,7.786,0.00,0.00,737.8,737.8,503.0,0,0.0,1.5,IDLE,0.00,0.00,0.00,0,0.0,856,0,0.0,0.0
44.3000,52768,0.0,0.0,-6.815,7.786,0.00,0.00,737.8,737.8,503.0,0,0.0,1.5,IDLE,0.00,0.00,0.00,0,0.0,856,0,0.0,0.0
44.3500,52818,0.0,0.0,-6.904,7.786,0.00,0.00,744.1,744.1,503.0,0,0.0,1.5,IDLE,0.00,0.00,0.00,0,0.0,856,0,0.0,0.0
44.4000,52868,0.0,0.0,-6.904,7.786,0.00,0.00,744.1,744.1,501.9,0,0.0,0.9,IDLE,0.00,0.00,0.00,0,0.0,856,0,0.0,0.0
44.4500,52918,0.0,0.0,-6.904,7.786,0.00,0.00,744.1,744.1,501.9,0,0.0,0.9,IDLE,0.00,0.00,0.00,0,0.0,856,0,0.0,0.0
44.5000,52968,0.0,0.0,-7.199,7.786,0.00,0.00,735.6,735.6,501.9,0,0.0,0.9,IDLE,0.00,0.00,0.00,0,0.0,856,0,0.0,0.0
44.5500,53018,0.0,0.0,-7.199,7.786,0.00,0.00,735.6,735.6,501.9,0,0.0,0.9,IDLE,0.00,0.00,0.00,0,0.0,856,0,0.0,0.0
44.6000,53068,0.0,0.0,-7.199,7.786,0.00,0.00,735.6,735.6,501.8,0,0.0,0.9,IDLE,0.00,0.00,0.00,0,0.0,856,0,0.0,0.0
44.6500,53118,0.0,0.0,-7.199,7.786,0.00,0.00,735.6,735.6,501.8,0,0.0,0.9,IDLE,0.00,0.00,0.00,0,0.0,856,0,0.0,0.0
44.7000,53168,0.0,0.0,-7.398,7.786,0.00,0.00,741.9,741.9,501.8,0,0.0,0.9,IDLE,0.00,0.00,0.00,0,0.0,856,0,0.0,0.0
44.7500,53218,0.0,0.0,-7.398,7.786,0.00,0.00,741.9,741.9,503.1,0,0.0,1.6,IDLE,0.00,0.00,0.00,0,0.0,856,0,0.0,0.0
44.8000,53268,0.0,0.0,-7.398,7.786,0.00,0.00,741.9,741.9,503.1,0,0.0,1.6,IDLE,0.00,0.00,0.00,0,0.0,856,0,0.0,0.0
44.8500,53318,0.0,0.0,-7.612,7.786,0.00,0.00,735.3,735.3,503.1,0,0.0,1.6,IDLE,0.00,0.00,0.00,0,0.0,856,0,0.0,0.0
44.9000,53368,0.0,0.0,-7.612,7.786,0.00,0.00,735.3,735.3,501.9,0,0.0,0.9,IDLE,0.00,0.00,0.00,0,0.0,856,0,0.0,0.0
44.9500,53418,0.0,0.0,-7.612,7.786,0.00,0.00,735.3,735.3,501.9,0,0.0,0.9,IDLE,0.00,0.00,0.00,0,0.0,856,0,0.0,0.0
45.0000,53468,0.0,0.0,-7.494,7.786,0.00,0.00,740.6,740.6,501.9,0,0.0,0.9,IDLE,0.00,0.00,0.00,0,0.0,856,0,0.0,0.0
45.0500,53518,0.0,0.0,-7.494,7.786,0.00,0.00,740.6,740.6,502.4,0,0.0,1.2,IDLE,0.00,0.00,0.00,0,0.0,856,0,0.0,0.0
45.1000,53568,0.0,0.0,-7.494,7.786,0.00,0.00,740.6,740.6,502.4,0,0.0,1.2,IDLE,0.00,0.00,0.00,0,0.0,856,0,0.0,0.0
45.1500,53618,0.0,0.0,-7.590,7.786,0.00,0.00,738.4,738.4,502.4,0,0.0,1.2,IDLE,0.00,0.00,0.00,0,0.0,856,0,0.0,0.0
45.2000,53668,0.0,0.0,-7.590,7.786,0.00,0.00,738.4,738.4,502.4,0,0.0,1.2,IDLE,0.00,0.00,0.00,0,0.0,856,0,0.0,0.0
45.2500,53718,0.0,0.0,-7.590,7.786,0.00,0.00,738.4,738.4,501.9,0,0.0,0.9,IDLE,0.00,0.00,0.00,0,0.0,856,0,0.0,0.0
45.3000,53768,0.0,0.0,-7.590,7.786,0.00,0.00,738.4,738.4,501.9,0,0.0,0.9,IDLE,0.00,0.00,0.00,0,0.0,856,0,0.0,0.0
45.3500,53818,0.0,0.0,-7.811,7.786,0.00,0.00,741.2,741.2,501.9,0,0.0,0.9,IDLE,0.00,0.00,0.00,0,0.0,856,0,0.0,0.0
45.4000,53868,0.0,0.0,-7.811,7.786,0.00,0.00,741.2,741.2,502.4,0,0.0,1.2,IDLE,0.00,0.00,0.00,0,0.0,856,0,0.0,0.0
45.4500,53918,0.0,0.0,-7.811,7.786,0.00,0.00,741.2,741.2,502.4,0,0.0,1.2,IDLE,0.00,0.00,0.00,0,0.0,856,0,0.0,0.0
45.5000,53968,0.0,0.0,-7.774,7.786,0.00,0.00,741.6,741.6,502.4,0,0.0,1.2,IDLE,0.00,0.00,0.00,0,0.0,856,0,0.0,0.0
45.5500,54018,0.0,0.0,-7.774,7.786,0.00,0.00,741.6,741.6,502.1,0,0.0,1.1,IDLE,0.00,0.00,0.00,0,0.0,856,0,0.0,0.0
45.6000,54068,0.0,0.0,-7.774,7.786,0.00,0.00,741.6,741.6,502.1,0,0.0,1.1,IDLE,0.00,0.00,0.00,0,0.0,856,0,0.0,0.0
45.6500,54118,0.0,0.0,-7.855,7.786,0.00,0.00,744.7,744.7,502.1,0,0.0,1.1,IDLE,0.00,0.00,0.00,0,0.0,856,0,0.0,0.0
45.7000,54168,0.0,0.0,-7.855,7.786,0.00,0.00,744.7,744.7,502.8,0,0.0,1.4,IDLE,0.00,0.00,0.00,0,0.0,856,0,0.0,0.0
45.7500,54218,0.0,0.0,-7.855,7.786,0.00,0.00,744.7,744.7,502.8,0,0.0,1.4,IDLE,0.00,0.00,0.00,0,0.0,856,0,0.0,0.0
45.8000,54268,0.0,0.0,-7.722,7.786,0.00,0.00,743.8,743.8,502.8,0,0.0,1.4,IDLE,0.00,0.00,0.00,0,0.0,856,0,0.0,0.0
45.8500,54318,0.0,0.0,-7.722,7.786,0.00,0.00,743.8,743.8,502.1,0,0.0,1.1,IDLE,0.00,0.00,0.00,0,0.0,856,0,0.0,0.0
45.9000,54368,0.0,0.0,-7.722,7.786,0.00,0.00,743.8,743.8,502.1,0,0.0,1.1,IDLE,0.00,0.00,0.00,0,0.0,856,0,0.0,0.0
45.9500,54418,0.0,0.0,-7.641,7.786,0.00,0.00,747.8,747.8,502.1,0,0.0,1.1,IDLE,0.00,0.00,0.00,0,0.0,856,0,0.0,0.0
46.0000,54468,0.0,0.0,-7.641,7.786,0.00,0.00,747.8,747.8,502.1,0,0.0,1.1,IDLE,0.00,0.00,0.00,0,0.0,856,0,0.0,0.0
46.0500,54518,0.0,0.0,-7.641,7.786,0.00,0.00,747.8,747.8,503.2,0,0.0,1.6,IDLE,0.00,0.00,0.00,0,0.0,856,0,0.0,0.0
46.1000,54568,0.0,0.0,-7.641,7.786,0.00,0.00,747.8,747.8,503.2,0,0.0,1.6,IDLE,0.00,0.00,0.00,0,0.0,856,0,0.0,0.0
46.1500,54618,0.0,0.0,-7.472,7.786,0.00,0.00,743.1,743.1,503.2,0,0.0,1.6,IDLE,0.00,0.00,0.00,0,0.0,856,0,0.0,0.0
46.2000,54668,0.0,0.0,-7.472,7.786,0.00,0.00,743.1,743.1,502.4,0,0.0,1.2,IDLE,0.00,0.00,0.00,0,0.0,856,0,0.0,0.0
46.2500,54718,0.0,0.0,-7.472,7.786,0.00,0.00,743.1,743.1,502.4,0,0.0,1.2,IDLE,0.00,0.00,0.00,0,0.0,856,0,0.0,0.0
46.3000,54768,0.0,0.0,-7.353,7.786,0.00,0.00,747.2,747.2,502.4,0,0.0,1.2,IDLE,0.00,0.00,0.00,0,0.0,856,0,0.0,0.0
46.3500,54818,0.0,0.0,-7.353,7.786,0.00,0.00,747.2,747.2,503.1,0,0.0,1.6,IDLE,0.00,0.00,0.00,0,0.0,856,0,0.0,0.0
46.4000,54868,0.0,0.0,-7.353,7.786,0.00,0.00,747.2,747.2,503.1,0,0.0,1.6,IDLE,0.00,0.00,0.00,0,0.0,856,0,0.0,0.0
46.4500,54918,0.0,0.0,-7.361,7.786,0.00,0.00,735.0,735.0,503.1,0,0.0,1.6,IDLE,0.00,0.00,0.00,0,0.0,856,0,0.0,0.0
46.5000,54968,0.0,0.0,-7.361,7.786,0.00,0.00,735.0,735.0,502.9,0,0.0,1.4,IDLE,0.00,0.00,0.00,0,0.0,856,0,0.0,0.0
46.5500,55018,0.0,0.0,-7.361,7.786,0.00,0.00,735.0,735.0,502.9,0,0.0,1.4,IDLE,0.00,0.00,0.00,0,0.0,856,0,0.0,0.0
46.6000,55068,0.0,0.0,-7.553,7.786,0.00,0.00,732.2,732.2,502.9,0,0.0,1.4,IDLE,0.00,0.00,0.00,0,0.0,856,0,0.0,0.0
46.6500,55118,0.0,0.0,-7.553,7.786,0.00,0.00,732.2,732.2,502.9,0,0.0,1.4,IDLE,0.00,0.00,0.00,0,0.0,856,0,0.0,0.0
46.7000,55168,0.0,0.0,-7.553,7.786,0.00,0.00,732.2,732.2,501.4,0,0.0,0.7,IDLE,0.00,0.00,0.00,0,0.0,856,0,0.0,0.0
46.7500,55218,0.0,0.0,-7.553,7.786,0.00,0.00,732.2,732.2,501.4,0,0.0,0.7,IDLE,0.00,0.00,0.00,0,0.0,856,0,0.0,0.0
46.8000,55268,0.0,0.0,-7.715,7.786,0.00,0.00,730.9,730.9,501.4,0,0.0,0.7,IDLE,0.00,0.00,0.00,0,0.0,856,0,0.0,0.0
46.8500,55318,0.0,0.0,-7.715,7.786,0.00,0.00,730.9,730.9,503.0,0,0.0,1.5,IDLE,0.00,0.00,0.00,0,0.0,856,0,0.0,0.0
46.9000,55368,0.0,0.0,-7.715,7.786,0.00,0.00,730.9,730.9,503.0,0,0.0,1.5,IDLE,0.00,0.00,0.00,0,0.0,856,0,0.0,0.0
46.9500,55418,0.0,0.0,-7.877,7.786,0.00,0.00,734.1,734.1,503.0,0,0.0,1.5,IDLE,0.00,0.00,0.00,0,0.0,856,0,0.0,0.0
47.0000,55468,0.0,0.0,-7.877,7.786,0.00,0.00,734.1,734.1,502.9,0,0.0,1.4,IDLE,0.00,0.00,0.00,0,0.0,856,0,0.0,0.0
47.0500,55518,0.0,0.0,-7.877,7.786,0.00,0.00,734.1,734.1,502.9,0,0.0,1.4,IDLE,0.00,0.00,0.00,0,0.0,856,0,0.0,0.0
47.1000,55568,0.0,0.0,-8.135,7.786,0.00,0.00,729.7,729.7,502.9,0,0.0,1.4,IDLE,0.00,0.00,0.00,0,0.0,856,0,0.0,0.0
47.1500,55618,0.0,0.0,-8.135,7.786,0.00,0.00,729.7,729.7,502.5,0,0.0,1.2,IDLE,0.00,0.00,0.00,0,0.0,856,0,0.0,0.0
47.2000,55668,0.0,0.0,-8.135,7.786,0.00,0.00,729.7,729.7,502.5,0,0.0,1.2,IDLE,0.00,0.00,0.00,0,0.0,856,0,0.0,0.0
47.2500,55718,0.0,0.0,-8.246,7.786,0.00,0.00,739.7,739.7,502.5,0,0.0,1.2,IDLE,0.00,0.00,0.00,0,0.0,856,0,0.0,0.0
47.3000,55768,0.0,0.0,-8.246,7.786,0.00,0.00,739.7,739.7,501.8,0,0.0,0.9,IDLE,0.00,0.00,0.00,0,0.0,856,0,0.0,0.0
47.3500,55818,0.0,0.0,-8.246,7.786,0.00,0.00,739.7,739.7,501.8,0,0.0,0.9,IDLE,0.00,0.00,0.00,0,0.0,856,0,0.0,0.0
47.4000,55868,0.0,0.0,-8.452,7.786,0.00,0.00,734.7,734.7,501.8,0,0.0,0.9,IDLE,0.00,0.00,0.00,0,0.0,856,0,0.0,0.0
47.4500,55918,0.0,0.0,-8.452,7.786,0.00,0.00,734.7,734.7,501.8,0,0.0,0.9,IDLE,0.00,0.00,0.00,0,0.0,856,0,0.0,0.0
47.5000,55968,0.0,0.0,-8.452,7.786,0.00,0.00,734.7,734.7,502.4,0,0.0,1.2,IDLE,0.00,0.00,0.00,0,0.0,856,0,0.0,0.0
47.5500,56018,0.0,0.0,-8.452,7.786,0.00,0.00,734.7,734.7,502.4,0,0.0,1.2,IDLE,0.00,0.00,0.00,0,0.0,856,0,0.0,0.0
47.6000,56068,0.0,0.0,-8.445,7.786,0.00,0.00,748.1,748.1,502.4,0,0.0,1.2,IDLE,0.00,0.00,0.00,0,0.0,856,0,0.0,0.0
47.6500,56118,0.0,0.0,-8.445,7.786,0.00,0.00,748.1,748.1,503.6,0,0.0,1.8,IDLE,0.00,0.00,0.00,0,0.0,856,0,0.0,0.0
47.7000,56168,0.0,0.0,-8.445,7.786,0.00,0.00,748.1,748.1,503.6,0,0.0,1.8,IDLE,0.00,0.00,0.00,0,0.0,856,0,0.0,0.0
47.7500,56218,0.0,0.0,-8.452,7.786,0.00,0.00,742.8,742.8,503.6,0,0.0,1.8,IDLE,0.00,0.00,0.00,0,0.0,856,0,0.0,0.0
47.8000,56268,0.0,0.0,-8.452,7.786,0.00,0.00,742.8,742.8,502.0,0,0.0,1.0,IDLE,0.00,0.00,0.00,0,0.0,856,0,0.0,0.0
47.8500,56318,0.0,0.0,-8.452,7.786,0.00,0.00,742.8,742.8,502.0,0,0.0,1.0,IDLE,0.00,0.00,0.00,0,0.0,856,0,0.0,0.0
47.9000,56368,0.0,0.0,-8.342,7.786,0.00,0.00,752.2,752.2,502.0,0,0.0,1.0,IDLE,0.00,0.00,0.00,0,0.0,856,0,0.0,0.0
47.9500,56418,0.0,0.0,-8.342,7.786,0.00,0.00,752.2,752.2,502.6,0,0.0,1.3,IDLE,0.00,0.00,0.00,0,0.0,856,0,0.0,0.0
48.0000,56468,0.0,0.0,-8.342,7.786,0.00,0.00,752.2,752.2,502.6,0,0.0,1.3,IDLE,0.00,0.00,0.00,0,0.0,856,0,0.0,0.0
48.0500,56518,0.0,0.0,-8.047,7.786,0.00,0.00,748.1,748.1,502.6,0,0.0,1.3,IDLE,0.00,0.00,0.00,0,0.0,856,0,0.0,0.0
48.1000,56568,0.0,0.0,-8.047,7.786,0.00,0.00,748.1,748.1,502.6,0,0.0,1.3,IDLE,0.00,0.00,0.00,0,0.0,856,0,0.0,0.0
48.1500,56618,0.0,0.0,-8.047,7.786,0.00,0.00,748.1,748.1,501.5,0,0.0,0.8,IDLE,0.00,0.00,0.00,0,0.0,856,0,0.0,0.0
48.2000,56668,0.0,0.0,-8.047,7.786,0.00,0.00,748.1,748.1,501.5,0,0.0,0.8,IDLE,0.00,0.00,0.00,0,0.0,856,0,0.0,0.0
48.2500,56718,0.0,0.0,-7.663,7.786,0.00,0.00,749.7,749.7,501.5,0,0.0,0.8,IDLE,0.00,0.00,0.00,0,0.0,856,0,0.0,0.0
48.3000,56768,0.0,0.0,-7.663,7.786,0.00,0.00,749.7,749.7,501.4,0,0.0,0.7,IDLE,0.00,0.00,0.00,0,0.0,856,0,0.0,0.0
48.3500,56818,0.0,0.0,-7.663,7.786,0.00,0.00,749.7,749.7,501.4,0,0.0,0.7,IDLE,0.00,0.00,0.00,0,0.0,856,0,0.0,0.0
48.4000,56868,0.0,0.0,-7.280,7.786,0.00,0.00,748.1,748.1,501.4,0,0.0,0.7,IDLE,0.00,0.00,0.00,0,0.0,856,0,0.0,0.0
48.4500,56918,0.0,0.0,-7.280,7.786,0.00,0.00,748.1,748.1,501.0,0,0.0,0.5,IDLE,0.00,0.00,0.00,0,0.0,856,0,0.0,0.0
48.5000,56968,0.0,0.0,-7.280,7.786,0.00,0.00,748.1,748.1,501.0,0,0.0,0.5,IDLE,0.00,0.00,0.00,0,0.0,856,0,0.0,0.0
48.5500,57018,0.0,0.0,-6.999,7.786,0.00,0.00,746.9,746.9,501.0,0,0.0,0.5,IDLE,0.00,0.00,0.00,0,0.0,856,0,0.0,0.0
48.6000,57068,0.0,0.0,-6.999,7.786,0.00,0.00,746.9,746.9,503.1,0,0.0,1.6,IDLE,0.00,0.00,0.00,0,0.0,856,0,0.0,0.0
48.6500,57118,0.0,0.0,-6.999,7.786,0.00,0.00,746.9,746.9,503.1,0,0.0,1.6,IDLE,0.00,0.00,0.00,0,0.0,856,0,0.0,0.0
48.7000,57168,0.0,0.0,-6.645,7.786,0.00,0.00,745.6,745.6,503.1,0,0.0,1.6,IDLE,0.00,0.00,0.00,0,0.0,856,0,0.0,0.0
48.7500,57218,0.0,0.0,-6.645,7.786,0.00,0.00,745.6,745.6,502.9,0,0.0,1.4,IDLE,0.00,0.00,0.00,0,0.0,856,0,0.0,0.0
48.8000,57268,0.0,0.0,-6.645,7.786,0.00,0.00,745.6,745.6,502.9,0,0.0,1.4,IDLE,0.00,0.00,0.00,0,0.0,856,0,0.0,0.0
48.8500,57318,0.0,0.0,-6.505,7.786,0.00,0.00,745.9,745.9,502.9,0,0.0,1.4,IDLE,0.00,0.00,0.00,0,0.0,856,0,0.0,0.0
48.9000,57368,0.0,0.0,-6.505,7.786,0.00,0.00,745.9,745.9,502.9,0,0.0,1.4,IDLE,0.00,0.00,0.00,0,0.0,856,0,0.0,0.0
48.9500,57418,0.0,0.0,-6.505,7.786,0.00,0.00,745.9,745.9,503.5,0,0.0,1.8,IDLE,0.00,0.00,0.00,0,0.0,856,0,0.0,0.0
49.0000,57468,0.0,0.0,-6.505,7.786,0.00,0.00,745.9,745.9,503.5,0,0.0,1.8,IDLE,0.00,0.00,0.00,0,0.0,856,0,0.0,0.0
49.0500,57518,0.0,0.0,-6.306,7.786,0.00,0.00,743.8,743.8,503.5,0,0.0,1.8,IDLE,0.00,0.00,0.00,0,0.0,856,0,0.0,0.0
49.1000,57568,0.0,0.0,-6.306,7.786,0.00,0.00,743.8,743.8,501.4,0,0.0,0.7,IDLE,0.00,0.00,0.00,0,0.0,856,0,0.0,0.0
49.1500,57618,0.0,0.0,-6.306,7.786,0.00,0.00,743.8,743.8,501.4,0,0.0,0.7,IDLE,0.00,0.00,0.00,0,0.0,856,0,0.0,0.0
49.2000,57668,0.0,0.0,-6.277,7.786,0.00,0.00,749.4,749.4,501.4,0,0.0,0.7,IDLE,0.00,0.00,0.00,0,0.0,856,0,0.0,0.0
49.2500,57718,0.0,0.0,-6.277,7.786,0.00,0.00,749.4,749.4,502.8,0,0.0,1.4,IDLE,0.00,0.00,0.00,0,0.0,856,0,0.0,0.0
49.3000,57768,0.0,0.0,-6.277,7.786,0.00,0.00,749.4,749.4,502.8,0,0.0,1.4,IDLE,0.00,0.00,0.00,0,0.0,856,0,0.0,0.0
49.3500,57818,0.0,0.0,-6.137,7.786,0.00,0.00,749.4,749.4,502.8,0,0.0,1.4,IDLE,0.00,0.00,0.00,0,0.0,856,0,0.0,0.0
49.4000,57868,0.0,0.0,-6.137,7.786,0.00,0.00,749.4,749.4,501.3,0,0.0,0.6,IDLE,0.00,0.00,0.00,0,0.0,856,0,0.0,0.0
49.4500,57918,0.0,0.0,-6.137,7.786,0.00,0.00,749.4,749.4,501.3,0,0.0,0.6,IDLE,0.00,0.00,0.00,0,0.0,856,0,0.0,0.0
49.5000,57968,0.0,0.0,-6.107,7.786,0.00,0.00,753.4,753.4,501.3,0,0.0,0.6,IDLE,0.00,0.00,0.00,0,0.0,856,0,0.0,0.0
49.5500,58018,0.0,0.0,-6.107,7.786,0.00,0.00,753.4,753.4,501.3,0,0.0,0.6,IDLE,0.00,0.00,0.00,0,0.0,856,0,0.0,0.0
49.6000,58068,0.0,0.0,-6.107,7.786,0.00,0.00,753.4,753.4,502.8,0,0.0,1.4,IDLE,0.00,0.00,0.00,0,0.0,856,0,0.0,0.0
49.6500,58118,0.0,0.0,-6.107,7.786,0.00,0.00,753.4,753.4,502.8,0,0.0,1.4,IDLE,0.00,0.00,0.00,0,0.0,856,0,0.0,0.0
49.7000,58168,0.0,0.0,-5.967,7.786,0.00,0.00,754.3,754.3,502.8,0,0.0,1.4,IDLE,0.00,0.00,0.00,0,0.0,856,0,0.0,0.0
49.7500,58218,0.0,0.0,-5.967,7.786,0.00,0.00,754.3,754.3,502.3,0,0.0,1.1,IDLE,0.00,0.00,0.00,0,0.0,856,0,0.0,0.0
49.8000,58268,0.0,0.0,-5.967,7.786,0.00,0.00,754.3,754.3,502.3,0,0.0,1.1,IDLE,0.00,0.00,0.00,0,0.0,856,0,0.0,0.0
49.8500,58318,0.0,0.0,-6.358,7.786,0.00,0.00,732.2,732.2,502.3,0,0.0,1.1,IDLE,0.00,0.00,0.00,0,0.0,856,0,0.0,0.0
49.9000,58368,0.0,0.0,-6.358,7.786,0.00,0.00,732.2,732.2,503.4,0,0.0,1.7,IDLE,0.00,0.00,0.00,0,0.0,856,0,0.0,0.0
49.9500,58418,0.0,0.0,-6.358,7.786,0.00,0.00,732.2,732.2,503.4,0,0.0,1.7,IDLE,0.00,0.00,0.00,0,0.0,856,0,0.0,0.0
50.0000,58468,0.0,0.0,-6.631,7.786,0.00,0.00,735.6,735.6,503.4,0,0.0,1.7,IDLE,0.00,0.00,0.00,0,0.0,856,0,0.0,0.0
50.0500,58518,0.0,0.0,-6.631,7.786,0.00,0.00,735.6,735.6,503.0,0,0.0,1.5,IDLE,0.00,0.00,0.00,0,0.0,856,0,0.0,0.0
50.1000,58568,0.0,0.0,-6.631,7.786,0.00,0.00,735.6,735.6,503.0,0,0.0,1.5,IDLE,0.00,0.00,0.00,0,0.0,856,0,0.0,0.0
50.1500,58618,0.0,0.0,-6.830,7.786,0.00,0.00,737.8,737.8,503.0,0,0.0,1.5,IDLE,0.00,0.00,0.00,0,0.0,856,0,0.0,0.0
50.2000,58668,0.0,0.0,-6.830,7.786,0.00,0.00,737.8,737.8,501.6,0,0.0,0.8,IDLE,0.00,0.00,0.00,0,0.0,856,0,0.0,0.0
50.2500,58718,0.0,0.0,-6.830,7.786,0.00,0.00,737.8,737.8,501.6,0,0.0,0.8,IDLE,0.00,0.00,0.00,0,0.0,856,0,0.0,0.0
50.3000,58768,0.0,0.0,-7.162,7.786,0.00,0.00,730.9,730.9,501.6,0,0.0,0.8,IDLE,0.00,0.00,0.00,0,0.0,856,0,0.0,0.0
50.3500,58818,0.0,0.0,-7.162,7.786,0.00,0.00,730.9,730.9,501.6,0,0.0,0.8,IDLE,0.00,0.00,0.00,0,0.0,856,0,0.0,0.0
50.4000,58868,0.0,0.0,-7.162,7.786,0.00,0.00,730.9,730.9,500.1,0,0.0,0.1,IDLE,0.00,0.00,0.00,0,0.0,856,0,0.0,0.0
50.4500,58918,0.0,0.0,-7.162,7.786,0.00,0.00,730.9,730.9,500.1,0,0.0,0.1,IDLE,0.00,0.00,0.00,0,0.0,856,0,0.0,0.0
50.5000,58968,0.0,0.0,-7.464,7.786,0.00,0.00,732.2,732.2,500.1,0,0.0,0.1,IDLE,0.00,0.00,0.00,0,0.0,856,0,0.0,0.0
50.5500,59018,0.0,0.0,-7.464,7.786,0.00,0.00,732.2,732.2,502.1,0,0.0,1.1,IDLE,0.00,0.00,0.00,0,0.0,856,0,0.0,0.0
50.6000,59068,0.0,0.0,-7.464,7.786,0.00,0.00,732.2,732.2,502.1,0,0.0,1.1,IDLE,0.00,0.00,0.00,0,0.0,856,0,0.0,0.0
50.6500,59118,0.0,0.0,-7.649,7.786,0.00,0.00,735.3,735.3,502.1,0,0.0,1.1,IDLE,0.00,0.00,0.00,0,0.0,856,0,0.0,0.0
50.7000,59168,0.0,0.0,-7.649,7.786,0.00,0.00,735.3,735.3,501.5,0,0.0,0.8,IDLE,0.00,0.00,0.00,0,0.0,856,0,0.0,0.0
50.7500,59218,0.0,0.0,-7.649,7.786,0.00,0.00,735.3,735.3,501.5,0,0.0,0.8,IDLE,0.00,0.00,0.00,0,0.0,856,0,0.0,0.0
50.8000,59268,0.0,0.0,-7.980,7.786,0.00,0.00,734.4,734.4,501.5,0,0.0,0.8,IDLE,0.00,0.00,0.00,0,0.0,856,0,0.0,0.0
50.8500,59318,0.0,0.0,-7.980,7.786,0.00,0.00,734.4,734.4,501.1,0,0.0,0.6,IDLE,0.00,0.00,0.00,0,0.0,856,0,0.0,0.0
50.9000,59368,0.0,0.0,-7.980,7.786,0.00,0.00,734.4,734.4,501.1,0,0.0,0.6,IDLE,0.00,0.00,0.00,0,0.0,856,0,0.0,0.0
50.9500,59418,0.0,0.0,-8.113,7.786,0.00,0.00,743.4,743.4,501.1,0,0.0,0.6,IDLE,0.00,0.00,0.00,0,0.0,856,0,0.0,0.0
51.0000,59468,0.0,0.0,-8.113,7.786,0.00,0.00,743.4,743.4,501.8,0,0.0,0.9,IDLE,0.00,0.00,0.00,0,0.0,856,0,0.0,0.0
51.0500,59518,0.0,0.0,-8.113,7.786,0.00,0.00,743.4,743.4,501.8,0,0.0,0.9,IDLE,0.00,0.00,0.00,0,0.0,856,0,0.0,0.0
51.1000,59568,0.0,0.0,-8.386,7.786,0.00,0.00,740.9,740.9,501.8,0,0.0,0.9,IDLE,0.00,0.00,0.00,0,0.0,856,0,0.0,0.0
51.1500,59618,0.0,0.0,-8.386,7.786,0.00,0.00,740.9,740.9,501.8,0,0.0,0.9,IDLE,0.00,0.00,0.00,0,0.0,856,0,0.0,0.0
51.2000,59668,0.0,0.0,-8.386,7.786,0.00,0.00,740.9,740.9,501.1,0,0.0,0.6,IDLE,0.00,0.00,0.00,0,0.0,856,0,0.0,0.0
51.2500,59718,0.0,0.0,-8.386,7.786,0.00,0.00,740.9,740.9,501.1,0,0.0,0.6,IDLE,0.00,0.00,0.00,0,0.0,856,0,0.0,0.0
51.3000,59768,0.0,0.0,-8.578,7.786,0.00,0.00,745.9,745.9,501.1,0,0.0,0.6,IDLE,0.00,0.00,0.00,0,0.0,856,0,0.0,0.0
51.3500,59818,0.0,0.0,-8.578,7.786,0.00,0.00,745.9,745.9,501.4,0,0.0,0.7,IDLE,0.00,0.00,0.00,0,0.0,856,0,0.0,0.0
51.4000,59868,0.0,0.0,-8.578,7.786,0.00,0.00,745.9,745.9,501.4,0,0.0,0.7,IDLE,0.00,0.00,0.00,0,0.0,856,0,0.0,0.0
51.4500,59918,0.0,0.0,-8.357,7.786,0.00,0.00,741.9,741.9,501.4,0,0.0,0.7,IDLE,0.00,0.00,0.00,0,0.0,856,0,0.0,0.0
51.5000,59968,0.0,0.0,-8.357,7.786,0.00,0.00,741.9,741.9,500.8,0,0.0,0.4,IDLE,0.00,0.00,0.00,0,0.0,856,0,0.0,0.0
51.5500,60018,0.0,0.0,-8.357,7.786,0.00,0.00,741.9,741.9,500.8,0,0.0,0.4,IDLE,0.00,0.00,0.00,0,0.0,856,0,0.0,0.0
51.6000,60068,0.0,0.0,-8.187,7.786,0.00,0.00,743.4,743.4,500.8,0,0.0,0.4,IDLE,0.00,0.00,0.00,0,0.0,856,0,0.0,0.0
51.6500,60118,0.0,0.0,-8.187,7.786,0.00,0.00,743.4,743.4,500.9,0,0.0,0.4,IDLE,0.00,0.00,0.00,0,0.0,856,0,0.0,0.0
51.7000,60168,0.0,0.0,-8.187,7.786,0.00,0.00,743.4,743.4,500.9,0,0.0,0.4,IDLE,0.00,0.00,0.00,0,0.0,856,0,0.0,0.0
51.7500,60218,0.0,0.0,-8.150,7.786,0.00,0.00,739.4,739.4,500.9,0,0.0,0.4,IDLE,0.00,0.00,0.00,0,0.0,856,0,0.0,0.0
51.8000,60268,0.0,0.0,-8.150,7.786,0.00,0.00,739.4,739.4,500.9,0,0.0,0.4,IDLE,0.00,0.00,0.00,0,0.0,856,0,0.0,0.0
51.8500,60318,0.0,0.0,-8.150,7.786,0.00,0.00,739.4,739.4,500.3,0,0.0,0.1,IDLE,0.00,0.00,0.00,0,0.0,856,0,0.0,0.0
51.9000,60368,0.0,0.0,-8.150,7.786,0.00,0.00,739.4,739.4,500.3,0,0.0,0.1,IDLE,0.00,0.00,0.00,0,0.0,856,0,0.0,0.0
51.9500,60418,0.0,0.0,-7.840,7.786,0.00,0.00,745.0,745.0,500.3,0,0.0,0.1,IDLE,0.00,0.00,0.00,0,0.0,856,0,0.0,0.0
52.0000,60468,0.0,0.0,-7.840,7.786,0.00,0.00,745.0,745.0,501.6,0,0.0,0.8,IDLE,0.00,0.00,0.00,0,0.0,856,0,0.0,0.0
52.0500,60518,0.0,0.0,-7.840,7.786,0.00,0.00,745.0,745.0,501.6,0,0.0,0.8,IDLE,0.00,0.00,0.00,0,0.0,856,0,0.0,0.0
52.1000,60568,0.0,0.0,-7.634,7.786,0.00,0.00,741.6,741.6,501.6,0,0.0,0.8,IDLE,0.00,0.00,0.00,0,0.0,856,0,0.0,0.0
52.1500,60618,0.0,0.0,-7.634,7.786,0.00,0.00,741.6,741.6,502.6,0,0.0,1.3,IDLE,0.00,0.00,0.00,0,0.0,856,0,0.0,0.0
52.2000,60668,0.0,0.0,-7.634,7.786,0.00,0.00,741.6,741.6,502.6,0,0.0,1.3,IDLE,0.00,0.00,0.00,0,0.0,856,0,0.0,0.0
52.2500,60718,0.0,0.0,-7.280,7.786,0.00,0.00,751.2,751.2,502.6,0,0.0,1.3,IDLE,0.00,0.00,0.00,0,0.0,856,0,0.0,0.0
52.3000,60768,0.0,0.0,-7.280,7.786,0.00,0.00,751.2,751.2,502.3,0,0.0,1.1,IDLE,0.00,0.00,0.00,0,0.0,856,0,0.0,0.0
52.3500,60818,0.0,0.0,-7.280,7.786,0.00,0.00,751.2,751.2,502.3,0,0.0,1.1,IDLE,0.00,0.00,0.00,0,0.0,856,0,0.0,0.0
52.4000,60868,0.0,0.0,-6.918,7.786,0.00,0.00,750.6,750.6,502.3,0,0.0,1.1,IDLE,0.00,0.00,0.00,0,0.0,856,0,0.0,0.0
52.4500,60918,0.0,0.0,-6.918,7.786,0.00,0.00,750.6,750.6,501.4,0,0.0,0.7,IDLE,0.00,0.00,0.00,0,0.0,856,0,0.0,0.0
52.5000,60968,0.0,0.0,-6.918,7.786,0.00,0.00,750.6,750.6,501.4,0,0.0,0.7,IDLE,0.00,0.00,0.00,0,0.0,856,0,0.0,0.0
52.5500,61018,0.0,0.0,-6.645,7.786,0.00,0.00,755.9,755.9,501.4,0,0.0,0.7,IDLE,0.00,0.00,0.00,0,0.0,856,0,0.0,0.0
52.6000,61068,0.0,0.0,-6.645,7.786,0.00,0.00,755.9,755.9,501.4,0,0.0,0.7,IDLE,0.00,0.00,0.00,0,0.0,856,0,0.0,0.0
52.6500,61118,0.0,0.0,-6.645,7.786,0.00,0.00,755.9,755.9,500.1,0,0.0,0.1,IDLE,0.00,0.00,0.00,0,0.0,856,0,0.0,0.0
52.7000,61168,0.0,0.0,-6.645,7.786,0.00,0.00,755.9,755.9,500.1,0,0.0,0.1,IDLE,0.00,0.00,0.00,0,0.0,856,0,0.0,0.0
52.7500,61218,0.0,0.0,-6.269,7.786,0.00,0.00,757.8,757.8,500.1,0,0.0,0.1,IDLE,0.00,0.00,0.00,0,0.0,856,0,0.0,0.0
52.8000,61268,0.0,0.0,-6.269,7.786,0.00,0.00,757.8,757.8,501.5,0,0.0,0.8,IDLE,0.00,0.00,0.00,0,0.0,856,0,0.0,0.0
52.8500,61318,0.0,0.0,-6.269,7.786,0.00,0.00,757.8,757.8,501.5,0,0.0,0.8,IDLE,0.00,0.00,0.00,0,0.0,856,0,0.0,0.0
52.9000,61368,0.0,0.0,-6.196,7.786,0.00,0.00,749.2,749.2,501.5,0,0.0,0.8,IDLE,0.00,0.00,0.00,0,0.0,856,0,0.0,0.0
52.9500,61418,0.0,0.0,-6.196,7.786,0.00,0.00,749.2,749.2,501.5,0,0.0,0.8,IDLE,0.00,0.00,0.00,0,0.0,856,0,0.0,0.0
53.0000,61468,0.0,0.0,-6.196,7.786,0.00,0.00,749.2,749.2,501.5,0,0.0,0.8,IDLE,0.00,0.00,0.00,0,0.0,856,0,0.0,0.0
53.0500,61518,0.0,0.0,-6.454,7.786,0.00,0.00,730.3,730.3,501.5,0,0.0,0.8,IDLE,0.00,0.00,0.00,0,0.0,856,0,0.0,0.0
53.1000,61568,0.0,0.0,-6.454,7.786,0.00,0.00,730.3,730.3,502.1,0,0.0,1.1,IDLE,0.00,0.00,0.00,0,0.0,856,0,0.0,0.0
53.1500,61618,0.0,0.0,-6.454,7.786,0.00,0.00,730.3,730.3,502.1,0,0.0,1.1,IDLE,0.00,0.00,0.00,0,0.0,856,0,0.0,0.0
53.2000,61668,0.0,0.0,-6.690,7.786,0.00,0.00,732.8,732.8,502.1,0,0.0,1.1,IDLE,0.00,0.00,0.00,0,0.0,856,0,0.0,0.0
53.2500,61718,0.0,0.0,-6.690,7.786,0.00,0.00,732.8,732.8,502.1,0,0.0,1.1,IDLE,0.00,0.00,0.00,0,0.0,856,0,0.0,0.0
53.3000,61768,0.0,0.0,-6.690,7.786,0.00,0.00,732.8,732.8,501.4,0,0.0,0.7,IDLE,0.00,0.00,0.00,0,0.0,856,0,0.0,0.0
53.3500,61818,0.0,0.0,-6.690,7.786,0.00,0.00,732.8,732.8,501.4,0,0.0,0.7,IDLE,0.00,0.00,0.00,0,0.0,856,0,0.0,0.0
53.4000,61868,0.0,0.0,-6.845,7.786,0.00,0.00,732.2,732.2,501.4,0,0.0,0.7,IDLE,0.00,0.00,0.00,0,0.0,856,0,0.0,0.0
53.4500,61918,0.0,0.0,-6.845,7.786,0.00,0.00,732.2,732.2,501.1,0,0.0,0.6,IDLE,0.00,0.00,0.00,0,0.0,856,0,0.0,0.0
53.5000,61968,0.0,0.0,-6.845,7.786,0.00,0.00,732.2,732.2,501.1,0,0.0,0.6,IDLE,0.00,0.00,0.00,0,0.0,856,0,0.0,0.0
53.5500,62018,0.0,0.0,-7.147,7.786,0.00,0.00,731.6,731.6,501.1,0,0.0,0.6,IDLE,0.00,0.00,0.00,0,0.0,856,0,0.0,0.0
53.6000,62068,0.0,0.0,-7.147,7.786,0.00,0.00,731.6,731.6,501.3,0,0.0,0.6,IDLE,0.00,0.00,0.00,0,0.0,856,0,0.0,0.0
53.6500,62118,0.0,0.0,-7.147,7.786,0.00,0.00,731.6,731.6,501.3,0,0.0,0.6,IDLE,0.00,0.00,0.00,0,0.0,856,0,0.0,0.0
53.7000,62168,0.0,0.0,-7.140,7.786,0.00,0.00,741.9,741.9,501.3,0,0.0,0.6,IDLE,0.00,0.00,0.00,0,0.0,856,0,0.0,0.0
53.7500,62218,0.0,0.0,-7.140,7.786,0.00,0.00,741.9,741.9,502.5,0,0.0,1.2,IDLE,0.00,0.00,0.00,0,0.0,856,0,0.0,0.0
53.8000,62268,0.0,0.0,-7.140,7.786,0.00,0.00,741.9,741.9,502.5,0,0.0,1.2,IDLE,0.00,0.00,0.00,0,0.0,856,0,0.0,0.0
53.8500,62318,0.0,0.0,-7.383,7.786,0.00,0.00,740.3,740.3,502.5,0,0.0,1.2,IDLE,0.00,0.00,0.00,0,0.0,856,0,0.0,0.0
53.9000,62368,0.0,0.0,-7.383,7.786,0.00,0.00,740.3,740.3,502.6,0,0.0,1.3,IDLE,0.00,0.00,0.00,0,0.0,856,0,0.0,0.0
53.9500,62418,0.0,0.0,-7.383,7.786,0.00,0.00,740.3,740.3,502.6,0,0.0,1.3,IDLE,0.00,0.00,0.00,0,0.0,856,0,0.0,0.0
54.0000,62468,0.0,0.0,-7.449,7.786,0.00,0.00,747.5,747.5,502.6,0,0.0,1.3,IDLE,0.00,0.00,0.00,0,0.0,856,0,0.0,0.0
54.0500,62518,0.0,0.0,-7.449,7.786,0.00,0.00,747.5,747.5,502.6,0,0.0,1.3,IDLE,0.00,0.00,0.00,0,0.0,856,0,0.0,0.0
54.1000,62568,0.0,0.0,-7.449,7.786,0.00,0.00,747.5,747.5,501.4,0,0.0,0.7,IDLE,0.00,0.00,0.00,0,0.0,856,0,0.0,0.0
54.1500,62618,0.0,0.0,-7.449,7.786,0.00,0.00,747.5,747.5,501.4,0,0.0,0.7,IDLE,0.00,0.00,0.00,0,0.0,856,0,0.0,0.0
54.2000,62668,0.0,0.0,-7.715,7.786,0.00,0.00,744.1,744.1,501.4,0,0.0,0.7,IDLE,0.00,0.00,0.00,0,0.0,856,0,0.0,0.0
54.2500,62718,0.0,0.0,-7.715,7.786,0.00,0.00,744.1,744.1,501.9,0,0.0,0.9,IDLE,0.00,0.00,0.00,0,0.0,856,0,0.0,0.0
54.3000,62768,0.0,0.0,-7.715,7.786,0.00,0.00,744.1,744.1,501.9,0,0.0,0.9,IDLE,0.00,0.00,0.00,0,0.0,856,0,0.0,0.0
54.3500,62818,0.0,0.0,-7.988,7.786,0.00,0.00,745.3,745.3,501.9,0,0.0,0.9,IDLE,0.00,0.00,0.00,0,0.0,856,0,0.0,0.0
54.4000,62868,0.0,0.0,-7.988,7.786,0.00,0.00,745.3,745.3,501.1,0,0.0,0.6,IDLE,0.00,0.00,0.00,0,0.0,856,0,0.0,0.0
54.4500,62918,0.0,0.0,-7.988,7.786,0.00,0.00,745.3,745.3,501.1,0,0.0,0.6,IDLE,0.00,0.00,0.00,0,0.0,856,0,0.0,0.0
54.5000,62968,0.0,0.0,-8.128,7.786,0.00,0.00,742.8,742.8,501.1,0,0.0,0.6,IDLE,0.00,0.00,0.00,0,0.0,856,0,0.0,0.0
54.5500,63018,0.0,0.0,-8.128,7.786,0.00,0.00,742.8,742.8,503.8,0,0.0,1.9,IDLE,0.00,0.00,0.00,0,0.0,856,0,0.0,0.0
54.6000,63068,0.0,0.0,-8.128,7.786,0.00,0.00,742.8,742.8,503.8,0,0.0,1.9,IDLE,0.00,0.00,0.00,0,0.0,856,0,0.0,0.0
54.6500,63118,0.0,0.0,-7.759,7.786,0.00,0.00,747.2,747.2,503.8,0,0.0,1.9,IDLE,0.00,0.00,0.00,0,0.0,856,0,0.0,0.0
54.7000,63168,0.0,0.0,-7.759,7.786,0.00,0.00,747.2,747.2,503.8,0,0.0,1.9,IDLE,0.00,0.00,0.00,0,0.0,856,0,0.0,0.0
54.7500,63218,0.0,0.0,-7.759,7.786,0.00,0.00,747.2,747.2,502.8,0,0.0,1.4,IDLE,0.00,0.00,0.00,0,0.0,856,0,0.0,0.0
54.8000,63268,0.0,0.0,-7.759,7.786,0.00,0.00,747.2,747.2,502.8,0,0.0,1.4,IDLE,0.00,0.00,0.00,0,0.0,856,0,0.0,0.0
54.8500,63318,0.0,0.0,-7.472,7.786,0.00,0.00,745.6,745.6,502.8,0,0.0,1.4,IDLE,0.00,0.00,0.00,0,0.0,856,0,0.0,0.0
54.9000,63368,0.0,0.0,-7.472,7.786,0.00,0.00,745.6,745.6,501.6,0,0.0,0.8,IDLE,0.00,0.00,0.00,0,0.0,856,0,0.0,0.0
54.9500,63418,0.0,0.0,-7.472,7.786,0.00,0.00,745.6,745.6,501.6,0,0.0,0.8,IDLE,0.00,0.00,0.00,0,0.0,856,0,0.0,0.0
55.0000,63468,0.0,0.0,-7.007,7.786,0.00,0.00,753.4,753.4,501.6,0,0.0,0.8,IDLE,0.00,0.00,0.00,0,0.0,856,0,0.0,0.0
55.0500,63518,0.0,0.0,-7.007,7.786,0.00,0.00,753.4,753.4,501.5,0,0.0,0.8,IDLE,0.00,0.00,0.00,0,0.0,856,0,0.0,0.0
55.1000,63568,0.0,0.0,-7.007,7.786,0.00,0.00,753.4,753.4,501.5,0,0.0,0.8,IDLE,0.00,0.00,0.00,0,0.0,856,0,0.0,0.0
55.1500,63618,0.0,0.0,-6.498,7.786,0.00,0.00,754.4,754.4,501.5,0,0.0,0.8,IDLE,0.00,0.00,0.00,0,0.0,856,0,0.0,0.0
55.2000,63668,0.0,0.0,-6.498,7.786,0.00,0.00,754.4,754.4,502.6,0,0.0,1.3,IDLE,0.00,0.00,0.00,0,0.0,856,0,0.0,0.0
55.2500,63718,0.0,0.0,-6.498,7.786,0.00,0.00,754.4,754.4,502.6,0,0.0,1.3,IDLE,0.00,0.00,0.00,0,0.0,856,0,0.0,0.0
55.3000,63768,0.0,0.0,-6.247,7.786,0.00,0.00,753.1,753.1,502.6,0,0.0,1.3,IDLE,0.00,0.00,0.00,0,0.0,856,0,0.0,0.0
55.3500,63818,0.0,0.0,-6.247,7.786,0.00,0.00,753.1,753.1,501.3,0,0.0,0.6,IDLE,0.00,0.00,0.00,0,0.0,856,0,0.0,0.0
114.6000,123068,0.0,875.4,8.991,7.786,1.50,1.30,725.0,725.0,504.3,0,0.0,2.1,IDLE,0.00,0.00,0.00,0,0.0,1070,0,875.4,807.9
114.6500,123118,0.0,875.4,8.991,7.786,1.50,1.30,725.0,725.0,504.3,0,0.0,2.1,IDLE,0.00,0.00,0.00,0,0.0,1072,0,875.4,807.9
114.7000,123168,0.0,875.4,10.437,7.786,1.74,1.30,594.1,594.1,504.3,0,0.0,2.1,IDLE,0.00,0.00,0.00,0,0.0,1075,0,875.4,807.9
114.7500,123218,0.0,875.4,10.437,7.786,1.74,1.30,594.1,594.1,504.3,0,0.0,2.1,IDLE,0.00,0.00,0.00,0,0.0,1076,0,875.4,807.9
114.8000,123268,0.0,875.4,10.437,7.786,1.74,1.30,594.1,594.1,502.0,0,0.0,1.0,IDLE,0.00,0.00,0.00,0,0.0,1078,0,875.4,807.9
114.8500,123318,0.0,875.4,10.437,7.786,1.74,1.30,594.1,594.1,502.0,0,0.0,1.0,IDLE,0.00,0.00,0.00,0,0.0,1080,0,875.4,807.9
114.9000,123368,0.0,875.4,5.790,7.786,0.97,1.30,758.1,758.1,502.0,0,0.0,1.0,IDLE,0.00,0.00,0.00,0,0.0,1081,0,875.4,807.9
114.9500,123418,0.0,875.4,5.790,7.786,0.97,1.30,758.1,758.1,503.5,0,0.0,1.8,IDLE,0.00,0.00,0.00,0,0.0,1083,0,875.4,807.9
115.0000,123468,0.0,875.4,5.790,7.786,0.97,1.30,758.1,758.1,503.5,0,0.0,1.8,IDLE,0.00,0.00,0.00,0,0.0,1084,0,875.4,807.9
115.0500,123518,0.0,875.4,6.373,7.786,1.06,1.30,814.7,814.7,503.5,0,0.0,1.8,IDLE,0.00,0.00,0.00,0,0.0,1086,0,875.4,807.9
115.1000,123568,0.0,875.4,6.373,7.786,1.06,1.30,814.7,814.7,502.8,0,0.0,1.4,IDLE,0.00,0.00,0.00,0,0.0,1088,0,875.4,807.9
115.1500,123618,0.0,875.4,6.373,7.786,1.06,1.30,814.7,814.7,502.8,0,0.0,1.4,IDLE,0.00,0.00,0.00,0,0.0,1089,0,875.4,807.9
115.2000,123668,0.0,875.4,8.740,7.786,1.46,1.30,830.3,830.3,502.8,0,0.0,1.4,IDLE,0.00,0.00,0.00,0,0.0,1091,0,875.4,807.9
115.2500,123718,0.0,875.4,8.740,7.786,1.46,1.30,830.3,830.3,503.4,0,0.0,1.7,IDLE,0.00,0.00,0.00,0,0.0,1093,0,875.4,807.9
115.3000,123768,0.0,875.4,8.740,7.786,1.46,1.30,830.3,830.3,503.4,0,0.0,1.7,IDLE,0.00,0.00,0.00,0,0.0,1094,0,875.4,807.9
115.3500,123818,0.0,875.4,6.690,7.786,1.12,1.30,729.7,729.7,503.4,0,0.0,1.7,IDLE,0.00,0.00,0.00,0,0.0,1096,0,875.4,807.9
115.4000,123868,0.0,875.4,6.690,7.786,1.12,1.30,729.7,729.7,502.0,0,0.0,1.0,IDLE,0.00,0.00,0.00,0,0.0,1098,0,875.4,807.9
115.4500,123918,0.0,875.4,6.690,7.786,1.12,1.30,729.7,729.7,502.0,0,0.0,1.0,IDLE,0.00,0.00,0.00,0,0.0,1099,0,875.4,807.9
115.5000,123968,0.0,875.4,-3.703,7.786,-0.62,1.30,598.4,598.4,502.0,0,0.0,1.0,IDLE,0.00,0.00,0.00,0,0.0,1101,0,875.4,807.9
115.5500,124018,0.0,875.4,-3.703,7.786,-0.62,1.30,598.4,598.4,502.0,0,0.0,1.0,IDLE,0.00,0.00,0.00,0,0.0,1103,0,875.4,807.9
115.6000,124068,0.0,875.4,-3.703,7.786,-0.62,1.30,598.4,598.4,501.8,0,0.0,0.9,IDLE,0.00,0.00,0.00,0,0.0,1104,0,875.4,807.9
115.6500,124118,0.0,875.4,-3.703,7.786,-0.62,1.30,598.4,598.4,501.8,0,0.0,0.9,IDLE,0.00,0.00,0.00,0,0.0,1106,0,875.4,807.9
115.7000,124168,0.0,875.4,-7.376,7.786,-1.23,1.30,824.4,824.4,501.8,0,0.0,0.9,IDLE,0.00,0.00,0.00,0,0.0,1107,0,875.4,807.9
115.7500,124218,0.0,875.4,-7.376,7.786,-1.23,1.30,824.4,824.4,501.9,0,0.0,0.9,IDLE,0.00,0.00,0.00,0,0.0,1109,0,875.4,807.9
115.8000,124268,0.0,875.4,-7.376,7.786,-1.23,1.30,824.4,824.4,501.9,0,0.0,0.9,IDLE,0.00,0.00,0.00,0,0.0,1111,0,875.4,807.9
115.8500,124318,0.0,875.4,-3.216,7.786,-0.54,1.30,815.6,815.6,501.9,0,0.0,0.9,IDLE,0.00,0.00,0.00,0,0.0,1113,0,875.4,807.9
115.9000,124368,0.0,875.4,-3.216,7.786,-0.54,1.30,815.6,815.6,504.4,0,0.0,2.2,IDLE,0.00,0.00,0.00,0,0.0,1115,0,875.4,807.9
115.9500,124418,0.0,875.4,-3.216,7.786,-0.54,1.30,815.6,815.6,504.4,0,0.0,2.2,IDLE,0.00,0.00,0.00,0,0.0,1116,0,875.4,807.9
116.0000,124468,0.0,875.4,-7.398,7.786,-1.23,1.30,731.6,731.6,504.4,0,0.0,2.2,IDLE,0.00,0.00,0.00,0,0.0,1118,0,875.4,807.9
116.0500,124518,0.0,875.4,-7.398,7.786,-1.23,1.30,731.6,731.6,502.6,0,0.0,1.3,IDLE,0.00,0.00,0.00,0,0.0,1120,0,875.4,807.9
116.1000,124568,0.0,875.4,-7.398,7.786,-1.23,1.30,731.6,731.6,502.6,0,0.0,1.3,IDLE,0.00,0.00,0.00,0,0.0,1121,0,875.4,807.9
116.1500,124618,0.0,875.4,-6.955,7.786,-1.16,1.30,745.0,745.0,502.6,0,0.0,1.3,IDLE,0.00,0.00,0.00,0,0.0,1123,0,875.4,807.9
116.2000,124668,0.0,875.4,-6.955,7.786,-1.16,1.30,745.0,745.0,502.6,0,0.0,1.3,IDLE,0.00,0.00,0.00,0,0.0,1125,0,875.4,807.9
116.2500,124718,0.0,875.4,-6.955,7.786,-1.16,1.30,745.0,745.0,501.4,0,0.0,0.7,IDLE,0.00,0.00,0.00,0,0.0,1126,0,875.4,807.9
116.3000,124768,0.0,875.4,-6.955,7.786,-1.16,1.30,745.0,745.0,501.4,0,0.0,0.7,IDLE,0.00,0.00,0.00,0,0.0,1128,0,875.4,807.9
116.3500,124818,0.0,875.4,-4.979,7.786,-0.83,1.30,683.4,683.4,501.4,0,0.0,0.7,IDLE,0.00,0.00,0.00,0,0.0,1129,0,875.4,807.9
116.4000,124868,0.0,875.4,-4.979,7.786,-0.83,1.30,683.4,683.4,500.5,0,0.0,0.3,IDLE,0.00,0.00,0.00,0,0.0,1131,0,875.4,807.9
116.4500,124918,0.0,875.4,-4.979,7.786,-0.83,1.30,683.4,683.4,500.5,0,0.0,0.3,IDLE,0.00,0.00,0.00,0,0.0,1133,0,875.4,807.9
116.5000,124968,0.0,875.4,-1.682,7.786,-0.28,1.30,907.2,907.2,500.5,0,0.0,0.3,IDLE,0.00,0.00,0.00,0,0.0,1134,0,875.4,807.9
116.5500,125018,0.0,875.4,-1.682,7.786,-0.28,1.30,907.2,907.2,500.8,0,0.0,0.4,IDLE,0.00,0.00,0.00,0,0.0,1136,0,875.4,807.9
116.6000,125068,0.0,875.4,-1.682,7.786,-0.28,1.30,907.2,907.2,500.8,0,0.0,0.4,IDLE,0.00,0.00,0.00,0,0.0,1138,0,875.4,807.9
116.6500,125118,0.0,875.4,-2.803,7.786,-0.47,1.30,764.1,764.1,500.8,0,0.0,0.4,IDLE,0.00,0.00,0.00,0,0.0,1139,0,875.4,807.9
116.7000,125168,0.0,875.4,-2.803,7.786,-0.47,1.30,764.1,764.1,500.9,0,0.0,0.4,IDLE,0.00,0.00,0.00,0,0.0,1141,0,875.4,807.9
116.7500,125218,0.0,875.4,-2.803,7.786,-0.47,1.30,764.1,764.1,500.9,0,0.0,0.4,IDLE,0.00,0.00,0.00,0,0.0,1142,0,875.4,807.9
116.8000,125268,0.0,875.4,-4.462,7.786,-0.74,1.30,755.3,755.3,500.9,0,0.0,0.4,IDLE,0.00,0.00,0.00,0,0.0,1144,0,875.4,807.9
116.8500,125318,0.0,875.4,-4.462,7.786,-0.74,1.30,755.3,755.3,500.6,0,0.0,0.3,IDLE,0.00,0.00,0.00,0,0.0,1147,0,875.4,807.9
116.9000,125368,2000.0,875.4,-4.462,7.786,-0.74,1.30,755.3,755.3,500.6,1,0.2,0.3,HOLD_RPM,0.00,0.00,0.00,0,0.0,1148,0,875.4,807.9
116.9500,125418,2000.0,875.4,0.502,7.786,0.08,1.30,954.1,954.1,500.6,12,2.4,0.3,HOLD_RPM,0.00,0.00,0.00,0,0.0,1150,0,875.4,807.9
117.0000,125468,2000.0,875.4,0.502,7.786,0.08,1.30,954.1,954.1,500.6,32,6.4,0.3,HOLD_RPM,0.00,0.00,0.00,0,0.0,1152,0,875.4,807.9
117.0500,125518,2000.0,875.4,0.502,7.786,0.08,1.30,954.1,954.1,500.6,61,12.2,0.3,HOLD_RPM,0.00,0.00,0.00,0,0.0,1154,0,875.4,807.9
117.1000,125568,2000.0,875.4,0.502,7.786,0.08,1.30,954.1,954.1,500.6,84,16.8,0.3,HOLD_RPM,0.00,0.00,0.00,0,0.0,1155,0,875.4,807.9
117.1500,125618,2000.0,875.4,3.422,7.786,0.57,1.30,730.3,730.3,500.6,97,19.4,0.3,HOLD_RPM,0.00,0.00,0.00,0,0.0,1157,0,875.4,807.9
117.2000,125668,2000.0,875.4,3.422,7.786,0.57,1.30,730.3,730.3,502.8,100,20.0,1.4,HOLD_RPM,0.00,0.00,0.00,0,0.0,1159,0,875.4,807.9
117.2500,125718,2000.0,875.4,3.422,7.786,0.57,1.30,730.3,730.3,502.8,100,20.0,1.4,HOLD_RPM,0.00,0.00,0.00,0,0.0,1160,0,875.4,807.9
117.3000,125768,2000.0,875.4,1.792,7.786,0.30,1.30,750.6,750.6,502.8,100,20.0,1.4,HOLD_RPM,0.00,0.00,0.00,0,0.0,1162,0,875.4,807.9
117.3500,125818,2000.0,875.4,1.792,7.786,0.30,1.30,750.6,750.6,501.0,100,20.0,0.5,HOLD_RPM,0.00,0.00,0.00,0,0.0,1164,0,875.4,807.9
117.4000,125868,2000.0,875.4,1.792,7.786,0.30,1.30,750.6,750.6,501.0,100,20.0,0.5,HOLD_RPM,0.00,0.00,0.00,0,0.0,1165,0,875.4,807.9
117.4500,125918,2000.0,875.4,1.608,7.786,0.27,1.30,807.2,807.2,501.0,100,20.0,0.5,HOLD_RPM,0.00,0.00,0.00,0,0.0,1167,0,875.4,807.9
117.5000,125968,2000.0,875.4,1.608,7.786,0.27,1.30,807.2,807.2,500.6,100,20.0,0.3,HOLD_RPM,0.00,0.00,0.00,0,0.0,1169,0,875.4,807.9
117.5500,126018,2000.0,875.4,1.608,7.786,0.27,1.30,807.2,807.2,500.6,100,20.0,0.3,HOLD_RPM,0.00,0.00,0.00,0,0.0,1171,0,875.4,807.9
117.6000,126068,2000.0,875.4,3.931,7.786,0.66,1.30,836.6,836.6,500.6,100,20.0,0.3,HOLD_RPM,0.00,0.00,0.00,0,0.0,1172,0,875.4,807.9
117.6500,126118,2000.0,875.4,3.931,7.786,0.66,1.30,836.6,836.6,500.6,100,20.0,0.3,HOLD_RPM,0.00,0.00,0.00,0,0.0,1174,0,875.4,807.9
117.7000,126168,2000.0,875.4,3.931,7.786,0.66,1.30,836.6,836.6,501.5,100,20.0,0.8,HOLD_RPM,0.00,0.00,0.00,0,0.0,1176,0,875.4,807.9
117.7500,126218,2000.0,875.4,3.931,7.786,0.66,1.30,836.6,836.6,501.5,100,20.0,0.8,HOLD_RPM,0.00,0.00,0.00,0,0.0,1178,0,875.4,807.9
117.8000,126268,2000.0,875.4,3.105,7.786,0.52,1.30,707.8,707.8,501.5,100,20.0,0.8,HOLD_RPM,0.00,0.00,0.00,0,0.0,1180,0,875.4,807.9
117.8500,126318,2000.0,875.4,3.105,7.786,0.52,1.30,707.8,707.8,500.9,100,20.0,0.4,HOLD_RPM,0.00,0.00,0.00,0,0.0,1181,0,875.4,807.9
117.9000,126368,2000.0,875.4,3.105,7.786,0.52,1.30,707.8,707.8,500.9,100,20.0,0.4,HOLD_RPM,0.00,0.00,0.00,0,0.0,1183,0,875.4,807.9
117.9500,126418,2000.0,875.4,5.989,7.786,1.00,1.30,813.8,813.8,500.9,100,20.0,0.4,HOLD_RPM,0.00,0.00,0.00,0,0.0,1185,0,875.4,807.9
118.0000,126468,2000.0,875.4,5.989,7.786,1.00,1.30,813.8,813.8,500.8,100,20.0,0.4,HOLD_RPM,0.00,0.00,0.00,0,0.0,1187,0,875.4,807.9
118.0500,126518,2000.0,875.4,5.989,7.786,1.00,1.30,813.8,813.8,500.8,100,20.0,0.4,HOLD_RPM,0.00,0.00,0.00,0,0.0,1189,0,875.4,807.9
118.1000,126568,2000.0,875.4,1.335,7.786,0.22,1.30,696.9,696.9,500.8,100,20.0,0.4,HOLD_RPM,0.00,0.00,0.00,0,0.0,1192,0,875.4,811.1
118.1500,126618,2000.0,875.4,1.335,7.786,0.22,1.30,696.9,696.9,500.9,100,20.0,0.4,HOLD_RPM,0.00,0.00,0.00,0,0.0,1193,0,875.4,882.8
118.2000,126668,2000.0,935.7,1.335,7.786,0.24,1.39,696.9,696.9,500.9,100,20.0,0.4,HOLD_RPM,0.00,0.00,0.00,0,0.0,1193,0,935.7,952.8
118.2500,126718,2000.0,935.7,1.564,7.786,0.28,1.39,774.4,774.4,500.9,100,20.0,0.4,HOLD_RPM,0.00,0.00,0.00,0,0.0,1194,0,935.7,1054.0
118.3000,126768,2000.0,1105.5,1.564,7.786,0.33,1.64,774.4,774.4,500.6,100,20.0,0.3,HOLD_RPM,0.00,0.00,0.00,0,0.0,1194,0,1105.5,1162.1
118.3500,126818,2000.0,1105.5,1.564,7.786,0.33,1.64,774.4,774.4,500.6,100,20.0,0.3,HOLD_RPM,0.00,0.00,0.00,0,0.0,1194,0,1105.5,1248.2
118.4000,126868,2000.0,1303.6,-0.118,7.786,-0.03,1.93,679.4,679.4,500.6,100,20.0,0.3,HOLD_RPM,0.00,0.00,0.00,0,0.0,1194,0,1303.6,1362.8
118.4500,126918,2000.0,1303.6,-0.118,7.786,-0.03,1.93,679.4,679.4,500.6,100,20.0,0.3,HOLD_RPM,0.00,0.00,0.00,0,0.0,1194,0,1303.6,1435.8
118.5000,126968,2000.0,1475.5,-0.118,7.786,-0.03,2.19,679.4,679.4,502.5,100,20.0,1.2,HOLD_RPM,0.00,0.00,0.00,0,0.0,1194,0,1475.5,1514.9
118.5500,127018,2000.0,1475.5,-0.118,7.786,-0.03,2.19,679.4,679.4,502.5,100,20.0,1.2,HOLD_RPM,0.00,0.00,0.00,0,0.0,1194,0,1475.5,1580.3
118.6000,127068,2000.0,1602.8,-11.838,8.461,-3.61,2.58,424.4,424.4,502.5,100,20.0,1.2,HOLD_RPM,0.00,0.00,0.00,0,0.0,1195,0,1602.8,1641.5
118.6500,127118,2000.0,1602.8,-11.838,8.461,-3.61,2.58,424.4,424.4,500.4,100,20.0,0.2,HOLD_RPM,0.00,0.00,0.00,0,0.0,1195,0,1602.8,1691.2
118.7000,127168,2000.0,1708.4,-11.838,9.206,-3.85,2.99,424.4,424.4,500.4,100,20.0,0.2,HOLD_RPM,0.00,0.00,0.00,0,0.0,1195,0,1708.4,1733.4
118.7500,127218,2000.0,1708.4,-6.564,9.206,-2.14,2.99,968.8,968.8,500.4,100,20.0,0.2,HOLD_RPM,0.00,0.00,0.00,0,0.0,1197,0,1708.4,1751.1
118.8000,127268,2000.0,1753.6,-6.564,9.113,-2.19,3.04,968.8,968.8,501.1,100,20.0,0.6,HOLD_RPM,0.00,0.00,0.00,0,0.0,1197,0,1753.6,1759.6
118.8500,127318,2000.0,1753.6,-6.564,9.113,-2.19,3.04,968.8,968.8,501.1,100,20.0,0.6,HOLD_RPM,0.00,0.00,0.00,0,0.0,1197,0,1753.6,1754.4
118.9000,127368,2000.0,1751.2,-8.711,9.118,-2.90,3.04,653.4,653.4,501.1,100,20.0,0.6,HOLD_RPM,0.00,0.00,0.00,0,0.0,1197,0,1751.2,1742.7
118.9500,127418,2000.0,1751.2,-8.711,9.118,-2.90,3.04,653.4,653.4,502.0,100,20.0,1.0,HOLD_RPM,0.00,0.00,0.00,0,0.0,1198,0,1751.2,1731.9
119.0000,127468,2000.0,1725.2,-8.711,9.172,-2.86,3.01,653.4,653.4,502.0,100,20.0,1.0,HOLD_RPM,0.00,0.00,0.00,0,0.0,1198,0,1725.2,1713.4
119.0500,127518,2000.0,1725.2,-4.772,9.172,-1.57,3.01,985.3,985.3,502.0,100,20.0,1.0,HOLD_RPM,0.00,0.00,0.00,0,0.0,1198,0,1725.2,1695.6
119.1000,127568,2000.0,1685.2,-4.772,9.108,-1.53,2.92,985.3,985.3,502.0,100,20.0,1.0,HOLD_RPM,0.00,0.00,0.00,0,0.0,1199,0,1685.2,1668.3
119.1500,127618,2000.0,1685.2,-4.772,9.108,-1.53,2.92,985.3,985.3,501.0,100,20.0,0.5,HOLD_RPM,0.00,0.00,0.00,0,0.0,1199,0,1685.2,1644.5
119.2000,127668,2000.0,1640.4,-4.772,8.756,-1.49,2.73,985.3,985.3,501.0,100,20.0,0.5,HOLD_RPM,0.00,0.00,0.00,0,0.0,1199,0,1640.4,1630.0
119.2500,127718,2000.0,1640.4,-11.484,8.756,-3.59,2.73,533.1,533.1,501.0,100,20.0,0.5,HOLD_RPM,0.00,0.00,0.00,0,0.0,1199,0,1640.4,1615.1
119.3000,127768,2000.0,1603.6,-11.484,8.467,-3.51,2.59,533.1,533.1,500.4,100,20.0,0.2,HOLD_RPM,0.00,0.00,0.00,0,0.0,1199,0,1603.6,1588.6
119.3500,127818,2000.0,1603.6,-11.484,8.467,-3.51,2.59,533.1,533.1,500.4,100,20.0,0.2,HOLD_RPM,0.00,0.00,0.00,0,0.0,1199,0,1603.6,1572.9
119.4000,127868,2000.0,1564.3,-7.582,8.206,-2.26,2.44,884.1,884.1,500.4,100,20.0,0.2,HOLD_RPM,0.00,0.00,0.00,0,0.0,1199,0,1564.3,1553.2
119.4500,127918,2000.0,1564.3,-7.582,8.206,-2.26,2.44,884.1,884.1,500.1,100,20.0,0.1,HOLD_RPM,0.00,0.00,0.00,0,0.0,1199,0,1564.3,1532.8
119.5000,127968,2000.0,1530.1,-7.582,7.982,-2.21,2.33,884.1,884.1,500.1,100,20.0,0.1,HOLD_RPM,0.00,0.00,0.00,0,0.0,1200,0,1530.1,1522.5
119.5500,128018,2000.0,1530.1,-0.752,7.982,-0.22,2.33,1122.5,1122.5,500.1,100,20.0,0.1,HOLD_RPM,0.00,0.00,0.00,0,0.0,1200,0,1530.1,1509.4
119.6000,128068,2000.0,1501.7,-0.752,7.797,-0.22,2.23,1122.5,1122.5,500.6,100,20.0,0.3,HOLD_RPM,0.00,0.00,0.00,0,0.0,1200,0,1501.7,1495.6
119.6500,128118,2000.0,1501.7,-0.752,7.797,-0.22,2.23,1122.5,1122.5,500.6,100,20.0,0.3,HOLD_RPM,0.00,0.00,0.00,0,0.0,1200,0,1501.7,1490.3
119.7000,128168,2000.0,1485.7,8.932,7.786,2.53,2.20,1134.7,1134.7,500.6,100,20.0,0.3,HOLD_RPM,0.00,0.00,0.00,0,0.0,1201,0,1485.7,1479.0
119.7500,128218,2000.0,1485.7,8.932,7.786,2.53,2.20,1134.7,1134.7,501.8,100,20.0,0.9,HOLD_RPM,0.00,0.00,0.00,0,0.0,1201,0,1485.7,1473.8
119.8000,128268,2000.0,1472.2,8.932,7.786,2.50,2.18,1134.7,1134.7,501.8,100,20.0,0.9,HOLD_RPM,0.00,0.00,0.00,0,0.0,1201,0,1472.2,1471.3
119.8500,128318,2000.0,1472.2,17.229,7.786,4.83,2.18,1149.4,1149.4,501.8,100,20.0,0.9,HOLD_RPM,0.00,0.00,0.00,0,0.0,1201,0,1472.2,1477.1
119.9000,128368,2000.0,1473.3,17.229,7.786,4.83,2.18,1149.4,1149.4,501.8,100,20.0,0.9,HOLD_RPM,0.00,0.00,0.00,0,0.0,1201,0,1473.3,1470.0
119.9500,128418,2000.0,1473.3,17.229,7.786,4.83,2.18,1149.4,1149.4,502.1,100,20.0,1.1,HOLD_RPM,0.00,0.00,0.00,0,0.0,1203,0,1473.3,1458.2
120.0000,128468,2000.0,1464.6,17.229,7.786,4.80,2.17,1149.4,1149.4,502.1,100,20.0,1.1,HOLD_RPM,0.00,0.00,0.00,0,0.0,1204,0,1464.6,1469.9
120.0500,128518,2000.0,1464.6,20.084,7.786,5.60,2.17,808.4,808.4,502.1,100,20.0,1.1,HOLD_RPM,0.00,0.00,0.00,0,0.0,1204,0,1464.6,1470.6
120.1000,128568,2000.0,1471.1,20.084,7.786,5.63,2.18,808.4,808.4,501.5,100,20.0,0.8,HOLD_RPM,0.00,0.00,0.00,0,0.0,1204,0,1471.1,1472.4
120.1500,128618,2000.0,1471.1,20.084,7.786,5.63,2.18,808.4,808.4,501.5,100,20.0,0.8,HOLD_RPM,0.00,0.00,0.00,0,0.0,1204,0,1471.1,1489.4
120.2000,128668,2000.0,1495.7,30.247,7.786,8.61,2.22,883.4,883.4,501.5,100,20.0,0.8,HOLD_RPM,0.00,0.00,0.00,0,0.0,1204,0,1495.7,1508.6
120.2500,128718,2000.0,1495.7,30.247,7.786,8.61,2.22,883.4,883.4,501.1,100,20.0,0.6,HOLD_RPM,0.00,0.00,0.00,0,0.0,1205,0,1495.7,1523.6
120.3000,128768,2000.0,1536.0,30.247,8.021,8.85,2.35,883.4,883.4,501.1,100,20.0,0.6,HOLD_RPM,0.00,0.00,0.00,0,0.0,1205,0,1536.0,1548.7
120.3500,128818,2000.0,1536.0,21.574,8.021,6.31,2.35,576.9,576.9,501.1,100,20.0,0.6,HOLD_RPM,0.00,0.00,0.00,0,0.0,1205,0,1536.0,1573.9
120.4000,128868,2000.0,1584.6,21.574,8.338,6.51,2.52,576.9,576.9,500.6,100,20.0,0.3,HOLD_RPM,0.00,0.00,0.00,0,0.0,1205,0,1584.6,1600.6
120.4500,128918,2000.0,1584.6,21.574,8.338,6.51,2.52,576.9,576.9,500.6,100,20.0,0.3,HOLD_RPM,0.00,0.00,0.00,0,0.0,1205,0,1584.6,1625.5
120.5000,128968,2000.0,1639.5,30.734,8.749,9.59,2.73,1067.5,1067.5,500.6,100,20.0,0.3,HOLD_RPM,0.00,0.00,0.00,0,0.0,1205,0,1639.5,1661.3
120.5500,129018,2000.0,1639.5,30.734,8.749,9.59,2.73,1067.5,1067.5,500.6,100,20.0,0.3,HOLD_RPM,0.00,0.00,0.00,0,0.0,1205,0,1639.5,1679.9
120.6000,129068,2000.0,1682.3,30.734,9.085,9.84,2.91,1067.5,1067.5,501.5,100,20.0,0.8,HOLD_RPM,0.00,0.00,0.00,0,0.0,1205,0,1682.3,1690.0
120.6500,129118,2000.0,1682.3,30.734,9.085,9.84,2.91,1067.5,1067.5,501.5,100,20.0,0.8,HOLD_RPM,0.00,0.00,0.00,0,0.0,1205,0,1682.3,1701.5
120.7000,129168,2000.0,1707.1,24.037,9.209,7.81,2.99,682.5,682.5,501.5,100,20.0,0.8,HOLD_RPM,0.00,0.00,0.00,0,0.0,1205,0,1707.1,1715.4
120.7500,129218,2000.0,1707.1,24.037,9.209,7.81,2.99,682.5,682.5,500.9,100,20.0,0.4,HOLD_RPM,0.00,0.00,0.00,0,0.0,1205,0,1707.1,1736.6
120.8000,129268,2000.0,1740.6,24.037,9.140,7.97,3.03,682.5,682.5,500.9,100,20.0,0.4,HOLD_RPM,0.00,0.00,0.00,0,0.0,1205,0,1740.6,1750.2
120.8500,129318,2000.0,1740.6,31.811,9.140,10.54,3.03,884.7,884.7,500.9,100,20.0,0.4,HOLD_RPM,0.00,0.00,0.00,0,0.0,1205,0,1740.6,1762.0
120.9000,129368,2000.0,1762.3,31.811,9.095,10.67,3.05,884.7,884.7,502.0,100,20.0,1.0,HOLD_RPM,0.00,0.00,0.00,0,0.0,1205,0,1762.3,1764.3
120.9500,129418,2000.0,1762.3,31.811,9.095,10.67,3.05,884.7,884.7,502.0,100,20.0,1.0,HOLD_RPM,0.00,0.00,0.00,0,0.0,1205,0,1762.3,1769.0
121.0000,129468,2000.0,1767.5,29.266,9.084,9.85,3.06,768.8,768.8,502.0,100,20.0,1.0,HOLD_RPM,0.00,0.00,0.00,0,0.0,1205,0,1767.5,1767.7
121.0500,129518,2000.0,1767.5,29.266,9.084,9.85,3.06,768.8,768.8,502.3,100,20.0,1.1,HOLD_RPM,0.00,0.00,0.00,0,0.0,1205,0,1767.5,1782.8
121.1000,129568,2000.0,1784.7,29.266,9.048,9.95,3.07,768.8,768.8,502.3,100,20.0,1.1,HOLD_RPM,0.00,0.00,0.00,0,0.0,1207,0,1784.7,1790.5
121.1500,129618,2000.0,1784.7,18.992,9.048,6.45,3.07,658.2,658.2,502.3,100,20.0,1.1,HOLD_RPM,0.00,0.00,0.00,0,0.0,1207,0,1784.7,1799.8
121.2000,129668,2000.0,1806.8,18.992,9.099,6.53,3.13,658.2,658.2,503.0,100,20.0,1.5,HOLD_RPM,0.00,0.00,0.00,0,0.0,1207,0,1806.8,1819.8
121.2500,129718,2000.0,1806.8,18.992,9.099,6.53,3.13,658.2,658.2,503.0,100,20.0,1.5,HOLD_RPM,0.00,0.00,0.00,0,0.0,1207,0,1806.8,1829.8
121.3000,129768,2000.0,1829.8,15.939,9.378,5.55,3.27,996.9,996.9,503.0,100,20.0,1.5,HOLD_RPM,0.00,0.00,0.00,0,0.0,1209,0,1829.8,1835.4
121.3500,129818,2000.0,1829.8,15.939,9.378,5.55,3.27,996.9,996.9,503.0,100,20.0,1.5,HOLD_RPM,0.00,0.00,0.00,0,0.0,1209,0,1829.8,1851.1
121.4000,129868,2000.0,1856.0,15.939,9.697,5.63,3.43,996.9,996.9,501.4,100,20.0,0.7,HOLD_RPM,0.00,0.00,0.00,0,0.0,1210,0,1856.0,1866.9
121.4500,129918,2000.0,1856.0,15.939,9.697,5.63,3.43,996.9,996.9,501.4,100,20.0,0.7,HOLD_RPM,0.00,0.00,0.00,0,0.0,1211,0,1856.0,1880.5
121.5000,129968,2000.0,1883.6,10.414,10.032,3.74,3.60,899.7,899.7,501.4,100,20.0,0.7,HOLD_RPM,0.00,0.00,0.00,0,0.0,1212,0,1883.6,1891.0
121.5500,130018,2000.0,1883.6,10.414,10.032,3.74,3.60,899.7,899.7,502.8,100,20.0,1.4,HOLD_RPM,0.00,0.00,0.00,0,0.0,1212,0,1883.6,1894.3
121.6000,130068,2000.0,1897.7,10.414,10.203,3.76,3.69,899.7,899.7,502.8,100,20.0,1.4,HOLD_RPM,0.00,0.00,0.00,0,0.0,1214,0,1897.7,1903.3
121.6500,130118,2000.0,1897.7,12.421,10.203,4.49,3.69,899.1,899.1,502.8,100,20.0,1.4,HOLD_RPM,0.00,0.00,0.00,0,0.0,1215,0,1897.7,1920.5
121.7000,130168,2000.0,1922.7,12.421,10.963,4.55,4.01,899.1,899.1,502.3,100,20.0,1.1,HOLD_RPM,0.00,0.00,0.00,0,0.0,1216,0,1922.7,1929.6
121.7500,130218,2000.0,1922.7,12.421,10.963,4.55,4.01,899.1,899.1,502.3,100,20.0,1.1,HOLD_RPM,0.00,0.00,0.00,0,0.0,1216,0,1922.7,1945.6
121.8000,130268,2000.0,1946.1,10.709,11.718,3.97,4.34,805.9,805.9,502.3,100,20.0,1.1,HOLD_RPM,0.00,0.00,0.00,0,0.0,1216,0,1946.1,1952.9
121.8500,130318,2000.0,1946.1,10.709,11.718,3.97,4.34,805.9,805.9,502.9,100,20.0,1.4,HOLD_RPM,0.00,0.00,0.00,0,0.0,1216,0,1946.1,1967.7
121.9000,130368,2000.0,1972.5,10.709,12.570,4.02,4.72,805.9,805.9,502.9,100,20.0,1.4,HOLD_RPM,0.00,0.00,0.00,0,0.0,1216,0,1972.5,1981.5
121.9500,130418,2000.0,1972.5,13.180,12.570,4.95,4.72,688.8,688.8,502.9,100,20.0,1.4,HOLD_RPM,0.00,0.00,0.00,0,0.0,1217,0,1972.5,1990.6
122.0000,130468,2000.0,1997.2,13.180,13.366,5.01,5.08,688.8,688.8,502.9,100,20.0,1.4,HOLD_RPM,0.00,0.00,0.00,0,0.0,1217,0,1997.2,2007.5
122.0500,130518,2000.0,1997.2,13.180,13.366,5.01,5.08,688.8,688.8,500.9,100,20.0,0.4,HOLD_RPM,0.00,0.00,0.00,0,0.0,1217,0,1997.2,2028.0
122.1000,130568,2000.0,2033.8,13.180,13.793,5.10,5.34,688.8,688.8,500.9,100,20.0,0.4,HOLD_RPM,0.00,0.00,0.00,0,0.0,1220,0,2033.8,2047.1
122.1500,130618,2000.0,2033.8,9.603,13.793,3.72,5.34,905.9,905.9,500.9,101,20.2,0.4,HOLD_RPM,3.38,100.02,103.40,0,0.0,1220,0,2033.8,2058.3
122.2000,130668,2000.0,2062.0,9.603,14.074,3.77,5.53,905.9,905.9,503.6,103,20.6,1.8,HOLD_RPM,3.38,100.03,103.42,0,0.0,1221,0,2062.0,2070.5
122.2500,130718,2000.0,2062.0,9.603,14.074,3.77,5.53,905.9,905.9,503.6,104,20.8,1.8,HOLD_RPM,6.20,100.06,114.69,0,0.0,1221,0,2062.0,2089.8
122.3000,130768,2000.0,2092.5,6.306,14.378,2.51,5.73,533.4,533.4,503.6,112,22.4,1.8,HOLD_RPM,6.20,100.10,106.29,0,0.0,1223,0,2092.5,2102.5
122.3500,130818,2000.0,2092.5,6.306,14.378,2.51,5.73,533.4,533.4,503.5,109,21.8,1.8,HOLD_RPM,9.25,100.14,118.57,0,0.0,1223,0,2092.5,2127.9
122.4000,130868,2000.0,2129.1,6.306,14.294,2.56,5.79,533.4,533.4,503.5,108,21.6,1.8,HOLD_RPM,9.25,100.19,109.44,0,0.0,1224,0,2129.1,2142.0
122.4500,130918,2000.0,2129.1,9.714,14.294,3.94,5.79,1038.8,1038.8,503.5,110,22.0,1.8,HOLD_RPM,12.91,100.25,124.13,0,0.0,1224,0,2129.1,2158.4
122.5000,130968,2000.0,2164.1,9.714,14.103,4.00,5.81,1038.8,1038.8,504.0,120,24.0,2.0,HOLD_RPM,12.91,100.32,113.23,0,0.0,1224,0,2164.1,2175.6
122.5500,131018,2000.0,2164.1,9.714,14.103,4.00,5.81,1038.8,1038.8,504.0,124,24.8,2.0,HOLD_RPM,16.41,100.40,127.31,0,0.0,1225,0,2164.1,2180.0
122.6000,131068,2000.0,2182.5,10.186,14.003,4.23,5.82,790.0,790.0,504.0,126,25.2,2.0,HOLD_RPM,16.41,100.48,116.89,0,0.0,1225,0,2182.5,2188.7
122.6500,131118,2000.0,2182.5,10.186,14.003,4.23,5.82,790.0,790.0,502.5,118,23.6,1.2,HOLD_RPM,18.25,100.57,124.35,0,0.0,1225,0,2182.5,2196.3
122.7000,131168,2000.0,2200.6,10.186,13.903,4.27,5.83,790.0,790.0,502.5,121,24.2,1.2,HOLD_RPM,18.25,100.66,118.92,0,0.0,1225,0,2200.6,2206.5
122.7500,131218,2000.0,2200.6,12.428,13.903,5.21,5.83,759.4,759.4,502.5,122,24.4,1.2,HOLD_RPM,20.06,100.76,126.23,0,0.0,1227,0,2200.6,2212.3
122.8000,131268,2000.0,2213.0,12.428,13.815,5.24,5.82,759.4,759.4,502.5,124,24.8,1.2,HOLD_RPM,20.06,100.86,120.92,0,0.0,1227,0,2213.0,2218.0
122.8500,131318,2000.0,2213.0,12.428,13.815,5.24,5.82,759.4,759.4,504.8,121,24.2,2.4,HOLD_RPM,21.30,100.97,126.01,0,0.0,1227,0,2213.0,2221.7
122.9000,131368,2000.0,2226.4,12.428,13.719,5.27,5.82,759.4,759.4,504.8,124,24.8,2.4,HOLD_RPM,21.30,101.08,122.38,0,0.0,1227,0,2226.4,2231.4
122.9500,131418,2000.0,2226.4,4.352,13.719,1.84,5.82,631.9,631.9,504.8,123,24.6,2.4,HOLD_RPM,22.64,101.19,127.85,0,0.0,1227,0,2226.4,2235.8
123.0000,131468,2000.0,2234.5,4.352,13.661,1.85,5.81,631.9,631.9,501.9,126,25.2,0.9,HOLD_RPM,22.64,101.30,123.94,0,0.0,1228,0,2234.5,2232.4
123.0500,131518,2000.0,2234.5,4.352,13.661,1.85,5.81,631.9,631.9,501.9,124,24.8,0.9,HOLD_RPM,23.45,101.42,127.31,0,0.0,1228,0,2234.5,2239.1
123.1000,131568,2000.0,2240.4,1.785,13.619,0.76,5.81,783.8,783.8,501.9,126,25.2,0.9,HOLD_RPM,23.45,101.54,124.99,0,0.0,1228,0,2240.4,2242.5
123.1500,131618,2000.0,2240.4,1.785,13.619,0.76,5.81,783.8,783.8,502.1,125,25.0,1.1,HOLD_RPM,24.04,101.66,127.45,0,0.0,1229,0,2240.4,2241.7
123.2000,131668,2000.0,2238.4,1.785,13.633,0.76,5.81,783.8,783.8,502.1,126,25.2,1.1,HOLD_RPM,24.04,101.78,125.82,0,0.0,1230,0,2238.4,2234.6
123.2500,131718,2000.0,2238.4,-1.158,13.633,-0.49,5.81,766.2,766.2,502.1,125,25.0,1.1,HOLD_RPM,23.84,101.90,125.13,0,0.0,1230,0,2238.4,2230.6
123.3000,131768,2000.0,2228.5,-1.158,13.704,-0.49,5.81,766.2,766.2,501.5,125,25.0,0.8,HOLD_RPM,23.84,102.02,125.85,0,0.0,1232,0,2228.5,2226.3
123.3500,131818,2000.0,2228.5,-1.158,13.704,-0.49,5.81,766.2,766.2,501.5,124,24.8,0.8,HOLD_RPM,22.85,102.13,122.04,0,0.0,1233,0,2228.5,2227.5
123.4000,131868,2000.0,2223.9,0.494,13.737,0.21,5.82,880.3,880.3,501.5,123,24.6,0.8,HOLD_RPM,22.85,102.25,125.10,0,0.0,1234,0,2223.9,2222.9
123.4500,131918,2000.0,2223.9,0.494,13.737,0.21,5.82,880.3,880.3,501.4,124,24.8,0.7,HOLD_RPM,22.39,102.36,123.35,0,0.0,1235,0,2223.9,2227.5
123.5000,131968,2000.0,2226.4,0.494,13.719,0.21,5.82,880.3,880.3,501.4,124,24.8,0.7,HOLD_RPM,22.39,102.47,124.86,0,0.0,1235,0,2226.4,2225.8
123.5500,132018,2000.0,2226.4,4.920,13.719,2.09,5.82,888.8,888.8,501.4,125,25.0,0.7,HOLD_RPM,22.64,102.58,125.97,0,0.0,1235,0,2226.4,2224.5
123.6000,132068,2000.0,2219.5,4.920,13.768,2.08,5.82,888.8,888.8,501.4,125,25.0,0.7,HOLD_RPM,22.64,102.70,125.33,0,0.0,1236,0,2219.5,2212.2
123.6500,132118,2000.0,2219.5,4.920,13.768,2.08,5.82,888.8,888.8,500.5,124,24.8,0.3,HOLD_RPM,21.95,102.81,122.70,0,0.0,1236,0,2219.5,2225.0
123.7000,132168,2000.0,2224.5,4.920,13.733,2.08,5.82,888.8,888.8,500.5,123,24.6,0.3,HOLD_RPM,21.95,102.92,124.87,0,0.0,1236,0,2224.5,2223.5
123.7500,132218,2000.0,2224.5,6.409,13.733,2.71,5.82,973.4,973.4,500.5,125,25.0,0.3,HOLD_RPM,22.45,103.03,126.96,0,0.0,1236,0,2224.5,2233.0
123.8000,132268,2000.0,2231.1,6.409,13.685,2.72,5.81,973.4,973.4,499.4,125,25.0,-0.3,HOLD_RPM,22.45,103.14,125.59,0,0.0,1236,0,2231.1,2232.1
123.8500,132318,2000.0,2231.1,6.409,13.685,2.72,5.81,973.4,973.4,499.4,126,25.2,-0.3,HOLD_RPM,23.11,103.26,128.34,0,0.0,1238,0,2231.1,2244.1
123.9000,132368,2000.0,2240.8,16.241,13.616,6.93,5.81,977.8,977.8,499.4,127,25.4,-0.3,HOLD_RPM,23.11,103.37,126.48,0,0.0,1238,0,2240.8,2238.1
123.9500,132418,2000.0,2240.8,16.241,13.616,6.93,5.81,977.8,977.8,500.5,127,25.4,0.3,HOLD_RPM,24.08,103.49,130.48,0,0.0,1238,0,2240.8,2240.9
124.0000,132468,2000.0,2237.8,16.241,13.638,6.92,5.81,977.8,977.8,500.5,129,25.8,0.3,HOLD_RPM,24.08,103.61,127.69,0,0.0,1239,0,2237.8,2235.1
124.0500,132518,2000.0,2237.8,14.486,13.638,6.17,5.81,959.4,959.4,500.5,126,25.2,0.3,HOLD_RPM,23.78,103.73,126.61,0,0.0,1240,0,2237.8,2230.9
124.1000,132568,2000.0,2236.6,14.486,13.646,6.17,5.81,959.4,959.4,501.0,127,25.4,0.5,HOLD_RPM,23.78,103.85,127.63,0,0.0,1240,0,2236.6,2243.8
124.1500,132618,2000.0,2236.6,14.486,13.646,6.17,5.81,959.4,959.4,501.0,127,25.4,0.5,HOLD_RPM,23.66,103.97,127.28,0,0.0,1240,0,2236.6,2248.8
124.2000,132668,2000.0,2249.4,18.830,13.555,8.06,5.81,986.2,986.2,501.0,127,25.4,0.5,HOLD_RPM,23.66,104.09,127.75,0,0.0,1240,0,2249.4,2252.8
124.2500,132718,2000.0,2249.4,18.830,13.555,8.06,5.81,986.2,986.2,501.0,128,25.6,0.5,HOLD_RPM,24.94,104.21,132.99,0,0.0,1240,0,2249.4,2254.9
124.3000,132768,2000.0,2253.3,18.830,13.527,8.08,5.80,986.2,986.2,499.9,131,26.2,-0.1,HOLD_RPM,24.94,104.34,129.28,0,0.0,1240,0,2253.3,2248.9
124.3500,132818,2000.0,2253.3,18.830,13.527,8.08,5.80,986.2,986.2,499.9,130,26.0,-0.1,HOLD_RPM,25.33,104.46,130.96,0,0.0,1240,0,2253.3,2251.5
124.4000,132868,2000.0,2254.3,24.841,13.520,10.66,5.80,1030.9,1030.9,499.9,129,25.8,-0.1,HOLD_RPM,25.33,104.59,129.92,0,0.0,1240,0,2254.3,2256.1
124.4500,132918,2000.0,2254.3,24.841,13.520,10.66,5.80,1030.9,1030.9,501.8,130,26.0,0.9,HOLD_RPM,25.43,104.72,130.45,0,0.0,1241,0,2254.3,2258.7
124.5000,132968,2000.0,2258.6,24.841,13.489,10.68,5.80,1030.9,1030.9,501.8,130,26.0,0.9,HOLD_RPM,25.43,104.84,130.27,0,0.0,1241,0,2258.6,2260.0
124.5500,133018,2000.0,2258.6,31.022,13.489,13.34,5.80,911.2,911.2,501.8,131,26.2,0.9,HOLD_RPM,25.86,104.97,132.13,0,0.0,1242,0,2258.6,2275.1
124.6000,133068,2000.0,2271.8,31.022,13.395,13.42,5.79,911.2,911.2,502.3,131,26.2,1.1,HOLD_RPM,25.86,105.10,130.96,0,0.0,1243,0,2271.8,2273.3
124.6500,133118,2000.0,2271.8,31.022,13.395,13.42,5.79,911.2,911.2,502.3,131,26.2,1.1,HOLD_RPM,27.18,105.24,136.39,0,0.0,1243,0,2271.8,2282.1
124.7000,133168,2000.0,2281.7,32.077,13.324,13.94,5.79,831.6,831.6,502.3,135,27.0,1.1,HOLD_RPM,27.18,105.37,132.56,0,0.0,1244,0,2281.7,2282.5
124.7500,133218,2000.0,2281.7,32.077,13.324,13.94,5.79,831.6,831.6,503.0,133,26.6,1.5,HOLD_RPM,28.17,105.51,136.62,0,0.0,1244,0,2281.7,2280.3
124.8000,133268,2000.0,2281.2,32.077,13.328,13.93,5.79,831.6,831.6,503.0,135,27.0,1.5,HOLD_RPM,28.17,105.66,133.82,0,0.0,1244,0,2281.2,2279.0
124.8500,133318,2000.0,2281.2,36.834,13.328,16.00,5.79,981.2,981.2,503.0,133,26.6,1.5,HOLD_RPM,28.12,105.80,133.77,0,0.0,1245,0,2281.2,2275.1
124.9000,133368,2000.0,2274.8,36.834,13.373,15.95,5.79,981.2,981.2,503.1,134,26.8,1.6,HOLD_RPM,28.12,105.94,134.05,0,0.0,1245,0,2274.8,2272.9
124.9500,133418,2000.0,2274.8,36.834,13.373,15.95,5.79,981.2,981.2,503.1,133,26.6,1.6,HOLD_RPM,27.48,106.07,131.64,0,0.0,1245,0,2274.8,2259.9
125.0000,133468,2000.0,2263.2,37.240,13.456,16.05,5.80,898.8,898.8,503.1,132,26.4,1.6,HOLD_RPM,27.48,106.21,133.69,0,0.0,1245,0,2263.2,2260.1
125.0500,133518,2000.0,2263.2,37.240,13.456,16.05,5.80,898.8,898.8,503.1,132,26.4,1.6,HOLD_RPM,26.32,106.34,129.20,0,0.0,1245,0,2263.2,2258.7
125.1000,133568,2000.0,2258.9,37.240,13.487,16.02,5.80,898.8,898.8,504.9,130,26.0,2.4,HOLD_RPM,26.32,106.47,132.80,0,0.0,1246,0,2258.9,2255.3
125.1500,133618,2000.0,2258.9,37.240,13.487,16.02,5.80,898.8,898.8,504.9,131,26.2,2.4,HOLD_RPM,25.89,106.60,131.20,0,0.0,1248,0,2258.9,2238.9
125.2000,133668,2000.0,2239.2,37.232,13.628,15.87,5.81,888.4,888.4,504.9,132,26.4,2.4,HOLD_RPM,25.89,106.73,132.62,0,0.0,1248,0,2239.2,2236.7
125.2500,133718,2000.0,2239.2,37.232,13.628,15.87,5.81,888.4,888.4,502.4,131,26.2,1.2,HOLD_RPM,23.92,106.85,124.84,0,0.0,1248,0,2239.2,2233.0
125.3000,133768,2000.0,2227.9,37.232,13.708,15.79,5.82,888.4,888.4,502.4,124,24.8,1.2,HOLD_RPM,23.92,106.97,130.89,0,0.0,1248,0,2227.9,2217.2
125.3500,133818,2000.0,2227.9,35.683,13.708,15.14,5.82,903.1,903.1,502.4,129,25.8,1.2,HOLD_RPM,22.79,107.09,126.50,0,0.0,1248,0,2227.9,2226.9
125.4000,133868,2000.0,2226.4,35.683,13.719,15.13,5.82,903.1,903.1,503.0,126,25.2,1.5,HOLD_RPM,22.79,107.20,129.99,0,0.0,1248,0,2226.4,2229.2
125.4500,133918,2000.0,2226.4,35.683,13.719,15.13,5.82,903.1,903.1,503.0,129,25.8,1.5,HOLD_RPM,22.64,107.31,129.49,0,0.0,1248,0,2226.4,2227.2
125.5000,133968,2000.0,2228.7,33.729,13.703,14.31,5.81,889.7,889.7,503.0,130,26.0,1.5,HOLD_RPM,22.64,107.43,130.06,0,0.0,1248,0,2228.7,2232.9
125.5500,134018,2000.0,2228.7,33.729,13.703,14.31,5.81,889.7,889.7,504.3,131,26.2,2.1,HOLD_RPM,22.87,107.54,131.13,0,0.0,1248,0,2228.7,2235.9
125.6000,134068,2000.0,2229.2,33.729,13.699,14.32,5.81,889.7,889.7,504.3,130,26.0,2.1,HOLD_RPM,22.87,107.66,130.53,0,0.0,1249,0,2229.2,2220.4
125.6500,134118,2000.0,2229.2,33.648,13.699,14.28,5.81,955.6,955.6,504.3,130,26.0,2.1,HOLD_RPM,22.92,107.77,130.83,0,0.0,1249,0,2229.2,2230.8
125.7000,134168,2000.0,2230.0,33.648,13.693,14.29,5.81,955.6,955.6,504.3,130,26.0,2.1,HOLD_RPM,22.92,107.88,130.81,0,0.0,1250,0,2230.0,2230.9
125.7500,134218,2000.0,2230.0,33.648,13.693,14.29,5.81,955.6,955.6,504.6,131,26.2,2.3,HOLD_RPM,23.00,108.00,131.24,0,0.0,1251,0,2230.0,2238.8
125.8000,134268,2000.0,2242.7,33.648,13.603,14.37,5.81,955.6,955.6,504.6,131,26.2,2.3,HOLD_RPM,23.00,108.11,131.11,0,0.0,1252,0,2242.7,2251.9
125.8500,134318,2000.0,2242.7,29.163,13.603,12.45,5.81,783.8,783.8,504.6,132,26.4,2.3,HOLD_RPM,24.27,108.24,136.31,0,0.0,1254,0,2242.7,2260.0
125.9000,134368,2000.0,2260.3,29.163,13.477,12.55,5.80,783.8,783.8,502.6,135,27.0,1.3,HOLD_RPM,24.27,108.36,132.63,0,0.0,1254,0,2260.3,2263.0
125.9500,134418,2000.0,2260.3,29.163,13.477,12.55,5.80,783.8,783.8,502.6,133,26.6,1.3,HOLD_RPM,26.03,108.49,139.80,0,0.0,1256,0,2260.3,2272.6
126.0000,134468,2000.0,2278.1,27.703,13.350,12.02,5.79,964.7,964.7,502.6,137,27.4,1.3,HOLD_RPM,26.03,108.62,134.65,0,0.0,1256,0,2278.1,2287.3
126.0500,134518,2000.0,2278.1,27.703,13.350,12.02,5.79,964.7,964.7,505.3,135,27.0,2.6,HOLD_RPM,27.81,108.76,141.90,0,0.0,1256,0,2278.1,2289.0
126.1000,134568,2000.0,2292.4,27.703,13.248,12.09,5.78,964.7,964.7,505.3,139,27.8,2.6,HOLD_RPM,27.81,108.90,136.70,0,0.0,1256,0,2292.4,2297.4
126.1500,134618,2000.0,2292.4,27.754,13.248,12.11,5.78,913.8,913.8,505.3,137,27.4,2.6,HOLD_RPM,29.24,109.04,142.58,0,0.0,1258,0,2292.4,2307.1
126.2000,134668,2000.0,2310.0,27.754,13.194,12.21,5.80,913.8,913.8,502.5,141,28.2,1.2,HOLD_RPM,29.24,109.19,138.43,0,0.0,1258,0,2310.0,2316.2
126.2500,134718,2000.0,2310.0,27.754,13.194,12.21,5.80,913.8,913.8,502.5,139,27.8,1.2,HOLD_RPM,31.00,109.34,145.61,0,0.0,1261,0,2310.0,2326.6
126.3000,134768,2000.0,2326.0,25.660,13.196,11.36,5.84,736.9,736.9,502.5,143,28.6,1.2,HOLD_RPM,31.00,109.50,140.50,0,0.0,1261,0,2326.0,2334.5
126.3500,134818,2000.0,2326.0,25.660,13.196,11.36,5.84,736.9,736.9,497.9,141,28.2,-1.1,HOLD_RPM,32.60,109.66,147.07,0,0.0,1261,0,2326.0,2341.7
126.4000,134868,2000.0,2340.5,25.660,13.197,11.44,5.88,736.9,736.9,497.9,145,29.0,-1.1,HOLD_RPM,32.60,109.82,142.42,0,0.0,1263,0,2340.5,2343.0
126.4500,134918,2000.0,2340.5,19.147,13.197,8.53,5.88,686.9,686.9,497.9,143,28.6,-1.1,HOLD_RPM,34.05,109.99,148.41,0,0.0,1263,0,2340.5,2347.1
126.5000,134968,2000.0,2348.1,19.147,13.197,8.56,5.90,686.9,686.9,497.9,147,29.4,-1.1,HOLD_RPM,34.05,110.16,144.22,0,0.0,1264,0,2348.1,2352.8
126.5500,135018,2000.0,2348.1,19.147,13.197,8.56,5.90,686.9,686.9,502.9,145,29.0,1.4,HOLD_RPM,34.81,110.34,147.42,0,0.0,1264,0,2348.1,2354.6
126.6000,135068,2000.0,2357.5,19.147,13.198,8.59,5.92,686.9,686.9,502.9,146,29.2,1.4,HOLD_RPM,34.81,110.51,145.32,0,0.0,1264,0,2357.5,2363.0
126.6500,135118,2000.0,2357.5,19.405,13.198,8.71,5.92,910.3,910.3,502.9,146,29.2,1.4,HOLD_RPM,35.75,110.69,149.28,0,0.0,1264,0,2357.5,2363.0
126.7000,135168,2000.0,2363.2,19.405,13.198,8.73,5.94,910.3,910.3,504.3,148,29.6,2.1,HOLD_RPM,35.75,110.87,146.62,0,0.0,1264,0,2363.2,2362.7
126.7500,135218,2000.0,2363.2,19.405,13.198,8.73,5.94,910.3,910.3,504.3,147,29.4,2.1,HOLD_RPM,36.32,111.05,149.05,0,0.0,1265,0,2363.2,2367.7
126.8000,135268,2000.0,2370.7,22.075,13.199,9.96,5.96,1009.4,1009.4,504.3,148,29.6,2.1,HOLD_RPM,36.32,111.23,147.55,0,0.0,1265,0,2370.7,2377.1
126.8500,135318,2000.0,2370.7,22.075,13.199,9.96,5.96,1009.4,1009.4,498.0,148,29.6,-1.0,HOLD_RPM,37.07,111.42,150.76,0,0.0,1265,0,2370.7,2381.0
126.9000,135368,2000.0,2379.7,22.075,13.200,10.00,5.98,1009.4,1009.4,498.0,149,29.8,-1.0,HOLD_RPM,37.07,111.60,148.68,0,0.0,1265,0,2379.7,2380.5
126.9500,135418,2000.0,2379.7,18.122,13.200,8.21,5.98,724.4,724.4,498.0,149,29.8,-1.0,HOLD_RPM,37.97,111.79,152.44,0,0.0,1265,0,2379.7,2376.2
127.0000,135468,2000.0,2374.2,18.122,13.199,8.19,5.97,724.4,724.4,505.3,151,30.2,2.6,HOLD_RPM,37.97,111.98,149.95,0,0.0,1267,0,2374.2,2372.5
127.0500,135518,2000.0,2374.2,18.122,13.199,8.19,5.97,724.4,724.4,505.3,148,29.6,2.6,HOLD_RPM,37.42,112.17,147.94,0,0.0,1268,0,2374.2,2372.0
127.1000,135568,2000.0,2370.1,15.666,13.199,7.07,5.96,778.8,778.8,505.3,148,29.6,2.6,HOLD_RPM,37.42,112.36,149.78,0,0.0,1269,0,2370.1,2363.0
127.1500,135618,2000.0,2370.1,15.666,13.199,7.07,5.96,778.8,778.8,505.3,148,29.6,2.6,HOLD_RPM,37.01,112.54,148.33,0,0.0,1269,0,2370.1,2356.0
127.2000,135668,2000.0,2355.8,15.666,13.198,7.03,5.92,778.8,778.8,504.0,149,29.8,2.0,HOLD_RPM,37.01,112.73,149.74,0,0.0,1271,0,2355.8,2355.1
127.2500,135718,2000.0,2355.8,15.666,13.198,7.03,5.92,778.8,778.8,504.0,148,29.6,2.0,HOLD_RPM,35.58,112.91,144.20,0,0.0,1271,0,2355.8,2356.0
127.3000,135768,2000.0,2352.4,16.433,13.197,7.36,5.91,990.0,990.0,504.0,145,29.0,2.0,HOLD_RPM,35.58,113.08,148.66,0,0.0,1271,0,2352.4,2347.1
127.3500,135818,2000.0,2352.4,16.433,13.197,7.36,5.91,990.0,990.0,496.9,147,29.4,-1.6,HOLD_RPM,35.24,113.26,147.47,0,0.0,1271,0,2352.4,2346.7
127.4000,135868,2000.0,2345.5,16.433,13.197,7.34,5.89,990.0,990.0,496.9,148,29.6,-1.6,HOLD_RPM,35.24,113.44,148.68,0,0.0,1272,0,2345.5,2342.6
127.4500,135918,2000.0,2345.5,20.335,13.197,9.08,5.89,960.3,960.3,496.9,147,29.4,-1.6,HOLD_RPM,34.55,113.61,146.11,0,0.0,1273,0,2345.5,2351.3
127.5000,135968,2000.0,2353.6,20.335,13.198,9.11,5.91,960.3,960.3,501.8,147,29.4,0.9,HOLD_RPM,34.55,113.78,148.34,0,0.0,1274,0,2353.6,2358.1
127.5500,136018,2000.0,2353.6,20.335,13.198,9.11,5.91,960.3,960.3,501.8,149,29.8,0.9,HOLD_RPM,35.36,113.96,151.74,0,0.0,1274,0,2353.6,2369.1
127.6000,136068,2000.0,2370.8,11.491,13.199,5.19,5.96,565.0,565.0,501.8,150,30.0,0.9,HOLD_RPM,35.36,114.14,149.50,0,0.0,1275,0,2370.8,2375.7
127.6500,136118,2000.0,2370.8,11.491,13.199,5.19,5.96,565.0,565.0,504.5,150,30.0,2.3,HOLD_RPM,37.08,114.32,156.57,0,0.0,1276,0,2370.8,2381.4
127.7000,136168,2000.0,2385.3,11.491,13.200,5.22,6.00,565.0,565.0,504.5,154,30.8,2.3,HOLD_RPM,37.08,114.51,151.59,0,0.0,1276,0,2385.3,2392.9
127.7500,136218,2000.0,2385.3,7.988,13.200,3.63,6.00,755.3,755.3,504.5,152,30.4,2.3,HOLD_RPM,38.53,114.70,157.56,0,0.0,1276,0,2385.3,2405.9
127.8000,136268,2000.0,2408.6,7.988,13.294,3.66,6.10,755.3,755.3,498.3,156,31.2,-0.9,HOLD_RPM,38.53,114.89,153.42,0,0.0,1276,0,2408.6,2415.1
127.8500,136318,2000.0,2408.6,7.988,13.294,3.66,6.10,755.3,755.3,498.3,154,30.8,-0.9,HOLD_RPM,40.86,115.10,162.97,0,0.0,1276,0,2408.6,2421.3
127.9000,136368,2000.0,2424.9,9.883,13.471,4.56,6.22,822.5,822.5,498.3,161,32.2,-0.9,HOLD_RPM,40.86,115.30,156.17,0,0.0,1276,0,2424.9,2428.9
127.9500,136418,2000.0,2424.9,9.883,13.471,4.56,6.22,822.5,822.5,498.3,158,31.6,-0.9,HOLD_RPM,42.49,115.51,162.88,0,0.0,1276,0,2424.9,2444.8
128.0000,136468,2000.0,2446.7,9.883,13.708,4.60,6.39,822.5,822.5,505.6,162,32.4,2.8,HOLD_RPM,42.49,115.73,158.22,0,0.0,1277,0,2446.7,2451.9
128.0500,136518,2000.0,2446.7,9.883,13.708,4.60,6.39,822.5,822.5,505.6,159,31.8,2.8,HOLD_RPM,44.67,115.95,167.16,0,0.0,1277,0,2446.7,2445.4
128.1000,136568,2000.0,2447.6,16.418,13.718,7.65,6.39,982.2,982.2,505.6,165,33.0,2.8,HOLD_RPM,44.67,116.17,160.84,0,0.0,1277,0,2447.6,2449.3
128.1500,136618,2000.0,2447.6,16.418,13.718,7.65,6.39,982.2,982.2,501.1,161,32.2,0.6,HOLD_RPM,44.76,116.40,161.41,0,0.0,1277,0,2447.6,2444.3
128.2000,136668,2000.0,2444.2,16.418,13.681,7.64,6.37,982.2,982.2,501.1,161,32.2,0.6,HOLD_RPM,44.76,116.62,161.38,0,0.0,1279,0,2444.2,2444.3
128.2500,136718,2000.0,2444.2,16.898,13.681,7.86,6.37,932.2,932.2,501.1,160,32.0,0.6,HOLD_RPM,44.42,116.84,160.24,0,0.0,1279,0,2444.2,2440.8
128.3000,136768,2000.0,2440.7,16.898,13.643,7.85,6.34,932.2,932.2,503.8,161,32.2,1.9,HOLD_RPM,44.42,117.06,161.48,0,0.0,1280,0,2440.7,2441.4
128.3500,136818,2000.0,2440.7,16.898,13.643,7.85,6.34,932.2,932.2,503.8,160,32.0,1.9,HOLD_RPM,44.07,117.28,160.30,0,0.0,1281,0,2440.7,2436.0
128.4000,136868,2000.0,2435.7,14.759,13.589,6.84,6.30,912.5,912.5,503.8,161,32.2,1.9,HOLD_RPM,44.07,117.50,161.57,0,0.0,1282,0,2435.7,2436.3
128.4500,136918,2000.0,2435.7,14.759,13.589,6.84,6.30,912.5,912.5,503.0,160,32.0,1.5,HOLD_RPM,43.57,117.72,159.81,0,0.0,1282,0,2435.7,2443.3
128.5000,136968,2000.0,2443.0,14.759,13.668,6.87,6.36,912.5,912.5,503.0,160,32.0,1.5,HOLD_RPM,43.57,117.94,161.51,0,0.0,1282,0,2443.0,2450.8
128.5500,137018,2000.0,2443.0,15.747,13.668,7.32,6.36,769.1,769.1,503.0,162,32.4,1.5,HOLD_RPM,44.30,118.16,164.66,0,0.0,1283,0,2443.0,2456.0
128.6000,137068,2000.0,2455.3,15.747,13.801,7.36,6.45,769.1,769.1,503.0,163,32.6,1.5,HOLD_RPM,44.30,118.38,162.69,0,0.0,1284,0,2455.3,2460.6
128.6500,137118,2000.0,2455.3,15.747,13.801,7.36,6.45,769.1,769.1,500.4,163,32.6,0.2,HOLD_RPM,45.53,118.61,167.81,0,0.0,1284,0,2455.3,2466.5
128.7000,137168,2000.0,2467.2,15.747,13.931,7.40,6.54,769.1,769.1,500.4,166,33.2,0.2,HOLD_RPM,45.53,118.84,164.36,0,0.0,1285,0,2467.2,2466.5
128.7500,137218,2000.0,2467.2,21.544,13.931,10.12,6.54,1040.9,1040.9,500.4,165,33.0,0.2,HOLD_RPM,46.72,119.07,169.36,0,0.0,1286,0,2467.2,2466.3
128.8000,137268,2000.0,2462.3,21.544,13.877,10.10,6.51,1040.9,1040.9,503.9,168,33.6,1.9,HOLD_RPM,46.72,119.31,166.02,0,0.0,1286,0,2462.3,2456.9
128.8500,137318,2000.0,2462.3,21.544,13.877,10.10,6.51,1040.9,1040.9,503.9,165,33.0,1.9,HOLD_RPM,46.23,119.54,164.30,0,0.0,1287,0,2462.3,2455.9
128.9000,137368,2000.0,2448.5,15.762,13.728,7.35,6.40,728.4,728.4,503.9,165,33.0,1.9,HOLD_RPM,46.23,119.77,165.99,0,0.0,1287,0,2448.5,2440.8
128.9500,137418,2000.0,2448.5,15.762,13.728,7.35,6.40,728.4,728.4,497.0,164,32.8,-1.5,HOLD_RPM,44.85,119.99,160.70,0,0.0,1289,0,2448.5,2439.9
129.0000,137468,2000.0,2436.0,15.762,13.592,7.31,6.30,728.4,728.4,497.0,161,32.2,-1.5,HOLD_RPM,44.85,120.22,165.06,0,0.0,1289,0,2436.0,2427.8
129.0500,137518,2000.0,2436.0,13.682,13.592,6.35,6.30,866.6,866.6,497.0,165,33.0,-1.5,HOLD_RPM,43.60,120.43,160.28,0,0.0,1289,0,2436.0,2423.4
129.1000,137568,2000.0,2421.0,13.682,13.429,6.31,6.19,866.6,866.6,504.6,162,32.4,2.3,HOLD_RPM,43.60,120.65,164.25,0,0.0,1290,0,2421.0,2417.4
129.1500,137618,2000.0,2421.0,13.682,13.429,6.31,6.19,866.6,866.6,504.6,163,32.6,2.3,HOLD_RPM,42.10,120.86,158.48,0,0.0,1290,0,2421.0,2412.2
129.2000,137668,2000.0,2411.5,20.637,13.326,9.48,6.12,879.4,879.4,504.6,159,31.8,2.3,HOLD_RPM,42.10,121.07,163.18,0,0.0,1290,0,2411.5,2408.7
129.2500,137718,2000.0,2411.5,20.637,13.326,9.48,6.12,879.4,879.4,497.0,163,32.6,-1.5,HOLD_RPM,41.15,121.28,159.57,0,0.0,1290,0,2411.5,2416.5
129.3000,137768,2000.0,2411.4,20.637,13.325,9.48,6.12,879.4,879.4,497.0,160,32.0,-1.5,HOLD_RPM,41.15,121.48,162.64,0,0.0,1290,0,2411.4,2408.7
129.3500,137818,2000.0,2411.4,23.351,13.325,10.72,6.12,877.8,877.8,497.0,162,32.4,-1.5,HOLD_RPM,41.14,121.69,162.78,0,0.0,1290,0,2411.4,2414.1
129.4000,137868,2000.0,2416.1,23.351,13.376,10.74,6.15,877.8,877.8,497.0,163,32.6,-1.5,HOLD_RPM,41.14,121.90,163.03,0,0.0,1291,0,2416.1,2423.4
129.4500,137918,2000.0,2416.1,23.351,13.376,10.74,6.15,877.8,877.8,503.1,164,32.8,1.6,HOLD_RPM,41.61,122.10,165.15,0,0.0,1291,0,2416.1,2425.2
129.5000,137968,2000.0,2426.3,23.351,13.487,10.79,6.23,877.8,877.8,503.1,164,32.8,1.6,HOLD_RPM,41.61,122.31,163.93,0,0.0,1292,0,2426.3,2430.3
129.5500,138018,2000.0,2426.3,27.666,13.487,12.78,6.23,1017.5,1017.5,503.1,164,32.8,1.6,HOLD_RPM,42.63,122.53,168.20,0,0.0,1293,0,2426.3,2428.8
129.6000,138068,2000.0,2428.2,27.666,13.507,12.79,6.24,1017.5,1017.5,497.9,167,33.4,-1.1,HOLD_RPM,42.63,122.74,165.37,0,0.0,1293,0,2428.2,2425.4
129.6500,138118,2000.0,2428.2,27.666,13.507,12.79,6.24,1017.5,1017.5,497.9,166,33.2,-1.1,HOLD_RPM,42.82,122.95,166.33,0,0.0,1293,0,2428.2,2435.1
129.7000,138168,2000.0,2436.4,20.541,13.596,9.53,6.31,660.3,660.3,497.9,165,33.0,-1.1,HOLD_RPM,42.82,123.17,165.98,0,0.0,1293,0,2436.4,2441.3
129.7500,138218,2000.0,2436.4,20.541,13.596,9.53,6.31,660.3,660.3,504.0,166,33.2,2.0,HOLD_RPM,43.64,123.39,169.51,0,0.0,1293,0,2436.4,2455.7
129.8000,138268,2000.0,2452.4,20.541,13.770,9.59,6.43,660.3,660.3,504.0,168,33.6,2.0,HOLD_RPM,43.64,123.60,167.25,0,0.0,1293,0,2452.4,2451.3
129.8500,138318,2000.0,2452.4,19.759,13.770,9.23,6.43,896.9,896.9,504.0,168,33.6,2.0,HOLD_RPM,45.24,123.83,173.84,0,0.0,1293,0,2452.4,2461.4
129.9000,138368,2000.0,2462.5,19.759,13.880,9.26,6.51,896.9,896.9,501.1,172,34.4,0.6,HOLD_RPM,45.24,124.06,169.29,0,0.0,1294,0,2462.5,2466.0
129.9500,138418,2000.0,2462.5,19.759,13.880,9.26,6.51,896.9,896.9,501.1,170,34.0,0.6,HOLD_RPM,46.25,124.29,173.58,0,0.0,1294,0,2462.5,2460.8
130.0000,138468,2000.0,2465.3,17.856,13.910,8.38,6.53,826.2,826.2,501.1,172,34.4,0.6,HOLD_RPM,46.25,124.52,170.77,0,0.0,1294,0,2465.3,2469.0
130.0500,138518,2000.0,2465.3,17.856,13.910,8.38,6.53,826.2,826.2,501.1,171,34.2,0.6,HOLD_RPM,46.53,124.75,172.13,0,0.0,1294,0,2465.3,2465.9
130.1000,138568,2000.0,2469.1,17.856,13.951,8.39,6.56,826.2,826.2,504.4,171,34.2,2.2,HOLD_RPM,46.53,124.98,171.52,0,0.0,1294,0,2469.1,2469.5
130.1500,138618,2000.0,2469.1,17.856,13.951,8.39,6.56,826.2,826.2,504.4,172,34.4,2.2,HOLD_RPM,46.91,125.22,173.24,0,0.0,1294,0,2469.1,2467.9
130.2000,138668,2000.0,2471.2,20.829,13.974,9.80,6.58,903.4,903.4,504.4,172,34.4,2.2,HOLD_RPM,46.91,125.45,172.36,0,0.0,1294,0,2471.2,2473.2
130.2500,138718,2000.0,2471.2,20.829,13.974,9.80,6.58,903.4,903.4,502.0,173,34.6,1.0,HOLD_RPM,47.12,125.69,173.46,0,0.0,1295,0,2471.2,2476.7
130.3000,138768,2000.0,2476.1,20.829,14.027,9.82,6.61,903.4,903.4,502.0,173,34.6,1.0,HOLD_RPM,47.12,125.92,173.05,0,0.0,1295,0,2476.1,2478.2
130.3500,138818,2000.0,2476.1,19.818,14.027,9.34,6.61,995.3,995.3,502.0,174,34.8,1.0,HOLD_RPM,47.61,126.16,175.24,0,0.0,1295,0,2476.1,2487.1
130.4000,138868,2000.0,2488.5,19.818,14.162,9.39,6.71,995.3,995.3,495.9,174,34.8,-2.1,HOLD_RPM,47.61,126.40,174.01,0,0.0,1295,0,2488.5,2490.7
130.4500,138918,2000.0,2488.5,19.818,14.162,9.39,6.71,995.3,995.3,495.9,175,35.0,-2.1,HOLD_RPM,48.85,126.64,179.22,0,0.0,1295,0,2488.5,2497.3
130.5000,138968,2000.0,2498.2,17.561,14.267,8.35,6.79,626.6,626.6,495.9,178,35.6,-2.1,HOLD_RPM,48.85,126.89,175.74,0,0.0,1295,0,2498.2,2501.3
130.5500,139018,2000.0,2498.2,17.561,14.267,8.35,6.79,626.6,626.6,504.6,176,35.2,2.3,HOLD_RPM,49.82,127.14,179.86,0,0.0,1297,0,2498.2,2494.3
130.6000,139068,2000.0,2496.1,17.561,14.244,8.35,6.77,626.6,626.6,504.6,178,35.6,2.3,HOLD_RPM,49.82,127.39,177.21,0,0.0,1298,0,2496.1,2498.0
130.6500,139118,2000.0,2496.1,20.231,14.244,9.62,6.77,987.2,987.2,504.6,176,35.2,2.3,HOLD_RPM,49.61,127.63,176.61,0,0.0,1298,0,2496.1,2492.2
130.7000,139168,2000.0,2492.2,20.231,14.202,9.60,6.74,987.2,987.2,504.3,177,35.4,2.1,HOLD_RPM,49.61,127.88,177.49,0,0.0,1299,0,2492.2,2487.0
130.7500,139218,2000.0,2492.2,20.231,14.202,9.60,6.74,987.2,987.2,504.3,176,35.2,2.1,HOLD_RPM,49.22,128.13,176.19,0,0.0,1300,0,2492.2,2482.8
130.8000,139268,2000.0,2480.8,15.408,14.078,7.28,6.65,661.2,661.2,504.3,177,35.4,2.1,HOLD_RPM,49.22,128.37,177.60,0,0.0,1300,0,2480.8,2477.8
130.8500,139318,2000.0,2480.8,15.408,14.078,7.28,6.65,661.2,661.2,504.3,176,35.2,2.1,HOLD_RPM,48.08,128.62,173.27,0,0.0,1301,0,2480.8,2479.7
130.9000,139368,2000.0,2480.2,15.408,14.072,7.28,6.65,661.2,661.2,497.0,174,34.8,-1.5,HOLD_RPM,48.08,128.86,176.94,0,0.0,1303,0,2480.2,2481.9
130.9500,139418,2000.0,2480.2,15.408,14.072,7.28,6.65,661.2,661.2,497.0,176,35.2,-1.5,HOLD_RPM,48.02,129.10,176.93,0,0.0,1303,0,2480.2,2484.5
131.0000,139468,2000.0,2482.1,7.789,14.092,3.68,6.66,533.4,533.4,497.0,177,35.4,-1.5,HOLD_RPM,48.02,129.34,177.35,0,0.0,1303,0,2482.1,2480.9
131.0500,139518,2000.0,2482.1,7.789,14.092,3.68,6.66,533.4,533.4,503.8,178,35.6,1.9,HOLD_RPM,48.21,129.58,178.35,0,0.0,1303,0,2482.1,2485.6
131.1000,139568,2000.0,2486.8,7.789,14.143,3.69,6.70,533.4,533.4,503.8,178,35.6,1.9,HOLD_RPM,48.21,129.82,178.03,0,0.0,1303,0,2486.8,2491.3
131.1500,139618,2000.0,2486.8,6.815,14.143,3.23,6.70,973.8,973.8,503.8,179,35.8,1.9,HOLD_RPM,48.68,130.06,180.14,0,0.0,1303,0,2486.8,2490.7
131.2000,139668,2000.0,2492.9,6.815,14.210,3.23,6.74,973.8,973.8,504.5,179,35.8,2.3,HOLD_RPM,48.68,130.30,178.98,0,0.0,1303,0,2492.9,2494.7
131.2500,139718,2000.0,2492.9,6.815,14.210,3.23,6.74,973.8,973.8,504.5,179,35.8,2.3,HOLD_RPM,49.29,130.55,181.68,0,0.0,1305,0,2492.9,2492.7
131.3000,139768,2000.0,2495.6,6.808,14.239,3.23,6.77,659.7,659.7,504.5,180,36.0,2.3,HOLD_RPM,49.29,130.80,180.09,0,0.0,1305,0,2495.6,2500.1
131.3500,139818,2000.0,2495.6,6.808,14.239,3.23,6.77,659.7,659.7,497.6,181,36.2,-1.2,HOLD_RPM,49.56,131.05,181.43,0,0.0,1306,0,2495.6,2494.9
131.4000,139868,2000.0,2496.3,6.808,14.246,3.24,6.77,659.7,659.7,497.6,180,36.0,-1.2,HOLD_RPM,49.56,131.29,180.86,0,0.0,1307,0,2496.3,2492.2
131.4500,139918,2000.0,2496.3,2.670,14.246,1.27,6.77,710.0,710.0,497.6,181,36.2,-1.2,HOLD_RPM,49.63,131.54,181.36,0,0.0,1307,0,2496.3,2495.9
131.5000,139968,2000.0,2494.3,2.670,14.225,1.27,6.76,710.0,710.0,502.5,181,36.2,1.2,HOLD_RPM,49.63,131.79,181.42,0,0.0,1307,0,2494.3,2491.8
131.5500,140018,2000.0,2494.3,2.670,14.225,1.27,6.76,710.0,710.0,502.5,180,36.0,1.2,HOLD_RPM,49.43,132.04,180.87,0,0.0,1307,0,2494.3,2501.0
131.6000,140068,2000.0,2501.2,4.942,14.286,2.35,6.80,928.8,928.8,502.5,181,36.2,1.2,HOLD_RPM,49.43,132.28,181.71,0,0.0,1307,0,2501.2,2502.1
131.6500,140118,2000.0,2501.2,4.942,14.286,2.35,6.80,928.8,928.8,502.5,182,36.4,1.2,HOLD_RPM,50.12,132.53,184.74,0,0.0,1308,0,2501.2,2507.8
131.7000,140168,2000.0,2506.0,4.942,14.284,2.36,6.82,928.8,928.8,501.6,183,36.6,0.8,HOLD_RPM,50.12,132.79,182.91,0,0.0,1308,0,2506.0,2502.6
131.7500,140218,2000.0,2506.0,4.942,14.284,2.36,6.82,928.8,928.8,501.6,183,36.6,0.8,HOLD_RPM,50.60,133.04,185.07,0,0.0,1308,0,2506.0,2492.6
131.8000,140268,2000.0,2492.8,2.183,14.208,1.04,6.74,778.8,778.8,501.6,184,36.8,0.8,HOLD_RPM,50.60,133.29,183.89,0,0.0,1308,0,2492.8,2491.0
131.8500,140318,2000.0,2492.8,2.183,14.208,1.04,6.74,778.8,778.8,501.3,182,36.4,0.6,HOLD_RPM,49.28,133.54,178.86,0,0.0,1308,0,2492.8,2494.9
131.9000,140368,2000.0,2494.8,2.183,14.230,1.04,6.76,778.8,778.8,501.3,179,35.8,0.6,HOLD_RPM,49.28,133.78,183.06,0,0.0,1308,0,2494.8,2496.8
131.9500,140418,2000.0,2494.8,-4.182,14.230,-1.99,6.76,707.8,707.8,501.3,183,36.6,0.6,HOLD_RPM,49.48,134.03,184.10,0,0.0,1308,0,2494.8,2500.9
132.0000,140468,2000.0,2501.0,-4.182,14.286,-1.99,6.80,707.8,707.8,498.4,183,36.6,-0.8,HOLD_RPM,49.48,134.28,183.76,0,0.0,1308,0,2501.0,2500.5
132.0500,140518,2000.0,2501.0,-4.182,14.286,-1.99,6.80,707.8,707.8,498.4,184,36.8,-0.8,HOLD_RPM,50.10,134.53,186.48,0,0.0,1308,0,2501.0,2496.9
132.1000,140568,2000.0,2498.5,4.145,14.270,1.97,6.79,1002.8,1002.8,498.4,185,37.0,-0.8,HOLD_RPM,50.10,134.78,184.88,0,0.0,1311,0,2498.5,2503.7
132.1500,140618,2000.0,2498.5,4.145,14.270,1.97,6.79,1002.8,1002.8,504.5,184,36.8,2.3,HOLD_RPM,49.85,135.03,184.14,0,0.0,1311,0,2498.5,2516.4
132.2000,140668,2000.0,2518.7,4.145,14.279,1.99,6.85,1002.8,1002.8,504.5,185,37.0,2.3,HOLD_RPM,49.85,135.28,185.13,0,0.0,1311,0,2518.7,2526.2
132.2500,140718,2000.0,2518.7,4.861,14.279,2.33,6.85,1019.7,1019.7,504.5,186,37.2,2.3,HOLD_RPM,51.87,135.54,193.48,0,0.0,1311,0,2518.7,2545.4
132.3000,140768,2000.0,2545.5,4.861,14.268,2.36,6.92,1019.7,1019.7,504.5,193,38.6,2.3,HOLD_RPM,51.87,135.80,187.67,0,0.0,1311,0,2545.5,2555.7
132.3500,140818,2000.0,2545.5,4.861,14.268,2.36,6.92,1019.7,1019.7,504.6,188,37.6,2.3,HOLD_RPM,54.55,136.07,198.64,0,0.0,1312,0,2545.5,2565.2
132.4000,140868,2000.0,2568.2,4.861,14.259,2.38,6.97,1019.7,1019.7,504.6,192,38.4,2.3,HOLD_RPM,54.55,136.34,190.89,0,0.0,1315,0,2568.2,2578.3
132.4500,140918,2000.0,2568.2,3.909,14.259,1.91,6.97,618.1,618.1,504.6,194,38.8,2.3,HOLD_RPM,56.82,136.63,200.25,0,0.0,1317,0,2568.2,2581.3
132.5000,140968,2000.0,2580.3,3.909,14.254,1.92,7.00,618.1,618.1,501.1,197,39.4,0.6,HOLD_RPM,56.82,136.91,193.73,0,0.0,1319,0,2580.3,2582.4
132.5500,141018,2000.0,2580.3,3.909,14.254,1.92,7.00,618.1,618.1,501.1,198,39.6,0.6,HOLD_RPM,58.03,137.20,198.89,0,0.0,1320,0,2580.3,2587.4
132.6000,141068,2000.0,2586.6,2.360,14.251,1.16,7.02,463.4,463.4,501.1,197,39.4,0.6,HOLD_RPM,58.03,137.49,195.52,0,0.0,1320,0,2586.6,2585.6
132.6500,141118,2000.0,2586.6,2.360,14.251,1.16,7.02,463.4,463.4,500.1,196,39.2,0.1,HOLD_RPM,58.66,137.78,198.33,0,0.0,1321,0,2586.6,2580.0
132.7000,141168,2000.0,2579.9,2.360,14.254,1.16,7.00,463.4,463.4,500.1,197,39.4,0.1,HOLD_RPM,58.66,138.08,196.74,0,0.0,1322,0,2579.9,2576.9
132.7500,141218,2000.0,2579.9,1.630,14.254,0.80,7.00,940.6,940.6,500.1,195,39.0,0.1,HOLD_RPM,57.99,138.37,194.32,0,0.0,1324,0,2579.9,2579.0
132.8000,141268,2000.0,2574.9,1.630,14.256,0.80,6.99,940.6,940.6,499.1,195,39.0,-0.4,HOLD_RPM,57.99,138.66,196.64,0,0.0,1325,0,2574.9,2570.0
132.8500,141318,2000.0,2574.9,1.630,14.256,0.80,6.99,940.6,940.6,499.1,195,39.0,-0.4,HOLD_RPM,57.49,138.94,194.95,0,0.0,1325,0,2574.9,2564.5
132.9000,141368,2000.0,2564.6,6.129,14.260,2.99,6.96,863.1,863.1,499.1,195,39.0,-0.4,HOLD_RPM,57.49,139.23,196.72,0,0.0,1325,0,2564.6,2569.4
132.9500,141418,2000.0,2564.6,6.129,14.260,2.99,6.96,863.1,863.1,499.1,195,39.0,-0.4,HOLD_RPM,56.46,139.51,192.90,0,0.0,1326,0,2564.6,2571.1
133.0000,141468,2000.0,2567.3,6.129,14.259,3.00,6.97,863.1,863.1,499.1,193,38.6,-0.4,HOLD_RPM,56.46,139.80,196.26,0,0.0,1326,0,2567.3,2563.0
133.0500,141518,2000.0,2567.3,12.457,14.259,6.09,6.97,996.2,996.2,499.1,197,39.4,-0.4,HOLD_RPM,56.73,140.08,197.60,0,0.0,1326,0,2567.3,2567.2
133.1000,141568,2000.0,2560.0,12.457,14.262,6.07,6.95,996.2,996.2,499.1,197,39.4,-0.4,HOLD_RPM,56.73,140.36,197.09,0,0.0,1326,0,2560.0,2553.2
133.1500,141618,2000.0,2560.0,12.457,14.262,6.07,6.95,996.2,996.2,500.6,196,39.2,0.3,HOLD_RPM,56.00,140.64,194.46,0,0.0,1326,0,2560.0,2559.6
133.2000,141668,2000.0,2561.8,12.457,14.261,6.08,6.96,996.2,996.2,500.6,195,39.0,0.3,HOLD_RPM,56.00,140.92,196.92,0,0.0,1326,0,2561.8,2565.7
133.2500,141718,2000.0,2561.8,9.891,14.261,4.82,6.96,812.5,812.5,500.6,197,39.4,0.3,HOLD_RPM,56.18,141.20,197.91,0,0.0,1326,0,2561.8,2549.9
133.3000,141768,2000.0,2555.3,9.891,14.264,4.81,6.94,812.5,812.5,501.5,197,39.4,0.8,HOLD_RPM,56.18,141.49,197.66,0,0.0,1326,0,2555.3,2556.8
133.3500,141818,2000.0,2555.3,9.891,14.264,4.81,6.94,812.5,812.5,501.5,196,39.2,0.8,HOLD_RPM,55.53,141.76,195.35,0,0.0,1327,0,2555.3,2551.3
133.4000,141868,2000.0,2551.6,4.204,14.266,2.04,6.93,521.9,521.9,501.5,196,39.2,0.8,HOLD_RPM,55.53,142.04,197.57,0,0.0,1327,0,2551.6,2546.9
133.4500,141918,2000.0,2551.6,4.204,14.266,2.04,6.93,521.9,521.9,503.8,196,39.2,1.9,HOLD_RPM,55.16,142.32,196.37,0,0.0,1330,0,2551.6,2550.9
133.5000,141968,2000.0,2548.0,4.204,14.267,2.04,6.92,521.9,521.9,503.8,197,39.4,1.9,HOLD_RPM,55.16,142.59,197.75,0,0.0,1330,0,2548.0,2544.1
133.5500,142018,2000.0,2548.0,3.194,14.267,1.55,6.92,662.2,662.2,503.8,196,39.2,1.9,HOLD_RPM,54.80,142.87,196.59,0,0.0,1331,0,2548.0,2549.1
133.6000,142068,2000.0,2548.0,3.194,14.267,1.55,6.92,662.2,662.2,504.5,197,39.4,2.3,HOLD_RPM,54.80,143.14,197.94,0,0.0,1333,0,2548.0,2552.0
133.6500,142118,2000.0,2548.0,3.194,14.267,1.55,6.92,662.2,662.2,504.5,198,39.6,2.3,HOLD_RPM,54.80,143.41,198.21,0,0.0,1334,0,2548.0,2554.0
133.7000,142168,2000.0,2555.5,4.934,14.264,2.40,6.94,1081.6,1081.6,504.5,198,39.6,2.3,HOLD_RPM,54.80,143.69,198.49,0,0.0,1335,0,2555.5,2556.1
133.7500,142218,2000.0,2555.5,4.934,14.264,2.40,6.94,1081.6,1081.6,504.5,199,39.8,2.3,HOLD_RPM,55.55,143.97,201.75,0,0.0,1336,0,2555.5,2553.0
133.8000,142268,2000.0,2554.8,4.934,14.264,2.40,6.94,1081.6,1081.6,500.5,200,40.0,0.3,HOLD_RPM,55.55,144.24,199.79,0,0.0,1337,0,2554.8,2556.0
133.8500,142318,2000.0,2554.8,4.934,14.264,2.40,6.94,1081.6,1081.6,500.5,199,39.8,0.3,HOLD_RPM,55.48,144.52,199.82,0,0.0,1337,0,2554.8,2553.4
133.9000,142368,2000.0,2551.7,7.730,14.266,3.76,6.93,1145.9,1145.9,500.5,200,40.0,0.3,HOLD_RPM,55.48,144.80,200.28,0,0.0,1337,0,2551.7,2545.3
133.9500,142418,2000.0,2551.7,7.730,14.266,3.76,6.93,1145.9,1145.9,498.5,199,39.8,-0.7,HOLD_RPM,55.17,145.07,199.32,0,0.0,1337,0,2551.7,2532.9
134.0000,142468,2000.0,2534.2,7.730,14.273,3.73,6.89,1145.9,1145.9,498.5,200,40.0,-0.7,HOLD_RPM,55.17,145.35,200.53,0,0.0,1338,0,2534.2,2534.4
134.0500,142518,2000.0,2534.2,9.102,14.273,4.39,6.89,680.0,680.0,498.5,199,39.8,-0.7,HOLD_RPM,53.42,145.62,193.76,0,0.0,1338,0,2534.2,2531.3
134.1000,142568,2000.0,2533.4,9.102,14.273,4.39,6.88,680.0,680.0,497.9,195,39.0,-1.1,HOLD_RPM,53.42,145.88,199.30,0,0.0,1339,0,2533.4,2536.0
134.1500,142618,2000.0,2533.4,9.102,14.273,4.39,6.88,680.0,680.0,497.9,199,39.8,-1.1,HOLD_RPM,53.34,146.15,199.26,0,0.0,1341,0,2533.4,2530.3
134.2000,142668,2000.0,2530.2,12.140,14.274,5.85,6.88,600.9,600.9,497.9,199,39.8,-1.1,HOLD_RPM,53.34,146.42,199.76,0,0.0,1341,0,2530.2,2530.2
134.2500,142718,2000.0,2530.2,12.140,14.274,5.85,6.88,600.9,600.9,502.6,198,39.6,1.3,HOLD_RPM,53.02,146.68,198.76,0,0.0,1343,0,2530.2,2510.3
134.3000,142768,2000.0,2513.2,12.140,14.281,5.81,6.83,600.9,600.9,502.6,199,39.8,1.3,HOLD_RPM,53.02,146.95,199.97,0,0.0,1344,0,2513.2,2513.7
134.3500,142818,2000.0,2513.2,14.626,14.281,7.00,6.83,1052.8,1052.8,502.6,198,39.6,1.3,HOLD_RPM,51.32,147.20,193.42,0,0.0,1345,0,2513.2,2503.1
134.4000,142868,2000.0,2504.6,14.626,14.285,6.97,6.81,1052.8,1052.8,503.1,194,38.8,1.6,HOLD_RPM,51.32,147.46,198.78,0,0.0,1347,0,2504.6,2507.8
134.4500,142918,2000.0,2504.6,14.626,14.285,6.97,6.81,1052.8,1052.8,503.1,198,39.6,1.6,HOLD_RPM,50.46,147.71,195.58,0,0.0,1347,0,2504.6,2516.8
134.5000,142968,2000.0,2519.0,14.294,14.279,6.86,6.85,848.1,848.1,503.1,196,39.2,1.6,HOLD_RPM,50.46,147.97,198.42,0,0.0,1348,0,2519.0,2529.1
134.5500,143018,2000.0,2519.0,14.294,14.279,6.86,6.85,848.1,848.1,503.1,199,39.8,1.6,HOLD_RPM,51.90,148.23,204.44,0,0.0,1348,0,2519.0,2536.6
134.6000,143068,2000.0,2532.1,14.294,14.274,6.89,6.88,848.1,848.1,502.8,203,40.6,1.4,HOLD_RPM,51.90,148.49,200.38,0,0.0,1348,0,2532.1,2530.5
134.6500,143118,2000.0,2532.1,14.294,14.274,6.89,6.88,848.1,848.1,502.8,201,40.2,1.4,HOLD_RPM,53.21,148.75,205.91,0,0.0,1352,0,2532.1,2527.2
134.7000,143168,2000.0,2519.5,2.456,14.279,1.18,6.85,461.2,461.2,502.8,204,40.8,1.4,HOLD_RPM,53.21,149.02,202.23,0,0.0,1352,0,2519.5,2503.5
134.7500,143218,2000.0,2519.5,2.456,14.279,1.18,6.85,461.2,461.2,498.9,201,40.2,-0.6,HOLD_RPM,51.95,149.28,197.43,0,0.0,1352,0,2519.5,2498.4
134.8000,143268,2000.0,2493.9,2.456,14.220,1.17,6.75,461.2,461.2,498.9,198,39.6,-0.6,HOLD_RPM,51.95,149.54,201.48,0,0.0,1354,0,2493.9,2491.5
134.8500,143318,2000.0,2493.9,1.512,14.220,0.72,6.75,770.0,770.0,498.9,200,40.0,-0.6,HOLD_RPM,49.39,149.78,191.50,0,0.0,1354,0,2493.9,2497.3
134.9000,143368,2000.0,2498.1,1.512,14.266,0.72,6.79,770.0,770.0,503.9,192,38.4,1.9,HOLD_RPM,49.39,150.03,199.42,0,0.0,1355,0,2498.1,2499.5
134.9500,143418,2000.0,2498.1,1.512,14.266,0.72,6.79,770.0,770.0,503.9,195,39.0,1.9,HOLD_RPM,49.81,150.28,201.35,0,0.0,1355,0,2498.1,2508.8
135.0000,143468,2000.0,2509.8,10.200,14.283,4.87,6.83,914.4,914.4,503.9,200,40.0,1.9,HOLD_RPM,49.81,150.53,200.34,0,0.0,1355,0,2509.8,2516.3
135.0500,143518,2000.0,2509.8,10.200,14.283,4.87,6.83,914.4,914.4,504.8,201,40.2,2.4,HOLD_RPM,50.98,150.78,205.26,0,0.0,1356,0,2509.8,2506.2
135.1000,143568,2000.0,2511.2,10.200,14.282,4.88,6.83,914.4,914.4,504.8,204,40.8,2.4,HOLD_RPM,50.98,151.04,202.02,0,0.0,1356,0,2511.2,2513.2
135.1500,143618,2000.0,2511.2,9.338,14.282,4.46,6.83,623.1,623.1,504.8,202,40.4,2.4,HOLD_RPM,51.12,151.29,202.85,0,0.0,1356,0,2511.2,2496.8
135.2000,143668,2000.0,2504.2,9.338,14.285,4.45,6.81,623.1,623.1,504.8,202,40.4,2.4,HOLD_RPM,51.12,151.55,202.67,0,0.0,1356,0,2504.2,2509.0
135.2500,143718,2000.0,2504.2,9.338,14.285,4.45,6.81,623.1,623.1,501.6,201,40.2,0.8,HOLD_RPM,50.42,151.80,200.11,0,0.0,1356,0,2504.2,2506.2
135.3000,143768,2000.0,2508.4,9.338,14.283,4.46,6.82,623.1,623.1,501.6,201,40.2,0.8,HOLD_RPM,50.42,152.05,202.47,0,0.0,1356,0,2508.4,2513.0
135.3500,143818,2000.0,2508.4,-2.943,14.283,-1.41,6.82,526.6,526.6,501.6,203,40.6,0.8,HOLD_RPM,50.84,152.31,204.41,0,0.0,1356,0,2508.4,2511.4
135.4000,143868,2000.0,2508.3,-2.943,14.283,-1.41,6.82,526.6,526.6,498.9,203,40.6,-0.6,HOLD_RPM,50.84,152.56,203.40,0,0.0,1356,0,2508.3,2506.7
135.4500,143918,2000.0,2508.3,-2.943,14.283,-1.41,6.82,526.6,526.6,498.9,203,40.6,-0.6,HOLD_RPM,50.83,152.82,203.62,0,0.0,1358,0,2508.3,2504.6
135.5000,143968,2000.0,2502.1,-2.847,14.286,-1.36,6.81,1150.3,1150.3,498.9,203,40.6,-0.6,HOLD_RPM,50.83,153.07,203.90,0,0.0,1358,0,2502.1,2498.2
135.5500,144018,2000.0,2502.1,-2.847,14.286,-1.36,6.81,1150.3,1150.3,505.1,202,40.4,2.6,HOLD_RPM,50.21,153.32,201.68,0,0.0,1358,0,2502.1,2492.0
135.6000,144068,2000.0,2492.6,-2.847,14.206,-1.35,6.74,1150.3,1150.3,505.1,202,40.4,2.6,HOLD_RPM,50.21,153.57,203.78,0,0.0,1359,0,2492.6,2495.1
135.6500,144118,2000.0,2492.6,-0.428,14.206,-0.20,6.74,789.4,789.4,505.1,202,40.4,2.6,HOLD_RPM,49.26,153.82,200.21,0,0.0,1359,0,2492.6,2487.5
135.7000,144168,2000.0,2492.1,-0.428,14.201,-0.20,6.74,789.4,789.4,502.4,201,40.2,1.2,HOLD_RPM,49.26,154.07,203.32,0,0.0,1359,0,2492.1,2502.9
135.7500,144218,2000.0,2492.1,-0.428,14.201,-0.20,6.74,789.4,789.4,502.4,203,40.6,1.2,HOLD_RPM,49.21,154.31,203.39,0,0.0,1359,0,2492.1,2505.8
135.8000,144268,2000.0,2503.8,5.163,14.285,2.46,6.81,853.8,853.8,502.4,203,40.6,1.2,HOLD_RPM,49.21,154.56,203.77,0,0.0,1359,0,2503.8,2502.0
135.8500,144318,2000.0,2503.8,5.163,14.285,2.46,6.81,853.8,853.8,495.6,204,40.8,-2.2,HOLD_RPM,50.38,154.81,208.70,0,0.0,1359,0,2503.8,2501.4
135.9000,144368,2000.0,2499.6,5.163,14.282,2.46,6.80,853.8,853.8,495.6,207,41.4,-2.2,HOLD_RPM,50.38,155.06,205.44,0,0.0,1360,0,2499.6,2498.4
135.9500,144418,2000.0,2499.6,5.996,14.282,2.85,6.80,1090.3,1090.3,495.6,204,40.8,-2.2,HOLD_RPM,49.96,155.31,203.99,0,0.0,1360,0,2499.6,2493.6
136.0000,144468,2000.0,2491.9,5.996,14.199,2.85,6.74,1090.3,1090.3,495.6,204,40.8,-2.2,HOLD_RPM,49.96,155.56,205.52,0,0.0,1361,0,2491.9,2488.4
136.0500,144518,2000.0,2491.9,5.996,14.199,2.85,6.74,1090.3,1090.3,502.9,204,40.8,1.4,HOLD_RPM,49.19,155.81,202.68,0,0.0,1361,0,2491.9,2482.2
136.1000,144568,2000.0,2484.4,5.996,14.117,2.84,6.68,1090.3,1090.3,502.9,203,40.6,1.4,HOLD_RPM,49.19,156.05,205.24,0,0.0,1361,0,2484.4,2485.9
136.1500,144618,2000.0,2484.4,2.847,14.117,1.35,6.68,705.9,705.9,502.9,204,40.8,1.4,HOLD_RPM,48.44,156.29,202.51,0,0.0,1362,0,2484.4,2483.2
136.2000,144668,2000.0,2479.8,2.847,14.067,1.34,6.64,705.9,705.9,503.9,203,40.6,1.9,HOLD_RPM,48.44,156.54,204.98,0,0.0,1362,0,2479.8,2474.5
136.2500,144718,2000.0,2479.8,2.847,14.067,1.34,6.64,705.9,705.9,503.9,203,40.6,1.9,HOLD_RPM,47.98,156.78,203.36,0,0.0,1363,0,2479.8,2459.1
136.3000,144768,2000.0,2455.3,8.681,13.801,4.06,6.45,724.7,724.7,503.9,204,40.8,1.9,HOLD_RPM,47.98,157.02,204.99,0,0.0,1364,0,2455.3,2437.9
136.3500,144818,2000.0,2455.3,8.681,13.801,4.06,6.45,724.7,724.7,496.3,203,40.6,-1.9,HOLD_RPM,45.53,157.24,195.42,0,0.0,1366,0,2455.3,2403.2
136.4000,144868,2000.0,2394.6,8.681,13.201,3.96,6.02,724.7,724.7,496.3,196,39.2,-1.9,HOLD_RPM,45.53,157.47,203.00,0,0.0,1366,0,2394.6,2369.8
136.4500,144918,2000.0,2394.6,11.270,13.201,5.14,6.02,887.2,887.2,496.3,201,40.2,-1.9,HOLD_RPM,39.46,157.67,178.94,0,0.0,1367,0,2394.6,2331.3
136.5000,144968,2000.0,2327.2,11.270,13.196,4.99,5.85,887.2,887.2,503.6,197,39.4,1.8,HOLD_RPM,39.46,157.87,197.33,0,0.0,1367,0,2327.2,2303.9
136.5500,145018,2000.0,2327.2,11.270,13.196,4.99,5.85,887.2,887.2,503.6,195,39.0,1.8,HOLD_RPM,32.72,158.03,170.54,0,0.0,1369,0,2327.2,2283.7
136.6000,145068,2000.0,2279.3,10.518,13.341,4.56,5.79,880.3,880.3,503.6,192,38.4,1.8,HOLD_RPM,32.72,158.19,190.92,0,0.0,1369,0,2279.3,2265.0
136.6500,145118,2000.0,2279.3,10.518,13.341,4.56,5.79,880.3,880.3,503.6,189,37.8,1.8,HOLD_RPM,27.93,158.33,171.90,0,0.0,1369,0,2279.3,2259.3
136.7000,145168,2000.0,2253.0,10.518,13.529,4.51,5.80,880.3,880.3,502.4,179,35.8,1.2,HOLD_RPM,27.93,158.47,186.41,0,0.0,1369,0,2253.0,2243.0
136.7500,145218,2000.0,2253.0,10.518,13.529,4.51,5.80,880.3,880.3,502.4,174,34.8,1.2,HOLD_RPM,25.30,158.60,176.01,0,0.0,1369,0,2253.0,2224.4
136.8000,145268,2000.0,2223.6,18.402,13.739,7.79,5.82,979.4,979.4,502.4,177,35.4,1.2,HOLD_RPM,25.30,158.73,184.03,0,0.0,1371,0,2223.6,2215.6
136.8500,145318,2000.0,2223.6,18.402,13.739,7.79,5.82,979.4,979.4,503.0,184,36.8,1.5,HOLD_RPM,22.36,158.84,172.36,0,0.0,1371,0,2223.6,2204.3
136.9000,145368,2000.0,2203.0,18.402,13.886,7.72,5.82,979.4,979.4,503.0,177,35.4,1.5,HOLD_RPM,22.36,158.95,181.31,0,0.0,1371,0,2203.0,2196.1
136.9500,145418,2000.0,2203.0,20.541,13.886,8.62,5.82,623.4,623.4,503.0,173,34.6,1.5,HOLD_RPM,20.30,159.05,173.16,0,0.0,1373,0,2203.0,2187.6
137.0000,145468,2000.0,2186.9,20.541,13.979,8.55,5.82,623.4,623.4,504.5,174,34.8,2.3,HOLD_RPM,20.30,159.15,179.45,0,0.0,1373,0,2186.9,2182.9
137.0500,145518,2000.0,2186.9,20.541,13.979,8.55,5.82,623.4,623.4,504.5,178,35.6,2.3,HOLD_RPM,18.69,159.25,173.14,0,0.0,1376,0,2186.9,2180.9
137.1000,145568,2000.0,2177.7,9.308,14.029,3.86,5.82,642.5,642.5,504.5,173,34.6,2.3,HOLD_RPM,18.69,159.34,178.03,0,0.0,1376,0,2177.7,2172.1
137.1500,145618,2000.0,2177.7,9.308,14.029,3.86,5.82,642.5,642.5,501.8,178,35.6,0.9,HOLD_RPM,17.77,159.43,174.43,0,0.0,1376,0,2177.7,2158.7
137.2000,145668,2000.0,2152.4,9.308,14.167,3.81,5.81,642.5,642.5,501.8,175,35.0,0.9,HOLD_RPM,17.77,159.52,177.29,0,0.0,1376,0,2152.4,2133.9
137.2500,145718,2000.0,2152.4,9.441,14.167,3.87,5.81,795.3,795.3,501.8,176,35.2,0.9,HOLD_RPM,15.24,159.59,167.23,0,0.0,1377,0,2152.4,2106.1
137.3000,145768,2000.0,2099.3,9.441,14.446,3.77,5.77,795.3,795.3,501.0,168,33.6,0.5,HOLD_RPM,15.24,159.67,174.91,0,0.0,1377,0,2099.3,2085.9
137.3500,145818,2000.0,2099.3,9.441,14.446,3.77,5.77,795.3,795.3,501.0,171,34.2,0.5,HOLD_RPM,9.93,159.72,153.74,0,0.0,1377,0,2099.3,2067.5
137.4000,145868,2000.0,2061.0,12.177,14.064,4.78,5.52,977.5,977.5,501.0,171,34.2,0.5,HOLD_RPM,9.93,159.77,169.70,0,0.0,1377,0,2061.0,2046.2
137.4500,145918,2000.0,2061.0,12.177,14.064,4.78,5.52,977.5,977.5,501.0,168,33.6,0.5,HOLD_RPM,6.10,159.80,154.41,0,0.0,1378,0,2061.0,2019.5
137.5000,145968,2000.0,2015.0,12.177,13.606,4.67,5.22,977.5,977.5,502.5,158,31.6,1.2,HOLD_RPM,6.10,159.83,165.93,0,0.0,1378,0,2015.0,1993.2
137.5500,146018,2000.0,2015.0,12.177,13.606,4.67,5.22,977.5,977.5,502.5,154,30.8,1.2,HOLD_RPM,1.50,159.84,147.54,0,0.0,1378,0,2015.0,1960.5
137.6000,146068,2000.0,1955.2,5.738,12.012,2.14,4.47,799.4,799.4,502.5,148,29.6,1.2,HOLD_RPM,1.50,159.85,161.35,0,0.0,1379,0,1955.2,1940.4
137.6500,146118,2000.0,1955.2,5.738,12.012,2.14,4.47,799.4,799.4,500.0,152,30.4,0.0,HOLD_RPM,-4.48,159.82,137.40,0,0.0,1380,0,1955.2,1927.8
137.7000,146168,2000.0,1919.5,5.738,10.860,2.10,3.97,799.4,799.4,500.0,154,30.8,0.0,HOLD_RPM,-4.48,159.80,155.32,0,0.0,1380,0,1919.5,1901.0
137.7500,146218,2000.0,1919.5,2.950,10.860,1.08,3.97,580.0,580.0,500.0,154,30.8,0.0,HOLD_RPM,-8.05,159.76,140.99,0,0.0,1381,0,1919.5,1879.5
137.8000,146268,2000.0,1872.7,2.950,9.899,1.05,3.53,580.0,580.0,501.6,145,29.0,0.8,HOLD_RPM,-8.05,159.72,151.67,0,0.0,1381,0,1872.7,1853.7
137.8500,146318,2000.0,1872.7,2.950,9.899,1.05,3.53,580.0,580.0,501.6,140,28.0,0.8,HOLD_RPM,-12.73,159.66,132.89,0,0.0,1382,0,1872.7,1827.1
137.9000,146368,2000.0,1819.3,0.664,9.251,0.23,3.20,621.2,621.2,501.6,134,26.8,0.8,HOLD_RPM,-12.73,159.59,146.86,0,0.0,1382,0,1819.3,1802.5
137.9500,146418,2000.0,1819.3,0.664,9.251,0.23,3.20,621.2,621.2,501.1,138,27.6,0.6,HOLD_RPM,-18.07,159.50,125.43,0,0.0,1382,0,1819.3,1754.2
138.0000,146468,2000.0,1746.1,0.664,9.128,0.22,3.03,621.2,621.2,501.1,140,28.0,0.6,HOLD_RPM,-18.07,159.41,141.35,0,0.0,1382,0,1746.1,1720.0
138.0500,146518,2000.0,1746.1,2.486,9.128,0.83,3.03,969.4,969.4,501.1,140,28.0,0.6,HOLD_RPM,-25.39,159.29,111.94,0,0.0,1382,0,1746.1,1692.8
138.1000,146568,2000.0,1676.6,2.486,9.040,0.79,2.89,969.4,969.4,501.1,131,26.2,0.6,HOLD_RPM,-25.39,159.16,133.77,0,0.0,1382,0,1676.6,1655.6
138.1500,146618,2000.0,1676.6,2.486,9.040,0.79,2.89,969.4,969.4,500.6,124,24.8,0.3,HOLD_RPM,-32.34,159.00,105.80,0,0.0,1383,0,1676.6,1609.6
138.2000,146668,2000.0,1593.1,2.486,8.394,0.75,2.55,969.4,969.4,500.6,115,23.0,0.3,HOLD_RPM,-32.34,158.83,126.50,0,0.0,1384,0,1593.1,1567.1
138.2500,146718,2000.0,1593.1,-4.285,8.394,-1.30,2.55,574.4,574.4,500.6,108,21.6,0.3,HOLD_RPM,-40.69,158.63,92.90,0,0.0,1384,0,1593.1,1535.0
138.3000,146768,2000.0,1525.2,-4.285,7.950,-1.24,2.31,574.4,574.4,502.8,99,19.8,1.4,HOLD_RPM,-40.69,158.43,117.74,0,0.0,1384,0,1525.2,1510.7
138.3500,146818,2000.0,1525.2,-4.285,7.950,-1.24,2.31,574.4,574.4,502.8,93,18.6,1.4,HOLD_RPM,-47.48,158.19,90.33,0,0.0,1384,0,1525.2,1481.7
138.4000,146868,2000.0,1474.9,-5.001,7.786,-1.40,2.19,947.2,947.2,502.8,91,18.2,1.4,HOLD_RPM,-47.48,157.95,110.47,0,0.0,1384,0,1474.9,1462.0
138.4500,146918,2000.0,1474.9,-5.001,7.786,-1.40,2.19,947.2,947.2,501.1,102,20.4,0.6,HOLD_RPM,-52.51,157.69,90.11,0,0.0,1384,0,1474.9,1433.4
138.5000,146968,2000.0,1430.1,-5.001,7.786,-1.36,2.12,947.2,947.2,501.1,109,21.8,0.6,HOLD_RPM,-52.51,157.43,104.92,0,0.0,1384,0,1430.1,1419.2
138.5500,147018,2000.0,1430.1,7.892,7.786,2.15,2.12,1205.9,1205.9,501.1,104,20.8,0.6,HOLD_RPM,-56.99,157.14,86.69,0,0.0,1384,0,1430.1,1412.5
138.6000,147068,2000.0,1411.4,7.892,7.786,2.12,2.09,1205.9,1205.9,500.3,94,18.8,0.1,HOLD_RPM,-56.99,156.86,99.87,0,0.0,1384,0,1411.4,1407.5
138.6500,147118,2000.0,1411.4,7.892,7.786,2.12,2.09,1205.9,1205.9,500.3,89,17.8,0.1,HOLD_RPM,-58.86,156.56,92.09,0,0.0,1384,0,1411.4,1390.6
138.7000,147168,2000.0,1388.4,14.877,7.786,3.93,2.06,958.1,958.1,500.3,93,18.6,0.1,HOLD_RPM,-58.86,156.27,97.41,0,0.0,1384,0,1388.4,1384.1
138.7500,147218,2000.0,1388.4,14.877,7.786,3.93,2.06,958.1,958.1,503.0,96,19.2,1.5,HOLD_RPM,-61.16,155.96,87.92,0,0.0,1384,0,1388.4,1387.5
138.8000,147268,2000.0,1388.8,14.877,7.786,3.93,2.06,958.1,958.1,503.0,89,17.8,1.5,HOLD_RPM,-61.16,155.66,94.50,0,0.0,1384,0,1388.8,1392.7
138.8500,147318,2000.0,1388.8,7.523,7.786,1.99,2.06,463.1,463.1,503.0,90,18.0,1.5,HOLD_RPM,-61.12,155.35,94.34,0,0.0,1385,0,1388.8,1394.3
138.9000,147368,2000.0,1395.5,7.523,7.786,2.00,2.07,463.1,463.1,503.0,94,18.8,1.5,HOLD_RPM,-61.12,155.05,93.92,0,0.0,1385,0,1395.5,1397.2
138.9500,147418,2000.0,1395.5,7.523,7.786,2.00,2.07,463.1,463.1,500.1,94,18.8,0.1,HOLD_RPM,-60.45,154.74,96.32,0,0.0,1385,0,1395.5,1415.8
139.0000,147468,2000.0,1416.6,7.523,7.786,2.03,2.10,463.1,463.1,500.1,95,19.0,0.1,HOLD_RPM,-60.45,154.44,93.99,0,0.0,1385,0,1416.6,1421.4
139.0500,147518,2000.0,1416.6,2.168,7.786,0.58,2.10,735.3,735.3,500.1,94,18.8,0.1,HOLD_RPM,-58.34,154.15,102.12,0,0.0,1386,0,1416.6,1422.6
139.1000,147568,2000.0,1423.4,2.168,7.786,0.59,2.11,735.3,735.3,500.6,101,20.2,0.3,HOLD_RPM,-58.34,153.86,95.51,0,0.0,1387,0,1423.4,1425.4
139.1500,147618,2000.0,1423.4,2.168,7.786,0.59,2.11,735.3,735.3,500.6,96,19.2,0.3,HOLD_RPM,-57.66,153.57,97.95,0,0.0,1388,0,1423.4,1423.2
139.2000,147668,2000.0,1421.0,8.880,7.786,2.40,2.11,1102.8,1102.8,500.6,96,19.2,0.3,HOLD_RPM,-57.66,153.28,95.62,0,0.0,1389,0,1421.0,1414.3
139.2500,147718,2000.0,1421.0,8.880,7.786,2.40,2.11,1102.8,1102.8,502.8,94,18.8,1.4,HOLD_RPM,-57.90,152.99,94.38,0,0.0,1390,0,1421.0,1417.8
139.3000,147768,2000.0,1424.8,8.880,7.786,2.41,2.11,1102.8,1102.8,502.8,94,18.8,1.4,HOLD_RPM,-57.90,152.70,94.80,0,0.0,1390,0,1424.8,1430.6
139.3500,147818,2000.0,1424.8,16.344,7.786,4.43,2.11,917.2,917.2,502.8,95,19.0,1.4,HOLD_RPM,-57.52,152.42,96.04,0,0.0,1391,0,1424.8,1417.3
139.4000,147868,2000.0,1404.1,16.344,7.786,4.37,2.08,917.2,917.2,501.9,95,19.0,0.9,HOLD_RPM,-57.52,152.13,94.61,0,0.0,1391,0,1404.1,1390.7
139.4500,147918,2000.0,1404.1,16.344,7.786,4.37,2.08,917.2,917.2,501.9,93,18.6,0.9,HOLD_RPM,-59.59,151.83,86.03,0,0.0,1391,0,1404.1,1354.8
139.5000,147968,2000.0,1333.0,11.381,7.786,2.89,1.98,397.2,397.2,501.9,86,17.2,0.9,HOLD_RPM,-59.59,151.53,91.94,0,0.0,1391,0,1333.0,1311.9
139.5500,148018,2000.0,1333.0,11.381,7.786,2.89,1.98,397.2,397.2,500.3,89,17.8,0.1,HOLD_RPM,-66.70,151.20,63.18,0,0.0,1391,0,1333.0,1277.1
139.6000,148068,2000.0,1249.4,11.381,7.786,2.71,1.85,397.2,397.2,500.3,80,16.0,0.1,HOLD_RPM,-66.70,150.87,84.17,0,0.0,1393,0,1249.4,1222.9
139.6500,148118,2000.0,1249.4,11.816,7.786,2.81,1.85,989.1,989.1,500.3,73,14.6,0.1,HOLD_RPM,-75.06,150.49,50.34,0,0.0,1394,0,1249.4,1147.4
139.7000,148168,0.0,1102.4,11.816,7.786,2.48,1.63,989.1,989.1,500.3,64,12.8,0.1,IDLE,0.00,0.00,0.00,0,0.0,1394,0,1102.4,1060.7
139.7500,148218,0.0,1102.4,11.816,7.786,2.48,1.63,989.1,989.1,501.1,50,10.0,0.6,IDLE,0.00,0.00,0.00,0,0.0,1394,0,1102.4,1001.3
139.8000,148268,0.0,937.1,11.816,7.786,2.11,1.39,989.1,989.1,501.1,25,5.0,0.6,IDLE,0.00,0.00,0.00,0,0.0,1394,0,937.1,907.6
139.8500,148318,0.0,937.1,17.429,7.786,3.11,1.39,828.1,828.1,501.1,7,1.4,0.6,IDLE,0.00,0.00,0.00,0,0.0,1394,0,937.1,839.7
139.9000,148368,0.0,803.4,17.429,7.786,2.67,1.19,828.1,828.1,500.4,0,0.0,0.2,IDLE,0.00,0.00,0.00,0,0.0,1394,0,803.4,803.4
139.9500,148418,0.0,803.4,17.429,7.786,2.67,1.19,828.1,828.1,500.4,0,0.0,0.2,IDLE,0.00,0.00,0.00,0,0.0,1396,0,803.4,803.4
140.0000,148468,0.0,803.4,7.973,7.786,1.22,1.19,519.7,519.7,500.4,0,0.0,0.2,IDLE,0.00,0.00,0.00,0,0.0,1398,0,803.4,803.4
140.0500,148518,0.0,803.4,7.973,7.786,1.22,1.19,519.7,519.7,501.1,0,0.0,0.6,IDLE,0.00,0.00,0.00,0,0.0,1399,0,803.4,803.4
140.1000,148568,0.0,803.4,7.973,7.786,1.22,1.19,519.7,519.7,501.1,0,0.0,0.6,IDLE,0.00,0.00,0.00,0,0.0,1400,0,803.4,803.4
140.1500,148618,0.0,803.4,-2.537,7.786,-0.39,1.19,730.9,730.9,501.1,0,0.0,0.6,IDLE,0.00,0.00,0.00,0,0.0,1401,0,803.4,803.4
140.2000,148668,0.0,803.4,-2.537,7.786,-0.39,1.19,730.9,730.9,500.8,0,0.0,0.4,IDLE,0.00,0.00,0.00,0,0.0,1401,0,803.4,803.4
140.2500,148718,0.0,803.4,-2.537,7.786,-0.39,1.19,730.9,730.9,500.8,0,0.0,0.4,IDLE,0.00,0.00,0.00,0,0.0,1402,0,803.4,803.4
140.3000,148768,0.0,803.4,-7.722,7.786,-1.18,1.19,723.8,723.8,500.8,0,0.0,0.4,IDLE,0.00,0.00,0.00,0,0.0,1402,0,803.4,803.4
140.3500,148818,0.0,803.4,-7.722,7.786,-1.18,1.19,723.8,723.8,500.8,0,0.0,0.4,IDLE,0.00,0.00,0.00,0,0.0,1403,0,803.4,803.4
140.4000,148868,0.0,803.4,-7.722,7.786,-1.18,1.19,723.8,723.8,502.4,0,0.0,1.2,IDLE,0.00,0.00,0.00,0,0.0,1403,0,803.4,803.4
140.4500,148918,0.0,803.4,-7.722,7.786,-1.18,1.19,723.8,723.8,502.4,0,0.0,1.2,IDLE,0.00,0.00,0.00,0,0.0,1403,0,803.4,803.4
140.5000,148968,0.0,803.4,-0.642,7.786,-0.10,1.19,783.1,783.1,502.4,0,0.0,1.2,IDLE,0.00,0.00,0.00,0,0.0,1404,0,803.4,803.4
140.5500,149018,0.0,803.4,-0.642,7.786,-0.10,1.19,783.1,783.1,499.9,0,0.0,-0.1,IDLE,0.00,0.00,0.00,0,0.0,1404,0,803.4,803.4
140.6000,149068,0.0,0.0,-0.642,7.786,0.00,0.00,783.1,783.1,499.9,0,0.0,-0.1,IDLE,0.00,0.00,0.00,0,0.0,1404,0,0.0,803.4
140.6500,149118,0.0,0.0,-1.689,7.786,0.00,0.00,688.1,688.1,499.9,0,0.0,-0.1,IDLE,0.00,0.00,0.00,0,0.0,1404,0,0.0,803.4
140.7000,149168,0.0,0.0,-1.689,7.786,0.00,0.00,688.1,688.1,501.6,0,0.0,0.8,IDLE,0.00,0.00,0.00,0,0.0,1404,0,0.0,803.4
140.7500,149218,0.0,0.0,-1.689,7.786,0.00,0.00,688.1,688.1,501.6,0,0.0,0.8,IDLE,0.00,0.00,0.00,0,0.0,1404,0,0.0,803.4
140.8000,149268,0.0,0.0,-9.094,7.786,0.00,0.00,768.1,768.1,501.6,0,0.0,0.8,IDLE,0.00,0.00,0.00,0,0.0,1404,0,0.0,803.4
140.8500,149318,0.0,0.0,-9.094,7.786,0.00,0.00,768.1,768.1,500.5,0,0.0,0.3,IDLE,0.00,0.00,0.00,0,0.0,1404,0,0.0,803.4
140.9000,149368,0.0,0.0,-9.094,7.786,0.00,0.00,768.1,768.1,500.5,0,0.0,0.3,IDLE,0.00,0.00,0.00,0,0.0,1404,0,0.0,803.4
140.9500,149418,0.0,0.0,-12.590,7.786,0.00,0.00,759.1,759.1,500.5,0,0.0,0.3,IDLE,0.00,0.00,0.00,0,0.0,1404,0,0.0,803.4
141.0000,149468,0.0,0.0,-12.590,7.786,0.00,0.00,759.1,759.1,501.1,0,0.0,0.6,IDLE,0.00,0.00,0.00,0,0.0,1404,0,0.0,803.4
141.0500,149518,0.0,0.0,-12.590,7.786,0.00,0.00,759.1,759.1,501.1,0,0.0,0.6,IDLE,0.00,0.00,0.00,0,0.0,1404,0,0.0,803.4
141.1000,149568,0.0,0.0,-4.366,7.786,0.00,0.00,769.1,769.1,501.1,0,0.0,0.6,IDLE,0.00,0.00,0.00,0,0.0,1404,0,0.0,803.4
141.1500,149618,0.0,0.0,-4.366,7.786,0.00,0.00,769.1,769.1,501.1,0,0.0,0.6,IDLE,0.00,0.00,0.00,0,0.0,1404,0,0.0,803.4
141.2000,149668,0.0,0.0,-4.366,7.786,0.00,0.00,769.1,769.1,500.8,0,0.0,0.4,IDLE,0.00,0.00,0.00,0,0.0,1404,0,0.0,803.4
141.2500,149718,0.0,0.0,-4.366,7.786,0.00,0.00,769.1,769.1,500.8,0,0.0,0.4,IDLE,0.00,0.00,0.00,0,0.0,1404,0,0.0,803.4
141.3000,149768,0.0,0.0,-9.301,7.786,0.00,0.00,765.9,765.9,500.8,0,0.0,0.4,IDLE,0.00,0.00,0.00,0,0.0,1404,0,0.0,803.4
141.3500,149818,0.0,0.0,-9.301,7.786,0.00,0.00,765.9,765.9,499.5,0,0.0,-0.2,IDLE,0.00,0.00,0.00,0,0.0,1404,0,0.0,803.4
141.4000,149868,0.0,0.0,-9.301,7.786,0.00,0.00,765.9,765.9,499.5,0,0.0,-0.2,IDLE,0.00,0.00,0.00,0,0.0,1404,0,0.0,803.4
141.4500,149918,0.0,0.0,-10.732,7.786,0.00,0.00,763.4,763.4,499.5,0,0.0,-0.2,IDLE,0.00,0.00,0.00,0,0.0,1404,0,0.0,803.4
141.5000,149968,0.0,0.0,-10.732,7.786,0.00,0.00,763.4,763.4,500.5,0,0.0,0.3,IDLE,0.00,0.00,0.00,0,0.0,1404,0,0.0,803.4
141.5500,150018,0.0,0.0,-10.732,7.786,0.00,0.00,763.4,763.4,500.5,0,0.0,0.3,IDLE,0.00,0.00,0.00,0,0.0,1404,0,0.0,803.4
141.6000,150068,0.0,0.0,-5.384,7.786,0.00,0.00,761.2,761.2,500.5,0,0.0,0.3,IDLE,0.00,0.00,0.00,0,0.0,1404,0,0.0,803.4
141.6500,150118,0.0,0.0,-5.384,7.786,0.00,0.00,761.2,761.2,500.1,0,0.0,0.1,IDLE,0.00,0.00,0.00,0,0.0,1404,0,0.0,803.4
141.7000,150168,0.0,0.0,-5.384,7.786,0.00,0.00,761.2,761.2,500.1,0,0.0,0.1,IDLE,0.00,0.00,0.00,0,0.0,1404,0,0.0,803.4
141.7500,150218,0.0,0.0,-4.661,7.786,0.00,0.00,763.8,763.8,500.1,0,0.0,0.1,IDLE,0.00,0.00,0.00,0,0.0,1404,0,0.0,803.4
141.8000,150268,0.0,0.0,-4.661,7.786,0.00,0.00,763.8,763.8,500.1,0,0.0,0.1,IDLE,0.00,0.00,0.00,0,0.0,1404,0,0.0,803.4
141.8500,150318,0.0,0.0,-4.661,7.786,0.00,0.00,763.8,763.8,500.8,0,0.0,0.4,IDLE,0.00,0.00,0.00,0,0.0,1404,0,0.0,803.4
141.9000,150368,0.0,0.0,-4.661,7.786,0.00,0.00,763.8,763.8,500.8,0,0.0,0.4,IDLE,0.00,0.00,0.00,0,0.0,1404,0,0.0,803.4
141.9500,150418,0.0,0.0,-3.784,7.786,0.00,0.00,763.4,763.4,500.8,0,0.0,0.4,IDLE,0.00,0.00,0.00,0,0.0,1404,0,0.0,803.4
142.0000,150468,0.0,0.0,-3.784,7.786,0.00,0.00,763.4,763.4,501.5,0,0.0,0.8,IDLE,0.00,0.00,0.00,0,0.0,1404,0,0.0,803.4
142.0500,150518,0.0,0.0,-3.784,7.786,0.00,0.00,763.4,763.4,501.5,0,0.0,0.8,IDLE,0.00,0.00,0.00,0,0.0,1404,0,0.0,803.4
142.1000,150568,0.0,0.0,-4.211,7.786,0.00,0.00,763.8,763.8,501.5,0,0.0,0.8,IDLE,0.00,0.00,0.00,0,0.0,1404,0,0.0,803.4
142.1500,150618,0.0,0.0,-4.211,7.786,0.00,0.00,763.8,763.8,502.0,0,0.0,1.0,IDLE,0.00,0.00,0.00,0,0.0,1404,0,0.0,803.4
142.2000,150668,0.0,0.0,-4.211,7.786,0.00,0.00,763.8,763.8,502.0,0,0.0,1.0,IDLE,0.00,0.00,0.00,0,0.0,1404,0,0.0,803.4
142.2500,150718,0.0,0.0,-2.375,7.786,0.00,0.00,770.9,770.9,502.0,0,0.0,1.0,IDLE,0.00,0.00,0.00,0,0.0,1404,0,0.0,803.4
142.3000,150768,0.0,0.0,-2.375,7.786,0.00,0.00,770.9,770.9,500.9,0,0.0,0.4,IDLE,0.00,0.00,0.00,0,0.0,1404,0,0.0,803.4
142.3500,150818,0.0,0.0,-2.375,7.786,0.00,0.00,770.9,770.9,500.9,0,0.0,0.4,IDLE,0.00,0.00,0.00,0,0.0,1404,0,0.0,803.4
142.4000,150868,0.0,0.0,-2.419,7.786,0.00,0.00,766.2,766.2,500.9,0,0.0,0.4,IDLE,0.00,0.00,0.00,0,0.0,1404,0,0.0,803.4
142.4500,150918,0.0,0.0,-2.419,7.786,0.00,0.00,766.2,766.2,501.4,0,0.0,0.7,IDLE,0.00,0.00,0.00,0,0.0,1404,0,0.0,803.4
142.5000,150968,0.0,0.0,-2.419,7.786,0.00,0.00,766.2,766.2,501.4,0,0.0,0.7,IDLE,0.00,0.00,0.00,0,0.0,1404,0,0.0,0.0
142.5500,151018,0.0,0.0,-2.257,7.786,0.00,0.00,766.6,766.6,501.4,0,0.0,0.7,IDLE,0.00,0.00,0.00,0,0.0,1404,0,0.0,0.0
142.6000,151068,0.0,0.0,-2.257,7.786,0.00,0.00,766.6,766.6,501.4,0,0.0,0.7,IDLE,0.00,0.00,0.00,0,0.0,1404,0,0.0,0.0
142.6500,151118,0.0,0.0,-2.257,7.786,0.00,0.00,766.6,766.6,501.6,0,0.0,0.8,IDLE,0.00,0.00,0.00,0,0.0,1404,0,0.0,0.0
142.7000,151168,0.0,0.0,-2.257,7.786,0.00,0.00,766.6,766.6,501.6,0,0.0,0.8,IDLE,0.00,0.00,0.00,0,0.0,1404,0,0.0,0.0
142.7500,151218,0.0,0.0,-2.478,7.786,0.00,0.00,759.1,759.1,501.6,0,0.0,0.8,IDLE,0.00,0.00,0.00,0,0.0,1404,0,0.0,0.0
142.8000,151268,0.0,0.0,-2.478,7.786,0.00,0.00,759.1,759.1,501.8,0,0.0,0.9,IDLE,0.00,0.00,0.00,0,0.0,1404,0,0.0,0.0
142.8500,151318,0.0,0.0,-2.478,7.786,0.00,0.00,759.1,759.1,501.8,0,0.0,0.9,IDLE,0.00,0.00,0.00,0,0.0,1404,0,0.0,0.0
142.9000,151368,0.0,0.0,-2.611,7.786,0.00,0.00,759.7,759.7,501.8,0,0.0,0.9,IDLE,0.00,0.00,0.00,0,0.0,1404,0,0.0,0.0
142.9500,151418,0.0,0.0,-2.611,7.786,0.00,0.00,759.7,759.7,501.6,0,0.0,0.8,IDLE,0.00,0.00,0.00,0,0.0,1404,0,0.0,0.0
143.0000,151468,0.0,0.0,-2.611,7.786,0.00,0.00,759.7,759.7,501.6,0,0.0,0.8,IDLE,0.00,0.00,0.00,0,0.0,1404,0,0.0,0.0
143.0500,151518,0.0,0.0,-2.781,7.786,0.00,0.00,755.9,755.9,501.6,0,0.0,0.8,IDLE,0.00,0.00,0.00,0,0.0,1404,0,0.0,0.0
143.1000,151568,0.0,0.0,-2.781,7.786,0.00,0.00,755.9,755.9,502.5,0,0.0,1.2,IDLE,0.00,0.00,0.00,0,0.0,1404,0,0.0,0.0
143.1500,151618,0.0,0.0,-2.781,7.786,0.00,0.00,755.9,755.9,502.5,0,0.0,1.2,IDLE,0.00,0.00,0.00,0,0.0,1404,0,0.0,0.0
143.2000,151668,0.0,0.0,-2.913,7.786,0.00,0.00,755.3,755.3,502.5,0,0.0,1.2,IDLE,0.00,0.00,0.00,0,0.0,1404,0,0.0,0.0
143.2500,151718,0.0,0.0,-2.913,7.786,0.00,0.00,755.3,755.3,502.5,0,0.0,1.2,IDLE,0.00,0.00,0.00,0,0.0,1404,0,0.0,0.0
143.3000,151768,0.0,0.0,-2.913,7.786,0.00,0.00,755.3,755.3,500.8,0,0.0,0.4,IDLE,0.00,0.00,0.00,0,0.0,1404,0,0.0,0.0
143.3500,151818,0.0,0.0,-2.913,7.786,0.00,0.00,755.3,755.3,500.8,0,0.0,0.4,IDLE,0.00,0.00,0.00,0,0.0,1404,0,0.0,0.0
143.4000,151868,0.0,0.0,-2.995,7.786,0.00,0.00,760.0,760.0,500.8,0,0.0,0.4,IDLE,0.00,0.00,0.00,0,0.0,1404,0,0.0,0.0
143.4500,151918,0.0,0.0,-2.995,7.786,0.00,0.00,760.0,760.0,502.4,0,0.0,1.2,IDLE,0.00,0.00,0.00,0,0.0,1404,0,0.0,0.0
143.5000,151968,0.0,0.0,-2.995,7.786,0.00,0.00,760.0,760.0,502.4,0,0.0,1.2,IDLE,0.00,0.00,0.00,0,0.0,1404,0,0.0,0.0
143.5500,152018,0.0,0.0,-3.127,7.786,0.00,0.00,757.5,757.5,502.4,0,0.0,1.2,IDLE,0.00,0.00,0.00,0,0.0,1404,0,0.0,0.0
143.6000,152068,0.0,0.0,-3.127,7.786,0.00,0.00,757.5,757.5,501.9,0,0.0,0.9,IDLE,0.00,0.00,0.00,0,0.0,1404,0,0.0,0.0
143.6500,152118,0.0,0.0,-3.127,7.786,0.00,0.00,757.5,757.5,501.9,0,0.0,0.9,IDLE,0.00,0.00,0.00,0,0.0,1404,0,0.0,0.0
143.7000,152168,0.0,0.0,-3.039,7.786,0.00,0.00,767.8,767.8,501.9,0,0.0,0.9,IDLE,0.00,0.00,0.00,0,0.0,1404,0,0.0,0.0
143.7500,152218,0.0,0.0,-3.039,7.786,0.00,0.00,767.8,767.8,501.8,0,0.0,0.9,IDLE,0.00,0.00,0.00,0,0.0,1404,0,0.0,0.0
143.8000,152268,0.0,0.0,-3.039,7.786,0.00,0.00,767.8,767.8,501.8,0,0.0,0.9,IDLE,0.00,0.00,0.00,0,0.0,1404,0,0.0,0.0
143.8500,152318,0.0,0.0,-3.208,7.786,0.00,0.00,763.1,763.1,501.8,0,0.0,0.9,IDLE,0.00,0.00,0.00,0,0.0,1404,0,0.0,0.0
143.9000,152368,0.0,0.0,-3.208,7.786,0.00,0.00,763.1,763.1,501.6,0,0.0,0.8,IDLE,0.00,0.00,0.00,0,0.0,1404,0,0.0,0.0
143.9500,152418,0.0,0.0,-3.208,7.786,0.00,0.00,763.1,763.1,501.6,0,0.0,0.8,IDLE,0.00,0.00,0.00,0,0.0,1404,0,0.0,0.0
144.0000,152468,0.0,0.0,-3.024,7.786,0.00,0.00,774.7,774.7,501.6,0,0.0,0.8,IDLE,0.00,0.00,0.00,0,0.0,1404,0,0.0,0.0
144.0500,152518,0.0,0.0,-3.024,7.786,0.00,0.00,774.7,774.7,501.6,0,0.0,0.8,IDLE,0.00,0.00,0.00,0,0.0,1404,0,0.0,0.0
144.1000,152568,0.0,0.0,-3.024,7.786,0.00,0.00,774.7,774.7,502.5,0,0.0,1.2,IDLE,0.00,0.00,0.00,0,0.0,1404,0,0.0,0.0
144.1500,152618,0.0,0.0,-3.024,7.786,0.00,0.00,774.7,774.7,502.5,0,0.0,1.2,IDLE,0.00,0.00,0.00,0,0.0,1404,0,0.0,0.0
144.2000,152668,0.0,0.0,-2.965,7.786,0.00,0.00,769.1,769.1,502.5,0,0.0,1.2,IDLE,0.00,0.00,0.00,0,0.0,1404,0,0.0,0.0
144.2500,152718,0.0,0.0,-2.965,7.786,0.00,0.00,769.1,769.1,502.0,0,0.0,1.0,IDLE,0.00,0.00,0.00,0,0.0,1404,0,0.0,0.0
144.3000,152768,0.0,0.0,-2.965,7.786,0.00,0.00,769.1,769.1,502.0,0,0.0,1.0,IDLE,0.00,0.00,0.00,0,0.0,1404,0,0.0,0.0
144.3500,152818,0.0,0.0,-2.552,7.786,0.00,0.00,777.8,777.8,502.0,0,0.0,1.0,IDLE,0.00,0.00,0.00,0,0.0,1404,0,0.0,0.0
144.4000,152868,0.0,0.0,-2.552,7.786,0.00,0.00,777.8,777.8,501.9,0,0.0,0.9,IDLE,0.00,0.00,0.00,0,0.0,1404,0,0.0,0.0
144.4500,152918,0.0,0.0,-2.552,7.786,0.00,0.00,777.8,777.8,501.9,0,0.0,0.9,IDLE,0.00,0.00,0.00,0,0.0,1404,0,0.0,0.0
144.5000,152968,0.0,0.0,-2.264,7.786,0.00,0.00,772.8,772.8,501.9,0,0.0,0.9,IDLE,0.00,0.00,0.00,0,0.0,1404,0,0.0,0.0
144.5500,153018,0.0,0.0,-2.264,7.786,0.00,0.00,772.8,772.8,500.6,0,0.0,0.3,IDLE,0.00,0.00,0.00,0,0.0,1404,0,0.0,0.0
144.6000,153068,0.0,0.0,-2.264,7.786,0.00,0.00,772.8,772.8,500.6,0,0.0,0.3,IDLE,0.00,0.00,0.00,0,0.0,1404,0,0.0,0.0
144.6500,153118,0.0,0.0,-1.763,7.786,0.00,0.00,778.4,778.4,500.6,0,0.0,0.3,IDLE,0.00,0.00,0.00,0,0.0,1404,0,0.0,0.0
144.7000,153168,0.0,0.0,-1.763,7.786,0.00,0.00,778.4,778.4,500.6,0,0.0,0.3,IDLE,0.00,0.00,0.00,0,0.0,1404,0,0.0,0.0
144.7500,153218,0.0,0.0,-1.763,7.786,0.00,0.00,778.4,778.4,501.9,0,0.0,0.9,IDLE,0.00,0.00,0.00,0,0.0,1404,0,0.0,0.0
144.8000,153268,0.0,0.0,-1.763,7.786,0.00,0.00,778.4,778.4,501.9,0,0.0,0.9,IDLE,0.00,0.00,0.00,0,0.0,1404,0,0.0,0.0
144.8500,153318,0.0,0.0,-1.313,7.786,0.00,0.00,775.6,775.6,501.9,0,0.0,0.9,IDLE,0.00,0.00,0.00,0,0.0,1404,0,0.0,0.0
144.9000,153368,0.0,0.0,-1.313,7.786,0.00,0.00,775.6,775.6,501.5,0,0.0,0.8,IDLE,0.00,0.00,0.00,0,0.0,1404,0,0.0,0.0
144.9500,153418,0.0,0.0,-1.313,7.786,0.00,0.00,775.6,775.6,501.5,0,0.0,0.8,IDLE,0.00,0.00,0.00,0,0.0,1404,0,0.0,0.0
145.0000,153468,0.0,0.0,-0.937,7.786,0.00,0.00,777.2,777.2,501.5,0,0.0,0.8,IDLE,0.00,0.00,0.00,0,0.0,1404,0,0.0,0.0
145.0500,153518,0.0,0.0,-0.937,7.786,0.00,0.00,777.2,777.2,502.3,0,0.0,1.1,IDLE,0.00,0.00,0.00,0,0.0,1404,0,0.0,0.0
145.1000,153568,0.0,0.0,-0.937,7.786,0.00,0.00,777.2,777.2,502.3,0,0.0,1.1,IDLE,0.00,0.00,0.00,0,0.0,1404,0,0.0,0.0
145.1500,153618,0.0,0.0,-0.516,7.786,0.00,0.00,776.2,776.2,502.3,0,0.0,1.1,IDLE,0.00,0.00,0.00,0,0.0,1404,0,0.0,0.0
145.2000,153668,0.0,0.0,-0.516,7.786,0.00,0.00,776.2,776.2,502.4,0,0.0,1.2,IDLE,0.00,0.00,0.00,0,0.0,1404,0,0.0,0.0
145.2500,153718,0.0,0.0,-0.516,7.786,0.00,0.00,776.2,776.2,502.4,0,0.0,1.2,IDLE,0.00,0.00,0.00,0,0.0,1404,0,0.0,0.0
145.3000,153768,0.0,0.0,-0.354,7.786,0.00,0.00,775.3,775.3,502.4,0,0.0,1.2,IDLE,0.00,0.00,0.00,0,0.0,1404,0,0.0,0.0
145.3500,153818,0.0,0.0,-0.354,7.786,0.00,0.00,775.3,775.3,499.6,0,0.0,-0.2,IDLE,0.00,0.00,0.00,0,0.0,1404,0,0.0,0.0
145.4000,153868,0.0,0.0,-0.354,7.786,0.00,0.00,775.3,775.3,499.6,0,0.0,-0.2,IDLE,0.00,0.00,0.00,0,0.0,1404,0,0.0,0.0
145.4500,153918,0.0,0.0,-0.052,7.786,0.00,0.00,776.6,776.6,499.6,0,0.0,-0.2,IDLE,0.00,0.00,0.00,0,0.0,1404,0,0.0,0.0
145.5000,153968,0.0,0.0,-0.052,7.786,0.00,0.00,776.6,776.6,499.6,0,0.0,-0.2,IDLE,0.00,0.00,0.00,0,0.0,1404,0,0.0,0.0
145.5500,154018,0.0,0.0,-0.052,7.786,0.00,0.00,776.6,776.6,501.8,0,0.0,0.9,IDLE,0.00,0.00,0.00,0,0.0,1404,0,0.0,0.0
145.6000,154068,0.0,0.0,-0.052,7.786,0.00,0.00,776.6,776.6,501.8,0,0.0,0.9,IDLE,0.00,0.00,0.00,0,0.0,1404,0,0.0,0.0
145.6500,154118,0.0,0.0,-0.118,7.786,0.00,0.00,771.9,771.9,501.8,0,0.0,0.9,IDLE,0.00,0.00,0.00,0,0.0,1404,0,0.0,0.0
145.7000,154168,0.0,0.0,-0.118,7.786,0.00,0.00,771.9,771.9,501.1,0,0.0,0.6,IDLE,0.00,0.00,0.00,0,0.0,1404,0,0.0,0.0
145.7500,154218,0.0,0.0,-0.118,7.786,0.00,0.00,771.9,771.9,501.1,0,0.0,0.6,IDLE,0.00,0.00,0.00,0,0.0,1404,0,0.0,0.0
145.8000,154268,0.0,0.0,0.022,7.786,0.00,0.00,775.3,775.3,501.1,0,0.0,0.6,IDLE,0.00,0.00,0.00,0,0.0,1404,0,0.0,0.0
145.8500,154318,0.0,0.0,0.022,7.786,0.00,0.00,775.3,775.3,501.0,0,0.0,0.5,IDLE,0.00,0.00,0.00,0,0.0,1404,0,0.0,0.0
145.9000,154368,0.0,0.0,0.022,7.786,0.00,0.00,775.3,775.3,501.0,0,0.0,0.5,IDLE,0.00,0.00,0.00,0,0.0,1404,0,0.0,0.0
145.9500,154418,0.0,0.0,-0.089,7.786,0.00,0.00,772.8,772.8,501.0,0,0.0,0.5,IDLE,0.00,0.00,0.00,0,0.0,1404,0,0.0,0.0
146.0000,154468,0.0,0.0,-0.089,7.786,0.00,0.00,772.8,772.8,500.8,0,0.0,0.4,IDLE,0.00,0.00,0.00,0,0.0,1404,0,0.0,0.0
146.0500,154518,0.0,0.0,-0.089,7.786,0.00,0.00,772.8,772.8,500.8,0,0.0,0.4,IDLE,0.00,0.00,0.00,0,0.0,1404,0,0.0,0.0
146.1000,154568,0.0,0.0,-0.066,7.786,0.00,0.00,773.8,773.8,500.8,0,0.0,0.4,IDLE,0.00,0.00,0.00,0,0.0,1404,0,0.0,0.0
146.1500,154618,0.0,0.0,-0.066,7.786,0.00,0.00,773.8,773.8,500.8,0,0.0,0.4,IDLE,0.00,0.00,0.00,0,0.0,1404,0,0.0,0.0
146.2000,154668,0.0,0.0,-0.066,7.786,0.00,0.00,773.8,773.8,501.9,0,0.0,0.9,IDLE,0.00,0.00,0.00,0,0.0,1404,0,0.0,0.0
146.2500,154718,0.0,0.0,-0.066,7.786,0.00,0.00,773.8,773.8,501.9,0,0.0,0.9,IDLE,0.00,0.00,0.00,0,0.0,1404,0,0.0,0.0
146.3000,154768,0.0,0.0,-0.199,7.786,0.00,0.00,772.5,772.5,501.9,0,0.0,0.9,IDLE,0.00,0.00,0.00,0,0.0,1404,0,0.0,0.0
146.3500,154818,0.0,0.0,-0.199,7.786,0.00,0.00,772.5,772.5,501.8,0,0.0,0.9,IDLE,0.00,0.00,0.00,0,0.0,1404,0,0.0,0.0
146.4000,154868,0.0,0.0,-0.199,7.786,0.00,0.00,772.5,772.5,501.8,0,0.0,0.9,IDLE,0.00,0.00,0.00,0,0.0,1404,0,0.0,0.0
146.4500,154918,0.0,0.0,-0.266,7.786,0.00,0.00,772.8,772.8,501.8,0,0.0,0.9,IDLE,0.00,0.00,0.00,0,0.0,1404,0,0.0,0.0
146.5000,154968,0.0,0.0,-0.266,7.786,0.00,0.00,772.8,772.8,501.3,0,0.0,0.6,IDLE,0.00,0.00,0.00,0,0.0,1404,0,0.0,0.0
146.5500,155018,0.0,0.0,-0.266,7.786,0.00,0.00,772.8,772.8,501.3,0,0.0,0.6,IDLE,0.00,0.00,0.00,0,0.0,1404,0,0.0,0.0
146.6000,155068,0.0,0.0,-0.435,7.786,0.00,0.00,769.4,769.4,501.3,0,0.0,0.6,IDLE,0.00,0.00,0.00,0,0.0,1404,0,0.0,0.0
146.6500,155118,0.0,0.0,-0.435,7.786,0.00,0.00,769.4,769.4,502.0,0,0.0,1.0,IDLE,0.00,0.00,0.00,0,0.0,1404,0,0.0,0.0
146.7000,155168,0.0,0.0,-0.435,7.786,0.00,0.00,769.4,769.4,502.0,0,0.0,1.0,IDLE,0.00,0.00,0.00,0,0.0,1404,0,0.0,0.0
146.7500,155218,0.0,0.0,-0.575,7.786,0.00,0.00,770.0,770.0,502.0,0,0.0,1.0,IDLE,0.00,0.00,0.00,0,0.0,1404,0,0.0,0.0
146.8000,155268,0.0,0.0,-0.575,7.786,0.00,0.00,770.0,770.0,501.6,0,0.0,0.8,IDLE,0.00,0.00,0.00,0,0.0,1404,0,0.0,0.0
146.8500,155318,0.0,0.0,-0.575,7.786,0.00,0.00,770.0,770.0,501.6,0,0.0,0.8,IDLE,0.00,0.00,0.00,0,0.0,1404,0,0.0,0.0
146.9000,155368,0.0,0.0,-0.767,7.786,0.00,0.00,766.6,766.6,501.6,0,0.0,0.8,IDLE,0.00,0.00,0.00,0,0.0,1404,0,0.0,0.0
146.9500,155418,0.0,0.0,-0.767,7.786,0.00,0.00,766.6,766.6,501.6,0,0.0,0.8,IDLE,0.00,0.00,0.00,0,0.0,1404,0,0.0,0.0
147.0000,155468,0.0,0.0,-0.767,7.786,0.00,0.00,766.6,766.6,503.2,0,0.0,1.6,IDLE,0.00,0.00,0.00,0,0.0,1404,0,0.0,0.0
147.0500,155518,0.0,0.0,-0.767,7.786,0.00,0.00,766.6,766.6,503.2,0,0.0,1.6,IDLE,0.00,0.00,0.00,0,0.0,1404,0,0.0,0.0
147.1000,155568,0.0,0.0,-0.937,7.786,0.00,0.00,768.8,768.8,503.2,0,0.0,1.6,IDLE,0.00,0.00,0.00,0,0.0,1404,0,0.0,0.0
147.1500,155618,0.0,0.0,-0.937,7.786,0.00,0.00,768.8,768.8,502.8,0,0.0,1.4,IDLE,0.00,0.00,0.00,0,0.0,1404,0,0.0,0.0
147.2000,155668,0.0,0.0,-0.937,7.786,0.00,0.00,768.8,768.8,502.8,0,0.0,1.4,IDLE,0.00,0.00,0.00,0,0.0,1404,0,0.0,0.0
147.2500,155718,0.0,0.0,-1.077,7.786,0.00,0.00,765.6,765.6,502.8,0,0.0,1.4,IDLE,0.00,0.00,0.00,0,0.0,1404,0,0.0,0.0
147.3000,155768,0.0,0.0,-1.077,7.786,0.00,0.00,765.6,765.6,501.5,0,0.0,0.8,IDLE,0.00,0.00,0.00,0,0.0,1404,0,0.0,0.0
147.3500,155818,0.0,0.0,-1.077,7.786,0.00,0.00,765.6,765.6,501.5,0,0.0,0.8,IDLE,0.00,0.00,0.00,0,0.0,1404,0,0.0,0.0
147.4000,155868,0.0,0.0,-1.239,7.786,0.00,0.00,768.1,768.1,501.5,0,0.0,0.8,IDLE,0.00,0.00,0.00,0,0.0,1404,0,0.0,0.0
147.4500,155918,0.0,0.0,-1.239,7.786,0.00,0.00,768.1,768.1,503.2,0,0.0,1.6,IDLE,0.00,0.00,0.00,0,0.0,1404,0,0.0,0.0
147.5000,155968,0.0,0.0,-1.239,7.786,0.00,0.00,768.1,768.1,503.2,0,0.0,1.6,IDLE,0.00,0.00,0.00,0,0.0,1404,0,0.0,0.0
147.5500,156018,0.0,0.0,-1.423,7.786,0.00,0.00,764.4,764.4,503.2,0,0.0,1.6,IDLE,0.00,0.00,0.00,0,0.0,1404,0,0.0,0.0
147.6000,156068,0.0,0.0,-1.423,7.786,0.00,0.00,764.4,764.4,500.9,0,0.0,0.4,IDLE,0.00,0.00,0.00,0,0.0,1404,0,0.0,0.0
147.6500,156118,0.0,0.0,-1.423,7.786,0.00,0.00,764.4,764.4,500.9,0,0.0,0.4,IDLE,0.00,0.00,0.00,0,0.0,1404,0,0.0,0.0
147.7000,156168,0.0,0.0,-1.512,7.786,0.00,0.00,769.7,769.7,500.9,0,0.0,0.4,IDLE,0.00,0.00,0.00,0,0.0,1404,0,0.0,0.0
147.7500,156218,0.0,0.0,-1.512,7.786,0.00,0.00,769.7,769.7,500.9,0,0.0,0.4,IDLE,0.00,0.00,0.00,0,0.0,1404,0,0.0,0.0
147.8000,156268,0.0,0.0,-1.512,7.786,0.00,0.00,769.7,769.7,502.0,0,0.0,1.0,IDLE,0.00,0.00,0.00,0,0.0,1404,0,0.0,0.0
147.8500,156318,0.0,0.0,-1.512,7.786,0.00,0.00,769.7,769.7,502.0,0,0.0,1.0,IDLE,0.00,0.00,0.00,0,0.0,1404,0,0.0,0.0
147.9000,156368,0.0,0.0,-1.652,7.786,0.00,0.00,766.2,766.2,502.0,0,0.0,1.0,IDLE,0.00,0.00,0.00,0,0.0,1404,0,0.0,0.0
147.9500,156418,0.0,0.0,-1.652,7.786,0.00,0.00,766.2,766.2,502.5,0,0.0,1.2,IDLE,0.00,0.00,0.00,0,0.0,1404,0,0.0,0.0
148.0000,156468,0.0,0.0,-1.652,7.786,0.00,0.00,766.2,766.2,502.5,0,0.0,1.2,IDLE,0.00,0.00,0.00,0,0.0,1404,0,0.0,0.0
148.0500,156518,0.0,0.0,-1.652,7.786,0.00,0.00,772.8,772.8,502.5,0,0.0,1.2,IDLE,0.00,0.00,0.00,0,0.0,1404,0,0.0,0.0
148.1000,156568,0.0,0.0,-1.652,7.786,0.00,0.00,772.8,772.8,503.5,0,0.0,1.8,IDLE,0.00,0.00,0.00,0,0.0,1404,0,0.0,0.0
148.1500,156618,0.0,0.0,-1.652,7.786,0.00,0.00,772.8,772.8,503.5,0,0.0,1.8,IDLE,0.00,0.00,0.00,0,0.0,1404,0,0.0,0.0
148.2000,156668,0.0,0.0,-1.696,7.786,0.00,0.00,767.5,767.5,503.5,0,0.0,1.8,IDLE,0.00,0.00,0.00,0,0.0,1404,0,0.0,0.0
148.2500,156718,0.0,0.0,-1.696,7.786,0.00,0.00,767.5,767.5,503.2,0,0.0,1.6,IDLE,0.00,0.00,0.00,0,0.0,1404,0,0.0,0.0
148.3000,156768,0.0,0.0,-1.696,7.786,0.00,0.00,767.5,767.5,503.2,0,0.0,1.6,IDLE,0.00,0.00,0.00,0,0.0,1404,0,0.0,0.0
148.3500,156818,0.0,0.0,-1.519,7.786,0.00,0.00,777.8,777.8,503.2,0,0.0,1.6,IDLE,0.00,0.00,0.00,0,0.0,1404,0,0.0,0.0
148.4000,156868,0.0,0.0,-1.519,7.786,0.00,0.00,777.8,777.8,503.2,0,0.0,1.6,IDLE,0.00,0.00,0.00,0,0.0,1404,0,0.0,0.0
148.4500,156918,0.0,0.0,-1.519,7.786,0.00,0.00,777.8,777.8,501.8,0,0.0,0.9,IDLE,0.00,0.00,0.00,0,0.0,1404,0,0.0,0.0
148.5000,156968,0.0,0.0,-1.519,7.786,0.00,0.00,777.8,777.8,501.8,0,0.0,0.9,IDLE,0.00,0.00,0.00,0,0.0,1404,0,0.0,0.0
148.5500,157018,0.0,0.0,-1.438,7.786,0.00,0.00,770.3,770.3,501.8,0,0.0,0.9,IDLE,0.00,0.00,0.00,0,0.0,1404,0,0.0,0.0
148.6000,157068,0.0,0.0,-1.438,7.786,0.00,0.00,770.3,770.3,503.0,0,0.0,1.5,IDLE,0.00,0.00,0.00,0,0.0,1404,0,0.0,0.0
148.6500,157118,0.0,0.0,-1.438,7.786,0.00,0.00,770.3,770.3,503.0,0,0.0,1.5,IDLE,0.00,0.00,0.00,0,0.0,1404,0,0.0,0.0
148.7000,157168,0.0,0.0,-1.158,7.786,0.00,0.00,781.2,781.2,503.0,0,0.0,1.5,IDLE,0.00,0.00,0.00,0,0.0,1404,0,0.0,0.0
148.7500,157218,0.0,0.0,-1.158,7.786,0.00,0.00,781.2,781.2,500.8,0,0.0,0.4,IDLE,0.00,0.00,0.00,0,0.0,1404,0,0.0,0.0
148.8000,157268,0.0,0.0,-1.158,7.786,0.00,0.00,781.2,781.2,500.8,0,0.0,0.4,IDLE,0.00,0.00,0.00,0,0.0,1404,0,0.0,0.0
148.8500,157318,0.0,0.0,-0.915,7.786,0.00,0.00,776.8,776.8,500.8,0,0.0,0.4,IDLE,0.00,0.00,0.00,0,0.0,1404,0,0.0,0.0
148.9000,157368,0.0,0.0,-0.915,7.786,0.00,0.00,776.8,776.8,501.3,0,0.0,0.6,IDLE,0.00,0.00,0.00,0,0.0,1404,0,0.0,0.0
148.9500,157418,0.0,0.0,-0.915,7.786,0.00,0.00,776.8,776.8,501.3,0,0.0,0.6,IDLE,0.00,0.00,0.00,0,0.0,1404,0,0.0,0.0
149.0000,157468,0.0,0.0,-0.907,7.786,0.00,0.00,768.4,768.4,501.3,0,0.0,0.6,IDLE,0.00,0.00,0.00,0,0.0,1404,0,0.0,0.0
149.0500,157518,0.0,0.0,-0.907,7.786,0.00,0.00,768.4,768.4,501.0,0,0.0,0.5,IDLE,0.00,0.00,0.00,0,0.0,1404,0,0.0,0.0
149.1000,157568,0.0,0.0,-0.907,7.786,0.00,0.00,768.4,768.4,501.0,0,0.0,0.5,IDLE,0.00,0.00,0.00,0,0.0,1404,0,0.0,0.0
149.1500,157618,0.0,0.0,-0.671,7.786,0.00,0.00,775.0,775.0,501.0,0,0.0,0.5,IDLE,0.00,0.00,0.00,0,0.0,1404,0,0.0,0.0
149.2000,157668,0.0,0.0,-0.671,7.786,0.00,0.00,775.0,775.0,501.0,0,0.0,0.5,IDLE,0.00,0.00,0.00,0,0.0,1404,0,0.0,0.0
149.2500,157718,0.0,0.0,-0.671,7.786,0.00,0.00,775.0,775.0,500.1,0,0.0,0.1,IDLE,0.00,0.00,0.00,0,0.0,1404,0,0.0,0.0
149.3000,157768,0.0,0.0,-0.671,7.786,0.00,0.00,775.0,775.0,500.1,0,0.0,0.1,IDLE,0.00,0.00,0.00,0,0.0,1404,0,0.0,0.0
149.3500,157818,0.0,0.0,-0.443,7.786,0.00,0.00,780.0,780.0,500.1,0,0.0,0.1,IDLE,0.00,0.00,0.00,0,0.0,1404,0,0.0,0.0
149.4000,157868,0.0,0.0,-0.443,7.786,0.00,0.00,780.0,780.0,501.8,0,0.0,0.9,IDLE,0.00,0.00,0.00,0,0.0,1404,0,0.0,0.0
149.4500,157918,0.0,0.0,-0.443,7.786,0.00,0.00,780.0,780.0,501.8,0,0.0,0.9,IDLE,0.00,0.00,0.00,0,0.0,1404,0,0.0,0.0
149.5000,157968,0.0,0.0,-0.369,7.786,0.00,0.00,769.7,769.7,501.8,0,0.0,0.9,IDLE,0.00,0.00,0.00,0,0.0,1404,0,0.0,0.0
149.5500,158018,0.0,0.0,-0.369,7.786,0.00,0.00,769.7,769.7,501.4,0,0.0,0.7,IDLE,0.00,0.00,0.00,0,0.0,1404,0,0.0,0.0
149.6000,158068,0.0,0.0,-0.369,7.786,0.00,0.00,769.7,769.7,501.4,0,0.0,0.7,IDLE,0.00,0.00,0.00,0,0.0,1404,0,0.0,0.0
149.6500,158118,0.0,0.0,-0.295,7.786,0.00,0.00,775.9,775.9,501.4,0,0.0,0.7,IDLE,0.00,0.00,0.00,0,0.0,1404,0,0.0,0.0
149.7000,158168,0.0,0.0,-0.295,7.786,0.00,0.00,775.9,775.9,499.9,0,0.0,-0.1,IDLE,0.00,0.00,0.00,0,0.0,1404,0,0.0,0.0
149.7500,158218,0.0,0.0,-0.295,7.786,0.00,0.00,775.9,775.9,499.9,0,0.0,-0.1,IDLE,0.00,0.00,0.00,0,0.0,1404,0,0.0,0.0
149.8000,158268,0.0,0.0,-0.339,7.786,0.00,0.00,765.6,765.6,499.9,0,0.0,-0.1,IDLE,0.00,0.00,0.00,0,0.0,1404,0,0.0,0.0
149.8500,158318,0.0,0.0,-0.339,7.786,0.00,0.00,765.6,765.6,499.9,0,0.0,-0.1,IDLE,0.00,0.00,0.00,0,0.0,1404,0,0.0,0.0
149.9000,158368,0.0,0.0,-0.339,7.786,0.00,0.00,765.6,765.6,500.1,0,0.0,0.1,IDLE,0.00,0.00,0.00,0,0.0,1404,0,0.0,0.0
149.9500,158418,0.0,0.0,-0.339,7.786,0.00,0.00,765.6,765.6,500.1,0,0.0,0.1,IDLE,0.00,0.00,0.00,0,0.0,1404,0,0.0,0.0
150.0000,158468,0.0,0.0,-0.472,7.786,0.00,0.00,771.9,771.9,500.1,0,0.0,0.1,IDLE,0.00,0.00,0.00,0,0.0,1404,0,0.0,0.0
150.0500,158518,0.0,0.0,-0.472,7.786,0.00,0.00,771.9,771.9,500.1,0,0.0,0.1,IDLE,0.00,0.00,0.00,0,0.0,1404,0,0.0,0.0
150.1000,158568,0.0,0.0,-0.472,7.786,0.00,0.00,771.9,771.9,500.1,0,0.0,0.1,IDLE,0.00,0.00,0.00,0,0.0,1404,0,0.0,0.0
150.1500,158618,0.0,0.0,-0.642,7.786,0.00,0.00,762.5,762.5,500.1,0,0.0,0.1,IDLE,0.00,0.00,0.00,0,0.0,1404,0,0.0,0.0
150.2000,158668,0.0,0.0,-0.642,7.786,0.00,0.00,762.5,762.5,500.6,0,0.0,0.3,IDLE,0.00,0.00,0.00,0,0.0,1404,0,0.0,0.0
150.2500,158718,0.0,0.0,-0.642,7.786,0.00,0.00,762.5,762.5,500.6,0,0.0,0.3,IDLE,0.00,0.00,0.00,0,0.0,1404,0,0.0,0.0
150.3000,158768,0.0,0.0,-0.937,7.786,0.00,0.00,768.1,768.1,500.6,0,0.0,0.3,IDLE,0.00,0.00,0.00,0,0.0,1404,0,0.0,0.0
150.3500,158818,0.0,0.0,-0.937,7.786,0.00,0.00,768.1,768.1,501.1,0,0.0,0.6,IDLE,0.00,0.00,0.00,0,0.0,1404,0,0.0,0.0
150.4000,158868,0.0,0.0,-0.937,7.786,0.00,0.00,768.1,768.1,501.1,0,0.0,0.6,IDLE,0.00,0.00,0.00,0,0.0,1404,0,0.0,0.0
150.4500,158918,0.0,0.0,-1.232,7.786,0.00,0.00,763.4,763.4,501.1,0,0.0,0.6,IDLE,0.00,0.00,0.00,0,0.0,1404,0,0.0,0.0
150.5000,158968,0.0,0.0,-1.232,7.786,0.00,0.00,763.4,763.4,501.3,0,0.0,0.6,IDLE,0.00,0.00,0.00,0,0.0,1404,0,0.0,0.0
150.5500,159018,0.0,0.0,-1.232,7.786,0.00,0.00,763.4,763.4,501.3,0,0.0,0.6,IDLE,0.00,0.00,0.00,0,0.0,1404,0,0.0,0.0
150.6000,159068,0.0,0.0,-1.269,7.786,0.00,0.00,766.9,766.9,501.3,0,0.0,0.6,IDLE,0.00,0.00,0.00,0,0.0,1404,0,0.0,0.0
150.6500,159118,0.0,0.0,-1.269,7.786,0.00,0.00,766.9,766.9,501.3,0,0.0,0.6,IDLE,0.00,0.00,0.00,0,0.0,1404,0,0.0,0.0
150.7000,159168,0.0,0.0,-1.269,7.786,0.00,0.00,766.9,766.9,500.5,0,0.0,0.3,IDLE,0.00,0.00,0.00,0,0.0,1404,0,0.0,0.0
150.7500,159218,0.0,0.0,-1.269,7.786,0.00,0.00,766.9,766.9,500.5,0,0.0,0.3,IDLE,0.00,0.00,0.00,0,0.0,1404,0,0.0,0.0
150.8000,159268,0.0,0.0,-1.490,7.786,0.00,0.00,765.0,765.0,500.5,0,0.0,0.3,IDLE,0.00,0.00,0.00,0,0.0,1404,0,0.0,0.0
150.8500,159318,0.0,0.0,-1.490,7.786,0.00,0.00,765.0,765.0,500.8,0,0.0,0.4,IDLE,0.00,0.00,0.00,0,0.0,1404,0,0.0,0.0
150.9000,159368,0.0,0.0,-1.490,7.786,0.00,0.00,765.0,765.0,500.8,0,0.0,0.4,IDLE,0.00,0.00,0.00,0,0.0,1404,0,0.0,0.0
150.9500,159418,0.0,0.0,-1.748,7.786,0.00,0.00,768.1,768.1,500.8,0,0.0,0.4,IDLE,0.00,0.00,0.00,0,0.0,1404,0,0.0,0.0
151.0000,159468,0.0,0.0,-1.748,7.786,0.00,0.00,768.1,768.1,500.5,0,0.0,0.3,IDLE,0.00,0.00,0.00,0,0.0,1404,0,0.0,0.0
151.0500,159518,0.0,0.0,-1.748,7.786,0.00,0.00,768.1,768.1,500.5,0,0.0,0.3,IDLE,0.00,0.00,0.00,0,0.0,1404,0,0.0,0.0
151.1000,159568,0.0,0.0,-1.785,7.786,0.00,0.00,768.1,768.1,500.5,0,0.0,0.3,IDLE,0.00,0.00,0.00,0,0.0,1404,0,0.0,0.0
151.1500,159618,0.0,0.0,-1.785,7.786,0.00,0.00,768.1,768.1,500.9,0,0.0,0.4,IDLE,0.00,0.00,0.00,0,0.0,1404,0,0.0,0.0
151.2000,159668,0.0,0.0,-1.785,7.786,0.00,0.00,768.1,768.1,500.9,0,0.0,0.4,IDLE,0.00,0.00,0.00,0,0.0,1404,0,0.0,0.0
151.2500,159718,0.0,0.0,-1.918,7.786,0.00,0.00,770.0,770.0,500.9,0,0.0,0.4,IDLE,0.00,0.00,0.00,0,0.0,1404,0,0.0,0.0
151.3000,159768,0.0,0.0,-1.918,7.786,0.00,0.00,770.0,770.0,500.9,0,0.0,0.4,IDLE,0.00,0.00,0.00,0,0.0,1404,0,0.0,0.0
151.3500,159818,0.0,0.0,-1.918,7.786,0.00,0.00,770.0,770.0,500.6,0,0.0,0.3,IDLE,0.00,0.00,0.00,0,0.0,1404,0,0.0,0.0
151.4000,159868,0.0,0.0,-1.918,7.786,0.00,0.00,770.0,770.0,500.6,0,0.0,0.3,IDLE,0.00,0.00,0.00,0,0.0,1404,0,0.0,0.0
151.4500,159918,0.0,0.0,-1.910,7.786,0.00,0.00,765.9,765.9,500.6,0,0.0,0.3,IDLE,0.00,0.00,0.00,0,0.0,1404,0,0.0,0.0
151.5000,159968,0.0,0.0,-1.910,7.786,0.00,0.00,765.9,765.9,500.4,0,0.0,0.2,IDLE,0.00,0.00,0.00,0,0.0,1404,0,0.0,0.0
151.5500,160018,0.0,0.0,-1.910,7.786,0.00,0.00,765.9,765.9,500.4,0,0.0,0.2,IDLE,0.00,0.00,0.00,0,0.0,1404,0,0.0,0.0
151.6000,160068,0.0,0.0,-1.991,7.786,0.00,0.00,768.1,768.1,500.4,0,0.0,0.2,IDLE,0.00,0.00,0.00,0,0.0,1404,0,0.0,0.0
151.6500,160118,0.0,0.0,-1.991,7.786,0.00,0.00,768.1,768.1,501.6,0,0.0,0.8,IDLE,0.00,0.00,0.00,0,0.0,1404,0,0.0,0.0
151.7000,160168,0.0,0.0,-1.991,7.786,0.00,0.00,768.1,768.1,501.6,0,0.0,0.8,IDLE,0.00,0.00,0.00,0,0.0,1404,0,0.0,0.0
151.7500,160218,0.0,0.0,-1.792,7.786,0.00,0.00,771.6,771.6,501.6,0,0.0,0.8,IDLE,0.00,0.00,0.00,0,0.0,1404,0,0.0,0.0
151.8000,160268,0.0,0.0,-1.792,7.786,0.00,0.00,771.6,771.6,501.0,0,0.0,0.5,IDLE,0.00,0.00,0.00,0,0.0,1404,0,0.0,0.0
151.8500,160318,0.0,0.0,-1.792,7.786,0.00,0.00,771.6,771.6,501.0,0,0.0,0.5,IDLE,0.00,0.00,0.00,0,0.0,1404,0,0.0,0.0
151.9000,160368,0.0,0.0,-1.896,7.786,0.00,0.00,763.4,763.4,501.0,0,0.0,0.5,IDLE,0.00,0.00,0.00,0,0.0,1404,0,0.0,0.0
151.9500,160418,0.0,0.0,-1.896,7.786,0.00,0.00,763.4,763.4,501.1,0,0.0,0.6,IDLE,0.00,0.00,0.00,0,0.0,1404,0,0.0,0.0
152.0000,160468,0.0,0.0,-1.896,7.786,0.00,0.00,763.4,763.4,501.1,0,0.0,0.6,IDLE,0.00,0.00,0.00,0,0.0,1404,0,0.0,0.0
152.0500,160518,0.0,0.0,-1.829,7.786,0.00,0.00,766.2,766.2,501.1,0,0.0,0.6,IDLE,0.00,0.00,0.00,0,0.0,1404,0,0.0,0.0
152.1000,160568,0.0,0.0,-1.829,7.786,0.00,0.00,766.2,766.2,501.1,0,0.0,0.6,IDLE,0.00,0.00,0.00,0,0.0,1404,0,0.0,0.0
152.1500,160618,0.0,0.0,-1.829,7.786,0.00,0.00,766.2,766.2,501.3,0,0.0,0.6,IDLE,0.00,0.00,0.00,0,0.0,1404,0,0.0,0.0
152.2000,160668,0.0,0.0,-1.829,7.786,0.00,0.00,766.2,766.2,501.3,0,0.0,0.6,IDLE,0.00,0.00,0.00,0,0.0,1404,0,0.0,0.0
152.2500,160718,0.0,0.0,-2.006,7.786,0.00,0.00,759.1,759.1,501.3,0,0.0,0.6,IDLE,0.00,0.00,0.00,0,0.0,1404,0,0.0,0.0
152.3000,160768,0.0,0.0,-2.006,7.786,0.00,0.00,759.1,759.1,501.0,0,0.0,0.5,IDLE,0.00,0.00,0.00,0,0.0,1404,0,0.0,0.0
152.3500,160818,0.0,0.0,-2.006,7.786,0.00,0.00,759.1,759.1,501.0,0,0.0,0.5,IDLE,0.00,0.00,0.00,0,0.0,1404,0,0.0,0.0
152.4000,160868,0.0,0.0,-1.955,7.786,0.00,0.00,767.2,767.2,501.0,0,0.0,0.5,IDLE,0.00,0.00,0.00,0,0.0,1404,0,0.0,0.0
152.4500,160918,0.0,0.0,-1.955,7.786,0.00,0.00,767.2,767.2,500.9,0,0.0,0.4,IDLE,0.00,0.00,0.00,0,0.0,1404,0,0.0,0.0
152.5000,160968,0.0,0.0,-1.955,7.786,0.00,0.00,767.2,767.2,500.9,0,0.0,0.4,IDLE,0.00,0.00,0.00,0,0.0,1404,0,0.0,0.0
152.5500,161018,0.0,0.0,-1.719,7.786,0.00,0.00,778.8,778.8,500.9,0,0.0,0.4,IDLE,0.00,0.00,0.00,0,0.0,1404,0,0.0,0.0
152.6000,161068,0.0,0.0,-1.719,7.786,0.00,0.00,778.8,778.8,500.1,0,0.0,0.1,IDLE,0.00,0.00,0.00,0,0.0,1404,0,0.0,0.0
152.6500,161118,0.0,0.0,-1.719,7.786,0.00,0.00,778.8,778.8,500.1,0,0.0,0.1,IDLE,0.00,0.00,0.00,0,0.0,1404,0,0.0,0.0
152.7000,161168,0.0,0.0,-1.556,7.786,0.00,0.00,775.6,775.6,500.1,0,0.0,0.1,IDLE,0.00,0.00,0.00,0,0.0,1404,0,0.0,0.0
152.7500,161218,0.0,0.0,-1.556,7.786,0.00,0.00,775.6,775.6,500.1,0,0.0,0.1,IDLE,0.00,0.00,0.00,0,0.0,1404,0,0.0,0.0
152.8000,161268,0.0,0.0,-1.556,7.786,0.00,0.00,775.6,775.6,500.5,0,0.0,0.3,IDLE,0.00,0.00,0.00,0,0.0,1404,0,0.0,0.0
152.8500,161318,0.0,0.0,-1.556,7.786,0.00,0.00,775.6,775.6,500.5,0,0.0,0.3,IDLE,0.00,0.00,0.00,0,0.0,1404,0,0.0,0.0
152.9000,161368,0.0,0.0,-1.542,7.786,0.00,0.00,770.6,770.6,500.5,0,0.0,0.3,IDLE,0.00,0.00,0.00,0,0.0,1404,0,0.0,0.0
152.9500,161418,0.0,0.0,-1.542,7.786,0.00,0.00,770.6,770.6,500.5,0,0.0,0.3,IDLE,0.00,0.00,0.00,0,0.0,1404,0,0.0,0.0
153.0000,161468,0.0,0.0,-1.542,7.786,0.00,0.00,770.6,770.6,500.5,0,0.0,0.3,IDLE,0.00,0.00,0.00,0,0.0,1404,0,0.0,0.0
153.0500,161518,0.0,0.0,-1.165,7.786,0.00,0.00,782.8,782.8,500.5,0,0.0,0.3,IDLE,0.00,0.00,0.00,0,0.0,1404,0,0.0,0.0
153.1000,161568,0.0,0.0,-1.165,7.786,0.00,0.00,782.8,782.8,500.4,0,0.0,0.2,IDLE,0.00,0.00,0.00,0,0.0,1404,0,0.0,0.0
153.1500,161618,0.0,0.0,-1.165,7.786,0.00,0.00,782.8,782.8,500.4,0,0.0,0.2,IDLE,0.00,0.00,0.00,0,0.0,1404,0,0.0,0.0
153.2000,161668,0.0,0.0,-0.922,7.786,0.00,0.00,779.4,779.4,500.4,0,0.0,0.2,IDLE,0.00,0.00,0.00,0,0.0,1404,0,0.0,0.0
153.2500,161718,0.0,0.0,-0.922,7.786,0.00,0.00,779.4,779.4,501.0,0,0.0,0.5,IDLE,0.00,0.00,0.00,0,0.0,1404,0,0.0,0.0
153.3000,161768,0.0,0.0,-0.922,7.786,0.00,0.00,779.4,779.4,501.0,0,0.0,0.5,IDLE,0.00,0.00,0.00,0,0.0,1404,0,0.0,0.0
153.3500,161818,0.0,0.0,-0.656,7.786,0.00,0.00,783.4,783.4,501.0,0,0.0,0.5,IDLE,0.00,0.00,0.00,0,0.0,1404,0,0.0,0.0
153.4000,161868,0.0,0.0,-0.656,7.786,0.00,0.00,783.4,783.4,500.6,0,0.0,0.3,IDLE,0.00,0.00,0.00,0,0.0,1404,0,0.0,0.0
153.4500,161918,0.0,0.0,-0.656,7.786,0.00,0.00,783.4,783.4,500.6,0,0.0,0.3,IDLE,0.00,0.00,0.00,0,0.0,1404,0,0.0,0.0
153.5000,161968,0.0,0.0,-0.221,7.786,0.00,0.00,783.1,783.1,500.6,0,0.0,0.3,IDLE,0.00,0.00,0.00,0,0.0,1404,0,0.0,0.0
153.5500,162018,0.0,0.0,-0.221,7.786,0.00,0.00,783.1,783.1,500.6,0,0.0,0.3,IDLE,0.00,0.00,0.00,0,0.0,1404,0,0.0,0.0
153.6000,162068,0.0,0.0,-0.221,7.786,0.00,0.00,783.1,783.1,501.4,0,0.0,0.7,IDLE,0.00,0.00,0.00,0,0.0,1404,0,0.0,0.0
153.6500,162118,0.0,0.0,-0.221,7.786,0.00,0.00,783.1,783.1,501.4,0,0.0,0.7,IDLE,0.00,0.00,0.00,0,0.0,1404,0,0.0,0.0
153.7000,162168,0.0,0.0,-0.037,7.786,0.00,0.00,774.7,774.7,501.4,0,0.0,0.7,IDLE,0.00,0.00,0.00,0,0.0,1404,0,0.0,0.0
153.7500,162218,0.0,0.0,-0.037,7.786,0.00,0.00,774.7,774.7,500.1,0,0.0,0.1,IDLE,0.00,0.00,0.00,0,0.0,1404,0,0.0,0.0
153.8000,162268,0.0,0.0,-0.037,7.786,0.00,0.00,774.7,774.7,500.1,0,0.0,0.1,IDLE,0.00,0.00,0.00,0,0.0,1404,0,0.0,0.0
153.8500,162318,0.0,0.0,0.406,7.786,0.00,0.00,779.1,779.1,500.1,0,0.0,0.1,IDLE,0.00,0.00,0.00,0,0.0,1404,0,0.0,0.0
153.9000,162368,0.0,0.0,0.406,7.786,0.00,0.00,779.1,779.1,501.4,0,0.0,0.7,IDLE,0.00,0.00,0.00,0,0.0,1404,0,0.0,0.0
153.9500,162418,0.0,0.0,0.406,7.786,0.00,0.00,779.1,779.1,501.4,0,0.0,0.7,IDLE,0.00,0.00,0.00,0,0.0,1404,0,0.0,0.0
154.0000,162468,0.0,0.0,0.361,7.786,0.00,0.00,765.0,765.0,501.4,0,0.0,0.7,IDLE,0.00,0.00,0.00,0,0.0,1404,0,0.0,0.0
154.0500,162518,0.0,0.0,0.361,7.786,0.00,0.00,765.0,765.0,500.3,0,0.0,0.1,IDLE,0.00,0.00,0.00,0,0.0,1404,0,0.0,0.0
154.1000,162568,0.0,0.0,0.361,7.786,0.00,0.00,765.0,765.0,500.3,0,0.0,0.1,IDLE,0.00,0.00,0.00,0,0.0,1404,0,0.0,0.0
154.1500,162618,0.0,0.0,0.155,7.786,0.00,0.00,769.4,769.4,500.3,0,0.0,0.1,IDLE,0.00,0.00,0.00,0,0.0,1404,0,0.0,0.0
154.2000,162668,0.0,0.0,0.155,7.786,0.00,0.00,769.4,769.4,500.3,0,0.0,0.1,IDLE,0.00,0.00,0.00,0,0.0,1404,0,0.0,0.0
154.2500,162718,0.0,0.0,0.155,7.786,0.00,0.00,769.4,769.4,500.1,0,0.0,0.1,IDLE,0.00,0.00,0.00,0,0.0,1404,0,0.0,0.0
154.3000,162768,0.0,0.0,0.155,7.786,0.00,0.00,769.4,769.4,500.1,0,0.0,0.1,IDLE,0.00,0.00,0.00,0,0.0,1404,0,0.0,0.0
154.3500,162818,0.0,0.0,-0.162,7.786,0.00,0.00,761.6,761.6,500.1,0,0.0,0.1,IDLE,0.00,0.00,0.00,0,0.0,1404,0,0.0,0.0
154.4000,162868,0.0,0.0,-0.162,7.786,0.00,0.00,761.6,761.6,500.8,0,0.0,0.4,IDLE,0.00,0.00,0.00,0,0.0,1404,0,0.0,0.0
154.4500,162918,0.0,0.0,-0.162,7.786,0.00,0.00,761.6,761.6,500.8,0,0.0,0.4,IDLE,0.00,0.00,0.00,0,0.0,1404,0,0.0,0.0
154.5000,162968,0.0,0.0,-0.310,7.786,0.00,0.00,763.8,763.8,500.8,0,0.0,0.4,IDLE,0.00,0.00,0.00,0,0.0,1404,0,0.0,0.0
154.5500,163018,0.0,0.0,-0.310,7.786,0.00,0.00,763.8,763.8,500.3,0,0.0,0.1,IDLE,0.00,0.00,0.00,0,0.0,1404,0,0.0,0.0
154.6000,163068,0.0,0.0,-0.310,7.786,0.00,0.00,763.8,763.8,500.3,0,0.0,0.1,IDLE,0.00,0.00,0.00,0,0.0,1404,0,0.0,0.0
154.6500,163118,0.0,0.0,-0.701,7.786,0.00,0.00,765.3,765.3,500.3,0,0.0,0.1,IDLE,0.00,0.00,0.00,0,0.0,1404,0,0.0,0.0
154.7000,163168,0.0,0.0,-0.701,7.786,0.00,0.00,765.3,765.3,500.5,0,0.0,0.3,IDLE,0.00,0.00,0.00,0,0.0,1404,0,0.0,0.0
154.7500,163218,0.0,0.0,-0.701,7.786,0.00,0.00,765.3,765.3,500.5,0,0.0,0.3,IDLE,0.00,0.00,0.00,0,0.0,1404,0,0.0,0.0
154.8000,163268,0.0,0.0,-1.018,7.786,0.00,0.00,765.0,765.0,500.5,0,0.0,0.3,IDLE,0.00,0.00,0.00,0,0.0,1404,0,0.0,0.0
154.8500,163318,0.0,0.0,-1.018,7.786,0.00,0.00,765.0,765.0,501.1,0,0.0,0.6,IDLE,0.00,0.00,0.00,0,0.0,1404,0,0.0,0.0
154.9000,163368,0.0,0.0,-1.018,7.786,0.00,0.00,765.0,765.0,501.1,0,0.0,0.6,IDLE,0.00,0.00,0.00,0,0.0,1404,0,0.0,0.0
154.9500,163418,0.0,0.0,-1.357,7.786,0.00,0.00,768.1,768.1,501.1,0,0.0,0.6,IDLE,0.00,0.00,0.00,0,0.0,1404,0,0.0,0.0
155.0000,163468,0.0,0.0,-1.357,7.786,0.00,0.00,768.1,768.1,501.1,0,0.0,0.6,IDLE,0.00,0.00,0.00,0,0.0,1404,0,0.0,0.0
155.0500,163518,0.0,0.0,-1.357,7.786,0.00,0.00,768.1,768.1,501.5,0,0.0,0.8,IDLE,0.00,0.00,0.00,0,0.0,1404,0,0.0,0.0
155.1000,163568,0.0,0.0,-1.357,7.786,0.00,0.00,768.1,768.1,501.5,0,0.0,0.8,IDLE,0.00,0.00,0.00,0,0.0,1404,0,0.0,0.0
155.1500,163618,0.0,0.0,-1.711,7.786,0.00,0.00,766.9,766.9,501.5,0,0.0,0.8,IDLE,0.00,0.00,0.00,0,0.0,1404,0,0.0,0.0
155.2000,163668,0.0,0.0,-1.711,7.786,0.00,0.00,766.9,766.9,501.1,0,0.0,0.6,IDLE,0.00,0.00,0.00,0,0.0,1404,0,0.0,0.0
155.2500,163718,0.0,0.0,-1.711,7.786,0.00,0.00,766.9,766.9,501.1,0,0.0,0.6,IDLE,0.00,0.00,0.00,0,0.0,1404,0,0.0,0.0
155.3000,163768,0.0,0.0,-1.851,7.786,0.00,0.00,768.4,768.4,501.1,0,0.0,0.6,IDLE,0.00,0.00,0.00,0,0.0,1404,0,0.0,0.0
155.3500,163818,0.0,0.0,-1.851,7.786,0.00,0.00,768.4,768.4,500.4,0,0.0,0.2,IDLE,0.00,0.00,0.00,0,0.0,1404,0,0.0,0.0
155.4000,163868,0.0,0.0,-1.851,7.786,0.00,0.00,768.4,768.4,500.4,0,0.0,0.2,IDLE,0.00,0.00,0.00,0,0.0,1404,0,0.0,0.0
155.4500,163918,0.0,0.0,-2.124,7.786,0.00,0.00,766.9,766.9,500.4,0,0.0,0.2,IDLE,0.00,0.00,0.00,0,0.0,1404,0,0.0,0.0
155.5000,163968,0.0,0.0,-2.124,7.786,0.00,0.00,766.9,766.9,501.5,0,0.0,0.8,IDLE,0.00,0.00,0.00,0,0.0,1404,0,0.0,0.0
155.5500,164018,0.0,0.0,-2.124,7.786,0.00,0.00,766.9,766.9,501.5,0,0.0,0.8,IDLE,0.00,0.00,0.00,0,0.0,1404,0,0.0,0.0
155.6000,164068,0.0,0.0,-2.043,7.786,0.00,0.00,768.8,768.8,501.5,0,0.0,0.8,IDLE,0.00,0.00,0.00,0,0.0,1404,0,0.0,0.0
155.6500,164118,0.0,0.0,-2.043,7.786,0.00,0.00,768.8,768.8,501.0,0,0.0,0.5,IDLE,0.00,0.00,0.00,0,0.0,1404,0,0.0,0.0
155.7000,164168,0.0,0.0,-2.043,7.786,0.00,0.00,768.8,768.8,501.0,0,0.0,0.5,IDLE,0.00,0.00,0.00,0,0.0,1404,0,0.0,0.0
155.7500,164218,0.0,0.0,-2.124,7.786,0.00,0.00,765.6,765.6,501.0,0,0.0,0.5,IDLE,0.00,0.00,0.00,0,0.0,1404,0,0.0,0.0
155.8000,164268,0.0,0.0,-2.124,7.786,0.00,0.00,765.6,765.6,501.0,0,0.0,0.5,IDLE,0.00,0.00,0.00,0,0.0,1404,0,0.0,0.0
155.8500,164318,0.0,0.0,-2.124,7.786,0.00,0.00,765.6,765.6,500.6,0,0.0,0.3,IDLE,0.00,0.00,0.00,0,0.0,1404,0,0.0,0.0
155.9000,164368,0.0,0.0,-2.124,7.786,0.00,0.00,765.6,765.6,500.6,0,0.0,0.3,IDLE,0.00,0.00,0.00,0,0.0,1404,0,0.0,0.0
155.9500,164418,0.0,0.0,-1.770,7.786,0.00,0.00,777.5,777.5,500.6,0,0.0,0.3,IDLE,0.00,0.00,0.00,0,0.0,1404,0,0.0,0.0
156.0000,164468,0.0,0.0,-1.770,7.786,0.00,0.00,777.5,777.5,501.0,0,0.0,0.5,IDLE,0.00,0.00,0.00,0,0.0,1404,0,0.0,0.0
156.0500,164518,0.0,0.0,-1.770,7.786,0.00,0.00,777.5,777.5,501.0,0,0.0,0.5,IDLE,0.00,0.00,0.00,0,0.0,1404,0,0.0,0.0
156.1000,164568,0.0,0.0,-1.423,7.786,0.00,0.00,779.4,779.4,501.0,0,0.0,0.5,IDLE,0.00,0.00,0.00,0,0.0,1404,0,0.0,0.0
156.1500,164618,0.0,0.0,-1.423,7.786,0.00,0.00,779.4,779.4,501.1,0,0.0,0.6,IDLE,0.00,0.00,0.00,0,0.0,1404,0,0.0,0.0
156.2000,164668,0.0,0.0,-1.423,7.786,0.00,0.00,779.4,779.4,501.1,0,0.0,0.6,IDLE,0.00,0.00,0.00,0,0.0,1404,0,0.0,0.0
156.2500,164718,0.0,0.0,-1.084,7.786,0.00,0.00,780.6,780.6,501.1,0,0.0,0.6,IDLE,0.00,0.00,0.00,0,0.0,1404,0,0.0,0.0
156.3000,164768,0.0,0.0,-1.084,7.786,0.00,0.00,780.6,780.6,501.9,0,0.0,0.9,IDLE,0.00,0.00,0.00,0,0.0,1404,0,0.0,0.0
156.3500,164818,0.0,0.0,-1.084,7.786,0.00,0.00,780.6,780.6,501.9,0,0.0,0.9,IDLE,0.00,0.00,0.00,0,0.0,1404,0,0.0,0.0
156.4000,164868,0.0,0.0,-0.900,7.786,0.00,0.00,773.4,773.4,501.9,0,0.0,0.9,IDLE,0.00,0.00,0.00,0,0.0,1404,0,0.0,0.0
156.4500,164918,0.0,0.0,-0.900,7.786,0.00,0.00,773.4,773.4,501.9,0,0.0,0.9,IDLE,0.00,0.00,0.00,0,0.0,1404,0,0.0,0.0
156.5000,164968,0.0,0.0,-0.900,7.786,0.00,0.00,773.4,773.4,500.6,0,0.0,0.3,IDLE,0.00,0.00,0.00,0,0.0,1404,0,0.0,0.0
156.5500,165018,0.0,0.0,-0.900,7.786,0.00,0.00,773.4,773.4,500.6,0,0.0,0.3,IDLE,0.00,0.00,0.00,0,0.0,1404,0,0.0,0.0
156.6000,165068,0.0,0.0,-0.715,7.786,0.00,0.00,776.2,776.2,500.6,0,0.0,0.3,IDLE,0.00,0.00,0.00,0,0.0,1404,0,0.0,0.0
156.6500,165118,0.0,0.0,-0.715,7.786,0.00,0.00,776.2,776.2,499.9,0,0.0,-0.1,IDLE,0.00,0.00,0.00,0,0.0,1404,0,0.0,0.0
156.7000,165168,0.0,0.0,-0.715,7.786,0.00,0.00,776.2,776.2,499.9,0,0.0,-0.1,IDLE,0.00,0.00,0.00,0,0.0,1404,0,0.0,0.0
156.7500,165218,0.0,0.0,-0.863,7.786,0.00,0.00,760.3,760.3,499.9,0,0.0,-0.1,IDLE,0.00,0.00,0.00,0,0.0,1404,0,0.0,0.0
156.8000,165268,0.0,0.0,-0.863,7.786,0.00,0.00,760.3,760.3,502.0,0,0.0,1.0,IDLE,0.00,0.00,0.00,0,0.0,1404,0,0.0,0.0
156.8500,165318,0.0,0.0,-0.863,7.786,0.00,0.00,760.3,760.3,502.0,0,0.0,1.0,IDLE,0.00,0.00,0.00,0,0.0,1404,0,0.0,0.0
156.9000,165368,0.0,0.0,-0.966,7.786,0.00,0.00,763.8,763.8,502.0,0,0.0,1.0,IDLE,0.00,0.00,0.00,0,0.0,1404,0,0.0,0.0
156.9500,165418,0.0,0.0,-0.966,7.786,0.00,0.00,763.8,763.8,503.1,0,0.0,1.6,IDLE,0.00,0.00,0.00,0,0.0,1404,0,0.0,0.0
157.0000,165468,0.0,0.0,-0.966,7.786,0.00,0.00,763.8,763.8,503.1,0,0.0,1.6,IDLE,0.00,0.00,0.00,0,0.0,1404,0,0.0,0.0
157.0500,165518,0.0,0.0,-1.202,7.786,0.00,0.00,756.2,756.2,503.1,0,0.0,1.6,IDLE,0.00,0.00,0.00,0,0.0,1404,0,0.0,0.0
157.1000,165568,0.0,0.0,-1.202,7.786,0.00,0.00,756.2,756.2,502.3,0,0.0,1.1,IDLE,0.00,0.00,0.00,0,0.0,1404,0,0.0,0.0
157.1500,165618,0.0,0.0,-1.202,7.786,0.00,0.00,756.2,756.2,502.3,0,0.0,1.1,IDLE,0.00,0.00,0.00,0,0.0,1404,0,0.0,0.0
157.2000,165668,0.0,0.0,-1.482,7.786,0.00,0.00,756.2,756.2,502.3,0,0.0,1.1,IDLE,0.00,0.00,0.00,0,0.0,1404,0,0.0,0.0
157.2500,165718,0.0,0.0,-1.482,7.786,0.00,0.00,756.2,756.2,502.3,0,0.0,1.1,IDLE,0.00,0.00,0.00,0,0.0,1404,0,0.0,0.0
157.3000,165768,0.0,0.0,-1.482,7.786,0.00,0.00,756.2,756.2,501.4,0,0.0,0.7,IDLE,0.00,0.00,0.00,0,0.0,1404,0,0.0,0.0
157.3500,165818,0.0,0.0,-1.482,7.786,0.00,0.00,756.2,756.2,501.4,0,0.0,0.7,IDLE,0.00,0.00,0.00,0,0.0,1404,0,0.0,0.0
157.4000,165868,0.0,0.0,-1.468,7.786,0.00,0.00,766.2,766.2,501.4,0,0.0,0.7,IDLE,0.00,0.00,0.00,0,0.0,1404,0,0.0,0.0
157.4500,165918,0.0,0.0,-1.468,7.786,0.00,0.00,766.2,766.2,501.8,0,0.0,0.9,IDLE,0.00,0.00,0.00,0,0.0,1404,0,0.0,0.0
157.5000,165968,0.0,0.0,-1.468,7.786,0.00,0.00,766.2,766.2,501.8,0,0.0,0.9,IDLE,0.00,0.00,0.00,0,0.0,1404,0,0.0,0.0
157.5500,166018,0.0,0.0,-1.807,7.786,0.00,0.00,762.2,762.2,501.8,0,0.0,0.9,IDLE,0.00,0.00,0.00,0,0.0,1404,0,0.0,0.0
157.6000,166068,0.0,0.0,-1.807,7.786,0.00,0.00,762.2,762.2,502.5,0,0.0,1.2,IDLE,0.00,0.00,0.00,0,0.0,1404,0,0.0,0.0
157.6500,166118,0.0,0.0,-1.807,7.786,0.00,0.00,762.2,762.2,502.5,0,0.0,1.2,IDLE,0.00,0.00,0.00,0,0.0,1404,0,0.0,0.0
157.7000,166168,0.0,0.0,-1.822,7.786,0.00,0.00,778.4,778.4,502.5,0,0.0,1.2,IDLE,0.00,0.00,0.00,0,0.0,1404,0,0.0,0.0
157.7500,166218,0.0,0.0,-1.822,7.786,0.00,0.00,778.4,778.4,500.9,0,0.0,0.4,IDLE,0.00,0.00,0.00,0,0.0,1404,0,0.0,0.0
157.8000,166268,0.0,0.0,-1.822,7.786,0.00,0.00,778.4,778.4,500.9,0,0.0,0.4,IDLE,0.00,0.00,0.00,0,0.0,1404,0,0.0,0.0
157.8500,166318,0.0,0.0,-1.940,7.786,0.00,0.00,775.3,775.3,500.9,0,0.0,0.4,IDLE,0.00,0.00,0.00,0,0.0,1404,0,0.0,0.0
157.9000,166368,0.0,0.0,-1.940,7.786,0.00,0.00,775.3,775.3,500.9,0,0.0,0.4,IDLE,0.00,0.00,0.00,0,0.0,1404,0,0.0,0.0
157.9500,166418,0.0,0.0,-1.940,7.786,0.00,0.00,775.3,775.3,501.5,0,0.0,0.8,IDLE,0.00,0.00,0.00,0,0.0,1404,0,0.0,0.0
158.0000,166468,0.0,0.0,-1.940,7.786,0.00,0.00,775.3,775.3,501.5,0,0.0,0.8,IDLE,0.00,0.00,0.00,0,0.0,1404,0,0.0,0.0
158.0500,166518,0.0,0.0,-1.785,7.786,0.00,0.00,780.6,780.6,501.5,0,0.0,0.8,IDLE,0.00,0.00,0.00,0,0.0,1404,0,0.0,0.0
158.1000,166568,0.0,0.0,-1.785,7.786,0.00,0.00,780.6,780.6,502.6,0,0.0,1.3,IDLE,0.00,0.00,0.00,0,0.0,1404,0,0.0,0.0
158.1500,166618,0.0,0.0,-1.785,7.786,0.00,0.00,780.6,780.6,502.6,0,0.0,1.3,IDLE,0.00,0.00,0.00,0,0.0,1404,0,0.0,0.0
158.2000,166668,0.0,0.0,-1.689,7.786,0.00,0.00,780.6,780.6,502.6,0,0.0,1.3,IDLE,0.00,0.00,0.00,0,0.0,1404,0,0.0,0.0
158.2500,166718,0.0,0.0,-1.689,7.786,0.00,0.00,780.6,780.6,502.8,0,0.0,1.4,IDLE,0.00,0.00,0.00,0,0.0,1404,0,0.0,0.0
158.3000,166768,0.0,0.0,-1.689,7.786,0.00,0.00,780.6,780.6,502.8,0,0.0,1.4,IDLE,0.00,0.00,0.00,0,0.0,1404,0,0.0,0.0
158.3500,166818,0.0,0.0,-1.291,7.786,0.00,0.00,778.1,778.1,502.8,0,0.0,1.4,IDLE,0.00,0.00,0.00,0,0.0,1404,0,0.0,0.0
158.4000,166868,0.0,0.0,-1.291,7.786,0.00,0.00,778.1,778.1,503.4,0,0.0,1.7,IDLE,0.00,0.00,0.00,0,0.0,1404,0,0.0,0.0
158.4500,166918,0.0,0.0,-1.291,7.786,0.00,0.00,778.1,778.1,503.4,0,0.0,1.7,IDLE,0.00,0.00,0.00,0,0.0,1404,0,0.0,0.0
158.5000,166968,0.0,0.0,-1.062,7.786,0.00,0.00,774.1,774.1,503.4,0,0.0,1.7,IDLE,0.00,0.00,0.00,0,0.0,1404,0,0.0,0.0
158.5500,167018,0.0,0.0,-1.062,7.786,0.00,0.00,774.1,774.1,502.5,0,0.0,1.2,IDLE,0.00,0.00,0.00,0,0.0,1404,0,0.0,0.0
158.6000,167068,0.0,0.0,-1.062,7.786,0.00,0.00,774.1,774.1,502.5,0,0.0,1.2,IDLE,0.00,0.00,0.00,0,0.0,1404,0,0.0,0.0
158.6500,167118,0.0,0.0,-0.671,7.786,0.00,0.00,774.1,774.1,502.5,0,0.0,1.2,IDLE,0.00,0.00,0.00,0,0.0,1404,0,0.0,0.0
158.7000,167168,0.0,0.0,-0.671,7.786,0.00,0.00,774.1,774.1,502.5,0,0.0,1.2,IDLE,0.00,0.00,0.00,0,0.0,1404,0,0.0,0.0
158.7500,167218,0.0,0.0,-0.671,7.786,0.00,0.00,774.1,774.1,501.5,0,0.0,0.8,IDLE,0.00,0.00,0.00,0,0.0,1404,0,0.0,0.0
158.8000,167268,0.0,0.0,-0.671,7.786,0.00,0.00,774.1,774.1,501.5,0,0.0,0.8,IDLE,0.00,0.00,0.00,0,0.0,1404,0,0.0,0.0
158.8500,167318,0.0,0.0,-0.361,7.786,0.00,0.00,770.3,770.3,501.5,0,0.0,0.8,IDLE,0.00,0.00,0.00,0,0.0,1404,0,0.0,0.0
158.9000,167368,0.0,0.0,-0.361,7.786,0.00,0.00,770.3,770.3,503.5,0,0.0,1.8,IDLE,0.00,0.00,0.00,0,0.0,1404,0,0.0,0.0
158.9500,167418,0.0,0.0,-0.361,7.786,0.00,0.00,770.3,770.3,503.5,0,0.0,1.8,IDLE,0.00,0.00,0.00,0,0.0,1404,0,0.0,0.0
159.0000,167468,0.0,0.0,-0.236,7.786,0.00,0.00,771.9,771.9,503.5,0,0.0,1.8,IDLE,0.00,0.00,0.00,0,0.0,1404,0,0.0,0.0
159.0500,167518,0.0,0.0,-0.236,7.786,0.00,0.00,771.9,771.9,503.1,0,0.0,1.6,IDLE,0.00,0.00,0.00,0,0.0,1404,0,0.0,0.0
159.1000,167568,0.0,0.0,-0.236,7.786,0.00,0.00,771.9,771.9,503.1,0,0.0,1.6,IDLE,0.00,0.00,0.00,0,0.0,1404,0,0.0,0.0
159.1500,167618,0.0,0.0,-0.052,7.786,0.00,0.00,770.6,770.6,503.1,0,0.0,1.6,IDLE,0.00,0.00,0.00,0,0.0,1404,0,0.0,0.0
159.2000,167668,0.0,0.0,-0.052,7.786,0.00,0.00,770.6,770.6,503.2,0,0.0,1.6,IDLE,0.00,0.00,0.00,0,0.0,1404,0,0.0,0.0
159.2500,167718,0.0,0.0,-0.052,7.786,0.00,0.00,770.6,770.6,503.2,0,0.0,1.6,IDLE,0.00,0.00,0.00,0,0.0,1404,0,0.0,0.0
159.3000,167768,0.0,0.0,-0.302,7.786,0.00,0.00,766.9,766.9,503.2,0,0.0,1.6,IDLE,0.00,0.00,0.00,0,0.0,1404,0,0.0,0.0
159.3500,167818,0.0,0.0,-0.302,7.786,0.00,0.00,766.9,766.9,503.2,0,0.0,1.6,IDLE,0.00,0.00,0.00,0,0.0,1404,0,0.0,0.0
159.4000,167868,0.0,0.0,-0.302,7.786,0.00,0.00,766.9,766.9,502.1,0,0.0,1.1,IDLE,0.00,0.00,0.00,0,0.0,1404,0,0.0,0.0
159.4500,167918,0.0,0.0,-0.302,7.786,0.00,0.00,766.9,766.9,502.1,0,0.0,1.1,IDLE,0.00,0.00,0.00,0,0.0,1404,0,0.0,0.0
159.5000,167968,0.0,0.0,-0.516,7.786,0.00,0.00,765.6,765.6,502.1,0,0.0,1.1,IDLE,0.00,0.00,0.00,0,0.0,1404,0,0.0,0.0
159.5500,168018,0.0,0.0,-0.516,7.786,0.00,0.00,765.6,765.6,502.5,0,0.0,1.2,IDLE,0.00,0.00,0.00,0,0.0,1404,0,0.0,0.0
159.6000,168068,0.0,0.0,-0.516,7.786,0.00,0.00,765.6,765.6,502.5,0,0.0,1.2,IDLE,0.00,0.00,0.00,0,0.0,1404,0,0.0,0.0
159.6500,168118,0.0,0.0,-0.878,7.786,0.00,0.00,764.4,764.4,502.5,0,0.0,1.2,IDLE,0.00,0.00,0.00,0,0.0,1404,0,0.0,0.0
159.7000,168168,0.0,0.0,-0.878,7.786,0.00,0.00,764.4,764.4,501.5,0,0.0,0.8,IDLE,0.00,0.00,0.00,0,0.0,1404,0,0.0,0.0
159.7500,168218,0.0,0.0,-0.878,7.786,0.00,0.00,764.4,764.4,501.5,0,0.0,0.8,IDLE,0.00,0.00,0.00,0,0.0,1404,0,0.0,0.0
159.8000,168268,0.0,0.0,-1.298,7.786,0.00,0.00,761.6,761.6,501.5,0,0.0,0.8,IDLE,0.00,0.00,0.00,0,0.0,1404,0,0.0,0.0
159.8500,168318,0.0,0.0,-1.298,7.786,0.00,0.00,761.6,761.6,502.4,0,0.0,1.2,IDLE,0.00,0.00,0.00,0,0.0,1404,0,0.0,0.0
159.9000,168368,0.0,0.0,-1.298,7.786,0.00,0.00,761.6,761.6,502.4,0,0.0,1.2,IDLE,0.00,0.00,0.00,0,0.0,1404,0,0.0,0.0
159.9500,168418,0.0,0.0,-1.497,7.786,0.00,0.00,769.1,769.1,502.4,0,0.0,1.2,IDLE,0.00,0.00,0.00,0,0.0,1404,0,0.0,0.0
160.0000,168468,0.0,0.0,-1.497,7.786,0.00,0.00,769.1,769.1,502.5,0,0.0,1.2,IDLE,0.00,0.00,0.00,0,0.0,1404,0,0.0,0.0
160.0500,168518,0.0,0.0,-1.497,7.786,0.00,0.00,769.1,769.1,502.5,0,0.0,1.2,IDLE,0.00,0.00,0.00,0,0.0,1404,0,0.0,0.0
160.1000,168568,0.0,0.0,-1.652,7.786,0.00,0.00,767.2,767.2,502.5,0,0.0,1.2,IDLE,0.00,0.00,0.00,0,0.0,1404,0,0.0,0.0
160.1500,168618,0.0,0.0,-1.652,7.786,0.00,0.00,767.2,767.2,502.5,0,0.0,1.2,IDLE,0.00,0.00,0.00,0,0.0,1404,0,0.0,0.0
160.2000,168668,0.0,0.0,-1.652,7.786,0.00,0.00,767.2,767.2,502.0,0,0.0,1.0,IDLE,0.00,0.00,0.00,0,0.0,1404,0,0.0,0.0
160.2500,168718,0.0,0.0,-1.652,7.786,0.00,0.00,767.2,767.2,502.0,0,0.0,1.0,IDLE,0.00,0.00,0.00,0,0.0,1404,0,0.0,0.0
160.3000,168768,0.0,0.0,-1.482,7.786,0.00,0.00,781.9,781.9,502.0,0,0.0,1.0,IDLE,0.00,0.00,0.00,0,0.0,1404,0,0.0,0.0
160.3500,168818,0.0,0.0,-1.482,7.786,0.00,0.00,781.9,781.9,502.5,0,0.0,1.2,IDLE,0.00,0.00,0.00,0,0.0,1404,0,0.0,0.0
160.4000,168868,0.0,0.0,-1.482,7.786,0.00,0.00,781.9,781.9,502.5,0,0.0,1.2,IDLE,0.00,0.00,0.00,0,0.0,1404,0,0.0,0.0
160.4500,168918,0.0,0.0,-1.246,7.786,0.00,0.00,780.9,780.9,502.5,0,0.0,1.2,IDLE,0.00,0.00,0.00,0,0.0,1404,0,0.0,0.0
160.5000,168968,0.0,0.0,-1.246,7.786,0.00,0.00,780.9,780.9,503.1,0,0.0,1.6,IDLE,0.00,0.00,0.00,0,0.0,1404,0,0.0,0.0
160.5500,169018,0.0,0.0,-1.246,7.786,0.00,0.00,780.9,780.9,503.1,0,0.0,1.6,IDLE,0.00,0.00,0.00,0,0.0,1404,0,0.0,0.0
160.6000,169068,0.0,0.0,-1.047,7.786,0.00,0.00,780.9,780.9,503.1,0,0.0,1.6,IDLE,0.00,0.00,0.00,0,0.0,1404,0,0.0,0.0
160.6500,169118,0.0,0.0,-1.047,7.786,0.00,0.00,780.9,780.9,502.0,0,0.0,1.0,IDLE,0.00,0.00,0.00,0,0.0,1404,0,0.0,0.0
160.7000,169168,0.0,0.0,-1.047,7.786,0.00,0.00,780.9,780.9,502.0,0,0.0,1.0,IDLE,0.00,0.00,0.00,0,0.0,1404,0,0.0,0.0
160.7500,169218,0.0,0.0,-0.782,7.786,0.00,0.00,782.5,782.5,502.0,0,0.0,1.0,IDLE,0.00,0.00,0.00,0,0.0,1404,0,0.0,0.0
160.8000,169268,0.0,0.0,-0.782,7.786,0.00,0.00,782.5,782.5,502.0,0,0.0,1.0,IDLE,0.00,0.00,0.00,0,0.0,1404,0,0.0,0.0
160.8500,169318,0.0,0.0,-0.782,7.786,0.00,0.00,782.5,782.5,502.5,0,0.0,1.2,IDLE,0.00,0.00,0.00,0,0.0,1404,0,0.0,0.0
160.9000,169368,0.0,0.0,-0.782,7.786,0.00,0.00,782.5,782.5,502.5,0,0.0,1.2,IDLE,0.00,0.00,0.00,0,0.0,1404,0,0.0,0.0
160.9500,169418,0.0,0.0,-0.789,7.786,0.00,0.00,766.6,766.6,502.5,0,0.0,1.2,IDLE,0.00,0.00,0.00,0,0.0,1404,0,0.0,0.0
161.0000,169468,0.0,0.0,-0.789,7.786,0.00,0.00,766.6,766.6,503.0,0,0.0,1.5,IDLE,0.00,0.00,0.00,0,0.0,1404,0,0.0,0.0
161.0500,169518,0.0,0.0,-0.789,7.786,0.00,0.00,766.6,766.6,503.0,0,0.0,1.5,IDLE,0.00,0.00,0.00,0,0.0,1404,0,0.0,0.0
161.1000,169568,0.0,0.0,-0.745,7.786,0.00,0.00,767.5,767.5,503.0,0,0.0,1.5,IDLE,0.00,0.00,0.00,0,0.0,1404,0,0.0,0.0
161.1500,169618,0.0,0.0,-0.745,7.786,0.00,0.00,767.5,767.5,501.4,0,0.0,0.7,IDLE,0.00,0.00,0.00,0,0.0,1404,0,0.0,0.0
161.2000,169668,0.0,0.0,-0.745,7.786,0.00,0.00,767.5,767.5,501.4,0,0.0,0.7,IDLE,0.00,0.00,0.00,0,0.0,1404,0,0.0,0.0
161.2500,169718,0.0,0.0,-0.915,7.786,0.00,0.00,756.9,756.9,501.4,0,0.0,0.7,IDLE,0.00,0.00,0.00,0,0.0,1404,0,0.0,0.0
161.3000,169768,0.0,0.0,-0.915,7.786,0.00,0.00,756.9,756.9,502.0,0,0.0,1.0,IDLE,0.00,0.00,0.00,0,0.0,1404,0,0.0,0.0
161.3500,169818,0.0,0.0,-0.915,7.786,0.00,0.00,756.9,756.9,502.0,0,0.0,1.0,IDLE,0.00,0.00,0.00,0,0.0,1404,0,0.0,0.0
161.4000,169868,0.0,0.0,-0.974,7.786,0.00,0.00,758.8,758.8,502.0,0,0.0,1.0,IDLE,0.00,0.00,0.00,0,0.0,1404,0,0.0,0.0
161.4500,169918,0.0,0.0,-0.974,7.786,0.00,0.00,758.8,758.8,502.6,0,0.0,1.3,IDLE,0.00,0.00,0.00,0,0.0,1404,0,0.0,0.0
161.5000,169968,0.0,0.0,-0.974,7.786,0.00,0.00,758.8,758.8,502.6,0,0.0,1.3,IDLE,0.00,0.00,0.00,0,0.0,1404,0,0.0,0.0
161.5500,170018,0.0,0.0,-1.047,7.786,0.00,0.00,765.6,765.6,502.6,0,0.0,1.3,IDLE,0.00,0.00,0.00,0,0.0,1404,0,0.0,0.0
161.6000,170068,0.0,0.0,-1.047,7.786,0.00,0.00,765.6,765.6,502.6,0,0.0,1.3,IDLE,0.00,0.00,0.00,0,0.0,1404,0,0.0,0.0
161.6500,170118,0.0,0.0,-1.047,7.786,0.00,0.00,765.6,765.6,502.9,0,0.0,1.4,IDLE,0.00,0.00,0.00,0,0.0,1404,0,0.0,0.0
161.7000,170168,0.0,0.0,-1.047,7.786,0.00,0.00,765.6,765.6,502.9,0,0.0,1.4,IDLE,0.00,0.00,0.00,0,0.0,1404,0,0.0,0.0
161.7500,170218,0.0,0.0,-1.114,7.786,0.00,0.00,764.4,764.4,502.9,0,0.0,1.4,IDLE,0.00,0.00,0.00,0,0.0,1404,0,0.0,0.0
161.8000,170268,0.0,0.0,-1.114,7.786,0.00,0.00,764.4,764.4,503.1,0,0.0,1.6,IDLE,0.00,0.00,0.00,0,0.0,1404,0,0.0,0.0
161.8500,170318,0.0,0.0,-1.114,7.786,0.00,0.00,764.4,764.4,503.1,0,0.0,1.6,IDLE,0.00,0.00,0.00,0,0.0,1404,0,0.0,0.0
161.9000,170368,0.0,0.0,-1.232,7.786,0.00,0.00,776.6,776.6,503.1,0,0.0,1.6,IDLE,0.00,0.00,0.00,0,0.0,1404,0,0.0,0.0
161.9500,170418,0.0,0.0,-1.232,7.786,0.00,0.00,776.6,776.6,502.1,0,0.0,1.1,IDLE,0.00,0.00,0.00,0,0.0,1404,0,0.0,0.0
162.0000,170468,0.0,0.0,-1.232,7.786,0.00,0.00,776.6,776.6,502.1,0,0.0,1.1,IDLE,0.00,0.00,0.00,0,0.0,1404,0,0.0,0.0
162.0500,170518,0.0,0.0,-1.350,7.786,0.00,0.00,775.6,775.6,502.1,0,0.0,1.1,IDLE,0.00,0.00,0.00,0,0.0,1404,0,0.0,0.0
162.1000,170568,0.0,0.0,-1.350,7.786,0.00,0.00,775.6,775.6,503.5,0,0.0,1.8,IDLE,0.00,0.00,0.00,0,0.0,1404,0,0.0,0.0
162.1500,170618,0.0,0.0,-1.350,7.786,0.00,0.00,775.6,775.6,503.5,0,0.0,1.8,IDLE,0.00,0.00,0.00,0,0.0,1404,0,0.0,0.0
162.2000,170668,0.0,0.0,-1.475,7.786,0.00,0.00,775.3,775.3,503.5,0,0.0,1.8,IDLE,0.00,0.00,0.00,0,0.0,1404,0,0.0,0.0
162.2500,170718,0.0,0.0,-1.475,7.786,0.00,0.00,775.3,775.3,503.5,0,0.0,1.8,IDLE,0.00,0.00,0.00,0,0.0,1404,0,0.0,0.0
162.3000,170768,0.0,0.0,-1.475,7.786,0.00,0.00,775.3,775.3,501.4,0,0.0,0.7,IDLE,0.00,0.00,0.00,0,0.0,1404,0,0.0,0.0
162.3500,170818,0.0,0.0,-1.475,7.786,0.00,0.00,775.3,775.3,501.4,0,0.0,0.7,IDLE,0.00,0.00,0.00,0,0.0,1404,0,0.0,0.0
162.4000,170868,0.0,0.0,-1.630,7.786,0.00,0.00,775.3,775.3,501.4,0,0.0,0.7,IDLE,0.00,0.00,0.00,0,0.0,1404,0,0.0,0.0
162.4500,170918,0.0,0.0,-1.630,7.786,0.00,0.00,775.3,775.3,502.6,0,0.0,1.3,IDLE,0.00,0.00,0.00,0,0.0,1404,0,0.0,0.0
162.5000,170968,0.0,0.0,-1.630,7.786,0.00,0.00,775.3,775.3,502.6,0,0.0,1.3,IDLE,0.00,0.00,0.00,0,0.0,1404,0,0.0,0.0
162.5500,171018,0.0,0.0,-1.556,7.786,0.00,0.00,770.0,770.0,502.6,0,0.0,1.3,IDLE,0.00,0.00,0.00,0,0.0,1404,0,0.0,0.0
162.6000,171068,0.0,0.0,-1.556,7.786,0.00,0.00,770.0,770.0,502.3,0,0.0,1.1,IDLE,0.00,0.00,0.00,0,0.0,1404,0,0.0,0.0
162.6500,171118,0.0,0.0,-1.556,7.786,0.00,0.00,770.0,770.0,502.3,0,0.0,1.1,IDLE,0.00,0.00,0.00,0,0.0,1404,0,0.0,0.0
162.7000,171168,0.0,0.0,-1.468,7.786,0.00,0.00,771.3,771.3,502.3,0,0.0,1.1,IDLE,0.00,0.00,0.00,0,0.0,1404,0,0.0,0.0
162.7500,171218,0.0,0.0,-1.468,7.786,0.00,0.00,771.3,771.3,503.1,0,0.0,1.6,IDLE,0.00,0.00,0.00,0,0.0,1404,0,0.0,0.0
162.8000,171268,0.0,0.0,-1.468,7.786,0.00,0.00,771.3,771.3,503.1,0,0.0,1.6,IDLE,0.00,0.00,0.00,0,0.0,1404,0,0.0,0.0
162.8500,171318,0.0,0.0,-1.165,7.786,0.00,0.00,770.6,770.6,503.1,0,0.0,1.6,IDLE,0.00,0.00,0.00,0,0.0,1404,0,0.0,0.0
162.9000,171368,0.0,0.0,-1.165,7.786,0.00,0.00,770.6,770.6,502.5,0,0.0,1.2,IDLE,0.00,0.00,0.00,0,0.0,1404,0,0.0,0.0
162.9500,171418,0.0,0.0,-1.165,7.786,0.00,0.00,770.6,770.6,502.5,0,0.0,1.2,IDLE,0.00,0.00,0.00,0,0.0,1404,0,0.0,0.0
163.0000,171468,0.0,0.0,-0.974,7.786,0.00,0.00,767.5,767.5,502.5,0,0.0,1.2,IDLE,0.00,0.00,0.00,0,0.0,1404,0,0.0,0.0
163.0500,171518,0.0,0.0,-0.974,7.786,0.00,0.00,767.5,767.5,502.5,0,0.0,1.2,IDLE,0.00,0.00,0.00,0,0.0,1404,0,0.0,0.0
163.1000,171568,0.0,0.0,-0.974,7.786,0.00,0.00,767.5,767.5,501.9,0,0.0,0.9,IDLE,0.00,0.00,0.00,0,0.0,1404,0,0.0,0.0
163.1500,171618,0.0,0.0,-0.974,7.786,0.00,0.00,767.5,767.5,501.9,0,0.0,0.9,IDLE,0.00,0.00,0.00,0,0.0,1404,0,0.0,0.0
163.2000,171668,0.0,0.0,-0.929,7.786,0.00,0.00,767.5,767.5,501.9,0,0.0,0.9,IDLE,0.00,0.00,0.00,0,0.0,1404,0,0.0,0.0
163.2500,171718,0.0,0.0,-0.929,7.786,0.00,0.00,767.5,767.5,503.1,0,0.0,1.6,IDLE,0.00,0.00,0.00,0,0.0,1404,0,0.0,0.0
163.3000,171768,0.0,0.0,-0.929,7.786,0.00,0.00,767.5,767.5,503.1,0,0.0,1.6,IDLE,0.00,0.00,0.00,0,0.0,1404,0,0.0,0.0
163.3500,171818,0.0,0.0,-0.951,7.786,0.00,0.00,763.4,763.4,503.1,0,0.0,1.6,IDLE,0.00,0.00,0.00,0,0.0,1404,0,0.0,0.0
163.4000,171868,0.0,0.0,-0.951,7.786,0.00,0.00,763.4,763.4,503.6,0,0.0,1.8,IDLE,0.00,0.00,0.00,0,0.0,1404,0,0.0,0.0
163.4500,171918,0.0,0.0,-0.951,7.786,0.00,0.00,763.4,763.4,503.6,0,0.0,1.8,IDLE,0.00,0.00,0.00,0,0.0,1404,0,0.0,0.0
163.5000,171968,0.0,0.0,-1.246,7.786,0.00,0.00,763.1,763.1,503.6,0,0.0,1.8,IDLE,0.00,0.00,0.00,0,0.0,1404,0,0.0,0.0
163.5500,172018,0.0,0.0,-1.246,7.786,0.00,0.00,763.1,763.1,502.8,0,0.0,1.4,IDLE,0.00,0.00,0.00,0,0.0,1404,0,0.0,0.0
163.6000,172068,0.0,0.0,-1.246,7.786,0.00,0.00,763.1,763.1,502.8,0,0.0,1.4,IDLE,0.00,0.00,0.00,0,0.0,1404,0,0.0,0.0
163.6500,172118,0.0,0.0,-1.394,7.786,0.00,0.00,769.1,769.1,502.8,0,0.0,1.4,IDLE,0.00,0.00,0.00,0,0.0,1404,0,0.0,0.0
163.7000,172168,0.0,0.0,-1.394,7.786,0.00,0.00,769.1,769.1,503.2,0,0.0,1.6,IDLE,0.00,0.00,0.00,0,0.0,1404,0,0.0,0.0
163.7500,172218,0.0,0.0,-1.394,7.786,0.00,0.00,769.1,769.1,503.2,0,0.0,1.6,IDLE,0.00,0.00,0.00,0,0.0,1404,0,0.0,0.0
163.8000,172268,0.0,0.0,-1.542,7.786,0.00,0.00,768.8,768.8,503.2,0,0.0,1.6,IDLE,0.00,0.00,0.00,0,0.0,1404,0,0.0,0.0
163.8500,172318,0.0,0.0,-1.542,7.786,0.00,0.00,768.8,768.8,503.2,0,0.0,1.6,IDLE,0.00,0.00,0.00,0,0.0,1404,0,0.0,0.0
163.9000,172368,0.0,0.0,-1.542,7.786,0.00,0.00,768.8,768.8,503.2,0,0.0,1.6,IDLE,0.00,0.00,0.00,0,0.0,1404,0,0.0,0.0
163.9500,172418,0.0,0.0,-1.542,7.786,0.00,0.00,768.8,768.8,503.2,0,0.0,1.6,IDLE,0.00,0.00,0.00,0,0.0,1404,0,0.0,0.0
164.0000,172468,0.0,0.0,-1.446,7.786,0.00,0.00,779.7,779.7,503.2,0,0.0,1.6,IDLE,0.00,0.00,0.00,0,0.0,1404,0,0.0,0.0
164.0500,172518,0.0,0.0,-1.446,7.786,0.00,0.00,779.7,779.7,501.0,0,0.0,0.5,IDLE,0.00,0.00,0.00,0,0.0,1404,0,0.0,0.0
164.1000,172568,0.0,0.0,-1.446,7.786,0.00,0.00,779.7,779.7,501.0,0,0.0,0.5,IDLE,0.00,0.00,0.00,0,0.0,1404,0,0.0,0.0
164.1500,172618,0.0,0.0,-1.195,7.786,0.00,0.00,781.2,781.2,501.0,0,0.0,0.5,IDLE,0.00,0.00,0.00,0,0.0,1404,0,0.0,0.0
164.2000,172668,0.0,0.0,-1.195,7.786,0.00,0.00,781.2,781.2,501.1,0,0.0,0.6,IDLE,0.00,0.00,0.00,0,0.0,1404,0,0.0,0.0
164.2500,172718,0.0,0.0,-1.195,7.786,0.00,0.00,781.2,781.2,501.1,0,0.0,0.6,IDLE,0.00,0.00,0.00,0,0.0,1404,0,0.0,0.0
164.3000,172768,0.0,0.0,-0.981,7.786,0.00,0.00,780.9,780.9,501.1,0,0.0,0.6,IDLE,0.00,0.00,0.00,0,0.0,1404,0,0.0,0.0
164.3500,172818,0.0,0.0,-0.981,7.786,0.00,0.00,780.9,780.9,502.8,0,0.0,1.4,IDLE,0.00,0.00,0.00,0,0.0,1404,0,0.0,0.0
164.4000,172868,0.0,0.0,-0.981,7.786,0.00,0.00,780.9,780.9,502.8,0,0.0,1.4,IDLE,0.00,0.00,0.00,0,0.0,1404,0,0.0,0.0
164.4500,172918,0.0,0.0,-0.819,7.786,0.00,0.00,778.1,778.1,502.8,0,0.0,1.4,IDLE,0.00,0.00,0.00,0,0.0,1404,0,0.0,0.0
164.5000,172968,0.0,0.0,-0.819,7.786,0.00,0.00,778.1,778.1,502.8,0,0.0,1.4,IDLE,0.00,0.00,0.00,0,0.0,1404,0,0.0,0.0
164.5500,173018,0.0,0.0,-0.819,7.786,0.00,0.00,778.1,778.1,501.5,0,0.0,0.8,IDLE,0.00,0.00,0.00,0,0.0,1404,0,0.0,0.0
164.6000,173068,0.0,0.0,-0.819,7.786,0.00,0.00,778.1,778.1,501.5,0,0.0,0.8,IDLE,0.00,0.00,0.00,0,0.0,1404,0,0.0,0.0
164.6500,173118,0.0,0.0,-0.553,7.786,0.00,0.00,779.4,779.4,501.5,0,0.0,0.8,IDLE,0.00,0.00,0.00,0,0.0,1404,0,0.0,0.0
164.7000,173168,0.0,0.0,-0.553,7.786,0.00,0.00,779.4,779.4,501.9,0,0.0,0.9,IDLE,0.00,0.00,0.00,0,0.0,1404,0,0.0,0.0
164.7500,173218,0.0,0.0,-0.553,7.786,0.00,0.00,779.4,779.4,501.9,0,0.0,0.9,IDLE,0.00,0.00,0.00,0,0.0,1404,0,0.0,0.0
164.8000,173268,0.0,0.0,-0.708,7.786,0.00,0.00,760.6,760.6,501.9,0,0.0,0.9,IDLE,0.00,0.00,0.00,0,0.0,1404,0,0.0,0.0
164.8500,173318,0.0,0.0,-0.708,7.786,0.00,0.00,760.6,760.6,502.3,0,0.0,1.1,IDLE,0.00,0.00,0.00,0,0.0,1404,0,0.0,0.0
164.9000,173368,0.0,0.0,-0.708,7.786,0.00,0.00,760.6,760.6,502.3,0,0.0,1.1,IDLE,0.00,0.00,0.00,0,0.0,1404,0,0.0,0.0
164.9500,173418,0.0,0.0,-0.730,7.786,0.00,0.00,762.2,762.2,502.3,0,0.0,1.1,IDLE,0.00,0.00,0.00,0,0.0,1404,0,0.0,0.0
165.0000,173468,0.0,0.0,-0.730,7.786,0.00,0.00,762.2,762.2,503.4,0,0.0,1.7,IDLE,0.00,0.00,0.00,0,0.0,1404,0,0.0,0.0
165.0500,173518,0.0,0.0,-0.730,7.786,0.00,0.00,762.2,762.2,503.4,0,0.0,1.7,IDLE,0.00,0.00,0.00,0,0.0,1404,0,0.0,0.0
165.1000,173568,0.0,0.0,-0.819,7.786,0.00,0.00,759.4,759.4,503.4,0,0.0,1.7,IDLE,0.00,0.00,0.00,0,0.0,1404,0,0.0,0.0
165.1500,173618,0.0,0.0,-0.819,7.786,0.00,0.00,759.4,759.4,503.2,0,0.0,1.6,IDLE,0.00,0.00,0.00,0,0.0,1404,0,0.0,0.0
165.2000,173668,0.0,0.0,-0.819,7.786,0.00,0.00,759.4,759.4,503.2,0,0.0,1.6,IDLE,0.00,0.00,0.00,0,0.0,1404,0,0.0,0.0
165.2500,173718,0.0,0.0,-1.062,7.786,0.00,0.00,757.8,757.8,503.2,0,0.0,1.6,IDLE,0.00,0.00,0.00,0,0.0,1404,0,0.0,0.0
165.3000,173768,0.0,0.0,-1.062,7.786,0.00,0.00,757.8,757.8,503.2,0,0.0,1.6,IDLE,0.00,0.00,0.00,0,0.0,1404,0,0.0,0.0
165.3500,173818,0.0,0.0,-1.062,7.786,0.00,0.00,757.8,757.8,501.1,0,0.0,0.6,IDLE,0.00,0.00,0.00,0,0.0,1404,0,0.0,0.0
165.4000,173868,0.0,0.0,-1.062,7.786,0.00,0.00,757.8,757.8,501.1,0,0.0,0.6,IDLE,0.00,0.00,0.00,0,0.0,1404,0,0.0,0.0
165.4500,173918,0.0,0.0,-0.966,7.786,0.00,0.00,773.1,773.1,501.1,0,0.0,0.6,IDLE,0.00,0.00,0.00,0,0.0,1404,0,0.0,0.0
165.5000,173968,0.0,0.0,-0.966,7.786,0.00,0.00,773.1,773.1,501.9,0,0.0,0.9,IDLE,0.00,0.00,0.00,0,0.0,1404,0,0.0,0.0
165.5500,174018,0.0,0.0,-0.966,7.786,0.00,0.00,773.1,773.1,501.9,0,0.0,0.9,IDLE,0.00,0.00,0.00,0,0.0,1404,0,0.0,0.0
165.6000,174068,0.0,0.0,-1.136,7.786,0.00,0.00,772.2,772.2,501.9,0,0.0,0.9,IDLE,0.00,0.00,0.00,0,0.0,1404,0,0.0,0.0
165.6500,174118,0.0,0.0,-1.136,7.786,0.00,0.00,772.2,772.2,502.1,0,0.0,1.1,IDLE,0.00,0.00,0.00,0,0.0,1404,0,0.0,0.0
165.7000,174168,0.0,0.0,-1.136,7.786,0.00,0.00,772.2,772.2,502.1,0,0.0,1.1,IDLE,0.00,0.00,0.00,0,0.0,1404,0,0.0,0.0
165.7500,174218,0.0,0.0,-1.165,7.786,0.00,0.00,780.0,780.0,502.1,0,0.0,1.1,IDLE,0.00,0.00,0.00,0,0.0,1404,0,0.0,0.0
165.8000,174268,0.0,0.0,-1.165,7.786,0.00,0.00,780.0,780.0,503.1,0,0.0,1.6,IDLE,0.00,0.00,0.00,0,0.0,1404,0,0.0,0.0
165.8500,174318,0.0,0.0,-1.165,7.786,0.00,0.00,780.0,780.0,503.1,0,0.0,1.6,IDLE,0.00,0.00,0.00,0,0.0,1404,0,0.0,0.0
165.9000,174368,0.0,0.0,-1.232,7.786,0.00,0.00,777.8,777.8,503.1,0,0.0,1.6,IDLE,0.00,0.00,0.00,0,0.0,1404,0,0.0,0.0
165.9500,174418,0.0,0.0,-1.232,7.786,0.00,0.00,777.8,777.8,503.1,0,0.0,1.6,IDLE,0.00,0.00,0.00,0,0.0,1404,0,0.0,0.0
166.0000,174468,0.0,0.0,-1.232,7.786,0.00,0.00,777.8,777.8,502.5,0,0.0,1.2,IDLE,0.00,0.00,0.00,0,0.0,1404,0,0.0,0.0
166.0500,174518,0.0,0.0,-1.232,7.786,0.00,0.00,777.8,777.8,502.5,0,0.0,1.2,IDLE,0.00,0.00,0.00,0,0.0,1404,0,0.0,0.0
166.1000,174568,0.0,0.0,-1.372,7.786,0.00,0.00,771.9,771.9,502.5,0,0.0,1.2,IDLE,0.00,0.00,0.00,0,0.0,1404,0,0.0,0.0
166.1500,174618,0.0,0.0,-1.372,7.786,0.00,0.00,771.9,771.9,501.8,0,0.0,0.9,IDLE,0.00,0.00,0.00,0,0.0,1404,0,0.0,0.0
166.2000,174668,0.0,0.0,-1.372,7.786,0.00,0.00,771.9,771.9,501.8,0,0.0,0.9,IDLE,0.00,0.00,0.00,0,0.0,1404,0,0.0,0.0
166.2500,174718,0.0,0.0,-1.497,7.786,0.00,0.00,773.4,773.4,501.8,0,0.0,0.9,IDLE,0.00,0.00,0.00,0,0.0,1404,0,0.0,0.0
166.3000,174768,0.0,0.0,-1.497,7.786,0.00,0.00,773.4,773.4,502.0,0,0.0,1.0,IDLE,0.00,0.00,0.00,0,0.0,1404,0,0.0,0.0
166.3500,174818,0.0,0.0,-1.497,7.786,0.00,0.00,773.4,773.4,502.0,0,0.0,1.0,IDLE,0.00,0.00,0.00,0,0.0,1404,0,0.0,0.0
166.4000,174868,0.0,0.0,-1.328,7.786,0.00,0.00,768.4,768.4,502.0,0,0.0,1.0,IDLE,0.00,0.00,0.00,0,0.0,1404,0,0.0,0.0
166.4500,174918,0.0,0.0,-1.328,7.786,0.00,0.00,768.4,768.4,502.0,0,0.0,1.0,IDLE,0.00,0.00,0.00,0,0.0,1404,0,0.0,0.0
166.5000,174968,0.0,0.0,-1.328,7.786,0.00,0.00,768.4,768.4,502.0,0,0.0,1.0,IDLE,0.00,0.00,0.00,0,0.0,1404,0,0.0,0.0
166.5500,175018,0.0,0.0,-1.217,7.786,0.00,0.00,767.2,767.2,502.0,0,0.0,1.0,IDLE,0.00,0.00,0.00,0,0.0,1404,0,0.0,0.0
166.6000,175068,0.0,0.0,-1.217,7.786,0.00,0.00,767.2,767.2,502.9,0,0.0,1.4,IDLE,0.00,0.00,0.00,0,0.0,1404,0,0.0,0.0
166.6500,175118,0.0,0.0,-1.217,7.786,0.00,0.00,767.2,767.2,502.9,0,0.0,1.4,IDLE,0.00,0.00,0.00,0,0.0,1404,0,0.0,0.0
166.7000,175168,0.0,0.0,-1.025,7.786,0.00,0.00,768.1,768.1,502.9,0,0.0,1.4,IDLE,0.00,0.00,0.00,0,0.0,1404,0,0.0,0.0
166.7500,175218,0.0,0.0,-1.025,7.786,0.00,0.00,768.1,768.1,502.9,0,0.0,1.4,IDLE,0.00,0.00,0.00,0,0.0,1404,0,0.0,0.0
166.8000,175268,0.0,0.0,-1.025,7.786,0.00,0.00,768.1,768.1,502.5,0,0.0,1.2,IDLE,0.00,0.00,0.00,0,0.0,1404,0,0.0,0.0
166.8500,175318,0.0,0.0,-1.025,7.786,0.00,0.00,768.1,768.1,502.5,0,0.0,1.2,IDLE,0.00,0.00,0.00,0,0.0,1404,0,0.0,0.0
166.9000,175368,0.0,0.0,-0.848,7.786,0.00,0.00,765.6,765.6,502.5,0,0.0,1.2,IDLE,0.00,0.00,0.00,0,0.0,1404,0,0.0,0.0
166.9500,175418,0.0,0.0,-0.848,7.786,0.00,0.00,765.6,765.6,503.1,0,0.0,1.6,IDLE,0.00,0.00,0.00,0,0.0,1404,0,0.0,0.0
167.0000,175468,0.0,0.0,-0.848,7.786,0.00,0.00,765.6,765.6,503.1,0,0.0,1.6,IDLE,0.00,0.00,0.00,0,0.0,1404,0,0.0,0.0
167.0500,175518,0.0,0.0,-1.084,7.786,0.00,0.00,762.5,762.5,503.1,0,0.0,1.6,IDLE,0.00,0.00,0.00,0,0.0,1404,0,0.0,0.0
167.1000,175568,0.0,0.0,-1.084,7.786,0.00,0.00,762.5,762.5,502.4,0,0.0,1.2,IDLE,0.00,0.00,0.00,0,0.0,1404,0,0.0,0.0
167.1500,175618,0.0,0.0,-1.084,7.786,0.00,0.00,762.5,762.5,502.4,0,0.0,1.2,IDLE,0.00,0.00,0.00,0,0.0,1404,0,0.0,0.0
167.2000,175668,0.0,0.0,-1.136,7.786,0.00,0.00,770.0,770.0,502.4,0,0.0,1.2,IDLE,0.00,0.00,0.00,0,0.0,1404,0,0.0,0.0
167.2500,175718,0.0,0.0,-1.136,7.786,0.00,0.00,770.0,770.0,501.9,0,0.0,0.9,IDLE,0.00,0.00,0.00,0,0.0,1404,0,0.0,0.0
167.3000,175768,0.0,0.0,-1.136,7.786,0.00,0.00,770.0,770.0,501.9,0,0.0,0.9,IDLE,0.00,0.00,0.00,0,0.0,1404,0,0.0,0.0
167.3500,175818,0.0,0.0,-1.423,7.786,0.00,0.00,766.9,766.9,501.9,0,0.0,0.9,IDLE,0.00,0.00,0.00,0,0.0,1404,0,0.0,0.0
167.4000,175868,0.0,0.0,-1.423,7.786,0.00,0.00,766.9,766.9,501.9,0,0.0,0.9,IDLE,0.00,0.00,0.00,0,0.0,1404,0,0.0,0.0
167.4500,175918,0.0,0.0,-1.423,7.786,0.00,0.00,766.9,766.9,502.9,0,0.0,1.4,IDLE,0.00,0.00,0.00,0,0.0,1404,0,0.0,0.0
167.5000,175968,0.0,0.0,-1.423,7.786,0.00,0.00,766.9,766.9,502.9,0,0.0,1.4,IDLE,0.00,0.00,0.00,0,0.0,1404,0,0.0,0.0
167.5500,176018,0.0,0.0,-1.364,7.786,0.00,0.00,780.6,780.6,502.9,0,0.0,1.4,IDLE,0.00,0.00,0.00,0,0.0,1404,0,0.0,0.0
167.6000,176068,0.0,0.0,-1.364,7.786,0.00,0.00,780.6,780.6,502.3,0,0.0,1.1,IDLE,0.00,0.00,0.00,0,0.0,1404,0,0.0,0.0
167.6500,176118,0.0,0.0,-1.364,7.786,0.00,0.00,780.6,780.6,502.3,0,0.0,1.1,IDLE,0.00,0.00,0.00,0,0.0,1404,0,0.0,0.0
167.7000,176168,0.0,0.0,-1.143,7.786,0.00,0.00,781.9,781.9,502.3,0,0.0,1.1,IDLE,0.00,0.00,0.00,0,0.0,1404,0,0.0,0.0
167.7500,176218,0.0,0.0,-1.143,7.786,0.00,0.00,781.9,781.9,503.2,0,0.0,1.6,IDLE,0.00,0.00,0.00,0,0.0,1404,0,0.0,0.0
167.8000,176268,0.0,0.0,-1.143,7.786,0.00,0.00,781.9,781.9,503.2,0,0.0,1.6,IDLE,0.00,0.00,0.00,0,0.0,1404,0,0.0,0.0
167.8500,176318,0.0,0.0,-1.055,7.786,0.00,0.00,777.2,777.2,503.2,0,0.0,1.6,IDLE,0.00,0.00,0.00,0,0.0,1404,0,0.0,0.0
167.9000,176368,0.0,0.0,-1.055,7.786,0.00,0.00,777.2,777.2,502.0,0,0.0,1.0,IDLE,0.00,0.00,0.00,0,0.0,1404,0,0.0,0.0
