Time_s,Timestamp_ms,Target_RPM,RPM,Torque_raw_lb-ft,Torque_filt_lb-ft,HP_raw,HP_filt,LoadCell_mV,ADC_Load_mV,Pressure_mV,Brake_Pos,Brake_Pct,Brake_PSI,State,PID_P,PID_I,PID_Output,Fault_Bits,Spare_Aux_mV,Tach_Glitches,RPM_Estimated,RPM_Counted,RPM_Rev
0.0000,5005540,0.0,638.3,-20.762,21.895,-2.52,2.66,735.0,735.0,504.4,0,0.0,2.2,IDLE,0.00,0.00,0.00,0,0.0,2841,13,638.3,622.1
0.0500,5005590,0.0,638.3,-20.762,21.895,-2.52,2.66,735.0,735.0,502.8,0,0.0,1.4,IDLE,0.00,0.00,0.00,0,0.0,2841,13,638.3,579.7
0.1000,5005640,0.0,579.7,-20.762,21.895,-2.29,2.42,735.0,735.0,502.8,0,0.0,1.4,IDLE,0.00,0.00,0.00,0,0.0,2841,13,579.7,575.9
0.1500,5005690,0.0,579.7,-13.431,21.895,-1.48,2.42,912.2,912.2,502.8,0,0.0,1.4,IDLE,0.00,0.00,0.00,0,0.0,2841,13,579.7,587.1
0.2000,5005740,0.0,587.1,-13.431,21.895,-1.50,2.45,912.2,912.2,501.4,0,0.0,0.7,IDLE,0.00,0.00,0.00,0,0.0,2841,13,587.1,595.8
0.2500,5005790,0.0,587.1,-13.431,21.895,-1.50,2.45,912.2,912.2,501.4,0,0.0,0.7,IDLE,0.00,0.00,0.00,0,0.0,2841,13,587.1,660.5
0.3000,5005840,0.0,660.5,-8.976,21.895,-1.13,2.75,705.3,705.3,501.4,0,0.0,0.7,IDLE,0.00,0.00,0.00,0,0.0,2841,13,660.5,669.8
0.3500,5005890,0.0,660.5,-8.976,21.895,-1.13,2.75,705.3,705.3,502.4,0,0.0,1.2,IDLE,0.00,0.00,0.00,0,0.0,2841,13,660.5,633.1
0.4000,5005940,0.0,633.1,-8.976,21.895,-1.08,2.64,705.3,705.3,502.4,0,0.0,1.2,IDLE,0.00,0.00,0.00,0,0.0,2841,13,633.1,629.7
0.4500,5005990,0.0,633.1,-3.585,21.895,-0.43,2.64,848.4,848.4,502.4,0,0.0,1.2,IDLE,0.00,0.00,0.00,0,0.0,2841,13,633.1,619.8
0.5000,5006040,0.0,623.4,-3.585,21.895,-0.43,2.60,848.4,848.4,501.9,0,0.0,0.9,IDLE,0.00,0.00,0.00,0,0.0,2841,13,623.4,631.4
0.5500,5006090,0.0,623.4,-3.585,21.895,-0.43,2.60,848.4,848.4,501.9,0,0.0,0.9,IDLE,0.00,0.00,0.00,0,0.0,2842,13,623.4,639.0
0.6000,5006140,0.0,625.2,-5.318,21.895,-0.63,2.61,875.6,875.6,501.9,0,0.0,0.9,IDLE,0.00,0.00,0.00,0,0.0,2842,13,625.2,608.7
0.6500,5006190,0.0,625.2,-5.318,21.895,-0.63,2.61,875.6,875.6,501.9,0,0.0,0.9,IDLE,0.00,0.00,0.00,0,0.0,2842,13,625.2,593.8
0.7000,5006240,0.0,575.3,-5.318,21.895,-0.58,2.40,875.6,875.6,502.1,0,0.0,1.1,IDLE,0.00,0.00,0.00,0,0.0,2842,13,575.3,547.3
0.7500,5006290,0.0,575.3,-5.318,21.895,-0.58,2.40,875.6,875.6,502.1,0,0.0,1.1,IDLE,0.00,0.00,0.00,0,0.0,2842,13,575.3,541.6
0.8000,5006340,0.0,541.1,-2.604,21.895,-0.27,2.26,858.8,858.8,502.1,0,0.0,1.1,IDLE,0.00,0.00,0.00,0,0.0,2842,13,541.1,560.2
0.8500,5006390,0.0,541.1,-2.604,21.895,-0.27,2.26,858.8,858.8,500.5,0,0.0,0.3,IDLE,0.00,0.00,0.00,0,0.0,2842,13,541.1,602.5
0.9000,5006440,0.0,602.5,-2.604,21.895,-0.30,2.51,858.8,858.8,500.5,0,0.0,0.3,IDLE,0.00,0.00,0.00,0,0.0,2842,13,602.5,622.0
0.9500,5006490,0.0,602.5,-5.303,21.895,-0.61,2.51,645.9,645.9,500.5,0,0.0,0.3,IDLE,0.00,0.00,0.00,0,0.0,2842,13,602.5,625.4
1.0000,5006540,0.0,625.4,-5.303,21.895,-0.63,2.61,645.9,645.9,501.6,0,0.0,0.8,IDLE,0.00,0.00,0.00,0,0.0,2842,13,625.4,595.0
1.0500,5006590,0.0,625.4,-5.303,21.895,-0.63,2.61,645.9,645.9,501.6,0,0.0,0.8,IDLE,0.00,0.00,0.00,0,0.0,2842,13,625.4,597.8
1.1000,5006640,0.0,597.8,1.254,21.895,0.14,2.49,870.9,870.9,501.6,0,0.0,0.8,IDLE,0.00,0.00,0.00,0,0.0,2842,13,597.8,623.4
1.1500,5006690,0.0,597.8,1.254,21.895,0.14,2.49,870.9,870.9,503.4,0,0.0,1.7,IDLE,0.00,0.00,0.00,0,0.0,2842,13,597.8,633.4
1.2000,5006740,0.0,642.0,1.254,21.895,0.15,2.68,870.9,870.9,503.4,0,0.0,1.7,IDLE,0.00,0.00,0.00,0,0.0,2842,13,642.0,658.3
1.2500,5006790,0.0,642.0,-4.182,21.895,-0.51,2.68,641.2,641.2,503.4,0,0.0,1.7,IDLE,0.00,0.00,0.00,0,0.0,2842,13,642.0,642.6
1.3000,5006840,0.0,605.9,-4.182,21.895,-0.48,2.53,641.2,641.2,503.8,0,0.0,1.9,IDLE,0.00,0.00,0.00,0,0.0,2842,13,605.9,574.8
1.3500,5006890,0.0,605.9,-4.182,21.895,-0.48,2.53,641.2,641.2,503.8,0,0.0,1.9,IDLE,0.00,0.00,0.00,0,0.0,2842,13,605.9,559.5
1.4000,5006940,0.0,563.7,5.067,21.895,0.54,2.35,834.1,834.1,503.8,0,0.0,1.9,IDLE,0.00,0.00,0.00,0,0.0,2842,13,563.7,584.4
1.4500,5006990,0.0,563.7,5.067,21.895,0.54,2.35,834.1,834.1,503.8,0,0.0,1.9,IDLE,0.00,0.00,0.00,0,0.0,2842,13,563.7,620.3
1.5000,5007040,0.0,659.1,5.067,21.895,0.64,2.75,834.1,834.1,502.3,0,0.0,1.1,IDLE,0.00,0.00,0.00,0,0.0,2843,13,659.1,670.8
1.5500,5007090,0.0,659.1,5.067,21.895,0.64,2.75,834.1,834.1,502.3,0,0.0,1.1,IDLE,0.00,0.00,0.00,0,0.0,2843,13,659.1,615.0
1.6000,5007140,0.0,615.0,3.164,21.895,0.37,2.56,694.1,694.1,502.3,0,0.0,1.1,IDLE,0.00,0.00,0.00,0,0.0,2843,13,615.0,589.7
1.6500,5007190,0.0,615.0,3.164,21.895,0.37,2.56,694.1,694.1,502.6,0,0.0,1.3,IDLE,0.00,0.00,0.00,0,0.0,2843,13,615.0,573.4
1.7000,5007240,0.0,565.0,3.164,21.895,0.34,2.36,694.1,694.1,502.6,0,0.0,1.3,IDLE,0.00,0.00,0.00,0,0.0,2843,13,565.0,577.5
1.7500,5007290,0.0,565.0,0.133,21.895,0.01,2.36,847.2,847.2,502.6,0,0.0,1.3,IDLE,0.00,0.00,0.00,0,0.0,2843,13,565.0,650.9
1.8000,5007340,0.0,650.9,0.133,21.895,0.02,2.71,847.2,847.2,501.6,0,0.0,0.8,IDLE,0.00,0.00,0.00,0,0.0,2843,13,650.9,660.4
1.8500,5007390,0.0,650.9,0.133,21.895,0.02,2.71,847.2,847.2,501.6,0,0.0,0.8,IDLE,0.00,0.00,0.00,0,0.0,2843,13,650.9,615.8
1.9000,5007440,0.0,615.8,-0.656,21.895,-0.08,2.57,688.4,688.4,501.6,0,0.0,0.8,IDLE,0.00,0.00,0.00,0,0.0,2843,13,615.8,596.1
1.9500,5007490,0.0,615.8,-0.656,21.895,-0.08,2.57,688.4,688.4,501.3,0,0.0,0.6,IDLE,0.00,0.00,0.00,0,0.0,2843,13,615.8,574.6
2.0000,5007540,0.0,574.6,-0.656,21.895,-0.07,2.40,688.4,688.4,501.3,0,0.0,0.6,IDLE,0.00,0.00,0.00,0,0.0,2843,13,574.6,591.8
2.0500,5007590,0.0,574.6,-3.990,21.895,-0.44,2.40,776.9,776.9,501.3,0,0.0,0.6,IDLE,0.00,0.00,0.00,0,0.0,2843,13,574.6,631.1
2.1000,5007640,0.0,631.1,-3.990,21.895,-0.48,2.63,776.9,776.9,501.3,0,0.0,0.6,IDLE,0.00,0.00,0.00,0,0.0,2843,13,631.1,611.1
2.1500,5007690,0.0,631.1,-3.990,21.895,-0.48,2.63,776.9,776.9,501.8,0,0.0,0.9,IDLE,0.00,0.00,0.00,0,0.0,2843,13,631.1,578.5
2.2000,5007740,0.0,578.5,-3.990,21.895,-0.44,2.41,776.9,776.9,501.8,0,0.0,0.9,IDLE,0.00,0.00,0.00,0,0.0,2843,13,578.5,576.0
2.2500,5007790,0.0,578.5,-9.500,21.895,-1.05,2.41,757.5,757.5,501.8,0,0.0,0.9,IDLE,0.00,0.00,0.00,0,0.0,2843,13,578.5,577.2
2.3000,5007840,0.0,587.3,-9.500,21.895,-1.06,2.45,757.5,757.5,503.0,0,0.0,1.5,IDLE,0.00,0.00,0.00,0,0.0,2843,13,587.3,609.1
2.3500,5007890,0.0,587.3,-9.500,21.895,-1.06,2.45,757.5,757.5,503.0,0,0.0,1.5,IDLE,0.00,0.00,0.00,0,0.0,2843,13,587.3,629.9
2.4000,5007940,0.0,629.9,-19.759,21.895,-2.37,2.63,638.8,638.8,503.0,0,0.0,1.5,IDLE,0.00,0.00,0.00,0,0.0,2843,13,629.9,613.7
2.4500,5007990,0.0,629.9,-19.759,21.895,-2.37,2.63,638.8,638.8,503.2,0,0.0,1.6,IDLE,0.00,0.00,0.00,0,0.0,2843,13,629.9,588.2
2.5000,5008040,0.0,588.2,-19.759,21.895,-2.21,2.45,638.8,638.8,503.2,0,0.0,1.6,IDLE,0.00,0.00,0.00,0,0.0,2843,13,588.2,588.8
2.5500,5008090,0.0,588.2,-8.216,21.895,-0.92,2.45,893.4,893.4,503.2,0,0.0,1.6,IDLE,0.00,0.00,0.00,0,0.0,2843,13,588.2,613.0
2.6000,5008140,0.0,613.0,-8.216,21.895,-0.96,2.56,893.4,893.4,501.9,0,0.0,0.9,IDLE,0.00,0.00,0.00,0,0.0,2843,13,613.0,624.5
2.6500,5008190,0.0,613.0,-8.216,21.895,-0.96,2.56,893.4,893.4,501.9,0,0.0,0.9,IDLE,0.00,0.00,0.00,0,0.0,2843,13,613.0,577.8
2.7000,5008240,0.0,577.8,-20.467,21.895,-2.25,2.41,608.1,608.1,501.9,0,0.0,0.9,IDLE,0.00,0.00,0.00,0,0.0,2843,13,577.8,537.8
2.7500,5008290,0.0,577.8,-20.467,21.895,-2.25,2.41,608.1,608.1,500.4,0,0.0,0.2,IDLE,0.00,0.00,0.00,0,0.0,2844,14,577.8,509.9
2.8000,5008340,0.0,577.8,-20.467,21.895,-2.25,2.41,608.1,608.1,500.4,0,0.0,0.2,IDLE,0.00,0.00,0.00,0,0.0,2845,15,577.8,509.9
2.8500,5008390,0.0,577.8,-19.014,21.895,-2.09,2.41,672.5,672.5,500.4,0,0.0,0.2,IDLE,0.00,0.00,0.00,0,0.0,2846,16,577.8,509.9
2.9000,5008440,0.0,577.8,-19.014,21.895,-2.09,2.41,672.5,672.5,500.4,0,0.0,0.2,IDLE,0.00,0.00,0.00,0,0.0,2846,16,577.8,509.9
2.9500,5008490,0.0,577.8,-19.014,21.895,-2.09,2.41,672.5,672.5,501.3,0,0.0,0.6,IDLE,0.00,0.00,0.00,0,0.0,2846,16,577.8,517.4
3.0000,5008540,0.0,520.6,-19.014,21.895,-1.88,2.17,672.5,672.5,501.3,0,0.0,0.6,IDLE,0.00,0.00,0.00,0,0.0,2846,16,520.6,570.3
3.0500,5008590,0.0,520.6,-6.690,21.895,-0.66,2.17,1098.4,1098.4,501.3,0,0.0,0.6,IDLE,0.00,0.00,0.00,0,0.0,2846,16,520.6,601.2
3.1000,5008640,0.0,601.2,-6.690,21.895,-0.77,2.51,1098.4,1098.4,500.9,0,0.0,0.4,IDLE,0.00,0.00,0.00,0,0.0,2846,16,601.2,619.1
3.1500,5008690,0.0,601.2,-6.690,21.895,-0.77,2.51,1098.4,1098.4,500.9,0,0.0,0.4,IDLE,0.00,0.00,0.00,0,0.0,2846,16,601.2,628.1
3.2000,5008740,0.0,642.7,-0.885,21.895,-0.11,2.68,818.4,818.4,500.9,0,0.0,0.4,IDLE,0.00,0.00,0.00,0,0.0,2846,16,642.7,674.3
3.2500,5008790,0.0,642.7,-0.885,21.895,-0.11,2.68,818.4,818.4,502.6,0,0.0,1.3,IDLE,0.00,0.00,0.00,0,0.0,2846,16,642.7,734.8
3.3000,5008840,0.0,755.6,-0.885,21.895,-0.13,3.15,818.4,818.4,502.6,0,0.0,1.3,IDLE,0.00,0.00,0.00,0,0.0,2846,16,755.6,824.3
3.3500,5008890,0.0,755.6,12.280,21.895,1.77,3.15,1129.7,1129.7,502.6,0,0.0,1.3,IDLE,0.00,0.00,0.00,0,0.0,2846,16,755.6,942.3
3.4000,5008940,0.0,917.7,12.280,21.895,2.15,3.83,1129.7,1129.7,502.0,0,0.0,1.0,IDLE,0.00,0.00,0.00,0,0.0,2846,16,917.7,1026.8
3.4500,5008990,0.0,917.7,12.280,21.895,2.15,3.83,1129.7,1129.7,502.0,0,0.0,1.0,IDLE,0.00,0.00,0.00,0,0.0,2846,16,917.7,1132.4
3.5000,5009040,0.0,1111.4,9.603,21.895,2.03,4.63,630.9,630.9,502.0,0,0.0,1.0,IDLE,0.00,0.00,0.00,0,0.0,2847,16,1111.4,1228.0
3.5500,5009090,0.0,1111.4,9.603,21.895,2.03,4.63,630.9,630.9,502.0,0,0.0,1.0,IDLE,0.00,0.00,0.00,0,0.0,2848,16,1111.4,1338.7
3.6000,5009140,0.0,1297.2,9.603,21.895,2.37,5.41,630.9,630.9,501.4,0,0.0,0.7,IDLE,0.00,0.00,0.00,0,0.0,2848,16,1297.2,1407.4
3.6500,5009190,0.0,1297.2,9.603,21.895,2.37,5.41,630.9,630.9,501.4,0,0.0,0.7,IDLE,0.00,0.00,0.00,0,0.0,2849,16,1297.2,1481.6
3.7000,5009240,0.0,1452.1,24.694,21.895,6.83,6.05,1100.6,1100.6,501.4,0,0.0,0.7,IDLE,0.00,0.00,0.00,0,0.0,2849,16,1452.1,1523.3
3.7500,5009290,0.0,1452.1,24.694,21.895,6.83,6.05,1100.6,1100.6,500.8,0,0.0,0.4,IDLE,0.00,0.00,0.00,0,0.0,2849,16,1452.1,1548.0
3.8000,5009340,0.0,1538.8,24.694,20.815,7.24,6.10,1100.6,1100.6,500.8,0,0.0,0.4,IDLE,0.00,0.00,0.00,0,0.0,2850,16,1538.8,1574.5
3.8500,5009390,0.0,1538.8,41.001,20.815,12.01,6.10,1107.2,1107.2,500.8,0,0.0,0.4,IDLE,0.00,0.00,0.00,0,0.0,2850,16,1538.8,1581.0
3.9000,5009440,0.0,1578.0,41.001,19.723,12.32,5.93,1107.2,1107.2,501.9,0,0.0,0.9,IDLE,0.00,0.00,0.00,0,0.0,2850,16,1578.0,1577.4
3.9500,5009490,0.0,1578.0,41.001,19.723,12.32,5.93,1107.2,1107.2,501.9,0,0.0,0.9,IDLE,0.00,0.00,0.00,0,0.0,2850,16,1578.0,1572.1
4.0000,5009540,0.0,1574.2,48.096,19.829,14.42,5.94,790.9,790.9,501.9,0,0.0,0.9,IDLE,0.00,0.00,0.00,0,0.0,2851,16,1574.2,1559.3
4.0500,5009590,0.0,1574.2,48.096,19.829,14.42,5.94,790.9,790.9,501.8,0,0.0,0.9,IDLE,0.00,0.00,0.00,0,0.0,2851,16,1574.2,1528.3
4.1000,5009640,0.0,1538.3,48.096,20.829,14.09,6.10,790.9,790.9,501.8,0,0.0,0.9,IDLE,0.00,0.00,0.00,0,0.0,2851,16,1538.3,1484.2
4.1500,5009690,0.0,1538.3,40.182,20.829,11.77,6.10,723.8,723.8,501.8,0,0.0,0.9,IDLE,0.00,0.00,0.00,0,0.0,2851,16,1538.3,1462.9
4.2000,5009740,0.0,1468.6,40.182,21.895,11.24,6.12,723.8,723.8,502.8,0,0.0,1.4,IDLE,0.00,0.00,0.00,0,0.0,2851,16,1468.6,1417.4
4.2500,5009790,0.0,1468.6,40.182,21.895,11.24,6.12,723.8,723.8,502.8,0,0.0,1.4,IDLE,0.00,0.00,0.00,0,0.0,2851,16,1468.6,1371.9
4.3000,5009840,0.0,1388.6,57.404,21.895,15.18,5.79,977.5,977.5,502.8,0,0.0,1.4,IDLE,0.00,0.00,0.00,0,0.0,2851,16,1388.6,1327.3
4.3500,5009890,0.0,1388.6,57.404,21.895,15.18,5.79,977.5,977.5,502.8,0,0.0,1.4,IDLE,0.00,0.00,0.00,0,0.0,2851,16,1388.6,1300.6
4.4000,5009940,0.0,1308.8,57.404,21.895,14.31,5.46,977.5,977.5,501.0,0,0.0,0.5,IDLE,0.00,0.00,0.00,0,0.0,2851,16,1308.8,1276.8
4.4500,5009990,0.0,1308.8,57.404,21.895,14.31,5.46,977.5,977.5,501.0,0,0.0,0.5,IDLE,0.00,0.00,0.00,0,0.0,2851,16,1308.8,1258.0
4.5000,5010040,0.0,1262.7,54.705,21.895,13.15,5.26,614.7,614.7,501.0,0,0.0,0.5,IDLE,0.00,0.00,0.00,0,0.0,2851,16,1262.7,1254.2
4.5500,5010090,0.0,1262.7,54.705,21.895,13.15,5.26,614.7,614.7,500.8,0,0.0,0.4,IDLE,0.00,0.00,0.00,0,0.0,2851,16,1262.7,1260.0
4.6000,5010140,0.0,1257.6,54.705,21.895,13.10,5.24,614.7,614.7,500.8,0,0.0,0.4,IDLE,0.00,0.00,0.00,0,0.0,2851,16,1257.6,1257.8
4.6500,5010190,0.0,1257.6,45.721,21.895,10.95,5.24,905.6,905.6,500.8,0,0.0,0.4,IDLE,0.00,0.00,0.00,0,0.0,2851,16,1257.6,1261.4
4.7000,5010240,0.0,1261.2,45.721,21.895,10.98,5.26,905.6,905.6,503.5,0,0.0,1.8,IDLE,0.00,0.00,0.00,0,0.0,2851,16,1261.2,1272.4
4.7500,5010290,0.0,1261.2,45.721,21.895,10.98,5.26,905.6,905.6,503.5,0,0.0,1.8,IDLE,0.00,0.00,0.00,0,0.0,2851,16,1261.2,1278.4
4.8000,5010340,0.0,1276.9,36.495,21.895,8.87,5.32,620.5,620.5,503.5,0,0.0,1.8,IDLE,0.00,0.00,0.00,0,0.0,2851,16,1276.9,1286.1
4.8500,5010390,0.0,1276.9,36.495,21.895,8.87,5.32,620.5,620.5,501.1,0,0.0,0.6,IDLE,0.00,0.00,0.00,0,0.0,2851,16,1276.9,1313.0
4.9000,5010440,0.0,1302.8,36.495,21.895,9.05,5.43,620.5,620.5,501.1,0,0.0,0.6,IDLE,0.00,0.00,0.00,0,0.0,2851,16,1302.8,1337.8
4.9500,5010490,0.0,1302.8,9.338,21.895,2.32,5.43,547.2,547.2,501.1,0,0.0,0.6,IDLE,0.00,0.00,0.00,0,0.0,2851,16,1302.8,1360.1
5.0000,5010540,0.0,1350.7,9.338,21.895,2.40,5.63,547.2,547.2,503.0,0,0.0,1.5,IDLE,0.00,0.00,0.00,0,0.0,2851,16,1350.7,1365.3
5.0500,5010590,0.0,1350.7,9.338,21.895,2.40,5.63,547.2,547.2,503.0,0,0.0,1.5,IDLE,0.00,0.00,0.00,0,0.0,2851,16,1350.7,1379.9
5.1000,5010640,0.0,1374.6,25.380,21.895,6.64,5.73,975.0,975.0,503.0,0,0.0,1.5,IDLE,0.00,0.00,0.00,0,0.0,2852,16,1374.6,1395.3
5.1500,5010690,2000.0,1374.6,25.380,21.895,6.64,5.73,975.0,975.0,503.0,1,0.1,1.5,HOLD_RPM,0.00,0.00,0.00,0,0.0,2852,16,1374.6,1400.1
5.2000,5010740,2000.0,1397.9,25.380,21.895,6.76,5.83,975.0,975.0,502.0,2,0.3,1.0,HOLD_RPM,0.00,0.00,0.00,0,0.0,2852,16,1397.9,1402.4
5.2500,5010790,2000.0,1397.9,25.380,21.895,6.76,5.83,975.0,975.0,502.0,3,0.4,1.0,HOLD_RPM,0.00,0.00,0.00,0,0.0,2852,16,1397.9,1405.6
5.3000,5010840,2000.0,1405.4,19.376,21.895,5.18,5.86,971.9,971.9,502.0,4,0.6,1.0,HOLD_RPM,0.00,0.00,0.00,0,0.0,2853,16,1405.4,1414.8
5.3500,5010890,2000.0,1405.4,19.376,21.895,5.18,5.86,971.9,971.9,505.3,6,0.9,2.6,HOLD_RPM,0.00,0.00,0.00,0,0.0,2853,16,1405.4,1420.7
5.4000,5010940,2000.0,1417.6,19.376,21.895,5.23,5.91,971.9,971.9,505.3,7,1.0,2.6,HOLD_RPM,0.00,0.00,0.00,0,0.0,2854,16,1417.6,1426.5
5.4500,5010990,2000.0,1417.6,-15.054,21.895,-4.06,5.91,368.8,368.8,505.3,9,1.3,2.6,HOLD_RPM,0.00,0.00,0.00,0,0.0,2855,16,1417.6,1432.5
5.5000,5011040,2000.0,1429.1,-15.054,21.895,-4.10,5.96,368.8,368.8,501.9,11,1.6,0.9,HOLD_RPM,0.00,0.00,0.00,0,0.0,2856,16,1429.1,1419.0
5.5500,5011090,2000.0,1429.1,-15.054,21.895,-4.10,5.96,368.8,368.8,501.9,13,1.9,0.9,HOLD_RPM,0.00,0.00,0.00,0,0.0,2856,16,1429.1,1399.8
5.6000,5011140,2000.0,1408.7,-23.108,21.895,-6.20,5.87,618.1,618.1,501.9,16,2.4,0.9,HOLD_RPM,0.00,0.00,0.00,0,0.0,2856,16,1408.7,1401.7
5.6500,5011190,2000.0,1408.7,-23.108,21.895,-6.20,5.87,618.1,618.1,502.0,19,2.8,1.0,HOLD_RPM,0.00,0.00,0.00,0,0.0,2856,16,1408.7,1392.5
5.7000,5011240,2000.0,1397.4,-23.108,21.895,-6.15,5.83,618.1,618.1,502.0,21,3.1,1.0,HOLD_RPM,0.00,0.00,0.00,0,0.0,2856,16,1397.4,1378.8
5.7500,5011290,2000.0,1397.4,2.471,21.895,0.66,5.83,1272.5,1272.5,502.0,24,3.6,1.0,HOLD_RPM,0.00,0.00,0.00,0,0.0,2857,16,1397.4,1376.9
5.8000,5011340,2000.0,1377.9,2.471,21.895,0.65,5.74,1272.5,1272.5,502.0,28,4.2,1.0,HOLD_RPM,0.00,0.00,0.00,0,0.0,2858,16,1377.9,1387.0
5.8500,5011390,2000.0,1377.9,2.471,21.895,0.65,5.74,1272.5,1272.5,501.5,31,4.6,0.8,HOLD_RPM,0.00,0.00,0.00,0,0.0,2858,16,1377.9,1405.8
5.9000,5011440,2000.0,1398.6,2.471,21.895,0.66,5.83,1272.5,1272.5,501.5,35,5.2,0.8,HOLD_RPM,0.00,0.00,0.00,0,0.0,2859,16,1398.6,1429.2
5.9500,5011490,2000.0,1398.6,-13.202,21.895,-3.52,5.83,641.2,641.2,501.5,38,5.7,0.8,HOLD_RPM,0.00,0.00,0.00,0,0.0,2859,16,1398.6,1456.7
6.0000,5011540,2000.0,1445.5,-13.202,21.895,-3.63,6.03,641.2,641.2,504.8,42,6.3,2.4,HOLD_RPM,0.00,0.00,0.00,0,0.0,2859,16,1445.5,1482.0
6.0500,5011590,2000.0,1445.5,-13.202,21.895,-3.63,6.03,641.2,641.2,504.8,47,7.0,2.4,HOLD_RPM,0.00,0.00,0.00,0,0.0,2859,16,1445.5,1530.2
6.1000,5011640,2000.0,1518.7,-21.212,21.374,-6.13,6.18,442.8,442.8,504.8,51,7.6,2.4,HOLD_RPM,0.00,0.00,0.00,0,0.0,2860,16,1518.7,1580.4
6.1500,5011690,2000.0,1518.7,-21.212,21.374,-6.13,6.18,442.8,442.8,504.4,56,8.4,2.2,HOLD_RPM,0.00,0.00,0.00,0,0.0,2860,16,1518.7,1637.2
6.2000,5011740,2000.0,1616.0,-21.212,19.085,-6.53,5.87,442.8,442.8,504.4,60,9.0,2.2,HOLD_RPM,0.00,0.00,0.00,0,0.0,2860,16,1616.0,1716.4
6.2500,5011790,2000.0,1616.0,-17.089,19.085,-5.26,5.87,994.1,994.1,504.4,65,9.7,2.2,HOLD_RPM,0.00,0.00,0.00,0,0.0,2861,16,1616.0,1763.6
6.3000,5011840,2000.0,1738.3,-17.089,18.070,-5.66,5.98,994.1,994.1,502.0,70,10.5,1.0,HOLD_RPM,0.00,0.00,0.00,0,0.0,2861,16,1738.3,1792.6
6.3500,5011890,2000.0,1738.3,-17.089,18.070,-5.66,5.98,994.1,994.1,502.0,75,11.2,1.0,HOLD_RPM,0.00,0.00,0.00,0,0.0,2861,16,1738.3,1824.1
6.4000,5011940,2000.0,1810.4,-7.649,16.647,-2.64,5.74,823.1,823.1,502.0,80,12.0,1.0,HOLD_RPM,0.00,0.00,0.00,0,0.0,2862,16,1810.4,1839.9
6.4500,5011990,2000.0,1810.4,-7.649,16.647,-2.64,5.74,823.1,823.1,502.1,84,12.6,1.1,HOLD_RPM,0.00,0.00,0.00,0,0.0,2864,16,1810.4,1841.3
6.5000,5012040,2000.0,1841.4,-7.649,16.636,-2.68,5.83,823.1,823.1,502.1,89,13.3,1.1,HOLD_RPM,0.00,0.00,0.00,0,0.0,2865,16,1841.4,1872.3
6.5500,5012090,2000.0,1841.4,-2.286,16.636,-0.80,5.83,662.2,662.2,502.1,93,13.9,1.1,HOLD_RPM,0.00,0.00,0.00,0,0.0,2865,16,1841.4,1880.5
6.6000,5012140,2000.0,1876.3,-2.286,16.624,-0.82,5.94,662.2,662.2,502.1,97,14.5,1.1,HOLD_RPM,0.00,0.00,0.00,0,0.0,2866,16,1876.3,1887.4
6.6500,5012190,2000.0,1876.3,-2.286,16.624,-0.82,5.94,662.2,662.2,501.0,100,15.0,0.5,HOLD_RPM,0.00,0.00,0.00,0,0.0,2866,16,1876.3,1902.4
6.7000,5012240,2000.0,1894.5,-2.286,16.618,-0.82,5.99,662.2,662.2,501.0,104,15.6,0.5,HOLD_RPM,0.00,0.00,0.00,0,0.0,2866,16,1894.5,1905.5
6.7500,5012290,2000.0,1894.5,-11.934,16.618,-4.30,5.99,768.1,768.1,501.0,107,16.0,0.5,HOLD_RPM,0.00,0.00,0.00,0,0.0,2866,16,1894.5,1914.9
6.8000,5012340,2000.0,1910.1,-11.934,16.149,-4.34,5.87,768.1,768.1,503.8,110,16.5,1.9,HOLD_RPM,0.00,0.00,0.00,0,0.0,2868,16,1910.1,1921.5
6.8500,5012390,2000.0,1910.1,-11.934,16.149,-4.34,5.87,768.1,768.1,503.8,113,16.9,1.9,HOLD_RPM,0.00,0.00,0.00,0,0.0,2869,16,1910.1,1921.4
6.9000,5012440,2000.0,1921.9,-21.928,15.603,-8.02,5.71,757.5,757.5,503.8,116,17.4,1.9,HOLD_RPM,0.00,0.00,0.00,0,0.0,2870,16,1921.9,1930.6
6.9500,5012490,2000.0,1921.9,-21.928,15.603,-8.02,5.71,757.5,757.5,501.3,118,17.7,0.6,HOLD_RPM,0.00,0.00,0.00,0,0.0,2870,16,1921.9,1940.2
7.0000,5012540,2000.0,1935.5,-21.928,14.973,-8.08,5.52,757.5,757.5,501.3,120,18.0,0.6,HOLD_RPM,0.00,0.00,0.00,0,0.0,2870,16,1935.5,1935.2
7.0500,5012590,2000.0,1935.5,5.060,14.973,1.86,5.52,947.5,947.5,501.3,122,18.3,0.6,HOLD_RPM,0.00,0.00,0.00,0,0.0,2870,16,1935.5,1938.4
7.1000,5012640,2000.0,1937.9,5.060,14.862,1.87,5.48,947.5,947.5,501.4,124,18.6,0.7,HOLD_RPM,0.00,0.00,0.00,0,0.0,2870,16,1937.9,1945.3
7.1500,5012690,2000.0,1937.9,5.060,14.862,1.87,5.48,947.5,947.5,501.4,126,18.9,0.7,HOLD_RPM,0.00,0.00,0.00,0,0.0,2871,16,1937.9,1952.6
7.2000,5012740,2000.0,1949.3,25.306,14.335,9.39,5.32,1052.5,1052.5,501.4,127,19.0,0.7,HOLD_RPM,0.00,0.00,0.00,0,0.0,2873,16,1949.3,1957.2
7.2500,5012790,2000.0,1949.3,25.306,14.335,9.39,5.32,1052.5,1052.5,501.4,129,19.3,0.7,HOLD_RPM,0.00,0.00,0.00,0,0.0,2874,16,1949.3,1970.8
7.3000,5012840,2000.0,1963.7,25.306,13.669,9.46,5.11,1052.5,1052.5,500.8,130,19.5,0.4,HOLD_RPM,0.00,0.00,0.00,0,0.0,2874,16,1963.7,1970.4
7.3500,5012890,2000.0,1963.7,25.306,13.669,9.46,5.11,1052.5,1052.5,500.8,131,19.6,0.4,HOLD_RPM,0.00,0.00,0.00,0,0.0,2874,16,1963.7,1983.9
7.4000,5012940,2000.0,1977.1,-1.955,13.049,-0.74,4.91,687.8,687.8,500.8,132,19.8,0.4,HOLD_RPM,0.00,0.00,0.00,0,0.0,2874,16,1977.1,1987.1
7.4500,5012990,2000.0,1977.1,-1.955,13.049,-0.74,4.91,687.8,687.8,502.9,132,19.8,1.4,HOLD_RPM,0.00,0.00,0.00,0,0.0,2874,16,1977.1,2004.7
7.5000,5013040,2000.0,1996.7,-1.955,12.142,-0.74,4.62,687.8,687.8,502.9,132,19.8,1.4,HOLD_RPM,0.00,0.00,0.00,0,0.0,2876,16,1996.7,2018.1
7.5500,5013090,2000.0,1996.7,-2.301,12.142,-0.87,4.62,633.8,633.8,502.9,133,19.9,1.4,HOLD_RPM,0.00,0.00,0.00,0,0.0,2877,16,1996.7,2034.5
7.6000,5013140,2000.0,2026.3,-2.301,11.764,-0.89,4.54,633.8,633.8,502.3,133,19.9,1.1,HOLD_RPM,3.95,0.00,3.95,0,0.0,2878,16,2026.3,2043.7
7.6500,5013190,2000.0,2026.3,-2.301,11.764,-0.89,4.54,633.8,633.8,502.3,132,19.8,1.1,HOLD_RPM,3.95,0.00,3.95,0,0.0,2878,16,2026.3,2044.0
7.7000,5013240,2000.0,2043.4,21.168,11.617,8.24,4.52,946.2,946.2,502.3,131,19.6,1.1,HOLD_RPM,6.51,0.00,11.63,0,0.0,2879,16,2043.4,2054.9
7.7500,5013290,2000.0,2043.4,21.168,11.617,8.24,4.52,946.2,946.2,499.3,129,19.3,-0.4,HOLD_RPM,6.51,0.01,6.52,0,0.0,2879,16,2043.4,2056.8
7.8000,5013340,2000.0,2056.0,21.168,11.509,8.29,4.51,946.2,946.2,499.3,127,19.0,-0.4,HOLD_RPM,8.40,0.01,12.19,0,0.0,2880,16,2056.0,2059.9
7.8500,5013390,2000.0,2056.0,-2.021,11.509,-0.79,4.51,496.6,496.6,499.3,125,18.7,-0.4,HOLD_RPM,8.40,0.01,8.41,0,0.0,2880,16,2056.0,2065.3
7.9000,5013440,2000.0,2063.4,-2.021,11.445,-0.79,4.50,496.6,496.6,502.5,123,18.4,1.2,HOLD_RPM,9.51,0.02,11.74,0,0.0,2880,16,2063.4,2065.6
7.9500,5013490,2000.0,2063.4,-2.021,11.445,-0.79,4.50,496.6,496.6,502.5,120,18.0,1.2,HOLD_RPM,9.51,0.02,9.53,0,0.0,2881,16,2063.4,2086.6
8.0000,5013540,2000.0,2076.8,2.722,11.330,1.08,4.48,924.9,924.9,502.5,117,17.5,1.2,HOLD_RPM,11.51,0.02,15.55,0,0.0,2881,16,2076.8,2095.6
8.0500,5013590,2000.0,2076.8,2.722,11.330,1.08,4.48,924.9,924.9,502.5,114,17.1,1.2,HOLD_RPM,11.51,0.03,11.54,0,0.0,2881,16,2076.8,2114.7
8.1000,5013640,2000.0,2104.2,2.722,11.226,1.09,4.50,924.9,924.9,502.8,111,16.6,1.4,HOLD_RPM,15.62,0.03,23.87,0,0.0,2882,16,2104.2,2114.8
8.1500,5013690,2000.0,2104.2,2.722,11.226,1.09,4.50,924.9,924.9,502.8,107,16.0,1.4,HOLD_RPM,15.62,0.04,15.66,0,0.0,2882,16,2104.2,2126.4
8.2000,5013740,2000.0,2121.8,-1.615,11.620,-0.65,4.69,569.1,569.1,502.8,103,15.4,1.4,HOLD_RPM,18.27,0.04,23.59,0,0.0,2883,16,2121.8,2142.5
8.2500,5013790,2000.0,2121.8,-1.615,11.620,-0.65,4.69,569.1,569.1,502.1,99,14.8,1.1,HOLD_RPM,18.27,0.05,18.31,0,0.0,2884,16,2121.8,2150.3
8.3000,5013840,2000.0,2146.2,-1.615,12.168,-0.66,4.97,569.1,569.1,502.1,95,14.2,1.1,HOLD_RPM,21.93,0.06,29.30,0,0.0,2884,16,2146.2,2164.6
8.3500,5013890,2000.0,2146.2,0.302,12.168,0.12,4.97,809.4,809.4,502.1,90,13.5,1.1,HOLD_RPM,21.93,0.06,21.99,0,0.0,2886,16,2146.2,2176.9
8.4000,5013940,2000.0,2171.0,0.302,12.724,0.13,5.26,809.4,809.4,503.1,85,12.7,1.6,HOLD_RPM,25.64,0.07,33.15,0,0.0,2886,16,2171.0,2181.3
8.4500,5013990,2000.0,2171.0,0.302,12.724,0.13,5.26,809.4,809.4,503.1,81,12.1,1.6,HOLD_RPM,25.64,0.08,25.72,0,0.0,2886,16,2171.0,2184.4
8.5000,5014040,2000.0,2184.1,11.027,13.018,4.59,5.41,987.5,987.5,503.1,76,11.4,1.6,HOLD_RPM,27.61,0.09,31.65,0,0.0,2887,16,2184.1,2196.5
8.5500,5014090,2000.0,2184.1,11.027,13.018,4.59,5.41,987.5,987.5,503.5,72,10.8,1.8,HOLD_RPM,27.61,0.10,27.71,0,0.0,2887,16,2184.1,2206.8
8.6000,5014140,2000.0,2200.9,11.027,13.403,4.62,5.62,987.5,987.5,503.5,68,10.2,1.8,HOLD_RPM,30.13,0.11,35.27,0,0.0,2888,16,2200.9,2211.7
8.6500,5014190,2000.0,2200.9,6.800,13.403,2.85,5.62,856.9,856.9,503.5,64,9.6,1.8,HOLD_RPM,30.13,0.12,30.25,0,0.0,2888,16,2200.9,2213.2
8.7000,5014240,2000.0,2212.5,6.800,13.774,2.86,5.80,856.9,856.9,503.5,60,9.0,1.8,HOLD_RPM,31.88,0.13,35.51,0,0.0,2889,16,2212.5,2209.0
8.7500,5014290,2000.0,2212.5,6.800,13.774,2.86,5.80,856.9,856.9,503.8,57,8.5,1.9,HOLD_RPM,31.88,0.14,32.02,0,0.0,2889,16,2212.5,2216.1
8.8000,5014340,2000.0,2213.1,6.800,13.794,2.87,5.81,856.9,856.9,503.8,54,8.1,1.9,HOLD_RPM,31.97,0.15,32.31,0,0.0,2889,16,2213.1,2217.0
8.8500,5014390,2000.0,2213.1,0.811,13.794,0.34,5.81,924.1,924.1,503.8,51,7.6,1.9,HOLD_RPM,31.97,0.16,32.13,0,0.0,2889,16,2213.1,2227.7
8.9000,5014440,2000.0,2222.8,0.811,14.104,0.34,5.97,924.1,924.1,501.0,48,7.2,0.5,HOLD_RPM,33.42,0.17,36.50,0,0.0,2889,16,2222.8,2226.2
8.9500,5014490,2000.0,2222.8,0.811,14.104,0.34,5.97,924.1,924.1,501.0,46,6.9,0.5,HOLD_RPM,33.42,0.18,33.61,0,0.0,2890,16,2222.8,2231.5
9.0000,5014540,2000.0,2228.0,0.509,14.270,0.22,6.05,681.2,681.2,501.0,44,6.6,0.5,HOLD_RPM,34.21,0.20,35.97,0,0.0,2890,16,2228.0,2230.3
9.0500,5014590,2000.0,2228.0,0.509,14.270,0.22,6.05,681.2,681.2,502.1,42,6.3,1.1,HOLD_RPM,34.21,0.21,34.41,0,0.0,2891,16,2228.0,2240.4
9.1000,5014640,2000.0,2237.4,0.509,14.570,0.22,6.21,681.2,681.2,502.1,40,6.0,1.1,HOLD_RPM,35.61,0.22,38.64,0,0.0,2891,16,2237.4,2242.5
9.1500,5014690,2000.0,2237.4,6.262,14.570,2.67,6.21,757.2,757.2,502.1,39,5.8,1.1,HOLD_RPM,35.61,0.23,35.84,0,0.0,2891,16,2237.4,2246.8
9.2000,5014740,2000.0,2244.7,6.262,14.804,2.68,6.33,757.2,757.2,503.6,38,5.7,1.8,HOLD_RPM,36.70,0.24,39.13,0,0.0,2891,16,2244.7,2272.4
9.2500,5014790,2000.0,2244.7,6.262,14.804,2.68,6.33,757.2,757.2,503.6,37,5.5,1.8,HOLD_RPM,36.70,0.26,36.96,0,0.0,2892,16,2244.7,2294.7
9.3000,5014840,2000.0,2282.2,-7.110,16.003,-3.09,6.95,659.4,659.4,503.6,37,5.5,1.8,HOLD_RPM,42.32,0.27,53.83,0,0.0,2892,16,2282.2,2319.7
9.3500,5014890,2000.0,2282.2,-7.110,16.003,-3.09,6.95,659.4,659.4,503.0,38,5.7,1.5,HOLD_RPM,42.32,0.28,42.61,0,0.0,2893,16,2282.2,2341.6
9.4000,5014940,2000.0,2329.1,-7.110,17.566,-3.15,7.79,659.4,659.4,503.0,39,5.8,1.5,HOLD_RPM,49.37,0.30,63.76,0,0.0,2893,16,2329.1,2355.4
9.4500,5014990,2000.0,2329.1,13.549,17.566,6.01,7.79,939.7,939.7,503.0,41,6.1,1.5,HOLD_RPM,49.37,0.32,49.69,0,0.0,2895,16,2329.1,2349.8
9.5000,5015040,2000.0,2352.9,13.549,18.379,6.07,8.23,939.7,939.7,503.0,43,6.4,1.5,HOLD_RPM,52.93,0.33,60.39,0,0.0,2895,16,2352.9,2366.9
9.5500,5015090,2000.0,2352.9,13.549,18.379,6.07,8.23,939.7,939.7,501.5,45,6.7,0.8,HOLD_RPM,52.93,0.35,53.28,0,0.0,2895,16,2352.9,2385.2
9.6000,5015140,2000.0,2377.2,13.549,19.210,6.13,8.69,939.7,939.7,501.5,47,7.0,0.8,HOLD_RPM,56.57,0.37,64.23,0,0.0,2895,16,2377.2,2404.8
9.6500,5015190,2000.0,2377.2,7.066,19.210,3.20,8.69,785.9,785.9,501.5,49,7.3,0.8,HOLD_RPM,56.57,0.39,56.96,0,0.0,2895,16,2377.2,2420.0
9.7000,5015240,2000.0,2413.1,7.066,20.702,3.25,9.51,785.9,785.9,500.1,51,7.6,0.1,HOLD_RPM,61.96,0.41,73.14,0,0.0,2895,16,2413.1,2438.8
9.7500,5015290,2000.0,2413.1,7.066,20.702,3.25,9.51,785.9,785.9,500.1,53,7.9,0.1,HOLD_RPM,61.96,0.43,62.39,0,0.0,2896,16,2413.1,2457.6
9.8000,5015340,2000.0,2447.3,26.589,22.565,12.39,10.51,987.8,987.8,500.1,55,8.2,0.1,HOLD_RPM,67.10,0.45,77.84,0,0.0,2897,16,2447.3,2483.0
9.8500,5015390,2000.0,2447.3,26.589,22.565,12.39,10.51,987.8,987.8,503.0,57,8.5,1.5,HOLD_RPM,67.10,0.48,67.58,0,0.0,2897,16,2447.3,2486.5
9.9000,5015440,2000.0,2482.3,26.589,24.472,12.57,11.57,987.8,987.8,503.0,59,8.8,1.5,HOLD_RPM,72.34,0.50,83.32,0,0.0,2898,16,2482.3,2467.6
9.9500,5015490,2000.0,2482.3,24.126,24.472,11.40,11.57,756.6,756.6,503.0,61,9.1,1.5,HOLD_RPM,72.34,0.52,72.86,0,0.0,2898,16,2482.3,2465.7
10.0000,5015540,2000.0,2467.1,24.126,23.644,11.33,11.11,756.6,756.6,504.6,63,9.4,2.3,HOLD_RPM,70.06,0.55,66.05,0,0.0,2898,16,2467.1,2452.0
10.0500,5015590,2000.0,2467.1,24.126,23.644,11.33,11.11,756.6,756.6,504.6,65,9.7,2.3,HOLD_RPM,70.06,0.57,70.63,0,0.0,2899,16,2467.1,2462.5
10.1000,5015640,2000.0,2456.4,27.393,23.061,12.81,10.79,1057.5,1057.5,504.6,66,9.9,2.3,HOLD_RPM,68.46,0.59,65.85,0,0.0,2899,16,2456.4,2476.3
10.1500,5015690,2000.0,2456.4,27.393,23.061,12.81,10.79,1057.5,1057.5,504.6,67,10.0,2.3,HOLD_RPM,68.46,0.62,69.08,0,0.0,2899,16,2456.4,2495.5
10.2000,5015740,2000.0,2484.2,27.393,24.575,12.96,11.62,1057.5,1057.5,498.0,68,10.2,-1.0,HOLD_RPM,72.63,0.64,81.61,0,0.0,2899,16,2484.2,2509.1
10.2500,5015790,2000.0,2484.2,27.393,24.575,12.96,11.62,1057.5,1057.5,498.0,70,10.5,-1.0,HOLD_RPM,72.63,0.66,73.29,0,0.0,2901,16,2484.2,2526.1
10.3000,5015840,2000.0,2516.2,15.666,25.474,7.51,12.20,605.3,605.3,498.0,72,10.8,-1.0,HOLD_RPM,77.42,0.67,87.68,0,0.0,2902,16,2516.2,2533.8
10.3500,5015890,2000.0,2516.2,15.666,25.474,7.51,12.20,605.3,605.3,505.4,74,11.1,2.7,HOLD_RPM,77.42,0.67,78.09,0,0.0,2904,16,2516.2,2532.6
10.4000,5015940,2000.0,2533.9,15.666,25.517,7.56,12.31,605.3,605.3,505.4,76,11.4,2.7,HOLD_RPM,80.09,0.67,86.09,0,0.0,2904,16,2533.9,2535.3
10.4500,5015990,2000.0,2533.9,7.737,25.517,3.73,12.31,754.1,754.1,505.4,78,11.7,2.7,HOLD_RPM,80.09,0.67,80.76,0,0.0,2905,16,2533.9,2531.5
10.5000,5016040,2000.0,2531.8,7.737,25.512,3.73,12.30,754.1,754.1,504.6,79,11.8,2.3,HOLD_RPM,79.77,0.67,79.79,0,0.0,2905,16,2531.8,2534.2
10.5500,5016090,2000.0,2531.8,7.737,25.512,3.73,12.30,754.1,754.1,504.6,80,12.0,2.3,HOLD_RPM,79.77,0.67,80.43,0,0.0,2905,16,2531.8,2544.5
10.6000,5016140,2000.0,2540.4,23.927,25.532,11.57,12.35,1028.4,1028.4,504.6,81,12.1,2.3,HOLD_RPM,81.06,0.67,84.31,0,0.0,2907,16,2540.4,2544.4
10.6500,5016190,2000.0,2540.4,23.927,25.532,11.57,12.35,1028.4,1028.4,501.9,82,12.3,0.9,HOLD_RPM,81.06,0.67,81.73,0,0.0,2907,16,2540.4,2556.3
10.7000,5016240,2000.0,2550.1,23.927,25.555,11.62,12.41,1028.4,1028.4,501.9,83,12.4,0.9,HOLD_RPM,82.51,0.67,86.09,0,0.0,2908,16,2550.1,2549.3
10.7500,5016290,2000.0,2550.1,37.675,25.555,18.29,12.41,1052.2,1052.2,501.9,84,12.6,0.9,HOLD_RPM,82.51,0.67,83.18,0,0.0,2908,16,2550.1,2548.2
10.8000,5016340,2000.0,2549.0,37.675,25.552,18.28,12.40,1052.2,1052.2,497.6,84,12.6,-1.2,HOLD_RPM,82.35,0.67,82.70,0,0.0,2908,16,2549.0,2538.6
10.8500,5016390,2000.0,2549.0,37.675,25.552,18.28,12.40,1052.2,1052.2,497.6,83,12.4,-1.2,HOLD_RPM,82.35,0.67,83.02,0,0.0,2909,16,2549.0,2531.5
10.9000,5016440,2000.0,2535.9,36.731,25.521,17.74,12.32,639.1,639.1,497.6,83,12.4,-1.2,HOLD_RPM,80.39,0.67,77.13,0,0.0,2910,16,2535.9,2532.6
10.9500,5016490,2000.0,2535.9,36.731,25.521,17.74,12.32,639.1,639.1,497.6,82,12.3,-1.2,HOLD_RPM,80.39,0.67,81.06,0,0.0,2910,16,2535.9,2525.7
11.0000,5016540,2000.0,2528.6,36.731,25.504,17.68,12.28,639.1,639.1,498.0,82,12.3,-1.0,HOLD_RPM,79.29,0.67,77.74,0,0.0,2912,16,2528.6,2529.9
11.0500,5016590,2000.0,2528.6,36.731,25.504,17.68,12.28,639.1,639.1,498.0,81,12.1,-1.0,HOLD_RPM,79.29,0.67,79.95,0,0.0,2912,16,2528.6,2535.4
11.1000,5016640,2000.0,2531.2,24.111,25.510,11.62,12.29,669.1,669.1,498.0,80,12.0,-1.0,HOLD_RPM,79.68,0.67,81.15,0,0.0,2913,16,2531.2,2541.6
11.1500,5016690,2000.0,2531.2,24.111,25.510,11.62,12.29,669.1,669.1,502.3,79,11.8,1.1,HOLD_RPM,79.68,0.67,80.35,0,0.0,2914,16,2531.2,2549.3
11.2000,5016740,2000.0,2546.1,24.111,25.546,11.69,12.38,669.1,669.1,502.3,79,11.8,1.1,HOLD_RPM,81.91,0.67,87.04,0,0.0,2915,16,2546.1,2560.3
11.2500,5016790,2000.0,2546.1,37.372,25.546,18.12,12.38,1070.3,1070.3,502.3,80,12.0,1.1,HOLD_RPM,81.91,0.67,82.58,0,0.0,2915,16,2546.1,2570.3
11.3000,5016840,2000.0,2564.2,37.372,25.589,18.25,12.49,1070.3,1070.3,504.4,81,12.1,2.2,HOLD_RPM,84.62,0.67,90.71,0,0.0,2915,16,2564.2,2582.0
11.3500,5016890,2000.0,2564.2,37.372,25.589,18.25,12.49,1070.3,1070.3,504.4,83,12.4,2.2,HOLD_RPM,84.62,0.67,85.29,0,0.0,2915,16,2564.2,2585.5
11.4000,5016940,2000.0,2584.5,34.149,25.637,16.80,12.62,918.8,918.8,504.4,84,12.6,2.2,HOLD_RPM,87.68,0.67,94.47,0,0.0,2916,16,2584.5,2605.1
11.4500,5016990,2000.0,2584.5,34.149,25.637,16.80,12.62,918.8,918.8,501.5,86,12.9,0.8,HOLD_RPM,87.68,0.67,88.35,0,0.0,2917,16,2584.5,2625.6
11.5000,5017040,2000.0,2614.8,34.149,26.160,17.00,13.02,918.8,918.8,501.5,88,13.2,0.8,HOLD_RPM,92.22,0.67,101.95,0,0.0,2917,16,2614.8,2630.4
11.5500,5017090,2000.0,2614.8,50.589,26.160,25.19,13.02,1109.1,1109.1,501.5,89,13.3,0.8,HOLD_RPM,92.22,0.67,92.88,0,0.0,2917,16,2614.8,2653.2
11.6000,5017140,2000.0,2640.2,50.589,26.993,25.43,13.57,1109.1,1109.1,501.5,91,13.6,0.8,HOLD_RPM,96.02,0.67,104.31,0,0.0,2919,16,2640.2,2677.6
11.6500,5017190,2000.0,2640.2,50.589,26.993,25.43,13.57,1109.1,1109.1,506.1,93,13.9,3.1,HOLD_RPM,96.02,0.67,96.69,0,0.0,2922,16,2640.2,2715.1
11.7000,5017240,2000.0,2695.9,50.589,28.822,25.97,14.79,1109.1,1109.1,506.1,95,14.2,3.1,HOLD_RPM,104.38,0.67,121.76,0,0.0,2923,16,2695.9,2746.2
11.7500,5017290,2000.0,2695.9,46.931,28.822,24.09,14.79,979.1,979.1,506.1,97,14.5,3.1,HOLD_RPM,104.38,0.67,105.05,0,0.0,2923,16,2695.9,2763.2
11.8000,5017340,2000.0,2756.4,46.931,30.272,24.63,15.89,979.1,979.1,500.4,99,14.8,0.2,HOLD_RPM,113.46,0.67,132.29,0,0.0,2923,16,2756.4,2774.2
11.8500,5017390,2000.0,2756.4,46.931,30.272,24.63,15.89,979.1,979.1,500.4,101,15.1,0.2,HOLD_RPM,113.46,0.67,114.13,0,0.0,2924,16,2756.4,2794.1
11.9000,5017440,2000.0,2784.7,53.473,30.932,28.35,16.40,745.6,745.6,500.4,104,15.6,0.2,HOLD_RPM,117.71,0.67,126.87,0,0.0,2924,16,2784.7,2818.9
11.9500,5017490,2000.0,2784.7,53.473,30.932,28.35,16.40,745.6,745.6,501.5,106,15.9,0.8,HOLD_RPM,117.71,0.67,118.37,0,0.0,2926,16,2784.7,2845.1
12.0000,5017540,2000.0,2832.5,53.473,31.437,28.84,16.95,745.6,745.6,501.5,108,16.2,0.8,HOLD_RPM,124.87,0.67,139.86,0,0.0,2926,16,2832.5,2856.7
12.0500,5017590,2000.0,2832.5,57.316,31.437,30.91,16.95,836.6,836.6,501.5,111,16.6,0.8,HOLD_RPM,124.87,0.67,125.54,0,0.0,2926,16,2832.5,2865.2
12.1000,5017640,2000.0,2863.0,57.316,31.576,31.24,17.21,836.6,836.6,497.3,113,16.9,-1.4,HOLD_RPM,129.44,0.67,139.26,0,0.0,2926,16,2863.0,2883.1
12.1500,5017690,2000.0,2863.0,57.316,31.576,31.24,17.21,836.6,836.6,497.3,116,17.4,-1.4,HOLD_RPM,129.44,0.67,130.11,0,0.0,2926,16,2863.0,2905.3
12.2000,5017740,2000.0,2893.2,52.802,31.714,29.09,17.47,931.6,931.6,497.3,118,17.7,-1.4,HOLD_RPM,133.98,0.67,143.72,0,0.0,2926,16,2893.2,2932.6
12.2500,5017790,2000.0,2893.2,52.802,31.714,29.09,17.47,931.6,931.6,501.6,121,18.1,0.8,HOLD_RPM,133.98,0.67,134.65,0,0.0,2927,16,2893.2,2953.6
12.3000,5017840,2000.0,2941.2,52.802,31.878,29.57,17.85,931.6,931.6,501.6,124,18.6,0.8,HOLD_RPM,141.18,0.67,156.24,0,0.0,2930,16,2941.2,2982.7
12.3500,5017890,2000.0,2941.2,40.765,31.878,22.83,17.85,794.1,794.1,501.6,126,18.9,0.8,HOLD_RPM,141.18,0.67,141.84,0,0.0,2930,16,2941.2,2999.0
12.4000,5017940,2000.0,2989.0,40.765,32.032,23.20,18.23,794.1,794.1,501.6,129,19.3,0.8,HOLD_RPM,148.35,0.67,163.35,0,0.0,2931,16,2989.0,2997.5
12.4500,5017990,2000.0,2989.0,40.765,32.032,23.20,18.23,794.1,794.1,500.3,131,19.6,0.1,HOLD_RPM,148.35,0.67,149.01,0,0.0,2932,16,2989.0,2994.5
12.5000,5018040,2000.0,2997.0,40.765,32.058,23.26,18.29,794.1,794.1,500.3,134,20.1,0.1,HOLD_RPM,149.55,0.67,152.63,0,0.0,2932,16,2997.0,3019.5
12.5500,5018090,2000.0,2997.0,50.575,32.058,28.86,18.29,849.4,849.4,500.3,137,20.5,0.1,HOLD_RPM,149.55,0.67,150.22,0,0.0,2933,16,2997.0,3044.6
12.6000,5018140,2000.0,3029.7,50.575,31.748,29.17,18.31,849.4,849.4,500.9,139,20.8,0.4,HOLD_RPM,154.46,0.67,164.94,0,0.0,2933,16,3029.7,3069.8
12.6500,5018190,2000.0,3029.7,50.575,31.748,29.17,18.31,849.4,849.4,500.9,142,21.3,0.4,HOLD_RPM,154.46,0.67,155.13,0,0.0,2934,16,3029.7,3081.2
12.7000,5018240,2000.0,3072.3,64.647,31.289,37.82,18.30,970.9,970.9,500.9,145,21.7,0.4,HOLD_RPM,160.84,0.67,174.27,0,0.0,2934,16,3072.3,3082.5
12.7500,5018290,2000.0,3072.3,64.647,31.289,37.82,18.30,970.9,970.9,500.3,147,22.0,0.1,HOLD_RPM,160.84,0.67,161.51,0,0.0,2935,16,3072.3,3089.8
12.8000,5018340,2000.0,3085.6,64.647,31.145,37.98,18.30,970.9,970.9,500.3,150,22.5,0.1,HOLD_RPM,162.83,0.67,167.49,0,0.0,2935,16,3085.6,3089.3
12.8500,5018390,2000.0,3085.6,54.491,31.145,32.01,18.30,852.5,852.5,500.3,152,22.8,0.1,HOLD_RPM,162.83,0.67,163.50,0,0.0,2936,16,3085.6,3103.7
12.9000,5018440,2000.0,3095.6,54.491,31.038,32.12,18.29,852.5,852.5,501.4,155,23.2,0.7,HOLD_RPM,164.34,0.67,168.01,0,0.0,2937,16,3095.6,3119.0
12.9500,5018490,2000.0,3095.6,54.491,31.038,32.12,18.29,852.5,852.5,501.4,157,23.5,0.7,HOLD_RPM,164.34,0.67,165.00,0,0.0,2938,16,3095.6,3128.9
13.0000,5018540,2000.0,3122.6,41.200,30.810,24.50,18.32,633.8,633.8,501.4,159,23.8,0.7,HOLD_RPM,168.38,0.67,177.14,0,0.0,2938,16,3122.6,3136.1
13.0500,5018590,2000.0,3122.6,41.200,30.810,24.50,18.32,633.8,633.8,500.0,161,24.1,0.0,HOLD_RPM,168.38,0.67,169.05,0,0.0,2938,16,3122.6,3142.0
13.1000,5018640,2000.0,3138.1,41.200,30.687,24.62,18.34,633.8,633.8,500.0,163,24.4,0.0,HOLD_RPM,170.71,0.67,176.02,0,0.0,2938,16,3138.1,3155.4
13.1500,5018690,2000.0,3138.1,25.874,30.687,15.46,18.34,780.3,780.3,500.0,165,24.7,0.0,HOLD_RPM,170.71,0.67,171.38,0,0.0,2938,16,3138.1,3179.7
13.2000,5018740,2000.0,3167.6,25.874,30.453,15.61,18.37,780.3,780.3,500.0,167,25.0,0.0,HOLD_RPM,175.14,0.67,184.67,0,0.0,2938,16,3167.6,3210.4
13.2500,5018790,2000.0,3167.6,25.874,30.453,15.61,18.37,780.3,780.3,499.9,169,25.3,-0.1,HOLD_RPM,175.14,0.67,175.81,0,0.0,2939,16,3167.6,3236.6
13.3000,5018840,2000.0,3220.4,25.874,30.369,15.87,18.62,780.3,780.3,499.9,171,25.6,-0.1,HOLD_RPM,183.06,0.67,199.56,0,0.0,2939,16,3220.4,3264.2
13.3500,5018890,2000.0,3220.4,14.559,30.369,8.93,18.62,736.2,736.2,499.9,174,26.1,-0.1,HOLD_RPM,183.06,0.67,183.72,0,0.0,2940,16,3220.4,3283.9
13.4000,5018940,2000.0,3272.9,14.559,30.816,9.07,19.20,736.2,736.2,501.1,176,26.4,0.6,HOLD_RPM,190.94,0.67,207.37,0,0.0,2941,16,3272.9,3317.7
13.4500,5018990,2000.0,3272.9,14.559,30.816,9.07,19.20,736.2,736.2,501.1,178,26.7,0.6,HOLD_RPM,190.94,0.67,191.61,0,0.0,2943,16,3272.9,3341.9
13.5000,5019040,2000.0,3325.5,28.544,30.595,18.07,19.37,1045.6,1045.6,501.1,180,27.0,0.6,HOLD_RPM,198.82,0.67,215.26,0,0.0,2943,16,3325.5,3368.3
13.5500,5019090,2000.0,3325.5,28.544,30.595,18.07,19.37,1045.6,1045.6,502.4,183,27.4,1.2,HOLD_RPM,198.82,0.67,199.49,0,0.0,2943,16,3325.5,3391.4
13.6000,5019140,2000.0,3377.0,28.544,29.681,18.35,19.08,1045.6,1045.6,502.4,185,27.7,1.2,HOLD_RPM,206.55,0.67,222.66,0,0.0,2946,16,3377.0,3415.9
13.6500,5019190,2000.0,3377.0,26.943,29.681,17.32,19.08,802.2,802.2,502.4,188,28.2,1.2,HOLD_RPM,206.55,0.67,207.21,0,0.0,2946,16,3377.0,3439.4
13.7000,5019240,2000.0,3425.5,26.943,29.150,17.57,19.01,802.2,802.2,507.1,191,28.6,3.6,HOLD_RPM,213.82,0.67,229.03,0,0.0,2946,16,3425.5,3464.4
13.7500,5019290,2000.0,3425.5,26.943,29.150,17.57,19.01,802.2,802.2,507.1,194,29.1,3.6,HOLD_RPM,213.82,0.67,214.48,0,0.0,2947,16,3425.5,3489.6
13.8000,5019340,2000.0,3474.1,30.454,28.916,20.14,19.13,1006.9,1006.9,507.1,197,29.5,3.6,HOLD_RPM,221.12,0.67,236.38,0,0.0,2948,16,3474.1,3503.0
13.8500,5019390,2000.0,3474.1,30.454,28.916,20.14,19.13,1006.9,1006.9,507.1,200,30.0,3.6,HOLD_RPM,221.12,0.67,221.78,0,0.0,2949,16,3474.1,3514.3
13.9000,5019440,2000.0,3508.2,30.454,28.664,20.34,19.15,1006.9,1006.9,504.5,203,30.4,2.3,HOLD_RPM,226.22,0.67,237.11,0,0.0,2950,16,3508.2,3526.9
13.9500,5019490,2000.0,3508.2,30.454,28.664,20.34,19.15,1006.9,1006.9,504.5,206,30.9,2.3,HOLD_RPM,226.22,0.67,226.89,0,0.0,2951,16,3508.2,3548.0
14.0000,5019540,2000.0,3535.7,30.203,28.239,20.33,19.01,788.8,788.8,504.5,209,31.3,2.3,HOLD_RPM,230.36,0.67,239.30,0,0.0,2951,16,3535.7,3564.2
14.0500,5019590,2000.0,3535.7,30.203,28.239,20.33,19.01,788.8,788.8,509.1,212,31.8,4.6,HOLD_RPM,230.36,0.67,231.03,0,0.0,2953,16,3535.7,3575.7
14.1000,5019640,2000.0,3567.3,30.203,27.750,20.51,18.85,788.8,788.8,509.1,215,32.2,4.6,HOLD_RPM,235.09,0.67,245.23,0,0.0,2954,16,3567.3,3585.1
14.1500,5019690,2000.0,3567.3,30.159,27.750,20.48,18.85,848.4,848.4,509.1,218,32.7,4.6,HOLD_RPM,235.09,0.67,235.76,0,0.0,2956,16,3567.3,3589.6
14.2000,5019740,2000.0,3587.3,30.159,27.440,20.60,18.74,848.4,848.4,511.0,221,33.1,5.5,HOLD_RPM,238.10,0.67,244.78,0,0.0,2956,16,3587.3,3589.6
14.2500,5019790,2000.0,3587.3,30.159,27.440,20.60,18.74,848.4,848.4,511.0,224,33.6,5.5,HOLD_RPM,238.10,0.67,238.77,0,0.0,2956,16,3587.3,3590.4
14.3000,5019840,2000.0,3588.6,26.124,27.420,17.85,18.74,884.4,884.4,511.0,227,34.0,5.5,HOLD_RPM,238.29,0.67,239.33,0,0.0,2956,16,3588.6,3592.8
14.3500,5019890,2000.0,3588.6,26.124,27.420,17.85,18.74,884.4,884.4,516.6,229,34.3,8.3,HOLD_RPM,238.29,0.67,238.96,0,0.0,2957,16,3588.6,3593.9
14.4000,5019940,2000.0,3593.1,26.124,27.351,17.87,18.71,884.4,884.4,516.6,231,34.6,8.3,HOLD_RPM,238.97,0.67,240.99,0,0.0,2957,16,3593.1,3597.1
14.4500,5019990,2000.0,3593.1,27.275,27.351,18.66,18.71,877.2,877.2,516.6,233,34.9,8.3,HOLD_RPM,238.97,0.67,239.63,0,0.0,2959,16,3593.1,3584.2
14.5000,5020040,2000.0,3592.5,27.275,27.360,18.66,18.71,877.2,877.2,516.8,234,35.1,8.4,HOLD_RPM,238.87,0.67,239.36,0,0.0,2960,16,3592.5,3578.7
14.5500,5020090,2000.0,3592.5,27.275,27.360,18.66,18.71,877.2,877.2,516.8,235,35.2,8.4,HOLD_RPM,238.87,0.67,239.54,0,0.0,2962,16,3592.5,3582.9
14.6000,5020140,2000.0,3581.7,35.609,27.527,24.28,18.77,812.5,812.5,516.8,236,35.4,8.4,HOLD_RPM,237.26,0.67,234.70,0,0.0,2962,16,3581.7,3587.4
14.6500,5020190,2000.0,3581.7,35.609,27.527,24.28,18.77,812.5,812.5,516.8,236,35.4,8.4,HOLD_RPM,237.26,0.67,237.93,0,0.0,2962,16,3581.7,3595.0
14.7000,5020240,2000.0,3590.3,35.609,27.394,24.34,18.73,812.5,812.5,514.1,237,35.5,7.1,HOLD_RPM,238.55,0.67,241.78,0,0.0,2962,16,3590.3,3599.1
14.7500,5020290,2000.0,3590.3,35.609,27.394,24.34,18.73,812.5,812.5,514.1,238,35.7,7.1,HOLD_RPM,238.55,0.67,239.21,0,0.0,2963,16,3590.3,3598.0
14.8000,5020340,2000.0,3597.3,42.882,27.286,29.37,18.69,936.2,936.2,514.1,239,35.8,7.1,HOLD_RPM,239.59,0.67,242.34,0,0.0,2965,16,3597.3,3591.7
14.8500,5020390,2000.0,3597.3,42.882,27.286,29.37,18.69,936.2,936.2,519.6,240,36.0,9.8,HOLD_RPM,239.59,0.67,240.26,0,0.0,2966,16,3597.3,3596.3
14.9000,5020440,2000.0,3594.3,42.882,27.332,29.35,18.71,936.2,936.2,519.6,240,36.0,9.8,HOLD_RPM,239.14,0.67,238.92,0,0.0,2966,16,3594.3,3604.7
14.9500,5020490,2000.0,3594.3,49.476,27.332,33.86,18.71,877.8,877.8,519.6,239,35.8,9.8,HOLD_RPM,239.14,0.67,239.81,0,0.0,2969,16,3594.3,3612.3
15.0000,5020540,2000.0,3607.0,49.476,27.175,33.98,18.66,877.8,877.8,516.1,239,35.8,8.1,HOLD_RPM,241.06,0.67,245.55,0,0.0,2971,16,3607.0,3610.1
15.0500,5020590,2000.0,3607.0,49.476,27.175,33.98,18.66,877.8,877.8,516.1,240,36.0,8.1,HOLD_RPM,241.06,0.67,241.72,0,0.0,2971,16,3607.0,3614.7
15.1000,5020640,2000.0,3611.9,32.283,27.127,22.20,18.66,676.9,676.9,516.1,240,36.0,8.1,HOLD_RPM,241.79,0.67,243.92,0,0.0,2971,16,3611.9,3611.8
15.1500,5020690,2000.0,3611.9,32.283,27.127,22.20,18.66,676.9,676.9,514.3,241,36.1,7.1,HOLD_RPM,241.79,0.67,242.45,0,0.0,2972,16,3611.9,3614.7
15.2000,5020740,2000.0,3614.5,32.283,27.101,22.22,18.65,676.9,676.9,514.3,241,36.1,7.1,HOLD_RPM,242.17,0.67,243.61,0,0.0,2972,16,3614.5,3610.3
15.2500,5020790,2000.0,3614.5,37.925,27.101,26.10,18.65,923.1,923.1,514.3,242,36.3,7.1,HOLD_RPM,242.17,0.67,242.84,0,0.0,2972,16,3614.5,3605.6
15.3000,5020840,2000.0,3608.6,37.925,27.159,26.06,18.66,923.1,923.1,514.3,242,36.3,7.1,HOLD_RPM,241.28,0.67,240.17,0,0.0,2973,16,3608.6,3605.8
15.3500,5020890,2000.0,3608.6,37.925,27.159,26.06,18.66,923.1,923.1,518.4,241,36.1,9.2,HOLD_RPM,241.28,0.67,241.95,0,0.0,2974,16,3608.6,3610.1
15.4000,5020940,2000.0,3608.0,37.925,27.165,26.05,18.66,923.1,923.1,518.4,241,36.1,9.2,HOLD_RPM,241.20,0.67,241.69,0,0.0,2974,16,3608.0,3615.3
15.4500,5020990,2000.0,3608.0,24.450,27.165,16.80,18.66,717.8,717.8,518.4,241,36.1,9.2,HOLD_RPM,241.20,0.67,241.86,0,0.0,2975,16,3608.0,3616.4
15.5000,5021040,2000.0,3615.1,24.450,27.095,16.83,18.65,717.8,717.8,514.5,242,36.3,7.2,HOLD_RPM,242.27,0.67,245.09,0,0.0,2977,16,3615.1,3616.9
15.5500,5021090,2000.0,3615.1,24.450,27.095,16.83,18.65,717.8,717.8,514.5,242,36.3,7.2,HOLD_RPM,242.27,0.67,242.94,0,0.0,2978,16,3615.1,3617.7
15.6000,5021140,2000.0,3617.9,28.728,27.068,19.79,18.65,880.6,880.6,514.5,243,36.4,7.2,HOLD_RPM,242.68,0.67,244.17,0,0.0,2980,16,3617.9,3614.7
15.6500,5021190,2000.0,3617.9,28.728,27.068,19.79,18.65,880.6,880.6,513.3,243,36.4,6.6,HOLD_RPM,242.68,0.67,243.35,0,0.0,2981,16,3617.9,3617.7
15.7000,5021240,2000.0,3615.7,28.728,27.089,19.78,18.65,880.6,880.6,513.3,242,36.3,6.6,HOLD_RPM,242.35,0.67,242.37,0,0.0,2982,16,3615.7,3623.2
15.7500,5021290,2000.0,3615.7,25.107,27.089,17.28,18.65,770.6,770.6,513.3,242,36.3,6.6,HOLD_RPM,242.35,0.67,243.02,0,0.0,2983,16,3615.7,3626.7
15.8000,5021340,2000.0,3624.4,25.107,27.004,17.33,18.64,770.6,770.6,516.9,243,36.4,8.4,HOLD_RPM,243.66,0.67,246.94,0,0.0,2983,16,3624.4,3628.7
15.8500,5021390,2000.0,3624.4,25.107,27.004,17.33,18.64,770.6,770.6,516.9,244,36.6,8.4,HOLD_RPM,243.66,0.67,244.33,0,0.0,2986,16,3624.4,3626.5
15.9000,5021440,2000.0,3628.5,14.427,26.963,9.97,18.63,655.3,655.3,516.9,244,36.6,8.4,HOLD_RPM,244.28,0.67,246.18,0,0.0,2986,16,3628.5,3624.5
15.9500,5021490,2000.0,3628.5,14.427,26.963,9.97,18.63,655.3,655.3,516.4,244,36.6,8.2,HOLD_RPM,244.28,0.67,244.95,0,0.0,2986,16,3628.5,3622.1
16.0000,5021540,2000.0,3623.9,14.427,27.009,9.95,18.64,655.3,655.3,516.4,243,36.4,8.2,HOLD_RPM,243.59,0.67,242.87,0,0.0,2988,16,3623.9,3628.9
16.0500,5021590,2000.0,3623.9,16.816,27.009,11.60,18.64,928.4,928.4,516.4,243,36.4,8.2,HOLD_RPM,243.59,0.67,244.25,0,0.0,2988,16,3623.9,3638.3
16.1000,5021640,2000.0,3632.0,16.816,26.929,11.63,18.62,928.4,928.4,516.4,244,36.6,8.2,HOLD_RPM,244.80,0.67,247.89,0,0.0,2989,16,3632.0,3644.1
16.1500,5021690,2000.0,3632.0,16.816,26.929,11.63,18.62,928.4,928.4,513.6,244,36.6,6.8,HOLD_RPM,244.80,0.67,245.47,0,0.0,2989,16,3632.0,3640.8
16.2000,5021740,2000.0,3642.0,16.816,26.831,11.66,18.61,928.4,928.4,513.6,245,36.7,6.8,HOLD_RPM,246.29,0.67,249.95,0,0.0,2989,16,3642.0,3643.2
16.2500,5021790,2000.0,3642.0,25.365,26.831,17.59,18.61,995.9,995.9,513.6,245,36.7,6.8,HOLD_RPM,246.29,0.67,246.96,0,0.0,2989,16,3642.0,3639.7
16.3000,5021840,2000.0,3641.4,25.365,26.836,17.59,18.61,995.9,995.9,514.4,246,36.9,7.2,HOLD_RPM,246.21,0.67,246.71,0,0.0,2989,16,3641.4,3639.9
16.3500,5021890,2000.0,3641.4,25.365,26.836,17.59,18.61,995.9,995.9,514.4,246,36.9,7.2,HOLD_RPM,246.21,0.67,246.88,0,0.0,2989,16,3641.4,3641.0
16.4000,5021940,2000.0,3641.0,17.458,26.840,12.10,18.61,766.6,766.6,514.4,246,36.9,7.2,HOLD_RPM,246.14,0.67,246.68,0,0.0,2990,16,3641.0,3643.9
16.4500,5021990,2000.0,3641.0,17.458,26.840,12.10,18.61,766.6,766.6,518.6,246,36.9,9.3,HOLD_RPM,246.14,0.67,246.81,0,0.0,2991,16,3641.0,3636.6
16.5000,5022040,2000.0,3640.4,17.458,26.846,12.10,18.61,766.6,766.6,518.6,246,36.9,9.3,HOLD_RPM,246.06,0.67,246.55,0,0.0,2993,16,3640.4,3639.9
16.5500,5022090,2000.0,3640.4,11.639,26.846,8.07,18.61,753.1,753.1,518.6,246,36.9,9.3,HOLD_RPM,246.06,0.67,246.72,0,0.0,2993,16,3640.4,3641.9
16.6000,5022140,2000.0,3640.7,11.639,26.843,8.07,18.61,753.1,753.1,517.6,246,36.9,8.8,HOLD_RPM,246.11,0.67,246.87,0,0.0,2994,16,3640.7,3645.2
16.6500,5022190,2000.0,3640.7,11.639,26.843,8.07,18.61,753.1,753.1,517.6,246,36.9,8.8,HOLD_RPM,246.11,0.67,246.77,0,0.0,2995,16,3640.7,3649.0
16.7000,5022240,2000.0,3645.5,15.489,26.796,10.75,18.60,759.4,759.4,517.6,247,37.0,8.8,HOLD_RPM,246.82,0.67,248.93,0,0.0,2996,16,3645.5,3648.7
16.7500,5022290,2000.0,3645.5,15.489,26.796,10.75,18.60,759.4,759.4,517.6,247,37.0,8.8,HOLD_RPM,246.82,0.67,247.49,0,0.0,2996,16,3645.5,3652.7
16.8000,5022340,2000.0,3651.5,15.489,26.737,10.77,18.59,759.4,759.4,514.0,248,37.2,7.0,HOLD_RPM,247.72,0.67,250.19,0,0.0,2996,16,3651.5,3651.2
16.8500,5022390,2000.0,3651.5,15.489,26.737,10.77,18.59,759.4,759.4,514.0,248,37.2,7.0,HOLD_RPM,247.72,0.67,248.39,0,0.0,2998,16,3651.5,3651.0
16.9000,5022440,2000.0,3653.4,11.263,26.718,7.83,18.59,832.5,832.5,514.0,249,37.3,7.0,HOLD_RPM,248.02,0.67,249.27,0,0.0,2998,16,3653.4,3643.2
16.9500,5022490,2000.0,3653.4,11.263,26.718,7.83,18.59,832.5,832.5,514.6,249,37.3,7.3,HOLD_RPM,248.02,0.67,248.68,0,0.0,2999,16,3653.4,3638.8
17.0000,5022540,2000.0,3640.9,11.263,26.841,7.81,18.61,832.5,832.5,514.6,248,37.2,7.3,HOLD_RPM,246.13,0.67,243.01,0,0.0,2999,16,3640.9,3639.7
17.0500,5022590,2000.0,3640.9,18.284,26.841,12.68,18.61,868.4,868.4,514.6,247,37.0,7.3,HOLD_RPM,246.13,0.67,246.79,0,0.0,3000,16,3640.9,3637.7
17.1000,5022640,2000.0,3637.8,18.284,26.872,12.66,18.61,868.4,868.4,515.8,247,37.0,7.9,HOLD_RPM,245.66,0.67,245.40,0,0.0,3002,16,3637.8,3635.7
17.1500,5022690,2000.0,3637.8,18.284,26.872,12.66,18.61,868.4,868.4,515.8,246,36.9,7.9,HOLD_RPM,245.66,0.67,246.33,0,0.0,3002,16,3637.8,3629.8
17.2000,5022740,2000.0,3634.6,16.234,26.903,11.23,18.62,836.6,836.6,515.8,246,36.9,7.9,HOLD_RPM,245.18,0.67,244.89,0,0.0,3002,16,3634.6,3627.6
17.2500,5022790,2000.0,3634.6,16.234,26.903,11.23,18.62,836.6,836.6,517.0,245,36.7,8.5,HOLD_RPM,245.18,0.67,245.85,0,0.0,3003,16,3634.6,3626.0
17.3000,5022840,2000.0,3628.1,16.234,26.967,11.21,18.63,836.6,836.6,517.0,245,36.7,8.5,HOLD_RPM,244.22,0.67,242.95,0,0.0,3004,16,3628.1,3626.5
17.3500,5022890,2000.0,3628.1,17.030,26.967,11.76,18.63,787.8,787.8,517.0,244,36.6,8.5,HOLD_RPM,244.22,0.67,244.88,0,0.0,3006,16,3628.1,3626.5
17.4000,5022940,2000.0,3625.2,17.030,26.996,11.76,18.63,787.8,787.8,513.5,244,36.6,6.8,HOLD_RPM,243.77,0.67,243.55,0,0.0,3007,16,3625.2,3627.8
17.4500,5022990,2000.0,3625.2,17.030,26.996,11.76,18.63,787.8,787.8,513.5,244,36.6,6.8,HOLD_RPM,243.77,0.67,244.44,0,0.0,3007,16,3625.2,3626.3
17.5000,5023040,2000.0,3626.6,26.353,26.982,18.20,18.63,855.3,855.3,513.5,245,36.7,6.8,HOLD_RPM,243.99,0.67,245.08,0,0.0,3008,16,3626.6,3614.9
17.5500,5023090,2000.0,3626.6,26.353,26.982,18.20,18.63,855.3,855.3,513.5,245,36.7,6.8,HOLD_RPM,243.99,0.67,244.65,0,0.0,3008,16,3626.6,3610.1
17.6000,5023140,2000.0,3614.4,26.353,27.102,18.14,18.65,855.3,855.3,513.0,244,36.6,6.5,HOLD_RPM,242.16,0.67,239.18,0,0.0,3009,16,3614.4,3617.7
17.6500,5023190,2000.0,3614.4,26.353,27.102,18.14,18.65,855.3,855.3,513.0,243,36.4,6.5,HOLD_RPM,242.16,0.67,242.83,0,0.0,3010,16,3614.4,3621.2
17.7000,5023240,2000.0,3617.6,12.804,27.071,8.82,18.65,637.8,637.8,513.0,243,36.4,6.5,HOLD_RPM,242.64,0.67,244.27,0,0.0,3010,16,3617.6,3623.2
17.7500,5023290,2000.0,3617.6,12.804,27.071,8.82,18.65,637.8,637.8,514.5,243,36.4,7.2,HOLD_RPM,242.64,0.67,243.31,0,0.0,3011,16,3617.6,3624.1
17.8000,5023340,2000.0,3622.2,12.804,27.025,8.83,18.64,637.8,637.8,514.5,244,36.6,7.2,HOLD_RPM,243.34,0.67,245.39,0,0.0,3011,16,3622.2,3617.7
17.8500,5023390,2000.0,3622.2,-4.300,27.025,-2.97,18.64,629.1,629.1,514.5,244,36.6,7.2,HOLD_RPM,243.34,0.67,244.00,0,0.0,3012,16,3622.2,3610.1
17.9000,5023440,2000.0,3614.7,-4.300,27.099,-2.96,18.65,629.1,629.1,515.1,243,36.4,7.6,HOLD_RPM,242.21,0.67,240.62,0,0.0,3014,16,3614.7,3613.2
17.9500,5023490,2000.0,3614.7,-4.300,27.099,-2.96,18.65,629.1,629.1,515.1,243,36.4,7.6,HOLD_RPM,242.21,0.67,242.87,0,0.0,3014,16,3614.7,3616.6
18.0000,5023540,2000.0,3615.0,7.870,27.096,5.42,18.65,1027.5,1027.5,515.1,243,36.4,7.6,HOLD_RPM,242.26,0.67,243.02,0,0.0,3015,16,3615.0,3621.0
18.0500,5023590,2000.0,3615.0,7.870,27.096,5.42,18.65,1027.5,1027.5,508.6,242,36.3,4.3,HOLD_RPM,242.26,0.67,242.92,0,0.0,3015,16,3615.0,3620.3
18.1000,5023640,2000.0,3619.9,7.870,27.048,5.42,18.64,1027.5,1027.5,508.6,242,36.3,4.3,HOLD_RPM,242.98,0.67,245.10,0,0.0,3015,16,3619.9,3614.5
18.1500,5023690,2000.0,3619.9,10.650,27.048,7.34,18.64,812.8,812.8,508.6,243,36.4,4.3,HOLD_RPM,242.98,0.67,243.65,0,0.0,3016,16,3619.9,3611.0
18.2000,5023740,2000.0,3613.1,10.650,27.115,7.33,18.65,812.8,812.8,508.6,243,36.4,4.3,HOLD_RPM,241.97,0.67,240.61,0,0.0,3017,16,3613.1,3616.4
18.2500,5023790,2000.0,3613.1,10.650,27.115,7.33,18.65,812.8,812.8,510.9,242,36.3,5.4,HOLD_RPM,241.97,0.67,242.63,0,0.0,3018,16,3613.1,3624.5
18.3000,5023840,2000.0,3620.0,10.650,27.047,7.34,18.64,812.8,812.8,510.9,242,36.3,5.4,HOLD_RPM,243.00,0.67,245.72,0,0.0,3018,16,3620.0,3627.1
18.3500,5023890,2000.0,3620.0,12.111,27.047,8.35,18.64,790.6,790.6,510.9,243,36.4,5.4,HOLD_RPM,243.00,0.67,243.66,0,0.0,3018,16,3620.0,3628.4
18.4000,5023940,2000.0,3627.3,12.111,26.975,8.36,18.63,790.6,790.6,514.3,243,36.4,7.1,HOLD_RPM,244.10,0.67,246.96,0,0.0,3019,16,3627.3,3621.0
18.4500,5023990,2000.0,3627.3,12.111,26.975,8.36,18.63,790.6,790.6,514.3,244,36.6,7.1,HOLD_RPM,244.10,0.67,244.76,0,0.0,3019,16,3627.3,3617.9
18.5000,5024040,2000.0,3619.4,14.803,27.053,10.20,18.64,890.3,890.3,514.3,244,36.6,7.1,HOLD_RPM,242.92,0.67,241.22,0,0.0,3021,16,3619.4,3617.7
18.5500,5024090,2000.0,3619.4,14.803,27.053,10.20,18.64,890.3,890.3,510.9,243,36.4,5.4,HOLD_RPM,242.92,0.67,243.58,0,0.0,3021,16,3619.4,3625.4
18.6000,5024140,2000.0,3621.3,14.803,27.034,10.21,18.64,890.3,890.3,510.9,243,36.4,5.4,HOLD_RPM,243.19,0.67,244.40,0,0.0,3021,16,3621.3,3633.9
18.6500,5024190,2000.0,3621.3,19.132,27.034,13.19,18.64,961.2,961.2,510.9,243,36.4,5.4,HOLD_RPM,243.19,0.67,243.86,0,0.0,3021,16,3621.3,3641.7
18.7000,5024240,2000.0,3636.0,19.132,26.890,13.25,18.62,961.2,961.2,508.4,244,36.6,4.2,HOLD_RPM,245.40,0.67,250.49,0,0.0,3021,16,3636.0,3640.6
18.7500,5024290,2000.0,3636.0,19.132,26.890,13.25,18.62,961.2,961.2,508.4,245,36.7,4.2,HOLD_RPM,245.40,0.67,246.07,0,0.0,3022,16,3636.0,3628.9
18.8000,5024340,2000.0,3634.9,13.320,26.900,9.22,18.62,711.9,711.9,508.4,245,36.7,4.2,HOLD_RPM,245.23,0.67,245.57,0,0.0,3022,16,3634.9,3606.9
18.8500,5024390,2000.0,3634.9,13.320,26.900,9.22,18.62,711.9,711.9,511.0,245,36.7,5.5,HOLD_RPM,245.23,0.67,245.90,0,0.0,3022,16,3634.9,3583.8
18.9000,5024440,2000.0,3597.6,13.320,27.281,9.12,18.69,711.9,711.9,511.0,244,36.6,5.5,HOLD_RPM,239.64,0.67,229.13,0,0.0,3023,16,3597.6,3580.4
18.9500,5024490,2000.0,3597.6,10.621,27.281,7.28,18.69,730.0,730.0,511.0,243,36.4,5.5,HOLD_RPM,239.64,0.67,240.31,0,0.0,3024,16,3597.6,3571.2
19.0000,5024540,2000.0,3576.6,10.621,27.606,7.23,18.80,730.0,730.0,511.0,241,36.1,5.5,HOLD_RPM,236.50,0.67,230.87,0,0.0,3024,16,3576.6,3562.3
19.0500,5024590,2000.0,3576.6,10.621,27.606,7.23,18.80,730.0,730.0,510.8,240,36.0,5.4,HOLD_RPM,236.50,0.67,237.16,0,0.0,3024,16,3576.6,3550.7
19.1000,5024640,2000.0,3558.6,10.621,27.884,7.20,18.89,730.0,730.0,510.8,238,35.7,5.4,HOLD_RPM,233.80,0.67,229.07,0,0.0,3026,16,3558.6,3538.2
19.1500,5024690,2000.0,3558.6,30.218,27.884,20.47,18.89,1275.7,1275.7,510.8,237,35.5,5.4,HOLD_RPM,233.80,0.67,234.46,0,0.0,3027,16,3558.6,3523.6
19.2000,5024740,2000.0,3531.1,30.218,28.310,20.32,19.03,1275.7,1275.7,506.1,235,35.2,3.1,HOLD_RPM,229.67,0.67,222.07,0,0.0,3028,16,3531.1,3498.5
19.2500,5024790,2000.0,3531.1,30.218,28.310,20.32,19.03,1275.7,1275.7,506.1,234,35.1,3.1,HOLD_RPM,229.67,0.67,230.33,0,0.0,3030,16,3531.1,3479.5
19.3000,5024840,2000.0,3492.0,36.635,28.830,24.36,19.17,775.3,775.3,506.1,232,34.8,3.1,HOLD_RPM,223.80,0.67,212.75,0,0.0,3031,16,3492.0,3457.0
19.3500,5024890,2000.0,3492.0,36.635,28.830,24.36,19.17,775.3,775.3,500.1,230,34.5,0.1,HOLD_RPM,223.80,0.67,224.47,0,0.0,3033,16,3492.0,3435.2
19.4000,5024940,2000.0,3446.4,36.635,29.050,24.04,19.06,775.3,775.3,500.1,229,34.3,0.1,HOLD_RPM,216.96,0.67,203.93,0,0.0,3034,16,3446.4,3414.7
19.4500,5024990,2000.0,3446.4,50.368,29.050,33.05,19.06,923.8,923.8,500.1,227,34.0,0.1,HOLD_RPM,216.96,0.67,217.63,0,0.0,3034,16,3446.4,3397.9
19.5000,5025040,2000.0,3408.0,50.368,29.235,32.68,18.97,923.8,923.8,502.6,225,33.7,1.3,HOLD_RPM,211.21,0.67,200.37,0,0.0,3035,16,3408.0,3378.8
19.5500,5025090,2000.0,3408.0,50.368,29.235,32.68,18.97,923.8,923.8,502.6,222,33.3,1.3,HOLD_RPM,211.21,0.67,211.87,0,0.0,3036,16,3408.0,3368.1
19.6000,5025140,2000.0,3374.2,31.951,29.731,20.53,19.10,632.5,632.5,502.6,220,33.0,1.3,HOLD_RPM,206.13,0.67,196.64,0,0.0,3036,16,3374.2,3360.4
19.6500,5025190,2000.0,3374.2,31.951,29.731,20.53,19.10,632.5,632.5,502.6,218,32.7,1.3,HOLD_RPM,206.13,0.67,206.80,0,0.0,3040,16,3374.2,3337.2
19.7000,5025240,2000.0,3349.4,31.951,30.171,20.38,19.24,632.5,632.5,499.4,215,32.2,-0.3,HOLD_RPM,202.41,0.67,195.64,0,0.0,3040,16,3349.4,3323.2
19.7500,5025290,2000.0,3349.4,31.951,30.171,20.38,19.24,632.5,632.5,499.4,213,31.9,-0.3,HOLD_RPM,202.41,0.67,203.08,0,0.0,3040,16,3349.4,3317.7
19.8000,5025340,2000.0,3319.9,37.070,30.694,23.43,19.40,922.5,922.5,499.4,210,31.5,-0.3,HOLD_RPM,197.99,0.67,189.81,0,0.0,3041,16,3319.9,3304.9
19.8500,5025390,2000.0,3319.9,37.070,30.694,23.43,19.40,922.5,922.5,497.5,208,31.2,-1.2,HOLD_RPM,197.99,0.67,198.65,0,0.0,3041,16,3319.9,3285.5
19.9000,5025440,2000.0,3296.6,37.070,31.018,23.27,19.47,922.5,922.5,497.5,205,30.7,-1.2,HOLD_RPM,194.49,0.67,188.16,0,0.0,3042,16,3296.6,3265.0
19.9500,5025490,2000.0,3296.6,34.245,31.018,21.50,19.47,730.0,730.0,497.5,203,30.4,-1.2,HOLD_RPM,194.49,0.67,195.15,0,0.0,3042,16,3296.6,3248.7
20.0000,5025540,2000.0,3260.3,34.245,30.709,21.26,19.06,730.0,730.0,497.8,200,30.0,-1.1,HOLD_RPM,189.04,0.67,178.82,0,0.0,3042,16,3260.3,3245.7
20.0500,5025590,2000.0,3260.3,34.245,30.709,21.26,19.06,730.0,730.0,497.8,198,29.7,-1.1,HOLD_RPM,189.04,0.67,189.71,0,0.0,3042,16,3260.3,3232.6
20.1000,5025640,2000.0,3239.5,29.812,30.532,18.39,18.83,795.3,795.3,497.8,196,29.4,-1.1,HOLD_RPM,185.92,0.67,180.34,0,0.0,3043,16,3239.5,3220.6
20.1500,5025690,2000.0,3239.5,29.812,30.532,18.39,18.83,795.3,795.3,494.3,193,28.9,-2.9,HOLD_RPM,185.92,0.67,186.59,0,0.0,3044,16,3239.5,3202.4
20.2000,5025740,2000.0,3214.2,29.812,30.316,18.24,18.55,795.3,795.3,494.3,191,28.6,-2.9,HOLD_RPM,182.13,0.67,175.22,0,0.0,3045,16,3214.2,3193.0
20.2500,5025790,2000.0,3214.2,23.137,30.316,14.16,18.55,818.1,818.1,494.3,189,28.3,-2.9,HOLD_RPM,182.13,0.67,182.80,0,0.0,3046,16,3214.2,3186.9
20.3000,5025840,2000.0,3192.0,23.137,30.259,14.06,18.39,818.1,818.1,496.1,186,27.9,-1.9,HOLD_RPM,178.79,0.67,172.79,0,0.0,3048,16,3192.0,3183.0
20.3500,5025890,2000.0,3192.0,23.137,30.259,14.06,18.39,818.1,818.1,496.1,184,27.6,-1.9,HOLD_RPM,178.79,0.67,179.46,0,0.0,3048,16,3192.0,3180.2
20.4000,5025940,2000.0,3182.5,25.357,30.334,15.37,18.38,759.4,759.4,496.1,182,27.3,-1.9,HOLD_RPM,177.37,0.67,175.19,0,0.0,3051,16,3182.5,3178.5
20.4500,5025990,2000.0,3182.5,25.357,30.334,15.37,18.38,759.4,759.4,496.1,181,27.1,-1.9,HOLD_RPM,177.37,0.67,178.04,0,0.0,3052,16,3182.5,3164.6
20.5000,5026040,2000.0,3170.6,25.357,30.429,15.31,18.37,759.4,759.4,496.6,179,26.8,-1.7,HOLD_RPM,175.60,0.67,172.72,0,0.0,3052,16,3170.6,3126.8
20.5500,5026090,2000.0,3170.6,25.357,30.429,15.31,18.37,759.4,759.4,496.6,177,26.5,-1.7,HOLD_RPM,175.60,0.67,176.26,0,0.0,3053,16,3170.6,3101.4
20.6000,5026140,2000.0,3118.2,22.297,30.845,13.24,18.31,664.4,664.4,496.6,176,26.4,-1.7,HOLD_RPM,167.73,0.67,152.66,0,0.0,3054,16,3118.2,3084.0
20.6500,5026190,2000.0,3118.2,22.297,30.845,13.24,18.31,664.4,664.4,496.4,174,26.1,-1.8,HOLD_RPM,167.73,0.67,168.39,0,0.0,3056,16,3118.2,3068.1
20.7000,5026240,2000.0,3075.5,22.297,31.254,13.06,18.30,664.4,664.4,496.4,172,25.8,-1.8,HOLD_RPM,161.33,0.67,149.19,0,0.0,3056,16,3075.5,3059.4
20.7500,5026290,2000.0,3075.5,0.524,31.254,0.31,18.30,808.8,808.8,496.4,170,25.5,-1.8,HOLD_RPM,161.33,0.67,161.99,0,0.0,3056,16,3075.5,3046.9
20.8000,5026340,2000.0,3053.7,0.524,31.489,0.30,18.31,808.8,808.8,495.1,168,25.2,-2.4,HOLD_RPM,158.06,0.67,152.20,0,0.0,3059,16,3053.7,3034.4
20.8500,5026390,2000.0,3053.7,0.524,31.489,0.30,18.31,808.8,808.8,495.1,166,24.9,-2.4,HOLD_RPM,158.06,0.67,158.73,0,0.0,3059,16,3053.7,3006.9
20.9000,5026440,2000.0,3023.3,-9.043,31.817,-5.21,18.32,570.0,570.0,495.1,164,24.6,-2.4,HOLD_RPM,153.50,0.67,145.03,0,0.0,3060,16,3023.3,2989.5
20.9500,5026490,2000.0,3023.3,-9.043,31.817,-5.21,18.32,570.0,570.0,500.0,161,24.1,0.0,HOLD_RPM,153.50,0.67,154.16,0,0.0,3061,16,3023.3,2971.3
21.0000,5026540,2000.0,2983.4,-9.043,32.014,-5.14,18.19,570.0,570.0,500.0,159,23.8,0.0,HOLD_RPM,147.52,0.67,136.22,0,0.0,3062,16,2983.4,2957.0
21.0500,5026590,2000.0,2983.4,-9.684,32.014,-5.50,18.19,910.0,910.0,500.0,157,23.5,0.0,HOLD_RPM,147.52,0.67,148.18,0,0.0,3063,16,2983.4,2940.2
21.1000,5026640,2000.0,2949.0,-9.684,31.903,-5.44,17.91,910.0,910.0,501.3,154,23.1,0.6,HOLD_RPM,142.35,0.67,132.68,0,0.0,3065,16,2949.0,2924.3
21.1500,5026690,2000.0,2949.0,-9.684,31.903,-5.44,17.91,910.0,910.0,501.3,152,22.8,0.6,HOLD_RPM,142.35,0.67,143.01,0,0.0,3065,16,2949.0,2914.9
21.2000,5026740,2000.0,2920.0,1.837,31.809,1.02,17.69,879.7,879.7,501.3,150,22.5,0.6,HOLD_RPM,137.99,0.67,129.96,0,0.0,3065,16,2920.0,2903.7
21.2500,5026790,2000.0,2920.0,1.837,31.809,1.02,17.69,879.7,879.7,501.3,147,22.0,0.6,HOLD_RPM,137.99,0.67,138.66,0,0.0,3065,16,2920.0,2895.1
21.3000,5026840,2000.0,2901.2,1.837,31.749,1.01,17.54,879.7,879.7,498.5,145,21.7,-0.7,HOLD_RPM,135.17,0.67,130.20,0,0.0,3067,16,2901.2,2887.4
21.3500,5026890,2000.0,2901.2,1.837,31.749,1.01,17.54,879.7,879.7,498.5,143,21.4,-0.7,HOLD_RPM,135.17,0.67,135.84,0,0.0,3067,16,2901.2,2881.0
21.4000,5026940,2000.0,2885.2,-3.437,31.677,-1.89,17.40,809.4,809.4,498.5,140,21.0,-0.7,HOLD_RPM,132.78,0.67,128.67,0,0.0,3067,16,2885.2,2877.0
21.4500,5026990,2000.0,2885.2,-3.437,31.677,-1.89,17.40,809.4,809.4,497.9,138,20.7,-1.1,HOLD_RPM,132.78,0.67,133.45,0,0.0,3069,16,2885.2,2865.2
21.5000,5027040,2000.0,2870.4,-3.437,31.610,-1.88,17.28,809.4,809.4,497.9,136,20.4,-1.1,HOLD_RPM,130.55,0.67,126.76,0,0.0,3069,16,2870.4,2867.2
21.5500,5027090,2000.0,2870.4,-3.245,31.610,-1.77,17.28,734.1,734.1,497.9,134,20.1,-1.1,HOLD_RPM,130.55,0.67,131.22,0,0.0,3069,16,2870.4,2877.0
21.6000,5027140,2000.0,2871.6,-3.245,31.615,-1.77,17.29,734.1,734.1,501.8,133,19.9,0.9,HOLD_RPM,130.74,0.67,131.79,0,0.0,3070,16,2871.6,2899.8
21.6500,5027190,2000.0,2871.6,-3.245,31.615,-1.77,17.29,734.1,734.1,501.8,131,19.6,0.9,HOLD_RPM,130.74,0.67,131.41,0,0.0,3070,16,2871.6,2927.1
21.7000,5027240,2000.0,2912.7,-4.647,31.786,-2.58,17.63,765.3,765.3,501.8,130,19.5,0.9,HOLD_RPM,136.90,0.67,149.89,0,0.0,3070,16,2912.7,2959.2
21.7500,5027290,2000.0,2912.7,-4.647,31.786,-2.58,17.63,765.3,765.3,500.0,129,19.3,0.0,HOLD_RPM,136.90,0.67,137.57,0,0.0,3071,16,2912.7,2997.0
21.8000,5027340,2000.0,2976.7,-4.647,31.992,-2.63,18.13,765.3,765.3,500.0,129,19.3,0.0,HOLD_RPM,146.51,0.67,166.39,0,0.0,3072,16,2976.7,3036.7
21.8500,5027390,2000.0,2976.7,-3.599,31.992,-2.04,18.13,840.6,840.6,500.0,130,19.5,0.0,HOLD_RPM,146.51,0.67,147.18,0,0.0,3073,16,2976.7,3094.1
21.9000,5027440,2000.0,3062.2,-3.599,31.397,-2.10,18.31,840.6,840.6,500.0,131,19.6,0.0,HOLD_RPM,159.33,0.67,185.65,0,0.0,3075,16,3062.2,3173.4
21.9500,5027490,2000.0,3062.2,-3.599,31.397,-2.10,18.31,840.6,840.6,500.8,133,19.9,0.4,HOLD_RPM,159.33,0.67,160.00,0,0.0,3075,16,3062.2,3254.9
22.0000,5027540,2000.0,3207.6,-3.599,30.260,-2.20,18.48,840.6,840.6,500.8,135,20.2,0.4,HOLD_RPM,181.15,0.67,225.44,0,0.0,3076,16,3207.6,3322.8
22.0500,5027590,2000.0,3207.6,11.712,30.260,7.15,18.48,1087.8,1087.8,500.8,137,20.5,0.4,HOLD_RPM,181.15,0.67,181.81,0,0.0,3077,16,3207.6,3397.7
22.1000,5027640,2000.0,3356.0,11.712,30.054,7.48,19.20,1087.8,1087.8,500.4,140,21.0,0.2,HOLD_RPM,203.40,0.67,248.56,0,0.0,3078,16,3356.0,3468.0
22.1500,5027690,2000.0,3356.0,11.712,30.054,7.48,19.20,1087.8,1087.8,500.4,142,21.3,0.2,HOLD_RPM,203.40,0.67,204.06,0,0.0,3078,16,3356.0,3528.4
22.2000,5027740,2000.0,3490.5,13.416,28.837,8.92,19.17,700.9,700.9,500.4,145,21.7,0.2,HOLD_RPM,223.58,0.67,264.62,0,0.0,3079,16,3490.5,3593.2
22.2500,5027790,2000.0,3490.5,13.416,28.837,8.92,19.17,700.9,700.9,499.0,149,22.3,-0.5,HOLD_RPM,223.58,0.67,224.25,0,0.0,3081,16,3490.5,3650.5
22.3000,5027840,2000.0,3618.0,13.416,27.067,9.24,18.65,700.9,700.9,499.0,152,22.8,-0.5,HOLD_RPM,242.70,0.67,281.61,0,0.0,3083,16,3618.0,3713.1
22.3500,5027890,2000.0,3618.0,10.650,27.067,7.34,18.65,749.4,749.4,499.0,156,23.4,-0.5,HOLD_RPM,242.70,0.67,243.37,0,0.0,3084,16,3618.0,3752.8
22.4000,5027940,2000.0,3728.2,10.650,25.926,7.56,18.40,749.4,749.4,500.0,160,24.0,0.0,HOLD_RPM,259.23,0.67,292.96,0,0.0,3086,16,3728.2,3782.6
22.4500,5027990,2000.0,3728.2,10.650,25.926,7.56,18.40,749.4,749.4,500.0,164,24.6,0.0,HOLD_RPM,259.23,0.67,259.90,0,0.0,3086,16,3728.2,3818.0
22.5000,5028040,2000.0,3797.6,26.331,25.105,19.04,18.15,906.2,906.2,500.0,169,25.3,0.0,HOLD_RPM,269.64,0.67,291.11,0,0.0,3086,16,3797.6,3851.1
22.5500,5028090,2000.0,3797.6,26.331,25.105,19.04,18.15,906.2,906.2,495.4,174,26.1,-2.3,HOLD_RPM,269.64,0.67,270.30,0,0.0,3088,16,3797.6,3888.8
22.6000,5028140,2000.0,3866.5,26.331,22.092,19.38,16.26,906.2,906.2,495.4,178,26.7,-2.3,HOLD_RPM,279.98,0.67,301.33,0,0.0,3090,16,3866.5,3914.4
22.6500,5028190,2000.0,3866.5,25.542,22.092,18.80,16.26,893.1,893.1,495.4,184,27.6,-2.3,HOLD_RPM,279.98,0.67,280.65,0,0.0,3090,16,3866.5,3935.5
22.7000,5028240,2000.0,3920.7,25.542,19.861,19.07,14.83,893.1,893.1,495.4,189,28.3,-2.3,HOLD_RPM,288.10,0.67,305.01,0,0.0,3091,16,3920.7,3948.1
22.7500,5028290,2000.0,3920.7,25.542,19.861,19.07,14.83,893.1,893.1,506.8,195,29.2,3.4,HOLD_RPM,288.10,0.67,288.77,0,0.0,3091,16,3920.7,3968.0
22.8000,5028340,2000.0,3956.7,25.542,18.595,19.24,14.01,893.1,893.1,506.8,201,30.1,3.4,HOLD_RPM,293.50,0.67,304.97,0,0.0,3091,16,3956.7,3975.6
22.8500,5028390,2000.0,3956.7,15.430,18.595,11.62,14.01,662.8,662.8,506.8,207,31.0,3.4,HOLD_RPM,293.50,0.67,294.17,0,0.0,3091,16,3956.7,3979.8
22.9000,5028440,2000.0,3976.4,15.430,17.903,11.68,13.55,662.8,662.8,509.4,212,31.8,4.7,HOLD_RPM,296.46,0.67,303.05,0,0.0,3091,16,3976.4,3973.5
22.9500,5028490,2000.0,3976.4,15.430,17.903,11.68,13.55,662.8,662.8,509.4,218,32.7,4.7,HOLD_RPM,296.46,0.67,297.13,0,0.0,3092,16,3976.4,3958.6
23.0000,5028540,2000.0,3968.1,6.808,18.195,5.14,13.75,624.4,624.4,509.4,224,33.6,4.7,HOLD_RPM,295.21,0.67,293.37,0,0.0,3092,16,3968.1,3924.6
23.0500,5028590,2000.0,3968.1,6.808,18.195,5.14,13.75,624.4,624.4,529.8,229,34.3,14.9,HOLD_RPM,295.21,0.67,295.88,0,0.0,3092,16,3968.1,3881.2
23.1000,5028640,2000.0,3909.2,6.808,20.265,5.07,15.08,624.4,624.4,529.8,234,35.1,14.9,HOLD_RPM,286.38,0.67,269.40,0,0.0,3095,16,3909.2,3833.4
23.1500,5028690,2000.0,3909.2,5.451,20.265,4.06,15.08,705.0,705.0,529.8,239,35.8,14.9,HOLD_RPM,286.38,0.67,287.05,0,0.0,3097,16,3909.2,3783.6
23.2000,5028740,2000.0,3813.0,5.451,24.493,3.96,17.78,705.0,705.0,565.5,244,36.6,32.8,HOLD_RPM,271.95,0.67,243.75,0,0.0,3097,16,3813.0,3733.9
23.2500,5028790,2000.0,3813.0,5.451,24.493,3.96,17.78,705.0,705.0,565.5,248,37.2,32.8,HOLD_RPM,271.95,0.67,272.62,0,0.0,3097,16,3813.0,3678.7
23.3000,5028840,2000.0,3711.3,8.098,26.126,5.72,18.46,822.2,822.2,565.5,253,37.9,32.8,HOLD_RPM,256.70,0.67,226.87,0,0.0,3099,16,3711.3,3620.3
23.3500,5028890,2000.0,3711.3,8.098,26.126,5.72,18.46,822.2,822.2,565.5,257,38.5,32.8,HOLD_RPM,256.70,0.67,257.37,0,0.0,3102,16,3711.3,3554.7
23.4000,5028940,2000.0,3593.9,8.098,27.338,5.54,18.71,822.2,822.2,606.6,260,39.0,53.3,HOLD_RPM,239.08,0.67,204.52,0,0.0,3102,16,3593.9,3490.4
23.4500,5028990,2000.0,3593.9,8.098,27.338,5.54,18.71,822.2,822.2,606.6,264,39.6,53.3,HOLD_RPM,239.08,0.67,239.75,0,0.0,3103,16,3593.9,3416.1
23.5000,5029040,2000.0,3457.0,3.467,28.999,2.28,19.09,741.2,741.2,606.6,267,40.0,53.3,HOLD_RPM,218.55,0.67,178.15,0,0.0,3103,16,3457.0,3341.3
23.5500,5029090,2000.0,3457.0,3.467,28.999,2.28,19.09,741.2,741.2,663.5,270,40.5,81.8,HOLD_RPM,218.55,0.67,219.22,0,0.0,3104,16,3457.0,3245.9
23.6000,5029140,2000.0,3302.5,3.467,31.003,2.18,19.49,741.2,741.2,663.5,273,40.9,81.8,HOLD_RPM,195.38,0.67,149.71,0,0.0,3105,16,3302.5,3161.7
23.6500,5029190,2000.0,3302.5,-14.847,31.003,-9.34,19.49,695.0,695.0,663.5,275,41.2,81.8,HOLD_RPM,195.38,0.67,196.05,0,0.0,3107,16,3302.5,3083.1
23.7000,5029240,2000.0,3131.2,-14.847,30.742,-8.85,18.33,695.0,695.0,708.1,277,41.5,104.1,HOLD_RPM,169.69,0.67,118.96,0,0.0,3107,16,3131.2,2988.8
23.7500,5029290,2000.0,3131.2,-14.847,30.742,-8.85,18.33,695.0,695.0,708.1,279,41.8,104.1,HOLD_RPM,169.69,0.67,170.35,0,0.0,3107,16,3131.2,2902.1
23.8000,5029340,2000.0,2949.3,-12.089,31.904,-6.79,17.92,760.0,760.0,708.1,280,42.0,104.1,HOLD_RPM,142.40,0.67,88.48,0,0.0,3107,16,2949.3,2813.7
23.8500,5029390,2000.0,2949.3,-12.089,31.904,-6.79,17.92,760.0,760.0,745.5,282,42.3,122.8,HOLD_RPM,142.40,0.67,143.06,0,0.0,3107,16,2949.3,2718.6
23.9000,5029440,2000.0,2766.3,-12.089,30.503,-6.37,16.07,760.0,760.0,745.5,282,42.3,122.8,HOLD_RPM,114.94,0.67,60.70,0,0.0,3108,16,2766.3,2615.9
23.9500,5029490,2000.0,2766.3,-3.363,30.503,-1.77,16.07,936.6,936.6,745.5,283,42.4,122.8,HOLD_RPM,114.94,0.67,115.61,0,0.0,3109,16,2766.3,2527.0
24.0000,5029540,2000.0,2577.3,-3.363,25.620,-1.65,12.57,936.6,936.6,752.4,282,42.3,126.2,HOLD_RPM,86.60,0.67,30.58,0,0.0,3109,16,2577.3,2439.3
24.0500,5029590,2000.0,2577.3,-3.363,25.620,-1.65,12.57,936.6,936.6,752.4,281,42.1,126.2,HOLD_RPM,86.60,0.67,87.26,0,0.0,3110,16,2577.3,2357.7
24.1000,5029640,2000.0,2405.1,-4.514,20.266,-2.07,9.28,881.6,881.6,752.4,279,41.8,126.2,HOLD_RPM,60.76,0.67,9.74,0,0.0,3110,16,2405.1,2293.7
24.1500,5029690,2000.0,2405.1,-4.514,20.266,-2.07,9.28,881.6,881.6,752.4,277,41.5,126.2,HOLD_RPM,60.76,0.67,61.42,0,0.0,3110,16,2405.1,2266.4
24.2000,5029740,2000.0,2282.1,-4.514,15.999,-1.96,6.95,881.6,881.6,725.0,275,41.2,112.5,HOLD_RPM,42.31,0.67,6.08,0,0.0,3111,16,2282.1,2262.1
24.2500,5029790,2000.0,2282.1,-4.514,15.999,-1.96,6.95,881.6,881.6,725.0,272,40.8,112.5,HOLD_RPM,42.31,0.67,42.98,0,0.0,3111,16,2282.1,2275.1
24.3000,5029840,2000.0,2268.6,-5.900,15.568,-2.55,6.72,863.4,863.4,725.0,270,40.5,112.5,HOLD_RPM,40.29,0.67,36.93,0,0.0,3113,16,2268.6,2307.2
24.3500,5029890,2000.0,2268.6,-5.900,15.568,-2.55,6.72,863.4,863.4,648.8,267,40.0,74.4,HOLD_RPM,40.29,0.67,40.96,0,0.0,3114,16,2268.6,2353.2
24.4000,5029940,2000.0,2331.7,-5.900,17.655,-2.62,7.84,863.4,863.4,648.8,263,39.4,74.4,HOLD_RPM,49.76,0.67,69.37,0,0.0,3115,16,2331.7,2425.5
24.4500,5029990,2000.0,2331.7,3.393,17.655,1.51,7.84,862.2,862.2,648.8,260,39.0,74.4,HOLD_RPM,49.76,0.67,50.43,0,0.0,3115,16,2331.7,2523.0
24.5000,5030040,2000.0,2474.3,3.393,24.036,1.60,11.32,862.2,862.2,591.1,256,38.4,45.6,HOLD_RPM,71.15,0.67,114.59,0,0.0,3115,16,2474.3,2603.9
24.5500,5030090,2000.0,2474.3,3.393,24.036,1.60,11.32,862.2,862.2,591.1,252,37.8,45.6,HOLD_RPM,71.15,0.67,71.82,0,0.0,3116,16,2474.3,2682.5
24.6000,5030140,2000.0,2643.5,19.479,27.102,9.80,13.64,969.4,969.4,591.1,248,37.2,45.6,HOLD_RPM,96.52,0.67,147.92,0,0.0,3116,16,2643.5,2748.1
24.6500,5030190,2000.0,2643.5,19.479,27.102,9.80,13.64,969.4,969.4,545.9,244,36.6,22.9,HOLD_RPM,96.52,0.67,97.19,0,0.0,3116,16,2643.5,2828.3
24.7000,5030240,2000.0,2783.0,19.479,30.892,10.32,16.37,969.4,969.4,545.9,239,35.8,22.9,HOLD_RPM,117.46,0.67,160.00,0,0.0,3116,16,2783.0,2919.1
24.7500,5030290,2000.0,2783.0,30.100,30.892,15.95,16.37,932.8,932.8,545.9,234,35.1,22.9,HOLD_RPM,117.46,0.67,118.12,0,0.0,3117,16,2783.0,3007.2
24.8000,5030340,2000.0,2956.5,30.100,31.927,16.94,17.97,932.8,932.8,545.9,229,34.3,22.9,HOLD_RPM,143.47,0.67,196.17,0,0.0,3118,16,2956.5,3102.5
24.8500,5030390,2000.0,2956.5,30.100,31.927,16.94,17.97,932.8,932.8,513.5,224,33.6,6.8,HOLD_RPM,143.47,0.67,144.14,0,0.0,3119,16,2956.5,3196.2
24.9000,5030440,2000.0,3142.3,30.100,30.654,18.01,18.34,932.8,932.8,513.5,219,32.8,6.8,HOLD_RPM,171.35,0.67,227.77,0,0.0,3119,16,3142.3,3277.3
24.9500,5030490,2000.0,3142.3,32.578,30.654,19.49,18.34,875.3,875.3,513.5,214,32.1,6.8,HOLD_RPM,171.35,0.67,172.02,0,0.0,3120,16,3142.3,3360.2
25.0000,5030540,2000.0,3313.4,32.578,30.810,20.55,19.44,875.3,875.3,504.3,210,31.5,2.1,HOLD_RPM,197.00,0.67,248.98,0,0.0,3122,16,3313.4,3428.6
25.0500,5030590,2000.0,3313.4,32.578,30.810,20.55,19.44,875.3,875.3,504.3,205,30.7,2.1,HOLD_RPM,197.00,0.67,197.67,0,0.0,3123,16,3313.4,3497.3
25.1000,5030640,2000.0,3458.0,47.049,28.994,30.98,19.09,1051.6,1051.6,504.3,201,30.1,2.1,HOLD_RPM,218.70,0.67,262.77,0,0.0,3125,16,3458.0,3562.3
25.1500,5030690,2000.0,3458.0,47.049,28.994,30.98,19.09,1051.6,1051.6,502.5,198,29.7,1.2,HOLD_RPM,218.70,0.67,219.37,0,0.0,3127,16,3458.0,3621.7
25.2000,5030740,2000.0,3583.9,47.049,27.493,32.11,18.76,1051.6,1051.6,502.5,194,29.1,1.2,HOLD_RPM,237.59,0.67,276.02,0,0.0,3127,16,3583.9,3678.3
25.2500,5030790,2000.0,3583.9,48.458,27.493,33.07,18.76,725.3,725.3,502.5,191,28.6,1.2,HOLD_RPM,237.59,0.67,238.25,0,0.0,3127,16,3583.9,3732.7
25.3000,5030840,2000.0,3699.6,48.458,26.264,34.13,18.50,725.3,725.3,497.1,188,28.2,-1.4,HOLD_RPM,254.94,0.67,290.33,0,0.0,3128,16,3699.6,3780.5
25.3500,5030890,2000.0,3699.6,48.458,26.264,34.13,18.50,725.3,725.3,497.1,185,27.7,-1.4,HOLD_RPM,254.94,0.67,255.61,0,0.0,3128,16,3699.6,3821.2
25.4000,5030940,2000.0,3794.8,50.309,25.138,36.35,18.16,799.7,799.7,497.1,182,27.3,-1.4,HOLD_RPM,269.22,0.67,298.44,0,0.0,3129,16,3794.8,3863.2
25.4500,5030990,2000.0,3794.8,50.309,25.138,36.35,18.16,799.7,799.7,502.8,180,27.0,1.4,HOLD_RPM,269.22,0.67,269.89,0,0.0,3129,16,3794.8,3901.4
25.5000,5031040,2000.0,3878.1,50.309,21.571,37.15,15.93,799.7,799.7,502.8,178,26.7,1.4,HOLD_RPM,281.72,0.67,307.38,0,0.0,3130,16,3878.1,3939.3
25.5500,5031090,2000.0,3878.1,43.885,21.571,32.40,15.93,798.8,798.8,502.8,177,26.5,1.4,HOLD_RPM,281.72,0.67,282.38,0,0.0,3130,16,3878.1,3973.0
25.6000,5031140,2000.0,3954.3,43.885,18.680,33.04,14.06,798.8,798.8,502.8,175,26.2,1.4,HOLD_RPM,293.15,0.67,316.68,0,0.0,3131,16,3954.3,4005.3
25.6500,5031190,2000.0,3954.3,43.885,18.680,33.04,14.06,798.8,798.8,494.4,174,26.1,-2.8,HOLD_RPM,293.15,0.67,293.82,0,0.0,3131,16,3954.3,4032.0
25.7000,5031240,2000.0,4016.1,43.885,17.054,33.56,13.04,798.8,798.8,494.4,174,26.1,-2.8,HOLD_RPM,302.42,0.67,321.62,0,0.0,3131,16,4016.1,4057.9
25.7500,5031290,2000.0,4016.1,40.168,17.054,30.72,13.04,801.9,801.9,494.4,175,26.2,-2.8,HOLD_RPM,302.42,0.67,303.08,0,0.0,3132,16,4016.1,4077.2
25.8000,5031340,2000.0,4065.6,40.168,16.994,31.09,13.16,801.9,801.9,507.2,176,26.4,3.6,HOLD_RPM,309.84,0.67,325.36,0,0.0,3135,16,4065.6,4100.3
25.8500,5031390,2000.0,4065.6,40.168,16.994,31.09,13.16,801.9,801.9,507.2,177,26.5,3.6,HOLD_RPM,309.84,0.67,310.51,0,0.0,3138,16,4065.6,4118.3
25.9000,5031440,2000.0,4106.3,32.608,16.831,25.49,13.16,701.2,701.2,507.2,179,26.8,3.6,HOLD_RPM,315.95,0.67,328.82,0,0.0,3139,16,4106.3,4131.1
25.9500,5031490,2000.0,4106.3,32.608,16.831,25.49,13.16,701.2,701.2,508.2,181,27.1,4.1,HOLD_RPM,315.95,0.67,316.61,0,0.0,3139,16,4106.3,4144.2
26.0000,5031540,2000.0,4135.9,32.608,16.264,25.68,12.81,701.2,701.2,508.2,183,27.4,4.1,HOLD_RPM,320.38,0.67,329.91,0,0.0,3140,16,4135.9,4160.3
26.0500,5031590,2000.0,4135.9,21.706,16.264,17.09,12.81,628.4,628.4,508.2,185,27.7,4.1,HOLD_RPM,320.38,0.67,321.04,0,0.0,3142,16,4135.9,4182.4
26.1000,5031640,2000.0,4167.7,21.706,15.654,17.23,12.42,628.4,628.4,505.1,188,28.2,2.6,HOLD_RPM,325.16,0.67,335.39,0,0.0,3144,16,4167.7,4190.8
26.1500,5031690,2000.0,4167.7,21.706,15.654,17.23,12.42,628.4,628.4,505.1,191,28.6,2.6,HOLD_RPM,325.16,0.67,325.83,0,0.0,3145,16,4167.7,4200.8
26.2000,5031740,2000.0,4197.5,5.930,15.083,4.74,12.05,630.9,630.9,505.1,195,29.2,2.6,HOLD_RPM,329.63,0.67,339.23,0,0.0,3146,16,4197.5,4214.7
26.2500,5031790,2000.0,4197.5,5.930,15.083,4.74,12.05,630.9,630.9,505.1,198,29.7,2.6,HOLD_RPM,329.63,0.67,330.30,0,0.0,3148,16,4197.5,4224.8
26.3000,5031840,2000.0,4220.0,5.930,14.672,4.76,11.79,630.9,630.9,498.1,202,30.3,-0.9,HOLD_RPM,333.00,0.67,340.41,0,0.0,3148,16,4220.0,4229.2
26.3500,5031890,2000.0,4220.0,5.930,14.672,4.76,11.79,630.9,630.9,498.1,206,30.9,-0.9,HOLD_RPM,333.00,0.67,333.67,0,0.0,3148,16,4220.0,4240.3
26.4000,5031940,2000.0,4234.3,8.637,14.412,6.96,11.62,990.9,990.9,498.1,211,31.6,-0.9,HOLD_RPM,335.15,0.67,340.12,0,0.0,3148,16,4234.3,4244.8
26.4500,5031990,2000.0,4234.3,8.637,14.412,6.96,11.62,990.9,990.9,515.6,215,32.2,7.8,HOLD_RPM,335.15,0.67,335.82,0,0.0,3149,16,4234.3,4250.5
26.5000,5032040,2000.0,4247.4,8.637,14.174,6.98,11.46,990.9,990.9,515.6,220,33.0,7.8,HOLD_RPM,337.11,0.67,341.71,0,0.0,3150,16,4247.4,4255.0
26.5500,5032090,2000.0,4247.4,-1.416,14.174,-1.15,11.46,659.7,659.7,515.6,225,33.7,7.8,HOLD_RPM,337.11,0.67,337.78,0,0.0,3150,16,4247.4,4252.0
26.6000,5032140,2000.0,4251.8,-1.416,14.094,-1.15,11.41,659.7,659.7,528.8,230,34.5,14.4,HOLD_RPM,337.77,0.67,339.76,0,0.0,3152,16,4251.8,4244.5
26.6500,5032190,2000.0,4251.8,-1.416,14.094,-1.15,11.41,659.7,659.7,528.8,236,35.4,14.4,HOLD_RPM,337.77,0.67,338.44,0,0.0,3152,16,4251.8,4238.5
26.7000,5032240,2000.0,4242.9,-11.499,14.256,-9.29,11.52,835.3,835.3,528.8,241,36.1,14.4,HOLD_RPM,336.44,0.67,334.44,0,0.0,3153,16,4242.9,4225.1
26.7500,5032290,2000.0,4242.9,-11.499,14.256,-9.29,11.52,835.3,835.3,573.8,247,37.0,36.9,HOLD_RPM,336.44,0.67,337.11,0,0.0,3154,16,4242.9,4201.1
26.8000,5032340,2000.0,4216.3,-11.499,14.739,-9.23,11.83,835.3,835.3,573.8,253,37.9,36.9,HOLD_RPM,332.45,0.67,325.13,0,0.0,3155,16,4216.3,4170.1
26.8500,5032390,2000.0,4216.3,0.568,14.739,0.46,11.83,984.1,984.1,573.8,259,38.8,36.9,HOLD_RPM,332.45,0.67,333.11,0,0.0,3157,16,4216.3,4134.2
26.9000,5032440,2000.0,4154.6,0.568,15.905,0.45,12.58,984.1,984.1,646.1,264,39.6,73.1,HOLD_RPM,323.19,0.67,305.34,0,0.0,3161,16,4154.6,4073.0
26.9500,5032490,2000.0,4154.6,0.568,15.905,0.45,12.58,984.1,984.1,646.1,269,40.3,73.1,HOLD_RPM,323.19,0.67,323.86,0,0.0,3162,16,4154.6,4008.8
27.0000,5032540,2000.0,4050.8,5.930,17.012,4.57,13.12,914.7,914.7,646.1,274,41.1,73.1,HOLD_RPM,307.62,0.67,277.15,0,0.0,3163,16,4050.8,3932.1
27.0500,5032590,2000.0,4050.8,5.930,17.012,4.57,13.12,914.7,914.7,646.1,279,41.8,73.1,HOLD_RPM,307.62,0.67,308.29,0,0.0,3163,16,4050.8,3850.6
27.1000,5032640,2000.0,3900.2,5.930,20.581,4.40,15.28,914.7,914.7,736.4,283,42.4,118.2,HOLD_RPM,285.03,0.67,240.53,0,0.0,3164,16,3900.2,3747.9
27.1500,5032690,2000.0,3900.2,5.930,20.581,4.40,15.28,914.7,914.7,736.4,287,43.0,118.2,HOLD_RPM,285.03,0.67,285.70,0,0.0,3166,16,3900.2,3645.9
27.2000,5032740,2000.0,3706.5,11.263,26.183,7.95,18.48,913.1,913.1,736.4,291,43.6,118.2,HOLD_RPM,255.98,0.67,198.53,0,0.0,3167,16,3706.5,3536.7
27.2500,5032790,2000.0,3706.5,11.263,26.183,7.95,18.48,913.1,913.1,787.3,295,44.2,143.6,HOLD_RPM,255.98,0.67,256.65,0,0.0,3169,16,3706.5,3436.6
27.3000,5032840,2000.0,3492.6,11.263,28.827,7.49,19.17,913.1,913.1,787.3,298,44.7,143.6,HOLD_RPM,223.89,0.67,160.37,0,0.0,3171,16,3492.6,3323.7
27.3500,5032890,2000.0,3492.6,18.749,28.827,12.47,19.17,962.5,962.5,787.3,301,45.1,143.6,HOLD_RPM,223.89,0.67,224.55,0,0.0,3171,16,3492.6,3213.2
27.4000,5032940,2000.0,3273.7,18.749,30.823,11.69,19.21,962.5,962.5,864.5,304,45.6,182.3,HOLD_RPM,191.06,0.67,126.07,0,0.0,3174,16,3273.7,3086.7
27.4500,5032990,2000.0,3273.7,18.749,30.823,11.69,19.21,962.5,962.5,864.5,307,46.0,182.3,HOLD_RPM,191.06,0.67,191.73,0,0.0,3174,16,3273.7,2969.4
27.5000,5033040,2000.0,3034.6,33.979,31.695,19.63,18.31,1027.8,1027.8,864.5,309,46.3,182.3,HOLD_RPM,155.18,0.67,84.10,0,0.0,3174,16,3034.6,2837.8
27.5500,5033090,2000.0,3034.6,33.979,31.695,19.63,18.31,1027.8,1027.8,936.1,311,46.6,218.1,HOLD_RPM,155.18,0.67,155.85,0,0.0,3176,16,3034.6,2706.4
27.6000,5033140,2000.0,2771.6,33.979,30.626,17.93,16.16,1027.8,1027.8,936.1,313,46.9,218.1,HOLD_RPM,115.74,0.67,37.53,0,0.0,3176,16,2771.6,2568.2
27.6500,5033190,2000.0,2771.6,45.589,30.626,24.06,16.16,877.5,877.5,936.1,314,47.1,218.1,HOLD_RPM,115.74,0.67,116.41,0,0.0,3177,16,2771.6,2439.3
27.7000,5033240,2000.0,2510.8,45.589,25.462,21.79,12.17,877.5,877.5,936.1,315,47.2,218.1,HOLD_RPM,76.62,0.67,-0.97,0,0.0,3178,16,2510.8,2315.5
27.7500,5033290,2000.0,2510.8,45.589,25.462,21.79,12.17,877.5,877.5,982.6,316,47.4,241.3,HOLD_RPM,76.62,0.67,77.28,0,0.0,3178,16,2510.8,2206.3
27.8000,5033340,2000.0,2258.6,45.589,15.248,19.61,6.56,877.5,877.5,982.6,316,47.4,241.3,HOLD_RPM,38.79,0.67,-36.19,0,0.0,3179,16,2258.6,2076.1
27.8500,5033390,2000.0,2258.6,67.981,15.248,29.23,6.56,1111.2,1111.2,982.6,315,47.2,241.3,HOLD_RPM,38.79,0.67,39.46,0,0.0,3180,16,2258.6,1987.0
27.9000,5033440,2000.0,2019.7,67.981,11.820,26.14,4.55,1111.2,1111.2,983.6,314,47.1,241.8,HOLD_RPM,2.96,0.67,-68.04,0,0.0,3181,16,2019.7,1889.8
27.9500,5033490,2000.0,2019.7,67.981,11.820,26.14,4.55,1111.2,1111.2,983.6,312,46.8,241.8,HOLD_RPM,2.96,0.67,3.63,0,0.0,3182,16,2019.7,1805.8
28.0000,5033540,2000.0,1838.8,72.908,16.637,25.53,5.82,1096.6,1096.6,983.6,310,46.5,241.8,HOLD_RPM,-24.18,0.67,-77.80,0,0.0,3182,16,1838.8,1745.8
28.0500,5033590,2000.0,1838.8,72.908,16.637,25.53,5.82,1096.6,1096.6,964.4,308,46.2,232.2,HOLD_RPM,-24.18,0.67,-23.52,0,0.0,3183,16,1838.8,1692.2
28.1000,5033640,2000.0,1711.0,72.908,18.698,23.75,6.09,1096.6,1096.6,964.4,306,45.9,232.2,HOLD_RPM,-43.36,0.67,-81.04,0,0.0,3183,16,1711.0,1628.8
28.1500,5033690,2000.0,1711.0,86.877,18.698,28.30,6.09,959.4,959.4,964.4,303,45.4,232.2,HOLD_RPM,-43.36,0.67,-42.69,0,0.0,3183,16,1711.0,1576.4
28.2000,5033740,2000.0,1595.0,86.877,19.250,26.38,5.85,959.4,959.4,951.9,300,45.0,225.9,HOLD_RPM,-60.75,0.67,-94.87,0,0.0,3183,16,1595.0,1525.4
28.2500,5033790,2000.0,1595.0,86.877,19.250,26.38,5.85,959.4,959.4,951.9,297,44.5,225.9,HOLD_RPM,-60.75,0.67,-60.08,0,0.0,3183,16,1595.0,1467.1
28.3000,5033840,2000.0,1489.0,87.357,21.895,24.77,6.21,845.6,845.6,951.9,294,44.1,225.9,HOLD_RPM,-76.65,0.67,-107.77,0,0.0,3183,16,1489.0,1435.9
28.3500,5033890,2000.0,1489.0,87.357,21.895,24.77,6.21,845.6,845.6,821.1,291,43.6,160.6,HOLD_RPM,-76.65,0.67,-75.98,0,0.0,3183,16,1489.0,1410.1
28.4000,5033940,2000.0,1418.5,87.357,21.895,23.59,5.91,845.6,845.6,821.1,288,43.2,160.6,HOLD_RPM,-87.23,0.67,-107.73,0,0.0,3183,16,1418.5,1421.4
28.4500,5033990,2000.0,1418.5,81.375,21.895,21.98,5.91,855.6,855.6,821.1,284,42.6,160.6,HOLD_RPM,-87.23,0.67,-86.56,0,0.0,3183,16,1418.5,1471.2
28.5000,5034040,2000.0,1457.4,81.375,21.895,22.58,6.08,855.6,855.6,821.1,280,42.0,160.6,HOLD_RPM,-81.39,0.67,-69.05,0,0.0,3184,16,1457.4,1554.6
28.5500,5034090,2000.0,1457.4,81.375,21.895,22.58,6.08,855.6,855.6,705.0,276,41.4,102.5,HOLD_RPM,-81.39,0.67,-80.73,0,0.0,3184,16,1457.4,1669.0
28.6000,5034140,2000.0,1623.8,81.375,19.073,25.16,5.90,855.6,855.6,705.0,272,40.8,102.5,HOLD_RPM,-56.43,0.67,-5.84,0,0.0,3184,16,1623.8,1819.3
28.6500,5034190,2000.0,1623.8,86.789,19.073,26.83,5.90,1030.9,1030.9,705.0,267,40.0,102.5,HOLD_RPM,-56.43,0.67,-55.76,0,0.0,3186,16,1623.8,1965.5
28.7000,5034240,2000.0,1888.8,86.789,16.620,31.21,5.98,1030.9,1030.9,612.8,263,39.4,56.4,HOLD_RPM,-16.67,0.66,63.50,0,0.0,3186,16,1888.8,2090.6
28.7500,5034290,2000.0,1888.8,86.789,16.620,31.21,5.98,1030.9,1030.9,612.8,258,38.7,56.4,HOLD_RPM,-16.67,0.66,-16.01,0,0.0,3186,16,1888.8,2218.2
28.8000,5034340,2000.0,2166.2,95.706,12.616,39.47,5.20,1104.4,1104.4,612.8,253,37.9,56.4,HOLD_RPM,24.93,0.67,108.80,0,0.0,3187,16,2166.2,2386.5
28.8500,5034390,2000.0,2166.2,95.706,12.616,39.47,5.20,1104.4,1104.4,550.1,247,37.0,25.1,HOLD_RPM,24.93,0.67,25.59,0,0.0,3187,16,2166.2,2565.2
28.9000,5034440,2000.0,2472.7,95.706,23.949,45.06,11.28,1104.4,1104.4,550.1,242,36.3,25.1,HOLD_RPM,70.90,0.67,163.51,0,0.0,3189,16,2472.7,2701.7
28.9500,5034490,2000.0,2472.7,95.957,23.949,45.18,11.28,967.8,967.8,550.1,236,35.4,25.1,HOLD_RPM,70.90,0.67,71.57,0,0.0,3189,16,2472.7,2819.5
29.0000,5034540,2000.0,2755.9,95.957,30.260,50.35,15.88,967.8,967.8,519.4,231,34.6,9.7,HOLD_RPM,113.38,0.67,199.01,0,0.0,3190,16,2755.9,2916.9
29.0500,5034590,2000.0,2755.9,95.957,30.260,50.35,15.88,967.8,967.8,519.4,225,33.7,9.7,HOLD_RPM,113.38,0.67,114.05,0,0.0,3191,16,2755.9,3032.8
29.1000,5034640,2000.0,2973.6,92.719,31.982,52.50,18.11,958.4,958.4,519.4,219,32.8,9.7,HOLD_RPM,146.04,0.67,212.02,0,0.0,3193,16,2973.6,3132.2
29.1500,5034690,2000.0,2973.6,92.719,31.982,52.50,18.11,958.4,958.4,506.4,214,32.1,3.2,HOLD_RPM,146.04,0.67,146.71,0,0.0,3196,16,2973.6,3221.1
29.2000,5034740,2000.0,3169.9,92.719,30.434,55.96,18.37,958.4,958.4,506.4,209,31.3,3.2,HOLD_RPM,175.49,0.67,235.07,0,0.0,3196,16,3169.9,3295.8
29.2500,5034790,2000.0,3169.9,81.228,30.434,49.03,18.37,630.9,630.9,506.4,204,30.6,3.2,HOLD_RPM,175.49,0.67,176.16,0,0.0,3198,16,3169.9,3370.6
29.3000,5034840,2000.0,3329.8,81.228,30.519,51.50,19.35,630.9,630.9,506.4,199,29.8,3.2,HOLD_RPM,199.47,0.67,248.11,0,0.0,3198,16,3329.8,3452.8
29.3500,5034890,2000.0,3329.8,81.228,30.519,51.50,19.35,630.9,630.9,502.4,195,29.2,1.2,HOLD_RPM,199.47,0.67,200.14,0,0.0,3198,16,3329.8,3498.3
29.4000,5034940,2000.0,3466.5,81.228,28.953,53.61,19.11,630.9,630.9,502.4,190,28.5,1.2,HOLD_RPM,219.98,0.67,261.66,0,0.0,3200,16,3466.5,3512.5
29.4500,5034990,2000.0,3466.5,65.215,28.953,43.04,19.11,767.8,767.8,502.4,186,27.9,1.2,HOLD_RPM,219.98,0.67,220.65,0,0.0,3200,16,3466.5,3508.4
29.5000,5035040,2000.0,3508.8,65.215,28.655,43.57,19.14,767.8,767.8,499.3,183,27.4,-0.4,HOLD_RPM,226.32,0.67,239.65,0,0.0,3202,16,3508.8,3480.7
29.5500,5035090,2000.0,3508.8,65.215,28.655,43.57,19.14,767.8,767.8,499.3,179,26.8,-0.4,HOLD_RPM,226.32,0.67,226.98,0,0.0,3204,16,3508.8,3448.5
29.6000,5035140,2000.0,3466.4,52.175,28.953,34.44,19.11,816.9,816.9,499.3,176,26.4,-0.4,HOLD_RPM,219.96,0.67,207.90,0,0.0,3205,16,3466.4,3411.0
29.6500,5035190,2000.0,3466.4,52.175,28.953,34.44,19.11,816.9,816.9,496.8,173,25.9,-1.6,HOLD_RPM,219.96,0.67,220.62,0,0.0,3206,16,3466.4,3377.0
29.7000,5035240,2000.0,3396.6,52.175,29.334,33.74,18.97,816.9,816.9,496.8,170,25.5,-1.6,HOLD_RPM,209.50,0.67,189.24,0,0.0,3206,16,3396.6,3339.6
29.7500,5035290,2000.0,3396.6,44.991,29.334,29.10,18.97,805.3,805.3,496.8,168,25.2,-1.6,HOLD_RPM,209.50,0.67,210.16,0,0.0,3208,16,3396.6,3300.5
29.8000,5035340,2000.0,3323.5,44.991,30.630,28.47,19.38,805.3,805.3,496.3,165,24.7,-1.9,HOLD_RPM,198.53,0.67,177.27,0,0.0,3209,16,3323.5,3262.6
29.8500,5035390,2000.0,3323.5,44.991,30.630,28.47,19.38,805.3,805.3,496.3,164,24.6,-1.9,HOLD_RPM,198.53,0.67,199.20,0,0.0,3211,16,3323.5,3225.5
29.9000,5035440,2000.0,3246.9,48.967,30.595,30.27,18.91,930.9,930.9,496.3,162,24.3,-1.9,HOLD_RPM,187.03,0.67,164.69,0,0.0,3211,16,3246.9,3191.1
29.9500,5035490,2000.0,3246.9,48.967,30.595,30.27,18.91,930.9,930.9,496.3,161,24.1,-1.9,HOLD_RPM,187.03,0.67,187.69,0,0.0,3212,16,3246.9,3163.7
30.0000,5035540,2000.0,3179.6,48.967,30.357,29.64,18.38,930.9,930.9,496.8,160,24.0,-1.6,HOLD_RPM,176.94,0.67,157.44,0,0.0,3213,16,3179.6,3134.8
30.0500,5035590,2000.0,3179.6,48.967,30.357,29.64,18.38,930.9,930.9,496.8,159,23.8,-1.6,HOLD_RPM,176.94,0.67,177.61,0,0.0,3213,16,3179.6,3108.6
30.1000,5035640,2000.0,3122.3,47.396,30.813,28.18,18.32,821.9,821.9,496.8,157,23.5,-1.6,HOLD_RPM,168.35,0.67,151.82,0,0.0,3213,16,3122.3,3085.8
30.1500,5035690,2000.0,3122.3,47.396,30.813,28.18,18.32,821.9,821.9,500.5,156,23.4,0.3,HOLD_RPM,168.35,0.67,169.01,0,0.0,3213,16,3122.3,3065.4
30.2000,5035740,2000.0,3076.1,47.396,31.248,27.76,18.30,821.9,821.9,500.5,154,23.1,0.3,HOLD_RPM,161.42,0.67,148.22,0,0.0,3213,16,3076.1,3042.9
30.2500,5035790,2000.0,3076.1,39.821,31.248,23.32,18.30,868.4,868.4,500.5,153,22.9,0.3,HOLD_RPM,161.42,0.67,162.08,0,0.0,3215,16,3076.1,3025.7
30.3000,5035840,2000.0,3036.4,39.821,31.675,23.02,18.31,868.4,868.4,499.5,151,22.6,-0.2,HOLD_RPM,155.46,0.67,144.21,0,0.0,3215,16,3036.4,3014.2
30.3500,5035890,2000.0,3036.4,39.821,31.675,23.02,18.31,868.4,868.4,499.5,150,22.5,-0.2,HOLD_RPM,155.46,0.67,156.12,0,0.0,3216,16,3036.4,3005.6
30.4000,5035940,2000.0,3011.3,31.472,31.946,18.04,18.32,925.3,925.3,499.5,148,22.2,-0.2,HOLD_RPM,151.69,0.67,144.84,0,0.0,3217,16,3011.3,2993.9
30.4500,5035990,2000.0,3011.3,31.472,31.946,18.04,18.32,925.3,925.3,498.4,147,22.0,-0.8,HOLD_RPM,151.69,0.67,152.36,0,0.0,3218,16,3011.3,2975.0
30.5000,5036040,2000.0,2986.3,31.472,32.023,17.89,18.21,925.3,925.3,498.4,146,21.9,-0.8,HOLD_RPM,147.94,0.67,141.10,0,0.0,3218,16,2986.3,2963.3
30.5500,5036090,2000.0,2986.3,22.001,32.023,12.51,18.21,764.7,764.7,498.4,144,21.6,-0.8,HOLD_RPM,147.94,0.67,148.61,0,0.0,3219,16,2986.3,2958.7
30.6000,5036140,2000.0,2960.7,22.001,31.941,12.40,18.01,764.7,764.7,498.8,143,21.4,-0.6,HOLD_RPM,144.11,0.67,137.11,0,0.0,3220,16,2960.7,2940.6
30.6500,5036190,2000.0,2960.7,22.001,31.941,12.40,18.01,764.7,764.7,498.8,142,21.3,-0.6,HOLD_RPM,144.11,0.67,144.77,0,0.0,3221,16,2960.7,2924.5
30.7000,5036240,2000.0,2934.2,19.612,31.855,10.96,17.80,907.2,907.2,498.8,140,21.0,-0.6,HOLD_RPM,140.12,0.67,132.82,0,0.0,3223,16,2934.2,2911.1
30.7500,5036290,2000.0,2934.2,19.612,31.855,10.96,17.80,907.2,907.2,498.8,139,20.8,-0.6,HOLD_RPM,140.12,0.67,140.79,0,0.0,3225,16,2934.2,2903.9
30.8000,5036340,2000.0,2909.2,19.612,31.774,10.86,17.60,907.2,907.2,500.4,137,20.5,0.2,HOLD_RPM,136.37,0.67,129.54,0,0.0,3225,16,2909.2,2886.4
30.8500,5036390,2000.0,2909.2,19.612,31.774,10.86,17.60,907.2,907.2,500.4,135,20.2,0.2,HOLD_RPM,136.37,0.67,137.04,0,0.0,3226,16,2909.2,2884.3
30.9000,5036440,2000.0,2885.9,26.456,31.680,14.54,17.41,777.8,777.8,500.4,134,20.1,0.2,HOLD_RPM,132.88,0.67,126.56,0,0.0,3226,16,2885.9,2878.1
30.9500,5036490,2000.0,2885.9,26.456,31.680,14.54,17.41,777.8,777.8,501.5,132,19.8,0.8,HOLD_RPM,132.88,0.67,133.55,0,0.0,3226,16,2885.9,2875.9
31.0000,5036540,2000.0,2876.8,26.456,31.639,14.49,17.33,777.8,777.8,501.5,131,19.6,0.8,HOLD_RPM,131.52,0.67,129.47,0,0.0,3228,16,2876.8,2856.1
31.0500,5036590,2000.0,2876.8,30.697,31.639,16.81,17.33,858.8,858.8,501.5,131,19.6,0.8,HOLD_RPM,131.52,0.67,132.19,0,0.0,3228,16,2876.8,2847.1
31.1000,5036640,2000.0,2855.4,30.697,31.541,16.69,17.15,858.8,858.8,499.3,130,19.5,-0.4,HOLD_RPM,128.31,0.67,122.55,0,0.0,3228,16,2855.4,2839.7
31.1500,5036690,2000.0,2855.4,30.697,31.541,16.69,17.15,858.8,858.8,499.3,129,19.3,-0.4,HOLD_RPM,128.31,0.67,128.98,0,0.0,3229,16,2855.4,2821.7
31.2000,5036740,2000.0,2832.6,28.485,31.437,15.36,16.96,769.4,769.4,499.3,129,19.3,-0.4,HOLD_RPM,124.89,0.67,118.70,0,0.0,3229,16,2832.6,2795.1
31.2500,5036790,2000.0,2832.6,28.485,31.437,15.36,16.96,769.4,769.4,502.8,128,19.2,1.4,HOLD_RPM,124.89,0.67,125.55,0,0.0,3229,16,2832.6,2773.7
31.3000,5036840,2000.0,2783.8,28.485,30.911,15.10,16.38,769.4,769.4,502.8,127,19.0,1.4,HOLD_RPM,117.57,0.67,103.59,0,0.0,3230,16,2783.8,2744.4
31.3500,5036890,2000.0,2783.8,35.373,30.911,18.75,16.38,953.1,953.1,502.8,125,18.7,1.4,HOLD_RPM,117.57,0.67,118.23,0,0.0,3231,16,2783.8,2712.5
31.4000,5036940,2000.0,2730.7,35.373,29.672,18.39,15.43,953.1,953.1,502.8,123,18.4,1.4,HOLD_RPM,109.60,0.67,94.35,0,0.0,3233,16,2730.7,2667.0
31.4500,5036990,2000.0,2730.7,35.373,29.672,18.39,15.43,953.1,953.1,500.6,121,18.1,0.3,HOLD_RPM,109.60,0.67,110.27,0,0.0,3234,16,2730.7,2612.0
31.5000,5037040,2000.0,2643.5,35.373,27.102,17.80,13.64,953.1,953.1,500.6,119,17.8,0.3,HOLD_RPM,96.53,0.67,71.05,0,0.0,3234,16,2643.5,2543.5
31.5500,5037090,2000.0,2643.5,33.249,27.102,16.74,13.64,885.3,885.3,500.6,116,17.4,0.3,HOLD_RPM,96.53,0.67,97.20,0,0.0,3234,16,2643.5,2476.0
31.6000,5037140,2000.0,2508.3,33.249,25.456,15.88,12.16,885.3,885.3,499.5,114,17.1,-0.2,HOLD_RPM,76.25,0.67,36.36,0,0.0,3234,16,2508.3,2408.8
31.6500,5037190,2000.0,2508.3,33.249,25.456,15.88,12.16,885.3,885.3,499.5,111,16.6,-0.2,HOLD_RPM,76.25,0.67,76.92,0,0.0,3235,16,2508.3,2323.7
31.7000,5037240,2000.0,2360.7,27.334,18.646,12.29,8.38,695.0,695.0,499.5,107,16.0,-0.2,HOLD_RPM,54.11,0.67,10.50,0,0.0,3235,16,2360.7,2258.3
31.7500,5037290,2000.0,2360.7,27.334,18.646,12.29,8.38,695.0,695.0,502.6,104,15.6,1.3,HOLD_RPM,54.11,0.67,54.78,0,0.0,3236,16,2360.7,2199.3
31.8000,5037340,2000.0,2222.2,27.334,14.084,11.57,5.96,695.0,695.0,502.6,100,15.0,1.3,HOLD_RPM,33.34,0.67,-7.55,0,0.0,3236,16,2222.2,2121.8
31.8500,5037390,2000.0,2222.2,10.333,14.084,4.37,5.96,503.8,503.8,502.6,96,14.4,1.3,HOLD_RPM,33.34,0.67,34.00,0,0.0,3236,16,2222.2,2040.2
31.9000,5037440,2000.0,2079.8,10.333,11.305,4.09,4.48,503.8,503.8,502.3,91,13.6,1.1,HOLD_RPM,11.97,0.67,-30.11,0,0.0,3237,16,2079.8,1961.9
31.9500,5037490,2000.0,2079.8,10.333,11.305,4.09,4.48,503.8,503.8,502.3,86,12.9,1.1,HOLD_RPM,11.97,0.67,12.63,0,0.0,3237,16,2079.8,1884.1
32.0000,5037540,2000.0,1921.2,3.732,15.635,1.37,5.72,783.8,783.8,502.3,82,12.3,1.1,HOLD_RPM,-11.82,0.67,-58.72,0,0.0,3237,16,1921.2,1826.0
32.0500,5037590,2000.0,1921.2,3.732,15.635,1.37,5.72,783.8,783.8,501.1,76,11.4,0.6,HOLD_RPM,-11.82,0.67,-11.15,0,0.0,3239,16,1921.2,1773.6
32.1000,5037640,2000.0,1793.2,3.732,16.807,1.27,5.74,783.8,783.8,501.1,71,10.6,0.6,HOLD_RPM,-31.03,0.67,-68.78,0,0.0,3240,16,1793.2,1726.6
32.1500,5037690,2000.0,1793.2,-5.605,16.807,-1.91,5.74,564.4,564.4,501.1,66,9.9,0.6,HOLD_RPM,-31.03,0.67,-30.36,0,0.0,3241,16,1793.2,1686.0
32.2000,5037740,2000.0,1700.3,-5.605,18.944,-1.81,6.13,564.4,564.4,501.1,61,9.1,0.6,HOLD_RPM,-44.95,0.67,-72.13,0,0.0,3242,16,1700.3,1641.2
32.2500,5037790,2000.0,1700.3,-5.605,18.944,-1.81,6.13,564.4,564.4,502.3,56,8.4,1.1,HOLD_RPM,-44.95,0.67,-44.28,0,0.0,3242,16,1700.3,1597.0
32.3000,5037840,2000.0,1613.8,-5.605,19.089,-1.72,5.87,564.4,564.4,502.3,51,7.6,1.1,HOLD_RPM,-57.93,0.67,-83.22,0,0.0,3242,16,1613.8,1552.1
32.3500,5037890,2000.0,1613.8,-0.656,19.089,-0.20,5.87,1013.4,1013.4,502.3,47,7.0,1.1,HOLD_RPM,-57.93,0.67,-57.26,0,0.0,3242,16,1613.8,1498.8
32.4000,5037940,2000.0,1518.2,-0.656,21.388,-0.19,6.18,1013.4,1013.4,499.0,43,6.4,-0.5,HOLD_RPM,-72.27,0.67,-100.28,0,0.0,3242,16,1518.2,1438.7
32.4500,5037990,2000.0,1518.2,-0.656,21.388,-0.19,6.18,1013.4,1013.4,499.0,39,5.8,-0.5,HOLD_RPM,-72.27,0.67,-71.60,0,0.0,3242,16,1518.2,1344.6
32.5000,5038040,2000.0,1365.5,-5.650,21.895,-1.47,5.69,670.6,670.6,499.0,35,5.2,-0.5,HOLD_RPM,-95.18,0.67,-140.33,0,0.0,3242,16,1365.5,1261.9
32.5500,5038090,2000.0,1365.5,-5.650,21.895,-1.47,5.69,670.6,670.6,500.9,31,4.6,0.4,HOLD_RPM,-95.18,0.67,-94.51,0,0.0,3242,16,1365.5,1169.7
32.6000,5038140,0.0,1199.7,-5.650,21.895,-1.29,5.00,670.6,670.6,500.9,28,4.2,0.4,IDLE,0.00,0.00,0.00,0,0.0,3242,16,1199.7,1101.1
32.6500,5038190,0.0,1199.7,-17.480,21.895,-3.99,5.00,605.0,605.0,500.9,25,3.7,0.4,IDLE,0.00,0.00,0.00,0,0.0,3242,16,1199.7,993.6
32.7000,5038240,0.0,1027.7,-17.480,21.895,-3.42,4.28,605.0,605.0,502.0,22,3.3,1.0,IDLE,0.00,0.00,0.00,0,0.0,3242,16,1027.7,915.0
32.7500,5038290,0.0,1027.7,-17.480,21.895,-3.42,4.28,605.0,605.0,502.0,19,2.8,1.0,IDLE,0.00,0.00,0.00,0,0.0,3242,16,1027.7,832.2
32.8000,5038340,0.0,851.9,-14.847,21.895,-2.41,3.55,825.9,825.9,502.0,16,2.4,1.0,IDLE,0.00,0.00,0.00,0,0.0,3242,16,851.9,739.8
32.8500,5038390,0.0,851.9,-14.847,21.895,-2.41,3.55,825.9,825.9,502.0,14,2.1,1.0,IDLE,0.00,0.00,0.00,0,0.0,3242,16,851.9,686.5
32.9000,5038440,0.0,652.1,-14.847,21.895,-1.84,2.72,825.9,825.9,501.4,11,1.6,0.7,IDLE,0.00,0.00,0.00,0,0.0,3243,17,652.1,557.2
32.9500,5038490,0.0,652.1,-14.847,21.895,-1.84,2.72,825.9,825.9,501.4,9,1.3,0.7,IDLE,0.00,0.00,0.00,0,0.0,3244,18,652.1,557.2
33.0000,5038540,0.0,652.1,-28.204,21.895,-3.50,2.72,666.6,666.6,501.4,7,1.0,0.7,IDLE,0.00,0.00,0.00,0,0.0,3244,18,652.1,557.2
33.0500,5038590,0.0,652.1,-28.204,21.895,-3.50,2.72,666.6,666.6,502.3,6,0.9,1.1,IDLE,0.00,0.00,0.00,0,0.0,3245,19,652.1,557.2
33.1000,5038640,0.0,652.1,-28.204,21.895,-3.50,2.72,666.6,666.6,502.3,4,0.6,1.1,IDLE,0.00,0.00,0.00,0,0.0,3245,19,652.1,557.2
33.1500,5038690,0.0,652.1,-37.660,21.895,-4.68,2.72,682.5,682.5,502.3,3,0.4,1.1,IDLE,0.00,0.00,0.00,0,0.0,3246,20,652.1,557.2
33.2000,5038740,0.0,652.1,-37.660,21.895,-4.68,2.72,682.5,682.5,501.6,2,0.3,0.8,IDLE,0.00,0.00,0.00,0,0.0,3246,20,652.1,557.2
33.2500,5038790,0.0,652.1,-37.660,21.895,-4.68,2.72,682.5,682.5,501.6,1,0.1,0.8,IDLE,0.00,0.00,0.00,0,0.0,3246,20,652.1,557.2
33.3000,5038840,0.0,0.0,-38.287,21.895,0.00,0.00,681.6,681.6,501.6,0,0.0,0.8,IDLE,0.00,0.00,0.00,0,0.0,3246,20,0.0,557.2
33.3500,5038890,0.0,0.0,-38.287,21.895,0.00,0.00,681.6,681.6,501.1,0,0.0,0.6,IDLE,0.00,0.00,0.00,0,0.0,3246,20,0.0,557.2
33.4000,5038940,0.0,0.0,-38.287,21.895,0.00,0.00,681.6,681.6,501.1,0,0.0,0.6,IDLE,0.00,0.00,0.00,0,0.0,3246,20,0.0,557.2
33.4500,5038990,0.0,0.0,-24.723,21.895,0.00,0.00,794.7,794.7,501.1,0,0.0,0.6,IDLE,0.00,0.00,0.00,0,0.0,3246,20,0.0,557.2
33.5000,5039040,0.0,0.0,-24.723,21.895,0.00,0.00,794.7,794.7,501.1,0,0.0,0.6,IDLE,0.00,0.00,0.00,0,0.0,3246,20,0.0,557.2
33.5500,5039090,0.0,0.0,-24.723,21.895,0.00,0.00,794.7,794.7,501.1,0,0.0,0.6,IDLE,0.00,0.00,0.00,0,0.0,3246,20,0.0,557.2
33.6000,5039140,0.0,0.0,-24.450,21.895,0.00,0.00,789.7,789.7,501.1,0,0.0,0.6,IDLE,0.00,0.00,0.00,0,0.0,3246,20,0.0,557.2
33.6500,5039190,0.0,0.0,-24.450,21.895,0.00,0.00,789.7,789.7,501.1,0,0.0,0.6,IDLE,0.00,0.00,0.00,0,0.0,3246,20,0.0,557.2
33.7000,5039240,0.0,0.0,-24.450,21.895,0.00,0.00,789.7,789.7,501.5,0,0.0,0.8,IDLE,0.00,0.00,0.00,0,0.0,3246,20,0.0,557.2
33.7500,5039290,0.0,0.0,-24.450,21.895,0.00,0.00,789.7,789.7,501.5,0,0.0,0.8,IDLE,0.00,0.00,0.00,0,0.0,3246,20,0.0,557.2
33.8000,5039340,0.0,0.0,-13.638,21.895,0.00,0.00,796.2,796.2,501.5,0,0.0,0.8,IDLE,0.00,0.00,0.00,0,0.0,3246,20,0.0,557.2
33.8500,5039390,0.0,0.0,-13.638,21.895,0.00,0.00,796.2,796.2,500.1,0,0.0,0.1,IDLE,0.00,0.00,0.00,0,0.0,3246,20,0.0,557.2
33.9000,5039440,0.0,0.0,-13.638,21.895,0.00,0.00,796.2,796.2,500.1,0,0.0,0.1,IDLE,0.00,0.00,0.00,0,0.0,3246,20,0.0,557.2
33.9500,5039490,0.0,0.0,-25.099,21.895,0.00,0.00,767.5,767.5,500.1,0,0.0,0.1,IDLE,0.00,0.00,0.00,0,0.0,3246,20,0.0,557.2
34.0000,5039540,0.0,0.0,-25.099,21.895,0.00,0.00,767.5,767.5,502.3,0,0.0,1.1,IDLE,0.00,0.00,0.00,0,0.0,3246,20,0.0,557.2
34.0500,5039590,0.0,0.0,-25.099,21.895,0.00,0.00,767.5,767.5,502.3,0,0.0,1.1,IDLE,0.00,0.00,0.00,0,0.0,3246,20,0.0,557.2
34.1000,5039640,0.0,0.0,-19.745,21.895,0.00,0.00,785.6,785.6,502.3,0,0.0,1.1,IDLE,0.00,0.00,0.00,0,0.0,3246,20,0.0,557.2
34.1500,5039690,0.0,0.0,-19.745,21.895,0.00,0.00,785.6,785.6,501.3,0,0.0,0.6,IDLE,0.00,0.00,0.00,0,0.0,3246,20,0.0,557.2
34.2000,5039740,0.0,0.0,-19.745,21.895,0.00,0.00,785.6,785.6,501.3,0,0.0,0.6,IDLE,0.00,0.00,0.00,0,0.0,3246,20,0.0,557.2
34.2500,5039790,0.0,0.0,-11.410,21.895,0.00,0.00,783.8,783.8,501.3,0,0.0,0.6,IDLE,0.00,0.00,0.00,0,0.0,3246,20,0.0,557.2
34.3000,5039840,0.0,0.0,-11.410,21.895,0.00,0.00,783.8,783.8,501.3,0,0.0,0.6,IDLE,0.00,0.00,0.00,0,0.0,3246,20,0.0,557.2
34.3500,5039890,0.0,0.0,-11.410,21.895,0.00,0.00,783.8,783.8,501.3,0,0.0,0.6,IDLE,0.00,0.00,0.00,0,0.0,3246,20,0.0,557.2
34.4000,5039940,0.0,0.0,-11.410,21.895,0.00,0.00,783.8,783.8,501.3,0,0.0,0.6,IDLE,0.00,0.00,0.00,0,0.0,3246,20,0.0,557.2
34.4500,5039990,0.0,0.0,-13.815,21.895,0.00,0.00,774.4,774.4,501.3,0,0.0,0.6,IDLE,0.00,0.00,0.00,0,0.0,3246,20,0.0,557.2
34.5000,5040040,0.0,0.0,-13.815,21.895,0.00,0.00,774.4,774.4,501.1,0,0.0,0.6,IDLE,0.00,0.00,0.00,0,0.0,3246,20,0.0,557.2
34.5500,5040090,0.0,0.0,-13.815,21.895,0.00,0.00,774.4,774.4,501.1,0,0.0,0.6,IDLE,0.00,0.00,0.00,0,0.0,3246,20,0.0,557.2
34.6000,5040140,0.0,0.0,-8.305,21.895,0.00,0.00,784.7,784.7,501.1,0,0.0,0.6,IDLE,0.00,0.00,0.00,0,0.0,3246,20,0.0,557.2
34.6500,5040190,0.0,0.0,-8.305,21.895,0.00,0.00,784.7,784.7,501.0,0,0.0,0.5,IDLE,0.00,0.00,0.00,0,0.0,3246,20,0.0,557.2
34.7000,5040240,0.0,0.0,-8.305,21.895,0.00,0.00,784.7,784.7,501.0,0,0.0,0.5,IDLE,0.00,0.00,0.00,0,0.0,3246,20,0.0,557.2
34.7500,5040290,0.0,0.0,-3.304,21.895,0.00,0.00,789.7,789.7,501.0,0,0.0,0.5,IDLE,0.00,0.00,0.00,0,0.0,3246,20,0.0,557.2
34.8000,5040340,0.0,0.0,-3.304,21.895,0.00,0.00,789.7,789.7,501.0,0,0.0,0.5,IDLE,0.00,0.00,0.00,0,0.0,3246,20,0.0,557.2
34.8500,5040390,0.0,0.0,-3.304,21.895,0.00,0.00,789.7,789.7,501.0,0,0.0,0.5,IDLE,0.00,0.00,0.00,0,0.0,3246,20,0.0,557.2
34.9000,5040440,0.0,0.0,1.033,21.895,0.00,0.00,774.7,774.7,501.0,0,0.0,0.5,IDLE,0.00,0.00,0.00,0,0.0,3246,20,0.0,557.2
34.9500,5040490,0.0,0.0,1.033,21.895,0.00,0.00,774.7,774.7,502.0,0,0.0,1.0,IDLE,0.00,0.00,0.00,0,0.0,3246,20,0.0,557.2
35.0000,5040540,0.0,0.0,1.033,21.895,0.00,0.00,774.7,774.7,502.0,0,0.0,1.0,IDLE,0.00,0.00,0.00,0,0.0,3246,20,0.0,557.2
35.0500,5040590,0.0,0.0,0.059,21.895,0.00,0.00,773.8,773.8,502.0,0,0.0,1.0,IDLE,0.00,0.00,0.00,0,0.0,3246,20,0.0,557.2
35.1000,5040640,0.0,0.0,0.059,21.895,0.00,0.00,773.8,773.8,502.0,0,0.0,1.0,IDLE,0.00,0.00,0.00,0,0.0,3246,20,0.0,557.2
35.1500,5040690,0.0,0.0,0.059,21.895,0.00,0.00,773.8,773.8,500.6,0,0.0,0.3,IDLE,0.00,0.00,0.00,0,0.0,3246,20,0.0,0.0
35.2000,5040740,0.0,0.0,0.059,21.895,0.00,0.00,773.8,773.8,500.6,0,0.0,0.3,IDLE,0.00,0.00,0.00,0,0.0,3246,20,0.0,0.0
35.2500,5040790,0.0,0.0,-0.251,21.895,0.00,0.00,783.1,783.1,500.6,0,0.0,0.3,IDLE,0.00,0.00,0.00,0,0.0,3246,20,0.0,0.0
35.3000,5040840,0.0,0.0,-0.251,21.895,0.00,0.00,783.1,783.1,502.5,0,0.0,1.2,IDLE,0.00,0.00,0.00,0,0.0,3246,20,0.0,0.0
35.3500,5040890,0.0,0.0,-0.251,21.895,0.00,0.00,783.1,783.1,502.5,0,0.0,1.2,IDLE,0.00,0.00,0.00,0,0.0,3246,20,0.0,0.0
35.4000,5040940,0.0,0.0,-0.671,21.895,0.00,0.00,787.2,787.2,502.5,0,0.0,1.2,IDLE,0.00,0.00,0.00,0,0.0,3246,20,0.0,0.0
35.4500,5040990,0.0,0.0,-0.671,21.895,0.00,0.00,787.2,787.2,501.4,0,0.0,0.7,IDLE,0.00,0.00,0.00,0,0.0,3246,20,0.0,0.0
35.5000,5041040,0.0,0.0,-0.671,21.895,0.00,0.00,787.2,787.2,501.4,0,0.0,0.7,IDLE,0.00,0.00,0.00,0,0.0,3246,20,0.0,0.0
35.5500,5041090,0.0,0.0,-0.133,21.895,0.00,0.00,779.1,779.1,501.4,0,0.0,0.7,IDLE,0.00,0.00,0.00,0,0.0,3246,20,0.0,0.0
35.6000,5041140,0.0,0.0,-0.133,21.895,0.00,0.00,779.1,779.1,500.9,0,0.0,0.4,IDLE,0.00,0.00,0.00,0,0.0,3246,20,0.0,0.0
35.6500,5041190,0.0,0.0,-0.133,21.895,0.00,0.00,779.1,779.1,500.9,0,0.0,0.4,IDLE,0.00,0.00,0.00,0,0.0,3246,20,0.0,0.0
35.7000,5041240,0.0,0.0,-0.627,21.895,0.00,0.00,775.0,775.0,500.9,0,0.0,0.4,IDLE,0.00,0.00,0.00,0,0.0,3246,20,0.0,0.0
35.7500,5041290,0.0,0.0,-0.627,21.895,0.00,0.00,775.0,775.0,500.9,0,0.0,0.4,IDLE,0.00,0.00,0.00,0,0.0,3246,20,0.0,0.0
35.8000,5041340,0.0,0.0,-0.627,21.895,0.00,0.00,775.0,775.0,500.5,0,0.0,0.3,IDLE,0.00,0.00,0.00,0,0.0,3246,20,0.0,0.0
35.8500,5041390,0.0,0.0,-0.627,21.895,0.00,0.00,775.0,775.0,500.5,0,0.0,0.3,IDLE,0.00,0.00,0.00,0,0.0,3246,20,0.0,0.0
35.9000,5041440,0.0,0.0,-0.856,21.895,0.00,0.00,778.8,778.8,500.5,0,0.0,0.3,IDLE,0.00,0.00,0.00,0,0.0,3246,20,0.0,0.0
35.9500,5041490,0.0,0.0,-0.856,21.895,0.00,0.00,778.8,778.8,501.8,0,0.0,0.9,IDLE,0.00,0.00,0.00,0,0.0,3246,20,0.0,0.0
36.0000,5041540,0.0,0.0,-0.856,21.895,0.00,0.00,778.8,778.8,501.8,0,0.0,0.9,IDLE,0.00,0.00,0.00,0,0.0,3246,20,0.0,0.0
36.0500,5041590,0.0,0.0,-0.465,21.895,0.00,0.00,782.8,782.8,501.8,0,0.0,0.9,IDLE,0.00,0.00,0.00,0,0.0,3246,20,0.0,0.0
36.1000,5041640,0.0,0.0,-0.465,21.895,0.00,0.00,782.8,782.8,501.0,0,0.0,0.5,IDLE,0.00,0.00,0.00,0,0.0,3246,20,0.0,0.0
36.1500,5041690,0.0,0.0,-0.465,21.895,0.00,0.00,782.8,782.8,501.0,0,0.0,0.5,IDLE,0.00,0.00,0.00,0,0.0,3246,20,0.0,0.0
36.2000,5041740,0.0,0.0,-0.701,21.895,0.00,0.00,779.7,779.7,501.0,0,0.0,0.5,IDLE,0.00,0.00,0.00,0,0.0,3246,20,0.0,0.0
36.2500,5041790,0.0,0.0,-0.701,21.895,0.00,0.00,779.7,779.7,501.9,0,0.0,0.9,IDLE,0.00,0.00,0.00,0,0.0,3246,20,0.0,0.0
36.3000,5041840,0.0,0.0,-0.701,21.895,0.00,0.00,779.7,779.7,501.9,0,0.0,0.9,IDLE,0.00,0.00,0.00,0,0.0,3246,20,0.0,0.0
36.3500,5041890,0.0,0.0,-1.387,21.895,0.00,0.00,775.0,775.0,501.9,0,0.0,0.9,IDLE,0.00,0.00,0.00,0,0.0,3246,20,0.0,0.0
36.4000,5041940,0.0,0.0,-1.387,21.895,0.00,0.00,775.0,775.0,501.4,0,0.0,0.7,IDLE,0.00,0.00,0.00,0,0.0,3246,20,0.0,0.0
36.4500,5041990,0.0,0.0,-1.387,21.895,0.00,0.00,775.0,775.0,501.4,0,0.0,0.7,IDLE,0.00,0.00,0.00,0,0.0,3246,20,0.0,0.0
36.5000,5042040,0.0,0.0,-1.357,21.895,0.00,0.00,775.3,775.3,501.4,0,0.0,0.7,IDLE,0.00,0.00,0.00,0,0.0,3246,20,0.0,0.0
36.5500,5042090,0.0,0.0,-1.357,21.895,0.00,0.00,775.3,775.3,501.4,0,0.0,0.7,IDLE,0.00,0.00,0.00,0,0.0,3246,20,0.0,0.0
36.6000,5042140,0.0,0.0,-1.357,21.895,0.00,0.00,775.3,775.3,501.9,0,0.0,0.9,IDLE,0.00,0.00,0.00,0,0.0,3246,20,0.0,0.0
36.6500,5042190,0.0,0.0,-1.357,21.895,0.00,0.00,775.3,775.3,501.9,0,0.0,0.9,IDLE,0.00,0.00,0.00,0,0.0,3246,20,0.0,0.0
36.7000,5042240,0.0,0.0,-1.033,21.895,0.00,0.00,780.6,780.6,501.9,0,0.0,0.9,IDLE,0.00,0.00,0.00,0,0.0,3246,20,0.0,0.0
36.7500,5042290,0.0,0.0,-1.033,21.895,0.00,0.00,780.6,780.6,501.8,0,0.0,0.9,IDLE,0.00,0.00,0.00,0,0.0,3246,20,0.0,0.0
36.8000,5042340,0.0,0.0,-1.033,21.895,0.00,0.00,780.6,780.6,501.8,0,0.0,0.9,IDLE,0.00,0.00,0.00,0,0.0,3246,20,0.0,0.0
36.8500,5042390,0.0,0.0,-1.180,21.895,0.00,0.00,780.0,780.0,501.8,0,0.0,0.9,IDLE,0.00,0.00,0.00,0,0.0,3246,20,0.0,0.0
36.9000,5042440,0.0,0.0,-1.180,21.895,0.00,0.00,780.0,780.0,501.8,0,0.0,0.9,IDLE,0.00,0.00,0.00,0,0.0,3246,20,0.0,0.0
36.9500,5042490,0.0,0.0,-1.180,21.895,0.00,0.00,780.0,780.0,501.8,0,0.0,0.9,IDLE,0.00,0.00,0.00,0,0.0,3246,20,0.0,0.0
37.0000,5042540,0.0,0.0,-1.866,21.895,0.00,0.00,772.5,772.5,501.8,0,0.0,0.9,IDLE,0.00,0.00,0.00,0,0.0,3246,20,0.0,0.0
37.0500,5042590,0.0,0.0,-1.866,21.895,0.00,0.00,772.5,772.5,502.0,0,0.0,1.0,IDLE,0.00,0.00,0.00,0,0.0,3246,20,0.0,0.0
37.1000,5042640,0.0,0.0,-1.866,21.895,0.00,0.00,772.5,772.5,502.0,0,0.0,1.0,IDLE,0.00,0.00,0.00,0,0.0,3246,20,0.0,0.0
37.1500,5042690,0.0,0.0,-1.910,21.895,0.00,0.00,778.1,778.1,502.0,0,0.0,1.0,IDLE,0.00,0.00,0.00,0,0.0,3246,20,0.0,0.0
37.2000,5042740,0.0,0.0,-1.910,21.895,0.00,0.00,778.1,778.1,502.0,0,0.0,1.0,IDLE,0.00,0.00,0.00,0,0.0,3246,20,0.0,0.0
37.2500,5042790,0.0,0.0,-1.910,21.895,0.00,0.00,778.1,778.1,502.0,0,0.0,1.0,IDLE,0.00,0.00,0.00,0,0.0,3246,20,0.0,0.0
37.3000,5042840,0.0,0.0,-2.109,21.895,0.00,0.00,770.6,770.6,502.0,0,0.0,1.0,IDLE,0.00,0.00,0.00,0,0.0,3246,20,0.0,0.0
37.3500,5042890,0.0,0.0,-2.109,21.895,0.00,0.00,770.6,770.6,502.0,0,0.0,1.0,IDLE,0.00,0.00,0.00,0,0.0,3246,20,0.0,0.0
37.4000,5042940,0.0,0.0,-2.109,21.895,0.00,0.00,770.6,770.6,501.8,0,0.0,0.9,IDLE,0.00,0.00,0.00,0,0.0,3246,20,0.0,0.0
37.4500,5042990,0.0,0.0,-2.109,21.895,0.00,0.00,770.6,770.6,501.8,0,0.0,0.9,IDLE,0.00,0.00,0.00,0,0.0,3246,20,0.0,0.0
37.5000,5043040,0.0,0.0,-2.508,21.895,0.00,0.00,770.3,770.3,501.8,0,0.0,0.9,IDLE,0.00,0.00,0.00,0,0.0,3246,20,0.0,0.0
37.5500,5043090,0.0,0.0,-2.508,21.895,0.00,0.00,770.3,770.3,503.4,0,0.0,1.7,IDLE,0.00,0.00,0.00,0,0.0,3246,20,0.0,0.0
37.6000,5043140,0.0,0.0,-2.508,21.895,0.00,0.00,770.3,770.3,503.4,0,0.0,1.7,IDLE,0.00,0.00,0.00,0,0.0,3246,20,0.0,0.0
37.6500,5043190,0.0,0.0,-2.537,21.895,0.00,0.00,782.2,782.2,503.4,0,0.0,1.7,IDLE,0.00,0.00,0.00,0,0.0,3246,20,0.0,0.0
37.7000,5043240,0.0,0.0,-2.537,21.895,0.00,0.00,782.2,782.2,501.8,0,0.0,0.9,IDLE,0.00,0.00,0.00,0,0.0,3246,20,0.0,0.0
37.7500,5043290,0.0,0.0,-2.537,21.895,0.00,0.00,782.2,782.2,501.8,0,0.0,0.9,IDLE,0.00,0.00,0.00,0,0.0,3246,20,0.0,0.0
37.8000,5043340,0.0,0.0,-2.375,21.895,0.00,0.00,783.1,783.1,501.8,0,0.0,0.9,IDLE,0.00,0.00,0.00,0,0.0,3246,20,0.0,0.0
37.8500,5043390,0.0,0.0,-2.375,21.895,0.00,0.00,783.1,783.1,501.9,0,0.0,0.9,IDLE,0.00,0.00,0.00,0,0.0,3246,20,0.0,0.0
37.9000,5043440,0.0,0.0,-2.375,21.895,0.00,0.00,783.1,783.1,501.9,0,0.0,0.9,IDLE,0.00,0.00,0.00,0,0.0,3246,20,0.0,0.0
37.9500,5043490,0.0,0.0,-1.969,21.895,0.00,0.00,783.8,783.8,501.9,0,0.0,0.9,IDLE,0.00,0.00,0.00,0,0.0,3246,20,0.0,0.0
38.0000,5043540,0.0,0.0,-1.969,21.895,0.00,0.00,783.8,783.8,501.9,0,0.0,0.9,IDLE,0.00,0.00,0.00,0,0.0,3246,20,0.0,0.0
38.0500,5043590,0.0,0.0,-1.969,21.895,0.00,0.00,783.8,783.8,500.1,0,0.0,0.1,IDLE,0.00,0.00,0.00,0,0.0,3246,20,0.0,0.0
38.1000,5043640,0.0,0.0,-1.969,21.895,0.00,0.00,783.8,783.8,500.1,0,0.0,0.1,IDLE,0.00,0.00,0.00,0,0.0,3246,20,0.0,0.0
38.1500,5043690,0.0,0.0,-1.615,21.895,0.00,0.00,782.8,782.8,500.1,0,0.0,0.1,IDLE,0.00,0.00,0.00,0,0.0,3246,20,0.0,0.0
38.2000,5043740,0.0,0.0,-1.615,21.895,0.00,0.00,782.8,782.8,502.5,0,0.0,1.2,IDLE,0.00,0.00,0.00,0,0.0,3246,20,0.0,0.0
38.2500,5043790,0.0,0.0,-1.615,21.895,0.00,0.00,782.8,782.8,502.5,0,0.0,1.2,IDLE,0.00,0.00,0.00,0,0.0,3246,20,0.0,0.0
38.3000,5043840,0.0,0.0,-2.257,21.895,0.00,0.00,766.9,766.9,502.5,0,0.0,1.2,IDLE,0.00,0.00,0.00,0,0.0,3246,20,0.0,0.0
38.3500,5043890,0.0,0.0,-2.257,21.895,0.00,0.00,766.9,766.9,501.9,0,0.0,0.9,IDLE,0.00,0.00,0.00,0,0.0,3246,20,0.0,0.0
38.4000,5043940,0.0,0.0,-2.257,21.895,0.00,0.00,766.9,766.9,501.9,0,0.0,0.9,IDLE,0.00,0.00,0.00,0,0.0,3246,20,0.0,0.0
38.4500,5043990,0.0,0.0,-2.928,21.895,0.00,0.00,765.6,765.6,501.9,0,0.0,0.9,IDLE,0.00,0.00,0.00,0,0.0,3246,20,0.0,0.0
38.5000,5044040,0.0,0.0,-2.928,21.895,0.00,0.00,765.6,765.6,500.8,0,0.0,0.4,IDLE,0.00,0.00,0.00,0,0.0,3246,20,0.0,0.0
38.5500,5044090,0.0,0.0,-2.928,21.895,0.00,0.00,765.6,765.6,500.8,0,0.0,0.4,IDLE,0.00,0.00,0.00,0,0.0,3246,20,0.0,0.0
38.6000,5044140,0.0,0.0,-3.105,21.895,0.00,0.00,768.8,768.8,500.8,0,0.0,0.4,IDLE,0.00,0.00,0.00,0,0.0,3246,20,0.0,0.0
38.6500,5044190,0.0,0.0,-3.105,21.895,0.00,0.00,768.8,768.8,502.3,0,0.0,1.1,IDLE,0.00,0.00,0.00,0,0.0,3246,20,0.0,0.0
38.7000,5044240,0.0,0.0,-3.105,21.895,0.00,0.00,768.8,768.8,502.3,0,0.0,1.1,IDLE,0.00,0.00,0.00,0,0.0,3246,20,0.0,0.0
38.7500,5044290,0.0,0.0,-3.585,21.895,0.00,0.00,767.8,767.8,502.3,0,0.0,1.1,IDLE,0.00,0.00,0.00,0,0.0,3246,20,0.0,0.0
38.8000,5044340,0.0,0.0,-3.585,21.895,0.00,0.00,767.8,767.8,502.3,0,0.0,1.1,IDLE,0.00,0.00,0.00,0,0.0,3246,20,0.0,0.0
38.8500,5044390,0.0,0.0,-3.585,21.895,0.00,0.00,767.8,767.8,500.1,0,0.0,0.1,IDLE,0.00,0.00,0.00,0,0.0,3246,20,0.0,0.0
38.9000,5044440,0.0,0.0,-3.585,21.895,0.00,0.00,767.8,767.8,500.1,0,0.0,0.1,IDLE,0.00,0.00,0.00,0,0.0,3246,20,0.0,0.0
38.9500,5044490,0.0,0.0,-3.031,21.895,0.00,0.00,782.5,782.5,500.1,0,0.0,0.1,IDLE,0.00,0.00,0.00,0,0.0,3246,20,0.0,0.0
39.0000,5044540,0.0,0.0,-3.031,21.895,0.00,0.00,782.5,782.5,501.0,0,0.0,0.5,IDLE,0.00,0.00,0.00,0,0.0,3246,20,0.0,0.0
39.0500,5044590,0.0,0.0,-3.031,21.895,0.00,0.00,782.5,782.5,501.0,0,0.0,0.5,IDLE,0.00,0.00,0.00,0,0.0,3246,20,0.0,0.0
39.1000,5044640,0.0,0.0,-2.478,21.895,0.00,0.00,782.2,782.2,501.0,0,0.0,0.5,IDLE,0.00,0.00,0.00,0,0.0,3246,20,0.0,0.0
39.1500,5044690,0.0,0.0,-2.478,21.895,0.00,0.00,782.2,782.2,500.4,0,0.0,0.2,IDLE,0.00,0.00,0.00,0,0.0,3246,20,0.0,0.0
39.2000,5044740,0.0,0.0,-2.478,21.895,0.00,0.00,782.2,782.2,500.4,0,0.0,0.2,IDLE,0.00,0.00,0.00,0,0.0,3246,20,0.0,0.0
39.2500,5044790,0.0,0.0,-2.604,21.895,0.00,0.00,779.4,779.4,500.4,0,0.0,0.2,IDLE,0.00,0.00,0.00,0,0.0,3246,20,0.0,0.0
39.3000,5044840,0.0,0.0,-2.604,21.895,0.00,0.00,779.4,779.4,499.9,0,0.0,-0.1,IDLE,0.00,0.00,0.00,0,0.0,3246,20,0.0,0.0
39.3500,5044890,0.0,0.0,-2.604,21.895,0.00,0.00,779.4,779.4,499.9,0,0.0,-0.1,IDLE,0.00,0.00,0.00,0,0.0,3246,20,0.0,0.0
39.4000,5044940,0.0,0.0,-3.378,21.895,0.00,0.00,766.6,766.6,499.9,0,0.0,-0.1,IDLE,0.00,0.00,0.00,0,0.0,3246,20,0.0,0.0
39.4500,5044990,0.0,0.0,-3.378,21.895,0.00,0.00,766.6,766.6,499.9,0,0.0,-0.1,IDLE,0.00,0.00,0.00,0,0.0,3246,20,0.0,0.0
39.5000,5045040,0.0,0.0,-3.378,21.895,0.00,0.00,766.6,766.6,500.6,0,0.0,0.3,IDLE,0.00,0.00,0.00,0,0.0,3246,20,0.0,0.0
39.5500,5045090,0.0,0.0,-3.378,21.895,0.00,0.00,766.6,766.6,500.6,0,0.0,0.3,IDLE,0.00,0.00,0.00,0,0.0,3246,20,0.0,0.0
39.6000,5045140,0.0,0.0,-4.093,21.895,0.00,0.00,768.4,768.4,500.6,0,0.0,0.3,IDLE,0.00,0.00,0.00,0,0.0,3246,20,0.0,0.0
39.6500,5045190,0.0,0.0,-4.093,21.895,0.00,0.00,768.4,768.4,500.6,0,0.0,0.3,IDLE,0.00,0.00,0.00,0,0.0,3246,20,0.0,0.0
39.7000,5045240,0.0,0.0,-4.093,21.895,0.00,0.00,768.4,768.4,500.6,0,0.0,0.3,IDLE,0.00,0.00,0.00,0,0.0,3246,20,0.0,0.0
39.7500,5045290,0.0,0.0,-4.735,21.895,0.00,0.00,769.1,769.1,500.6,0,0.0,0.3,IDLE,0.00,0.00,0.00,0,0.0,3246,20,0.0,0.0
39.8000,5045340,0.0,0.0,-4.735,21.895,0.00,0.00,769.1,769.1,500.5,0,0.0,0.3,IDLE,0.00,0.00,0.00,0,0.0,3246,20,0.0,0.0
39.8500,5045390,0.0,0.0,-4.735,21.895,0.00,0.00,769.1,769.1,500.5,0,0.0,0.3,IDLE,0.00,0.00,0.00,0,0.0,3246,20,0.0,0.0
39.9000,5045440,0.0,0.0,-4.573,21.895,0.00,0.00,770.3,770.3,500.5,0,0.0,0.3,IDLE,0.00,0.00,0.00,0,0.0,3246,20,0.0,0.0
39.9500,5045490,0.0,0.0,-4.573,21.895,0.00,0.00,770.3,770.3,500.8,0,0.0,0.4,IDLE,0.00,0.00,0.00,0,0.0,3246,20,0.0,0.0
40.0000,5045540,0.0,0.0,-4.573,21.895,0.00,0.00,770.3,770.3,500.8,0,0.0,0.4,IDLE,0.00,0.00,0.00,0,0.0,3246,20,0.0,0.0
40.0500,5045590,0.0,0.0,-4.034,21.895,0.00,0.00,777.2,777.2,500.8,0,0.0,0.4,IDLE,0.00,0.00,0.00,0,0.0,3246,20,0.0,0.0
40.1000,5045640,0.0,0.0,-4.034,21.895,0.00,0.00,777.2,777.2,500.8,0,0.0,0.4,IDLE,0.00,0.00,0.00,0,0.0,3246,20,0.0,0.0
40.1500,5045690,0.0,0.0,-4.034,21.895,0.00,0.00,777.2,777.2,500.8,0,0.0,0.4,IDLE,0.00,0.00,0.00,0,0.0,3246,20,0.0,0.0
40.2000,5045740,0.0,0.0,-3.658,21.895,0.00,0.00,776.9,776.9,500.8,0,0.0,0.4,IDLE,0.00,0.00,0.00,0,0.0,3246,20,0.0,0.0
40.2500,5045790,0.0,0.0,-3.658,21.895,0.00,0.00,776.9,776.9,500.8,0,0.0,0.4,IDLE,0.00,0.00,0.00,0,0.0,3246,20,0.0,0.0
40.3000,5045840,0.0,0.0,-3.658,21.895,0.00,0.00,776.9,776.9,500.8,0,0.0,0.4,IDLE,0.00,0.00,0.00,0,0.0,3246,20,0.0,0.0
40.3500,5045890,0.0,0.0,-3.658,21.895,0.00,0.00,776.9,776.9,500.8,0,0.0,0.4,IDLE,0.00,0.00,0.00,0,0.0,3246,20,0.0,0.0
40.4000,5045940,0.0,0.0,-3.363,21.895,0.00,0.00,774.1,774.1,500.8,0,0.0,0.4,IDLE,0.00,0.00,0.00,0,0.0,3246,20,0.0,0.0
40.4500,5045990,0.0,0.0,-3.363,21.895,0.00,0.00,774.1,774.1,500.4,0,0.0,0.2,IDLE,0.00,0.00,0.00,0,0.0,3246,20,0.0,0.0
40.5000,5046040,0.0,0.0,-3.363,21.895,0.00,0.00,774.1,774.1,500.4,0,0.0,0.2,IDLE,0.00,0.00,0.00,0,0.0,3246,20,0.0,0.0
40.5500,5046090,0.0,0.0,-3.762,21.895,0.00,0.00,774.1,774.1,500.4,0,0.0,0.2,IDLE,0.00,0.00,0.00,0,0.0,3246,20,0.0,0.0
40.6000,5046140,0.0,0.0,-3.762,21.895,0.00,0.00,774.1,774.1,499.8,0,0.0,-0.1,IDLE,0.00,0.00,0.00,0,0.0,3246,20,0.0,0.0
40.6500,5046190,0.0,0.0,-3.762,21.895,0.00,0.00,774.1,774.1,499.8,0,0.0,-0.1,IDLE,0.00,0.00,0.00,0,0.0,3246,20,0.0,0.0
40.7000,5046240,0.0,0.0,-4.315,21.895,0.00,0.00,770.3,770.3,499.8,0,0.0,-0.1,IDLE,0.00,0.00,0.00,0,0.0,3246,20,0.0,0.0
40.7500,5046290,0.0,0.0,-4.315,21.895,0.00,0.00,770.3,770.3,500.9,0,0.0,0.4,IDLE,0.00,0.00,0.00,0,0.0,3246,20,0.0,0.0
40.8000,5046340,0.0,0.0,-4.315,21.895,0.00,0.00,770.3,770.3,500.9,0,0.0,0.4,IDLE,0.00,0.00,0.00,0,0.0,3246,20,0.0,0.0
40.8500,5046390,0.0,0.0,-4.868,21.895,0.00,0.00,767.5,767.5,500.9,0,0.0,0.4,IDLE,0.00,0.00,0.00,0,0.0,3246,20,0.0,0.0
40.9000,5046440,0.0,0.0,-4.868,21.895,0.00,0.00,767.5,767.5,500.9,0,0.0,0.4,IDLE,0.00,0.00,0.00,0,0.0,3246,20,0.0,0.0
40.9500,5046490,0.0,0.0,-4.868,21.895,0.00,0.00,767.5,767.5,500.4,0,0.0,0.2,IDLE,0.00,0.00,0.00,0,0.0,3246,20,0.0,0.0
41.0000,5046540,0.0,0.0,-4.868,21.895,0.00,0.00,767.5,767.5,500.4,0,0.0,0.2,IDLE,0.00,0.00,0.00,0,0.0,3246,20,0.0,0.0
41.0500,5046590,0.0,0.0,-4.912,21.895,0.00,0.00,765.6,765.6,500.4,0,0.0,0.2,IDLE,0.00,0.00,0.00,0,0.0,3246,20,0.0,0.0
41.1000,5046640,0.0,0.0,-4.912,21.895,0.00,0.00,765.6,765.6,500.1,0,0.0,0.1,IDLE,0.00,0.00,0.00,0,0.0,3246,20,0.0,0.0
41.1500,5046690,0.0,0.0,-4.912,21.895,0.00,0.00,765.6,765.6,500.1,0,0.0,0.1,IDLE,0.00,0.00,0.00,0,0.0,3246,20,0.0,0.0
41.2000,5046740,0.0,0.0,-4.868,21.895,0.00,0.00,769.4,769.4,500.1,0,0.0,0.1,IDLE,0.00,0.00,0.00,0,0.0,3246,20,0.0,0.0
41.2500,5046790,0.0,0.0,-4.868,21.895,0.00,0.00,769.4,769.4,500.3,0,0.0,0.1,IDLE,0.00,0.00,0.00,0,0.0,3246,20,0.0,0.0
41.3000,5046840,0.0,0.0,-4.868,21.895,0.00,0.00,769.4,769.4,500.3,0,0.0,0.1,IDLE,0.00,0.00,0.00,0,0.0,3246,20,0.0,0.0
41.3500,5046890,0.0,0.0,-4.897,21.895,0.00,0.00,768.4,768.4,500.3,0,0.0,0.1,IDLE,0.00,0.00,0.00,0,0.0,3246,20,0.0,0.0
41.4000,5046940,0.0,0.0,-4.897,21.895,0.00,0.00,768.4,768.4,500.9,0,0.0,0.4,IDLE,0.00,0.00,0.00,0,0.0,3246,20,0.0,0.0
41.4500,5046990,0.0,0.0,-4.897,21.895,0.00,0.00,768.4,768.4,500.9,0,0.0,0.4,IDLE,0.00,0.00,0.00,0,0.0,3246,20,0.0,0.0
41.5000,5047040,0.0,0.0,-4.529,21.895,0.00,0.00,778.1,778.1,500.9,0,0.0,0.4,IDLE,0.00,0.00,0.00,0,0.0,3246,20,0.0,0.0
41.5500,5047090,0.0,0.0,-4.529,21.895,0.00,0.00,778.1,778.1,501.3,0,0.0,0.6,IDLE,0.00,0.00,0.00,0,0.0,3246,20,0.0,0.0
41.6000,5047140,0.0,0.0,-4.529,21.895,0.00,0.00,778.1,778.1,501.3,0,0.0,0.6,IDLE,0.00,0.00,0.00,0,0.0,3246,20,0.0,0.0
41.6500,5047190,0.0,0.0,-4.573,21.895,0.00,0.00,776.2,776.2,501.3,0,0.0,0.6,IDLE,0.00,0.00,0.00,0,0.0,3246,20,0.0,0.0
41.7000,5047240,0.0,0.0,-4.573,21.895,0.00,0.00,776.2,776.2,501.3,0,0.0,0.6,IDLE,0.00,0.00,0.00,0,0.0,3246,20,0.0,0.0
41.7500,5047290,0.0,0.0,-4.573,21.895,0.00,0.00,776.2,776.2,500.3,0,0.0,0.1,IDLE,0.00,0.00,0.00,0,0.0,3246,20,0.0,0.0
41.8000,5047340,0.0,0.0,-4.573,21.895,0.00,0.00,776.2,776.2,500.3,0,0.0,0.1,IDLE,0.00,0.00,0.00,0,0.0,3246,20,0.0,0.0
41.8500,5047390,0.0,0.0,-4.315,21.895,0.00,0.00,782.5,782.5,500.3,0,0.0,0.1,IDLE,0.00,0.00,0.00,0,0.0,3246,20,0.0,0.0
41.9000,5047440,0.0,0.0,-4.315,21.895,0.00,0.00,782.5,782.5,501.0,0,0.0,0.5,IDLE,0.00,0.00,0.00,0,0.0,3246,20,0.0,0.0
41.9500,5047490,0.0,0.0,-4.315,21.895,0.00,0.00,782.5,782.5,501.0,0,0.0,0.5,IDLE,0.00,0.00,0.00,0,0.0,3246,20,0.0,0.0
42.0000,5047540,0.0,0.0,-3.828,21.895,0.00,0.00,784.4,784.4,501.0,0,0.0,0.5,IDLE,0.00,0.00,0.00,0,0.0,3246,20,0.0,0.0
42.0500,5047590,0.0,0.0,-3.828,21.895,0.00,0.00,784.4,784.4,500.6,0,0.0,0.3,IDLE,0.00,0.00,0.00,0,0.0,3246,20,0.0,0.0
42.1000,5047640,0.0,0.0,-3.828,21.895,0.00,0.00,784.4,784.4,500.6,0,0.0,0.3,IDLE,0.00,0.00,0.00,0,0.0,3246,20,0.0,0.0
42.1500,5047690,0.0,0.0,-3.717,21.895,0.00,0.00,776.6,776.6,500.6,0,0.0,0.3,IDLE,0.00,0.00,0.00,0,0.0,3246,20,0.0,0.0
