Time_s,Timestamp_ms,Target_RPM,RPM,Torque_raw_lb-ft,Torque_filt_lb-ft,HP_raw,HP_filt,LoadCell_mV,ADC_Load_mV,Pressure_mV,Brake_Pos,Brake_Pct,Brake_PSI,State,PID_P,PID_I,PID_Output,Fault_Bits,Spare_Aux_mV,Tach_Glitches,RPM_Estimated,RPM_Counted,RPM_Rev
0.0000,8468,0.0,0.0,0.339,11.623,0.00,0.00,783.4,783.4,503.0,0,0.0,1.5,IDLE,0.00,0.00,0.00,0,0.0,0,0,0.0,0.0
0.0500,8518,0.0,0.0,0.339,11.623,0.00,0.00,783.4,783.4,503.0,0,0.0,1.5,IDLE,0.00,0.00,0.00,0,0.0,0,0,0.0,0.0
0.1000,8568,0.0,0.0,0.361,11.623,0.00,0.00,782.5,782.5,503.0,0,0.0,1.5,IDLE,0.00,0.00,0.00,0,0.0,0,0,0.0,0.0
0.1500,8618,0.0,0.0,0.361,11.623,0.00,0.00,782.5,782.5,502.9,0,0.0,1.4,IDLE,0.00,0.00,0.00,0,0.0,0,0,0.0,0.0
0.2000,8668,0.0,0.0,0.361,11.623,0.00,0.00,782.5,782.5,502.9,0,0.0,1.4,IDLE,0.00,0.00,0.00,0,0.0,0,0,0.0,0.0
0.2500,8718,0.0,0.0,0.538,11.623,0.00,0.00,781.9,781.9,502.9,0,0.0,1.4,IDLE,0.00,0.00,0.00,0,0.0,0,0,0.0,0.0
0.3000,8768,0.0,0.0,0.538,11.623,0.00,0.00,781.9,781.9,502.0,0,0.0,1.0,IDLE,0.00,0.00,0.00,0,0.0,0,0,0.0,0.0
0.3500,8818,0.0,0.0,0.538,11.623,0.00,0.00,781.9,781.9,502.0,0,0.0,1.0,IDLE,0.00,0.00,0.00,0,0.0,0,0,0.0,0.0
0.4000,8868,0.0,0.0,0.251,11.623,0.00,0.00,762.5,762.5,502.0,0,0.0,1.0,IDLE,0.00,0.00,0.00,0,0.0,0,0,0.0,0.0
0.4500,8918,0.0,0.0,0.251,11.623,0.00,0.00,762.5,762.5,503.1,0,0.0,1.6,IDLE,0.00,0.00,0.00,0,0.0,0,0,0.0,0.0
0.5000,8968,0.0,0.0,0.251,11.623,0.00,0.00,762.5,762.5,503.1,0,0.0,1.6,IDLE,0.00,0.00,0.00,0,0.0,0,0,0.0,0.0
0.5500,9018,0.0,0.0,0.059,11.623,0.00,0.00,764.1,764.1,503.1,0,0.0,1.6,IDLE,0.00,0.00,0.00,0,0.0,0,0,0.0,0.0
0.6000,9068,0.0,0.0,0.059,11.623,0.00,0.00,764.1,764.1,503.1,0,0.0,1.6,IDLE,0.00,0.00,0.00,0,0.0,0,0,0.0,0.0
0.6500,9118,0.0,0.0,0.059,11.623,0.00,0.00,764.1,764.1,503.0,0,0.0,1.5,IDLE,0.00,0.00,0.00,0,0.0,0,0,0.0,0.0
0.7000,9168,0.0,0.0,0.059,11.623,0.00,0.00,764.1,764.1,503.0,0,0.0,1.5,IDLE,0.00,0.00,0.00,0,0.0,0,0,0.0,0.0
0.7500,9218,0.0,0.0,0.059,11.623,0.00,0.00,770.3,770.3,503.0,0,0.0,1.5,IDLE,0.00,0.00,0.00,0,0.0,0,0,0.0,0.0
0.8000,9268,0.0,0.0,0.059,11.623,0.00,0.00,770.3,770.3,502.5,0,0.0,1.2,IDLE,0.00,0.00,0.00,0,0.0,0,0,0.0,0.0
0.8500,9318,0.0,0.0,0.059,11.623,0.00,0.00,770.3,770.3,502.5,0,0.0,1.2,IDLE,0.00,0.00,0.00,0,0.0,0,0,0.0,0.0
0.9000,9368,0.0,0.0,0.081,11.623,0.00,0.00,771.6,771.6,502.5,0,0.0,1.2,IDLE,0.00,0.00,0.00,0,0.0,0,0,0.0,0.0
0.9500,9418,0.0,0.0,0.081,11.623,0.00,0.00,771.6,771.6,502.5,0,0.0,1.2,IDLE,0.00,0.00,0.00,0,0.0,0,0,0.0,0.0
1.0000,9468,0.0,0.0,0.081,11.623,0.00,0.00,771.6,771.6,502.5,0,0.0,1.2,IDLE,0.00,0.00,0.00,0,0.0,0,0,0.0,0.0
1.0500,9518,0.0,0.0,0.302,11.623,0.00,0.00,780.3,780.3,502.5,0,0.0,1.2,IDLE,0.00,0.00,0.00,0,0.0,0,0,0.0,0.0
1.1000,9568,0.0,0.0,0.302,11.623,0.00,0.00,780.3,780.3,500.8,0,0.0,0.4,IDLE,0.00,0.00,0.00,0,0.0,0,0,0.0,0.0
1.1500,9618,0.0,0.0,0.302,11.623,0.00,0.00,780.3,780.3,500.8,0,0.0,0.4,IDLE,0.00,0.00,0.00,0,0.0,0,0,0.0,0.0
1.2000,9668,0.0,0.0,0.111,11.623,0.00,0.00,777.5,777.5,500.8,0,0.0,0.4,IDLE,0.00,0.00,0.00,0,0.0,0,0,0.0,0.0
1.2500,9718,0.0,0.0,0.111,11.623,0.00,0.00,777.5,777.5,500.8,0,0.0,0.4,IDLE,0.00,0.00,0.00,0,0.0,0,0,0.0,0.0
1.3000,9768,0.0,0.0,0.111,11.623,0.00,0.00,777.5,777.5,502.5,0,0.0,1.2,IDLE,0.00,0.00,0.00,0,0.0,0,0,0.0,0.0
1.3500,9818,0.0,0.0,0.111,11.623,0.00,0.00,777.5,777.5,502.5,0,0.0,1.2,IDLE,0.00,0.00,0.00,0,0.0,0,0,0.0,0.0
1.4000,9868,0.0,0.0,-0.155,11.623,0.00,0.00,775.3,775.3,502.5,0,0.0,1.2,IDLE,0.00,0.00,0.00,0,0.0,0,0,0.0,0.0
1.4500,9918,0.0,0.0,-0.155,11.623,0.00,0.00,775.3,775.3,502.1,0,0.0,1.1,IDLE,0.00,0.00,0.00,0,0.0,0,0,0.0,0.0
1.5000,9968,0.0,0.0,-0.155,11.623,0.00,0.00,775.3,775.3,502.1,0,0.0,1.1,IDLE,0.00,0.00,0.00,0,0.0,0,0,0.0,0.0
1.5500,10018,0.0,0.0,-0.339,11.623,0.00,0.00,775.0,775.0,502.1,0,0.0,1.1,IDLE,0.00,0.00,0.00,0,0.0,0,0,0.0,0.0
1.6000,10068,0.0,0.0,-0.339,11.623,0.00,0.00,775.0,775.0,503.6,0,0.0,1.8,IDLE,0.00,0.00,0.00,0,0.0,0,0,0.0,0.0
1.6500,10118,0.0,0.0,-0.339,11.623,0.00,0.00,775.0,775.0,503.6,0,0.0,1.8,IDLE,0.00,0.00,0.00,0,0.0,0,0,0.0,0.0
1.7000,10168,0.0,0.0,-0.398,11.623,0.00,0.00,779.7,779.7,503.6,0,0.0,1.8,IDLE,0.00,0.00,0.00,0,0.0,0,0,0.0,0.0
1.7500,10218,0.0,0.0,-0.398,11.623,0.00,0.00,779.7,779.7,503.4,0,0.0,1.7,IDLE,0.00,0.00,0.00,0,0.0,0,0,0.0,0.0
1.8000,10268,0.0,0.0,-0.398,11.623,0.00,0.00,779.7,779.7,503.4,0,0.0,1.7,IDLE,0.00,0.00,0.00,0,0.0,0,0,0.0,0.0
1.8500,10318,0.0,0.0,-0.391,11.623,0.00,0.00,782.2,782.2,503.4,0,0.0,1.7,IDLE,0.00,0.00,0.00,0,0.0,0,0,0.0,0.0
1.9000,10368,0.0,0.0,-0.391,11.623,0.00,0.00,782.2,782.2,502.0,0,0.0,1.0,IDLE,0.00,0.00,0.00,0,0.0,0,0,0.0,0.0
1.9500,10418,0.0,0.0,-0.391,11.623,0.00,0.00,782.2,782.2,502.0,0,0.0,1.0,IDLE,0.00,0.00,0.00,0,0.0,0,0,0.0,0.0
2.0000,10468,0.0,0.0,-0.125,11.623,0.00,0.00,774.7,774.7,502.0,0,0.0,1.0,IDLE,0.00,0.00,0.00,0,0.0,0,0,0.0,0.0
2.0500,10518,0.0,0.0,-0.125,11.623,0.00,0.00,774.7,774.7,502.0,0,0.0,1.0,IDLE,0.00,0.00,0.00,0,0.0,0,0,0.0,0.0
2.1000,10568,0.0,0.0,-0.125,11.623,0.00,0.00,774.7,774.7,502.9,0,0.0,1.4,IDLE,0.00,0.00,0.00,0,0.0,0,0,0.0,0.0
2.1500,10618,0.0,0.0,-0.125,11.623,0.00,0.00,774.7,774.7,502.9,0,0.0,1.4,IDLE,0.00,0.00,0.00,0,0.0,0,0,0.0,0.0
2.2000,10668,0.0,0.0,0.096,11.623,0.00,0.00,774.1,774.1,502.9,0,0.0,1.4,IDLE,0.00,0.00,0.00,0,0.0,0,0,0.0,0.0
2.2500,10718,0.0,0.0,0.096,11.623,0.00,0.00,774.1,774.1,503.1,0,0.0,1.6,IDLE,0.00,0.00,0.00,0,0.0,0,0,0.0,0.0
2.3000,10768,0.0,0.0,0.096,11.623,0.00,0.00,774.1,774.1,503.1,0,0.0,1.6,IDLE,0.00,0.00,0.00,0,0.0,0,0,0.0,0.0
2.3500,10818,0.0,0.0,0.266,11.623,0.00,0.00,777.8,777.8,503.1,0,0.0,1.6,IDLE,0.00,0.00,0.00,0,0.0,0,0,0.0,0.0
2.4000,10868,0.0,0.0,0.266,11.623,0.00,0.00,777.8,777.8,501.9,0,0.0,0.9,IDLE,0.00,0.00,0.00,0,0.0,0,0,0.0,0.0
2.4500,10918,0.0,0.0,0.266,11.623,0.00,0.00,777.8,777.8,501.9,0,0.0,0.9,IDLE,0.00,0.00,0.00,0,0.0,0,0,0.0,0.0
2.5000,10968,0.0,0.0,0.428,11.623,0.00,0.00,779.1,779.1,501.9,0,0.0,0.9,IDLE,0.00,0.00,0.00,0,0.0,0,0,0.0,0.0
2.5500,11018,0.0,0.0,0.428,11.623,0.00,0.00,779.1,779.1,502.3,0,0.0,1.1,IDLE,0.00,0.00,0.00,0,0.0,0,0,0.0,0.0
2.6000,11068,0.0,0.0,0.428,11.623,0.00,0.00,779.1,779.1,502.3,0,0.0,1.1,IDLE,0.00,0.00,0.00,0,0.0,0,0,0.0,0.0
2.6500,11118,0.0,0.0,0.612,11.623,0.00,0.00,788.4,788.4,502.3,0,0.0,1.1,IDLE,0.00,0.00,0.00,0,0.0,0,0,0.0,0.0
2.7000,11168,0.0,0.0,0.612,11.623,0.00,0.00,788.4,788.4,503.0,0,0.0,1.5,IDLE,0.00,0.00,0.00,0,0.0,0,0,0.0,0.0
2.7500,11218,0.0,0.0,0.612,11.623,0.00,0.00,788.4,788.4,503.0,0,0.0,1.5,IDLE,0.00,0.00,0.00,0,0.0,0,0,0.0,0.0
2.8000,11268,0.0,0.0,0.863,11.623,0.00,0.00,789.1,789.1,503.0,0,0.0,1.5,IDLE,0.00,0.00,0.00,0,0.0,0,0,0.0,0.0
2.8500,11318,0.0,0.0,0.863,11.623,0.00,0.00,789.1,789.1,503.0,0,0.0,1.5,IDLE,0.00,0.00,0.00,0,0.0,0,0,0.0,0.0
2.9000,11368,0.0,0.0,0.863,11.623,0.00,0.00,789.1,789.1,503.5,0,0.0,1.8,IDLE,0.00,0.00,0.00,0,0.0,0,0,0.0,0.0
2.9500,11418,0.0,0.0,0.863,11.623,0.00,0.00,789.1,789.1,503.5,0,0.0,1.8,IDLE,0.00,0.00,0.00,0,0.0,0,0,0.0,0.0
3.0000,11468,0.0,0.0,1.143,11.623,0.00,0.00,787.8,787.8,503.5,0,0.0,1.8,IDLE,0.00,0.00,0.00,0,0.0,0,0,0.0,0.0
3.0500,11518,0.0,0.0,1.143,11.623,0.00,0.00,787.8,787.8,501.1,0,0.0,0.6,IDLE,0.00,0.00,0.00,0,0.0,0,0,0.0,0.0
3.1000,11568,0.0,0.0,1.143,11.623,0.00,0.00,787.8,787.8,501.1,0,0.0,0.6,IDLE,0.00,0.00,0.00,0,0.0,0,0,0.0,0.0
3.1500,11618,0.0,0.0,1.033,11.623,0.00,0.00,770.0,770.0,501.1,0,0.0,0.6,IDLE,0.00,0.00,0.00,0,0.0,0,0,0.0,0.0
3.2000,11668,0.0,0.0,1.033,11.623,0.00,0.00,770.0,770.0,502.3,0,0.0,1.1,IDLE,0.00,0.00,0.00,0,0.0,0,0,0.0,0.0
3.2500,11718,0.0,0.0,1.033,11.623,0.00,0.00,770.0,770.0,502.3,0,0.0,1.1,IDLE,0.00,0.00,0.00,0,0.0,0,0,0.0,0.0
3.3000,11768,0.0,0.0,0.833,11.623,0.00,0.00,770.6,770.6,502.3,0,0.0,1.1,IDLE,0.00,0.00,0.00,0,0.0,0,0,0.0,0.0
3.3500,11818,0.0,0.0,0.833,11.623,0.00,0.00,770.6,770.6,503.2,0,0.0,1.6,IDLE,0.00,0.00,0.00,0,0.0,0,0,0.0,0.0
3.4000,11868,0.0,0.0,0.833,11.623,0.00,0.00,770.6,770.6,503.2,0,0.0,1.6,IDLE,0.00,0.00,0.00,0,0.0,0,0,0.0,0.0
3.4500,11918,0.0,0.0,0.487,11.623,0.00,0.00,766.6,766.6,503.2,0,0.0,1.6,IDLE,0.00,0.00,0.00,0,0.0,0,0,0.0,0.0
3.5000,11968,0.0,0.0,0.487,11.623,0.00,0.00,766.6,766.6,503.2,0,0.0,1.6,IDLE,0.00,0.00,0.00,0,0.0,0,0,0.0,0.0
3.5500,12018,0.0,0.0,0.487,11.623,0.00,0.00,766.6,766.6,502.6,0,0.0,1.3,IDLE,0.00,0.00,0.00,0,0.0,0,0,0.0,0.0
3.6000,12068,0.0,0.0,0.487,11.623,0.00,0.00,766.6,766.6,502.6,0,0.0,1.3,IDLE,0.00,0.00,0.00,0,0.0,0,0,0.0,0.0
3.6500,12118,0.0,0.0,0.347,11.623,0.00,0.00,768.4,768.4,502.6,0,0.0,1.3,IDLE,0.00,0.00,0.00,0,0.0,0,0,0.0,0.0
3.7000,12168,0.0,0.0,0.347,11.623,0.00,0.00,768.4,768.4,502.5,0,0.0,1.2,IDLE,0.00,0.00,0.00,0,0.0,0,0,0.0,0.0
3.7500,12218,0.0,0.0,0.347,11.623,0.00,0.00,768.4,768.4,502.5,0,0.0,1.2,IDLE,0.00,0.00,0.00,0,0.0,0,0,0.0,0.0
3.8000,12268,0.0,0.0,0.391,11.623,0.00,0.00,775.9,775.9,502.5,0,0.0,1.2,IDLE,0.00,0.00,0.00,0,0.0,0,0,0.0,0.0
3.8500,12318,0.0,0.0,0.391,11.623,0.00,0.00,775.9,775.9,502.6,0,0.0,1.3,IDLE,0.00,0.00,0.00,0,0.0,0,0,0.0,0.0
3.9000,12368,0.0,0.0,0.391,11.623,0.00,0.00,775.9,775.9,502.6,0,0.0,1.3,IDLE,0.00,0.00,0.00,0,0.0,0,0,0.0,0.0
3.9500,12418,0.0,0.0,0.302,11.623,0.00,0.00,774.1,774.1,502.6,0,0.0,1.3,IDLE,0.00,0.00,0.00,0,0.0,0,0,0.0,0.0
4.0000,12468,0.0,0.0,0.302,11.623,0.00,0.00,774.1,774.1,503.0,0,0.0,1.5,IDLE,0.00,0.00,0.00,0,0.0,0,0,0.0,0.0
4.0500,12518,0.0,0.0,0.302,11.623,0.00,0.00,774.1,774.1,503.0,0,0.0,1.5,IDLE,0.00,0.00,0.00,0,0.0,0,0,0.0,0.0
4.1000,12568,0.0,0.0,0.192,11.623,0.00,0.00,774.1,774.1,503.0,0,0.0,1.5,IDLE,0.00,0.00,0.00,0,0.0,0,0,0.0,0.0
4.1500,12618,0.0,0.0,0.192,11.623,0.00,0.00,774.1,774.1,503.1,0,0.0,1.6,IDLE,0.00,0.00,0.00,0,0.0,0,0,0.0,0.0
4.2000,12668,0.0,0.0,0.192,11.623,0.00,0.00,774.1,774.1,503.1,0,0.0,1.6,IDLE,0.00,0.00,0.00,0,0.0,0,0,0.0,0.0
4.2500,12718,0.0,0.0,-0.177,11.623,0.00,0.00,771.6,771.6,503.1,0,0.0,1.6,IDLE,0.00,0.00,0.00,0,0.0,0,0,0.0,0.0
4.3000,12768,0.0,0.0,-0.177,11.623,0.00,0.00,771.6,771.6,503.1,0,0.0,1.6,IDLE,0.00,0.00,0.00,0,0.0,0,0,0.0,0.0
4.3500,12818,0.0,0.0,-0.177,11.623,0.00,0.00,771.6,771.6,502.8,0,0.0,1.4,IDLE,0.00,0.00,0.00,0,0.0,0,0,0.0,0.0
4.4000,12868,0.0,0.0,-0.177,11.623,0.00,0.00,771.6,771.6,502.8,0,0.0,1.4,IDLE,0.00,0.00,0.00,0,0.0,0,0,0.0,0.0
4.4500,12918,0.0,0.0,-0.376,11.623,0.00,0.00,780.3,780.3,502.8,0,0.0,1.4,IDLE,0.00,0.00,0.00,0,0.0,0,0,0.0,0.0
4.5000,12968,0.0,0.0,-0.376,11.623,0.00,0.00,780.3,780.3,502.8,0,0.0,1.4,IDLE,0.00,0.00,0.00,0,0.0,0,0,0.0,0.0
4.5500,13018,0.0,0.0,-0.376,11.623,0.00,0.00,780.3,780.3,502.8,0,0.0,1.4,IDLE,0.00,0.00,0.00,0,0.0,0,0,0.0,0.0
4.6000,13068,0.0,0.0,-0.494,11.623,0.00,0.00,782.5,782.5,502.8,0,0.0,1.4,IDLE,0.00,0.00,0.00,0,0.0,0,0,0.0,0.0
4.6500,13118,0.0,0.0,-0.494,11.623,0.00,0.00,782.5,782.5,502.1,0,0.0,1.1,IDLE,0.00,0.00,0.00,0,0.0,0,0,0.0,0.0
4.7000,13168,0.0,0.0,-0.494,11.623,0.00,0.00,782.5,782.5,502.1,0,0.0,1.1,IDLE,0.00,0.00,0.00,0,0.0,0,0,0.0,0.0
4.7500,13218,0.0,0.0,-0.207,11.623,0.00,0.00,782.8,782.8,502.1,0,0.0,1.1,IDLE,0.00,0.00,0.00,0,0.0,0,0,0.0,0.0
4.8000,13268,0.0,0.0,-0.207,11.623,0.00,0.00,782.8,782.8,502.5,0,0.0,1.2,IDLE,0.00,0.00,0.00,0,0.0,0,0,0.0,0.0
4.8500,13318,0.0,0.0,-0.207,11.623,0.00,0.00,782.8,782.8,502.5,0,0.0,1.2,IDLE,0.00,0.00,0.00,0,0.0,0,0,0.0,0.0
4.9000,13368,0.0,0.0,0.096,11.623,0.00,0.00,784.4,784.4,502.5,0,0.0,1.2,IDLE,0.00,0.00,0.00,0,0.0,0,0,0.0,0.0
4.9500,13418,0.0,0.0,0.096,11.623,0.00,0.00,784.4,784.4,502.5,0,0.0,1.2,IDLE,0.00,0.00,0.00,0,0.0,0,0,0.0,0.0
5.0000,13468,0.0,0.0,0.096,11.623,0.00,0.00,784.4,784.4,503.0,0,0.0,1.5,IDLE,0.00,0.00,0.00,0,0.0,0,0,0.0,0.0
5.0500,13518,0.0,0.0,0.096,11.623,0.00,0.00,784.4,784.4,503.0,0,0.0,1.5,IDLE,0.00,0.00,0.00,0,0.0,0,0,0.0,0.0
5.1000,13568,0.0,0.0,0.066,11.623,0.00,0.00,765.3,765.3,503.0,0,0.0,1.5,IDLE,0.00,0.00,0.00,0,0.0,0,0,0.0,0.0
5.1500,13618,0.0,0.0,0.066,11.623,0.00,0.00,765.3,765.3,502.4,0,0.0,1.2,IDLE,0.00,0.00,0.00,0,0.0,0,0,0.0,0.0
5.2000,13668,0.0,0.0,0.066,11.623,0.00,0.00,765.3,765.3,502.4,0,0.0,1.2,IDLE,0.00,0.00,0.00,0,0.0,0,0,0.0,0.0
5.2500,13718,0.0,0.0,-0.015,11.623,0.00,0.00,764.7,764.7,502.4,0,0.0,1.2,IDLE,0.00,0.00,0.00,0,0.0,0,0,0.0,0.0
5.3000,13768,0.0,0.0,-0.015,11.623,0.00,0.00,764.7,764.7,502.1,0,0.0,1.1,IDLE,0.00,0.00,0.00,0,0.0,0,0,0.0,0.0
5.3500,13818,0.0,0.0,-0.015,11.623,0.00,0.00,764.7,764.7,502.1,0,0.0,1.1,IDLE,0.00,0.00,0.00,0,0.0,0,0,0.0,0.0
5.4000,13868,0.0,0.0,-0.221,11.623,0.00,0.00,766.6,766.6,502.1,0,0.0,1.1,IDLE,0.00,0.00,0.00,0,0.0,0,0,0.0,0.0
5.4500,13918,0.0,0.0,-0.221,11.623,0.00,0.00,766.6,766.6,502.9,0,0.0,1.4,IDLE,0.00,0.00,0.00,0,0.0,0,0,0.0,0.0
5.5000,13968,0.0,0.0,-0.221,11.623,0.00,0.00,766.6,766.6,502.9,0,0.0,1.4,IDLE,0.00,0.00,0.00,0,0.0,0,0,0.0,0.0
5.5500,14018,0.0,0.0,-0.332,11.623,0.00,0.00,769.1,769.1,502.9,0,0.0,1.4,IDLE,0.00,0.00,0.00,0,0.0,0,0,0.0,0.0
5.6000,14068,0.0,0.0,-0.332,11.623,0.00,0.00,769.1,769.1,501.9,0,0.0,0.9,IDLE,0.00,0.00,0.00,0,0.0,0,0,0.0,0.0
5.6500,14118,0.0,0.0,-0.332,11.623,0.00,0.00,769.1,769.1,501.9,0,0.0,0.9,IDLE,0.00,0.00,0.00,0,0.0,0,0,0.0,0.0
5.7000,14168,0.0,0.0,0.243,11.623,0.00,0.00,800.0,800.0,501.9,0,0.0,0.9,IDLE,0.00,0.00,0.00,0,0.0,0,0,0.0,0.0
5.7500,14218,0.0,0.0,0.243,11.623,0.00,0.00,800.0,800.0,501.9,0,0.0,0.9,IDLE,0.00,0.00,0.00,0,0.0,1,0,0.0,0.0
5.8000,14268,0.0,0.0,0.243,11.623,0.00,0.00,800.0,800.0,503.0,0,0.0,1.5,IDLE,0.00,0.00,0.00,0,0.0,1,0,0.0,0.0
5.8500,14318,0.0,0.0,0.243,11.623,0.00,0.00,800.0,800.0,503.0,0,0.0,1.5,IDLE,0.00,0.00,0.00,0,0.0,1,0,0.0,0.0
5.9000,14368,0.0,0.0,-0.302,11.623,0.00,0.00,746.9,746.9,503.0,0,0.0,1.5,IDLE,0.00,0.00,0.00,0,0.0,1,0,0.0,0.0
5.9500,14418,0.0,0.0,-0.302,11.623,0.00,0.00,746.9,746.9,502.5,0,0.0,1.2,IDLE,0.00,0.00,0.00,0,0.0,2,0,0.0,0.0
6.0000,14468,0.0,0.0,-0.302,11.623,0.00,0.00,746.9,746.9,502.5,0,0.0,1.2,IDLE,0.00,0.00,0.00,0,0.0,2,0,0.0,0.0
6.0500,14518,0.0,0.0,-0.384,11.623,0.00,0.00,776.9,776.9,502.5,0,0.0,1.2,IDLE,0.00,0.00,0.00,0,0.0,2,0,0.0,0.0
6.1000,14568,0.0,0.0,-0.384,11.623,0.00,0.00,776.9,776.9,503.0,0,0.0,1.5,IDLE,0.00,0.00,0.00,0,0.0,3,0,0.0,0.0
6.1500,14618,0.0,0.0,-0.384,11.623,0.00,0.00,776.9,776.9,503.0,0,0.0,1.5,IDLE,0.00,0.00,0.00,0,0.0,3,0,0.0,0.0
6.2000,14668,0.0,0.0,-3.076,11.623,0.00,0.00,660.6,660.6,503.0,0,0.0,1.5,IDLE,0.00,0.00,0.00,0,0.0,3,0,0.0,0.0
6.2500,14718,0.0,0.0,-3.076,11.623,0.00,0.00,660.6,660.6,503.2,0,0.0,1.6,IDLE,0.00,0.00,0.00,0,0.0,4,0,0.0,0.0
6.3000,14768,0.0,0.0,-3.076,11.623,0.00,0.00,660.6,660.6,503.2,0,0.0,1.6,IDLE,0.00,0.00,0.00,0,0.0,5,0,0.0,0.0
6.3500,14818,0.0,0.0,5.960,11.623,0.00,0.00,1191.2,1191.2,503.2,0,0.0,1.6,IDLE,0.00,0.00,0.00,0,0.0,7,0,0.0,0.0
6.4000,14868,0.0,0.0,5.960,11.623,0.00,0.00,1191.2,1191.2,503.2,0,0.0,1.6,IDLE,0.00,0.00,0.00,0,0.0,9,0,0.0,0.0
6.4500,14918,0.0,0.0,5.960,11.623,0.00,0.00,1191.2,1191.2,503.1,0,0.0,1.6,IDLE,0.00,0.00,0.00,0,0.0,11,0,0.0,848.6
6.5000,14968,0.0,911.0,5.960,11.623,1.03,2.02,1191.2,1191.2,503.1,0,0.0,1.6,IDLE,0.00,0.00,0.00,0,0.0,11,0,911.0,922.2
6.5500,15018,0.0,911.0,6.815,11.623,1.18,2.02,823.1,823.1,503.1,0,0.0,1.6,IDLE,0.00,0.00,0.00,0,0.0,11,0,911.0,928.1
6.6000,15068,0.0,950.6,6.815,11.623,1.23,2.10,823.1,823.1,503.4,0,0.0,1.7,IDLE,0.00,0.00,0.00,0,0.0,11,0,950.6,962.4
6.6500,15118,0.0,950.6,6.815,11.623,1.23,2.10,823.1,823.1,503.4,0,0.0,1.7,IDLE,0.00,0.00,0.00,0,0.0,12,0,950.6,972.6
6.7000,15168,0.0,949.8,10.901,11.623,1.97,2.10,949.7,949.7,503.4,0,0.0,1.7,IDLE,0.00,0.00,0.00,0,0.0,12,0,949.8,934.9
6.7500,15218,0.0,949.8,10.901,11.623,1.97,2.10,949.7,949.7,503.0,0,0.0,1.5,IDLE,0.00,0.00,0.00,0,0.0,12,0,949.8,893.2
6.8000,15268,0.0,867.6,10.901,11.623,1.80,1.92,949.7,949.7,503.0,0,0.0,1.5,IDLE,0.00,0.00,0.00,0,0.0,12,0,867.6,858.5
6.8500,15318,0.0,867.6,7.029,11.623,1.16,1.92,590.0,590.0,503.0,0,0.0,1.5,IDLE,0.00,0.00,0.00,0,0.0,13,0,867.6,847.9
6.9000,15368,0.0,828.1,7.029,11.623,1.11,1.83,590.0,590.0,503.5,0,0.0,1.8,IDLE,0.00,0.00,0.00,0,0.0,13,0,828.1,821.3
6.9500,15418,0.0,828.1,7.029,11.623,1.11,1.83,590.0,590.0,503.5,0,0.0,1.8,IDLE,0.00,0.00,0.00,0,0.0,14,0,828.1,802.3
7.0000,15468,0.0,828.1,6.196,11.623,0.98,1.83,728.8,728.8,503.5,0,0.0,1.8,IDLE,0.00,0.00,0.00,0,0.0,16,0,828.1,802.3
7.0500,15518,0.0,828.1,6.196,11.623,0.98,1.83,728.8,728.8,503.0,0,0.0,1.5,IDLE,0.00,0.00,0.00,0,0.0,17,0,828.1,802.3
7.1000,15568,0.0,828.1,6.196,11.623,0.98,1.83,728.8,728.8,503.0,0,0.0,1.5,IDLE,0.00,0.00,0.00,0,0.0,19,0,828.1,802.3
7.1500,15618,0.0,828.1,5.650,11.623,0.89,1.83,744.4,744.4,503.0,0,0.0,1.5,IDLE,0.00,0.00,0.00,0,0.0,21,0,828.1,802.3
7.2000,15668,0.0,828.1,5.650,11.623,0.89,1.83,744.4,744.4,503.0,0,0.0,1.5,IDLE,0.00,0.00,0.00,0,0.0,22,0,828.1,802.3
7.2500,15718,0.0,828.1,5.650,11.623,0.89,1.83,744.4,744.4,503.5,0,0.0,1.8,IDLE,0.00,0.00,0.00,0,0.0,24,0,828.1,802.3
7.3000,15768,0.0,828.1,5.650,11.623,0.89,1.83,744.4,744.4,503.5,0,0.0,1.8,IDLE,0.00,0.00,0.00,0,0.0,26,0,828.1,802.3
7.3500,15818,0.0,828.1,5.406,11.623,0.85,1.83,789.1,789.1,503.5,0,0.0,1.8,IDLE,0.00,0.00,0.00,0,0.0,27,0,828.1,802.3
7.4000,15868,0.0,828.1,5.406,11.623,0.85,1.83,789.1,789.1,503.6,0,0.0,1.8,IDLE,0.00,0.00,0.00,0,0.0,29,0,828.1,802.3
7.4500,15918,0.0,828.1,5.406,11.623,0.85,1.83,789.1,789.1,503.6,0,0.0,1.8,IDLE,0.00,0.00,0.00,0,0.0,31,0,828.1,802.3
7.5000,15968,0.0,828.1,5.369,11.623,0.85,1.83,745.3,745.3,503.6,0,0.0,1.8,IDLE,0.00,0.00,0.00,0,0.0,33,0,828.1,802.3
7.5500,16018,0.0,828.1,5.369,11.623,0.85,1.83,745.3,745.3,503.2,0,0.0,1.6,IDLE,0.00,0.00,0.00,0,0.0,35,0,828.1,802.3
7.6000,16068,0.0,828.1,5.369,11.623,0.85,1.83,745.3,745.3,503.2,0,0.0,1.6,IDLE,0.00,0.00,0.00,0,0.0,38,0,828.1,802.3
7.6500,16118,0.0,828.1,5.539,11.623,0.87,1.83,784.4,784.4,503.2,0,0.0,1.6,IDLE,0.00,0.00,0.00,0,0.0,40,0,828.1,802.3
7.7000,16168,0.0,828.1,5.539,11.623,0.87,1.83,784.4,784.4,503.6,0,0.0,1.8,IDLE,0.00,0.00,0.00,0,0.0,42,0,828.1,802.3
7.7500,16218,0.0,828.1,5.539,11.623,0.87,1.83,784.4,784.4,503.6,0,0.0,1.8,IDLE,0.00,0.00,0.00,0,0.0,44,0,828.1,802.3
7.8000,16268,0.0,828.1,8.216,11.623,1.30,1.83,781.6,781.6,503.6,0,0.0,1.8,IDLE,0.00,0.00,0.00,0,0.0,46,0,828.1,802.3
7.8500,16318,0.0,828.1,8.216,11.623,1.30,1.83,781.6,781.6,503.6,0,0.0,1.8,IDLE,0.00,0.00,0.00,0,0.0,48,0,828.1,802.3
7.9000,16368,0.0,828.1,8.216,11.623,1.30,1.83,781.6,781.6,504.4,0,0.0,2.2,IDLE,0.00,0.00,0.00,0,0.0,50,0,828.1,802.3
7.9500,16418,0.0,828.1,8.216,11.623,1.30,1.83,781.6,781.6,504.4,0,0.0,2.2,IDLE,0.00,0.00,0.00,0,0.0,52,0,828.1,802.3
8.0000,16468,0.0,828.1,-1.497,11.623,-0.24,1.83,752.2,752.2,504.4,0,0.0,2.2,IDLE,0.00,0.00,0.00,0,0.0,55,0,828.1,802.3
8.0500,16518,0.0,828.1,-1.497,11.623,-0.24,1.83,752.2,752.2,503.4,0,0.0,1.7,IDLE,0.00,0.00,0.00,0,0.0,57,0,828.1,802.3
8.1000,16568,0.0,828.1,-1.497,11.623,-0.24,1.83,752.2,752.2,503.4,0,0.0,1.7,IDLE,0.00,0.00,0.00,0,0.0,59,0,828.1,802.3
8.1500,16618,0.0,828.1,-2.353,11.623,-0.37,1.83,784.7,784.7,503.4,0,0.0,1.7,IDLE,0.00,0.00,0.00,0,0.0,61,0,828.1,802.3
8.2000,16668,0.0,828.1,-2.353,11.623,-0.37,1.83,784.7,784.7,502.6,0,0.0,1.3,IDLE,0.00,0.00,0.00,0,0.0,62,0,828.1,802.3
8.2500,16718,0.0,828.1,-2.353,11.623,-0.37,1.83,784.7,784.7,502.6,0,0.0,1.3,IDLE,0.00,0.00,0.00,0,0.0,64,0,828.1,802.3
8.3000,16768,0.0,828.1,-6.336,11.623,-1.00,1.83,769.7,769.7,502.6,0,0.0,1.3,IDLE,0.00,0.00,0.00,0,0.0,66,0,828.1,802.3
8.3500,16818,0.0,828.1,-6.336,11.623,-1.00,1.83,769.7,769.7,502.1,0,0.0,1.1,IDLE,0.00,0.00,0.00,0,0.0,67,0,828.1,802.3
8.4000,16868,0.0,828.1,-6.336,11.623,-1.00,1.83,769.7,769.7,502.1,0,0.0,1.1,IDLE,0.00,0.00,0.00,0,0.0,69,0,828.1,802.3
8.4500,16918,0.0,828.1,-0.959,11.623,-0.15,1.83,832.8,832.8,502.1,0,0.0,1.1,IDLE,0.00,0.00,0.00,0,0.0,71,0,828.1,802.3
8.5000,16968,0.0,828.1,-0.959,11.623,-0.15,1.83,832.8,832.8,503.0,0,0.0,1.5,IDLE,0.00,0.00,0.00,0,0.0,72,0,828.1,802.3
8.5500,17018,0.0,828.1,-0.959,11.623,-0.15,1.83,832.8,832.8,503.0,0,0.0,1.5,IDLE,0.00,0.00,0.00,0,0.0,74,0,828.1,802.3
8.6000,17068,0.0,828.1,-0.974,11.623,-0.15,1.83,728.1,728.1,503.0,0,0.0,1.5,IDLE,0.00,0.00,0.00,0,0.0,76,0,828.1,802.3
8.6500,17118,0.0,828.1,-0.974,11.623,-0.15,1.83,728.1,728.1,503.0,0,0.0,1.5,IDLE,0.00,0.00,0.00,0,0.0,77,0,828.1,802.3
8.7000,17168,0.0,828.1,-0.974,11.623,-0.15,1.83,728.1,728.1,501.4,0,0.0,0.7,IDLE,0.00,0.00,0.00,0,0.0,79,0,828.1,802.3
8.7500,17218,0.0,828.1,-0.974,11.623,-0.15,1.83,728.1,728.1,501.4,0,0.0,0.7,IDLE,0.00,0.00,0.00,0,0.0,80,0,828.1,802.3
8.8000,17268,0.0,828.1,1.151,11.623,0.18,1.83,840.3,840.3,501.4,0,0.0,0.7,IDLE,0.00,0.00,0.00,0,0.0,82,0,828.1,802.3
8.8500,17318,0.0,828.1,1.151,11.623,0.18,1.83,840.3,840.3,502.6,0,0.0,1.3,IDLE,0.00,0.00,0.00,0,0.0,84,0,828.1,802.3
8.9000,17368,0.0,828.1,1.151,11.623,0.18,1.83,840.3,840.3,502.6,0,0.0,1.3,IDLE,0.00,0.00,0.00,0,0.0,85,0,828.1,802.3
8.9500,17418,0.0,828.1,1.357,11.623,0.21,1.83,798.4,798.4,502.6,0,0.0,1.3,IDLE,0.00,0.00,0.00,0,0.0,87,0,828.1,802.3
9.0000,17468,0.0,828.1,1.357,11.623,0.21,1.83,798.4,798.4,501.5,0,0.0,0.8,IDLE,0.00,0.00,0.00,0,0.0,89,0,828.1,802.3
9.0500,17518,0.0,828.1,1.357,11.623,0.21,1.83,798.4,798.4,501.5,0,0.0,0.8,IDLE,0.00,0.00,0.00,0,0.0,90,0,828.1,802.3
9.1000,17568,0.0,828.1,2.463,11.623,0.39,1.83,795.3,795.3,501.5,0,0.0,0.8,IDLE,0.00,0.00,0.00,0,0.0,92,0,828.1,802.3
9.1500,17618,0.0,828.1,2.463,11.623,0.39,1.83,795.3,795.3,503.2,0,0.0,1.6,IDLE,0.00,0.00,0.00,0,0.0,94,0,828.1,802.3
9.2000,17668,0.0,828.1,2.463,11.623,0.39,1.83,795.3,795.3,503.2,0,0.0,1.6,IDLE,0.00,0.00,0.00,0,0.0,95,0,828.1,802.3
9.2500,17718,0.0,828.1,2.906,11.623,0.46,1.83,804.4,804.4,503.2,0,0.0,1.6,IDLE,0.00,0.00,0.00,0,0.0,97,0,828.1,802.3
9.3000,17768,0.0,828.1,2.906,11.623,0.46,1.83,804.4,804.4,503.2,0,0.0,1.6,IDLE,0.00,0.00,0.00,0,0.0,99,0,828.1,802.3
9.3500,17818,0.0,828.1,2.906,11.623,0.46,1.83,804.4,804.4,502.1,0,0.0,1.1,IDLE,0.00,0.00,0.00,0,0.0,100,0,828.1,802.3
9.4000,17868,0.0,828.1,2.906,11.623,0.46,1.83,804.4,804.4,502.1,0,0.0,1.1,IDLE,0.00,0.00,0.00,0,0.0,102,0,828.1,802.3
9.4500,17918,0.0,828.1,2.980,11.623,0.47,1.83,785.0,785.0,502.1,0,0.0,1.1,IDLE,0.00,0.00,0.00,0,0.0,103,0,828.1,802.3
9.5000,17968,0.0,828.1,2.980,11.623,0.47,1.83,785.0,785.0,503.0,0,0.0,1.5,IDLE,0.00,0.00,0.00,0,0.0,105,0,828.1,802.3
9.5500,18018,0.0,828.1,2.980,11.623,0.47,1.83,785.0,785.0,503.0,0,0.0,1.5,IDLE,0.00,0.00,0.00,0,0.0,106,0,828.1,802.3
9.6000,18068,0.0,828.1,3.732,11.623,0.59,1.83,786.2,786.2,503.0,0,0.0,1.5,IDLE,0.00,0.00,0.00,0,0.0,108,0,828.1,802.3
9.6500,18118,0.0,828.1,3.732,11.623,0.59,1.83,786.2,786.2,502.3,0,0.0,1.1,IDLE,0.00,0.00,0.00,0,0.0,110,0,828.1,802.3
9.7000,18168,0.0,828.1,3.732,11.623,0.59,1.83,786.2,786.2,502.3,0,0.0,1.1,IDLE,0.00,0.00,0.00,0,0.0,111,0,828.1,802.3
9.7500,18218,0.0,828.1,1.468,11.623,0.23,1.83,682.2,682.2,502.3,0,0.0,1.1,IDLE,0.00,0.00,0.00,0,0.0,113,0,828.1,802.3
9.8000,18268,0.0,828.1,1.468,11.623,0.23,1.83,682.2,682.2,503.0,0,0.0,1.5,IDLE,0.00,0.00,0.00,0,0.0,115,0,828.1,802.3
9.8500,18318,0.0,828.1,1.468,11.623,0.23,1.83,682.2,682.2,503.0,0,0.0,1.5,IDLE,0.00,0.00,0.00,0,0.0,117,0,828.1,802.3
9.9000,18368,0.0,828.1,1.851,11.623,0.29,1.83,787.2,787.2,503.0,0,0.0,1.5,IDLE,0.00,0.00,0.00,0,0.0,119,0,828.1,802.3
9.9500,18418,0.0,828.1,1.851,11.623,0.29,1.83,787.2,787.2,501.6,0,0.0,0.8,IDLE,0.00,0.00,0.00,0,0.0,120,0,828.1,802.3
10.0000,18468,0.0,828.1,1.851,11.623,0.29,1.83,787.2,787.2,501.6,0,0.0,0.8,IDLE,0.00,0.00,0.00,0,0.0,122,0,828.1,802.3
10.0500,18518,0.0,828.1,-3.024,11.623,-0.48,1.83,612.5,612.5,501.6,0,0.0,0.8,IDLE,0.00,0.00,0.00,0,0.0,124,0,828.1,802.3
10.1000,18568,0.0,828.1,-3.024,11.623,-0.48,1.83,612.5,612.5,501.6,0,0.0,0.8,IDLE,0.00,0.00,0.00,0,0.0,125,0,828.1,802.3
10.1500,18618,0.0,828.1,-3.024,11.623,-0.48,1.83,612.5,612.5,503.4,0,0.0,1.7,IDLE,0.00,0.00,0.00,0,0.0,127,0,828.1,802.3
10.2000,18668,0.0,828.1,-3.024,11.623,-0.48,1.83,612.5,612.5,503.4,0,0.0,1.7,IDLE,0.00,0.00,0.00,0,0.0,128,0,828.1,802.3
10.2500,18718,0.0,828.1,-5.067,11.623,-0.80,1.83,635.6,635.6,503.4,0,0.0,1.7,IDLE,0.00,0.00,0.00,0,0.0,130,0,828.1,802.3
10.3000,18768,0.0,828.1,-5.067,11.623,-0.80,1.83,635.6,635.6,503.0,0,0.0,1.5,IDLE,0.00,0.00,0.00,0,0.0,133,0,828.1,802.3
10.3500,18818,0.0,828.1,-5.067,11.623,-0.80,1.83,635.6,635.6,503.0,0,0.0,1.5,IDLE,0.00,0.00,0.00,0,0.0,135,0,828.1,802.3
10.4000,18868,0.0,828.1,-9.677,11.623,-1.53,1.83,631.9,631.9,503.0,0,0.0,1.5,IDLE,0.00,0.00,0.00,0,0.0,136,0,828.1,802.3
10.4500,18918,0.0,828.1,-9.677,11.623,-1.53,1.83,631.9,631.9,501.9,0,0.0,0.9,IDLE,0.00,0.00,0.00,0,0.0,138,0,828.1,802.3
10.5000,18968,0.0,828.1,-9.677,11.623,-1.53,1.83,631.9,631.9,501.9,0,0.0,0.9,IDLE,0.00,0.00,0.00,0,0.0,140,0,828.1,802.3
10.5500,19018,0.0,828.1,-12.612,11.623,-1.99,1.83,665.9,665.9,501.9,0,0.0,0.9,IDLE,0.00,0.00,0.00,0,0.0,142,0,828.1,802.3
10.6000,19068,0.0,828.1,-12.612,11.623,-1.99,1.83,665.9,665.9,502.0,0,0.0,1.0,IDLE,0.00,0.00,0.00,0,0.0,144,0,828.1,802.3
10.6500,19118,0.0,828.1,-12.612,11.623,-1.99,1.83,665.9,665.9,502.0,0,0.0,1.0,IDLE,0.00,0.00,0.00,0,0.0,146,0,828.1,802.3
10.7000,19168,0.0,828.1,-7.036,11.623,-1.11,1.83,1047.2,1047.2,502.0,0,0.0,1.0,IDLE,0.00,0.00,0.00,0,0.0,148,0,828.1,802.3
10.7500,19218,0.0,828.1,-7.036,11.623,-1.11,1.83,1047.2,1047.2,502.1,0,0.0,1.1,IDLE,0.00,0.00,0.00,0,0.0,149,0,828.1,802.3
10.8000,19268,0.0,828.1,-7.036,11.623,-1.11,1.83,1047.2,1047.2,502.1,0,0.0,1.1,IDLE,0.00,0.00,0.00,0,0.0,151,0,828.1,802.3
10.8500,19318,0.0,828.1,-8.047,11.623,-1.27,1.83,758.8,758.8,502.1,0,0.0,1.1,IDLE,0.00,0.00,0.00,0,0.0,153,0,828.1,802.3
10.9000,19368,0.0,828.1,-8.047,11.623,-1.27,1.83,758.8,758.8,502.1,0,0.0,1.1,IDLE,0.00,0.00,0.00,0,0.0,154,0,828.1,802.3
10.9500,19418,0.0,828.1,-8.047,11.623,-1.27,1.83,758.8,758.8,501.8,0,0.0,0.9,IDLE,0.00,0.00,0.00,0,0.0,156,0,828.1,802.3
11.0000,19468,0.0,828.1,-8.047,11.623,-1.27,1.83,758.8,758.8,501.8,0,0.0,0.9,IDLE,0.00,0.00,0.00,0,0.0,158,0,828.1,802.3
11.0500,19518,0.0,828.1,-8.054,11.623,-1.27,1.83,784.7,784.7,501.8,0,0.0,0.9,IDLE,0.00,0.00,0.00,0,0.0,159,0,828.1,802.3
11.1000,19568,0.0,828.1,-8.054,11.623,-1.27,1.83,784.7,784.7,502.0,0,0.0,1.0,IDLE,0.00,0.00,0.00,0,0.0,161,0,828.1,802.3
11.1500,19618,0.0,828.1,-8.054,11.623,-1.27,1.83,784.7,784.7,502.0,0,0.0,1.0,IDLE,0.00,0.00,0.00,0,0.0,163,0,828.1,802.3
11.2000,19668,0.0,828.1,-6.616,11.623,-1.04,1.83,851.2,851.2,502.0,0,0.0,1.0,IDLE,0.00,0.00,0.00,0,0.0,164,0,828.1,802.3
11.2500,19718,0.0,828.1,-6.616,11.623,-1.04,1.83,851.2,851.2,501.8,0,0.0,0.9,IDLE,0.00,0.00,0.00,0,0.0,166,0,828.1,802.3
11.3000,19768,0.0,828.1,-6.616,11.623,-1.04,1.83,851.2,851.2,501.8,0,0.0,0.9,IDLE,0.00,0.00,0.00,0,0.0,168,0,828.1,802.3
11.3500,19818,0.0,828.1,-4.654,11.623,-0.73,1.83,770.9,770.9,501.8,0,0.0,0.9,IDLE,0.00,0.00,0.00,0,0.0,169,0,828.1,802.3
11.4000,19868,0.0,828.1,-4.654,11.623,-0.73,1.83,770.9,770.9,502.3,0,0.0,1.1,IDLE,0.00,0.00,0.00,0,0.0,171,0,828.1,802.3
11.4500,19918,0.0,828.1,-4.654,11.623,-0.73,1.83,770.9,770.9,502.3,0,0.0,1.1,IDLE,0.00,0.00,0.00,0,0.0,173,0,828.1,802.3
11.5000,19968,0.0,828.1,-10.768,11.623,-1.70,1.83,510.9,510.9,502.3,0,0.0,1.1,IDLE,0.00,0.00,0.00,0,0.0,174,0,828.1,802.3
11.5500,20018,0.0,828.1,-10.768,11.623,-1.70,1.83,510.9,510.9,502.3,0,0.0,1.1,IDLE,0.00,0.00,0.00,0,0.0,176,0,828.1,802.3
11.6000,20068,0.0,828.1,-10.768,11.623,-1.70,1.83,510.9,510.9,500.0,0,0.0,0.0,IDLE,0.00,0.00,0.00,0,0.0,178,0,828.1,802.3
11.6500,20118,0.0,828.1,-10.768,11.623,-1.70,1.83,510.9,510.9,500.0,0,0.0,0.0,IDLE,0.00,0.00,0.00,0,0.0,179,0,828.1,802.3
11.7000,20168,0.0,828.1,-5.679,11.623,-0.90,1.83,842.5,842.5,500.0,0,0.0,0.0,IDLE,0.00,0.00,0.00,0,0.0,181,0,828.1,802.3
11.7500,20218,0.0,828.1,-5.679,11.623,-0.90,1.83,842.5,842.5,502.0,0,0.0,1.0,IDLE,0.00,0.00,0.00,0,0.0,183,0,828.1,802.3
11.8000,20268,0.0,828.1,-5.679,11.623,-0.90,1.83,842.5,842.5,502.0,0,0.0,1.0,IDLE,0.00,0.00,0.00,0,0.0,184,0,828.1,802.3
11.8500,20318,0.0,828.1,-5.723,11.623,-0.90,1.83,633.4,633.4,502.0,0,0.0,1.0,IDLE,0.00,0.00,0.00,0,0.0,186,0,828.1,802.3
11.9000,20368,0.0,828.1,-5.723,11.623,-0.90,1.83,633.4,633.4,502.1,0,0.0,1.1,IDLE,0.00,0.00,0.00,0,0.0,188,0,828.1,802.3
11.9500,20418,0.0,828.1,-5.723,11.623,-0.90,1.83,633.4,633.4,502.1,0,0.0,1.1,IDLE,0.00,0.00,0.00,0,0.0,189,0,828.1,802.3
12.0000,20468,0.0,828.1,-2.043,11.623,-0.32,1.83,798.1,798.1,502.1,0,0.0,1.1,IDLE,0.00,0.00,0.00,0,0.0,191,0,828.1,802.3
12.0500,20518,0.0,828.1,-2.043,11.623,-0.32,1.83,798.1,798.1,502.4,0,0.0,1.2,IDLE,0.00,0.00,0.00,0,0.0,194,0,828.1,802.3
12.1000,20568,0.0,828.1,-2.043,11.623,-0.32,1.83,798.1,798.1,502.4,0,0.0,1.2,IDLE,0.00,0.00,0.00,0,0.0,195,0,828.1,802.3
12.1500,20618,0.0,828.1,-2.006,11.623,-0.32,1.83,667.8,667.8,502.4,0,0.0,1.2,IDLE,0.00,0.00,0.00,0,0.0,197,0,828.1,802.3
12.2000,20668,0.0,828.1,-2.006,11.623,-0.32,1.83,667.8,667.8,500.9,0,0.0,0.4,IDLE,0.00,0.00,0.00,0,0.0,199,0,828.1,802.3
12.2500,20718,0.0,828.1,-2.006,11.623,-0.32,1.83,667.8,667.8,500.9,0,0.0,0.4,IDLE,0.00,0.00,0.00,0,0.0,200,0,828.1,802.3
12.3000,20768,0.0,828.1,-9.596,11.623,-1.51,1.83,704.1,704.1,500.9,0,0.0,0.4,IDLE,0.00,0.00,0.00,0,0.0,202,0,828.1,802.3
12.3500,20818,0.0,828.1,-9.596,11.623,-1.51,1.83,704.1,704.1,500.9,0,0.0,0.4,IDLE,0.00,0.00,0.00,0,0.0,203,0,828.1,802.3
12.4000,20868,0.0,828.1,-9.596,11.623,-1.51,1.83,704.1,704.1,503.6,0,0.0,1.8,IDLE,0.00,0.00,0.00,0,0.0,205,0,828.1,802.3
12.4500,20918,0.0,828.1,-9.596,11.623,-1.51,1.83,704.1,704.1,503.6,0,0.0,1.8,IDLE,0.00,0.00,0.00,0,0.0,207,0,828.1,802.3
12.5000,20968,0.0,828.1,-12.236,11.623,-1.93,1.83,639.4,639.4,503.6,0,0.0,1.8,IDLE,0.00,0.00,0.00,0,0.0,208,0,828.1,802.3
12.5500,21018,0.0,828.1,-12.236,11.623,-1.93,1.83,639.4,639.4,503.5,0,0.0,1.8,IDLE,0.00,0.00,0.00,0,0.0,210,0,828.1,802.3
12.6000,21068,0.0,828.1,-12.236,11.623,-1.93,1.83,639.4,639.4,503.5,0,0.0,1.8,IDLE,0.00,0.00,0.00,0,0.0,211,0,828.1,802.3
12.6500,21118,0.0,828.1,-12.244,11.623,-1.93,1.83,784.4,784.4,503.5,0,0.0,1.8,IDLE,0.00,0.00,0.00,0,0.0,213,0,828.1,802.3
12.7000,21168,0.0,828.1,-12.244,11.623,-1.93,1.83,784.4,784.4,503.0,0,0.0,1.5,IDLE,0.00,0.00,0.00,0,0.0,215,0,828.1,802.3
12.7500,21218,0.0,828.1,-12.244,11.623,-1.93,1.83,784.4,784.4,503.0,0,0.0,1.5,IDLE,0.00,0.00,0.00,0,0.0,216,0,828.1,802.3
12.8000,21268,0.0,828.1,-15.186,11.623,-2.39,1.83,718.4,718.4,503.0,0,0.0,1.5,IDLE,0.00,0.00,0.00,0,0.0,218,0,828.1,802.3
12.8500,21318,0.0,828.1,-15.186,11.623,-2.39,1.83,718.4,718.4,501.4,0,0.0,0.7,IDLE,0.00,0.00,0.00,0,0.0,219,0,828.1,802.3
12.9000,21368,0.0,828.1,-15.186,11.623,-2.39,1.83,718.4,718.4,501.4,0,0.0,0.7,IDLE,0.00,0.00,0.00,0,0.0,221,0,828.1,802.3
12.9500,21418,0.0,828.1,-14.028,11.623,-2.21,1.83,823.1,823.1,501.4,0,0.0,0.7,IDLE,0.00,0.00,0.00,0,0.0,223,0,828.1,802.3
13.0000,21468,0.0,828.1,-14.028,11.623,-2.21,1.83,823.1,823.1,501.4,0,0.0,0.7,IDLE,0.00,0.00,0.00,0,0.0,224,0,828.1,802.3
13.0500,21518,0.0,828.1,-14.028,11.623,-2.21,1.83,823.1,823.1,503.2,0,0.0,1.6,IDLE,0.00,0.00,0.00,0,0.0,227,0,828.1,802.3
13.1000,21568,0.0,828.1,-14.028,11.623,-2.21,1.83,823.1,823.1,503.2,0,0.0,1.6,IDLE,0.00,0.00,0.00,0,0.0,229,0,828.1,802.3
13.1500,21618,0.0,828.1,-6.631,11.623,-1.05,1.83,845.3,845.3,503.2,0,0.0,1.6,IDLE,0.00,0.00,0.00,0,0.0,230,0,828.1,802.3
13.2000,21668,0.0,828.1,-6.631,11.623,-1.05,1.83,845.3,845.3,502.9,0,0.0,1.4,IDLE,0.00,0.00,0.00,0,0.0,232,0,828.1,802.3
13.2500,21718,0.0,828.1,-6.631,11.623,-1.05,1.83,845.3,845.3,502.9,0,0.0,1.4,IDLE,0.00,0.00,0.00,0,0.0,233,0,828.1,802.3
13.3000,21768,0.0,828.1,-6.778,11.623,-1.07,1.83,835.9,835.9,502.9,0,0.0,1.4,IDLE,0.00,0.00,0.00,0,0.0,236,0,828.1,802.3
13.3500,21818,0.0,828.1,-6.778,11.623,-1.07,1.83,835.9,835.9,502.9,0,0.0,1.4,IDLE,0.00,0.00,0.00,0,0.0,238,0,828.1,802.3
13.4000,21868,0.0,828.1,-6.778,11.623,-1.07,1.83,835.9,835.9,502.9,0,0.0,1.4,IDLE,0.00,0.00,0.00,0,0.0,241,0,828.1,802.3
13.4500,21918,0.0,828.1,-5.628,11.623,-0.89,1.83,685.3,685.3,502.9,0,0.0,1.4,IDLE,0.00,0.00,0.00,0,0.0,242,0,828.1,802.3
13.5000,21968,0.0,828.1,-5.628,11.623,-0.89,1.83,685.3,685.3,502.9,0,0.0,1.4,IDLE,0.00,0.00,0.00,0,0.0,244,0,828.1,802.3
13.5500,22018,0.0,828.1,-5.628,11.623,-0.89,1.83,685.3,685.3,502.9,0,0.0,1.4,IDLE,0.00,0.00,0.00,0,0.0,245,0,828.1,802.3
13.6000,22068,0.0,828.1,-3.946,11.623,-0.62,1.83,874.1,874.1,502.9,0,0.0,1.4,IDLE,0.00,0.00,0.00,0,0.0,247,0,828.1,802.3
13.6500,22118,0.0,828.1,-3.946,11.623,-0.62,1.83,874.1,874.1,502.8,0,0.0,1.4,IDLE,0.00,0.00,0.00,0,0.0,250,0,828.1,802.3
13.7000,22168,0.0,828.1,-3.946,11.623,-0.62,1.83,874.1,874.1,502.8,0,0.0,1.4,IDLE,0.00,0.00,0.00,0,0.0,251,0,828.1,802.3
13.7500,22218,0.0,828.1,-5.362,11.623,-0.85,1.83,603.8,603.8,502.8,0,0.0,1.4,IDLE,0.00,0.00,0.00,0,0.0,253,0,828.1,802.3
13.8000,22268,0.0,828.1,-5.362,11.623,-0.85,1.83,603.8,603.8,502.8,0,0.0,1.4,IDLE,0.00,0.00,0.00,0,0.0,254,0,828.1,802.3
13.8500,22318,0.0,828.1,-5.362,11.623,-0.85,1.83,603.8,603.8,501.4,0,0.0,0.7,IDLE,0.00,0.00,0.00,0,0.0,256,0,828.1,802.3
13.9000,22368,0.0,828.1,-5.362,11.623,-0.85,1.83,603.8,603.8,501.4,0,0.0,0.7,IDLE,0.00,0.00,0.00,0,0.0,257,0,828.1,802.3
13.9500,22418,0.0,828.1,-2.758,11.623,-0.43,1.83,821.9,821.9,501.4,0,0.0,0.7,IDLE,0.00,0.00,0.00,0,0.0,259,0,828.1,802.3
14.0000,22468,0.0,828.1,-2.758,11.623,-0.43,1.83,821.9,821.9,503.5,0,0.0,1.8,IDLE,0.00,0.00,0.00,0,0.0,261,0,828.1,802.3
14.0500,22518,0.0,828.1,-2.758,11.623,-0.43,1.83,821.9,821.9,503.5,0,0.0,1.8,IDLE,0.00,0.00,0.00,0,0.0,262,0,828.1,802.3
14.1000,22568,0.0,828.1,-1.741,11.623,-0.27,1.83,685.3,685.3,503.5,0,0.0,1.8,IDLE,0.00,0.00,0.00,0,0.0,264,0,828.1,802.3
14.1500,22618,0.0,828.1,-1.741,11.623,-0.27,1.83,685.3,685.3,503.5,0,0.0,1.8,IDLE,0.00,0.00,0.00,0,0.0,265,0,828.1,802.3
14.2000,22668,0.0,828.1,-1.741,11.623,-0.27,1.83,685.3,685.3,503.5,0,0.0,1.8,IDLE,0.00,0.00,0.00,0,0.0,267,0,828.1,802.3
14.2500,22718,0.0,828.1,3.201,11.623,0.50,1.83,1007.8,1007.8,503.5,0,0.0,1.8,IDLE,0.00,0.00,0.00,0,0.0,268,0,828.1,802.3
14.3000,22768,0.0,828.1,3.201,11.623,0.50,1.83,1007.8,1007.8,502.3,0,0.0,1.1,IDLE,0.00,0.00,0.00,0,0.0,270,0,828.1,802.3
14.3500,22818,0.0,828.1,3.201,11.623,0.50,1.83,1007.8,1007.8,502.3,0,0.0,1.1,IDLE,0.00,0.00,0.00,0,0.0,272,0,828.1,802.3
14.4000,22868,0.0,828.1,1.999,11.623,0.32,1.83,664.1,664.1,502.3,0,0.0,1.1,IDLE,0.00,0.00,0.00,0,0.0,273,0,828.1,802.3
14.4500,22918,0.0,828.1,1.999,11.623,0.32,1.83,664.1,664.1,502.3,0,0.0,1.1,IDLE,0.00,0.00,0.00,0,0.0,275,0,828.1,802.3
14.5000,22968,0.0,828.1,1.999,11.623,0.32,1.83,664.1,664.1,503.4,0,0.0,1.7,IDLE,0.00,0.00,0.00,0,0.0,276,0,828.1,802.3
14.5500,23018,0.0,828.1,1.999,11.623,0.32,1.83,664.1,664.1,503.4,0,0.0,1.7,IDLE,0.00,0.00,0.00,0,0.0,278,0,828.1,802.3
14.6000,23068,0.0,828.1,4.116,11.623,0.65,1.83,918.8,918.8,503.4,0,0.0,1.7,IDLE,0.00,0.00,0.00,0,0.0,280,0,828.1,802.3
14.6500,23118,0.0,828.1,4.116,11.623,0.65,1.83,918.8,918.8,502.6,0,0.0,1.3,IDLE,0.00,0.00,0.00,0,0.0,282,0,828.1,802.3
14.7000,23168,0.0,828.1,4.116,11.623,0.65,1.83,918.8,918.8,502.6,0,0.0,1.3,IDLE,0.00,0.00,0.00,0,0.0,283,0,828.1,802.3
14.7500,23218,0.0,828.1,-0.015,11.623,-0.00,1.83,658.8,658.8,502.6,0,0.0,1.3,IDLE,0.00,0.00,0.00,0,0.0,285,0,828.1,802.3
14.8000,23268,0.0,828.1,-0.015,11.623,-0.00,1.83,658.8,658.8,502.1,0,0.0,1.1,IDLE,0.00,0.00,0.00,0,0.0,286,0,828.1,802.3
14.8500,23318,0.0,828.1,-0.015,11.623,-0.00,1.83,658.8,658.8,502.1,0,0.0,1.1,IDLE,0.00,0.00,0.00,0,0.0,288,0,828.1,802.3
14.9000,23368,0.0,828.1,-1.055,11.623,-0.17,1.83,788.8,788.8,502.1,0,0.0,1.1,IDLE,0.00,0.00,0.00,0,0.0,290,0,828.1,802.3
14.9500,23418,0.0,828.1,-1.055,11.623,-0.17,1.83,788.8,788.8,501.5,0,0.0,0.8,IDLE,0.00,0.00,0.00,0,0.0,291,0,828.1,802.3
15.0000,23468,0.0,828.1,-1.055,11.623,-0.17,1.83,788.8,788.8,501.5,0,0.0,0.8,IDLE,0.00,0.00,0.00,0,0.0,293,0,828.1,802.3
15.0500,23518,0.0,828.1,2.559,11.623,0.40,1.83,848.8,848.8,501.5,0,0.0,0.8,IDLE,0.00,0.00,0.00,0,0.0,295,0,828.1,802.3
15.1000,23568,0.0,828.1,2.559,11.623,0.40,1.83,848.8,848.8,503.5,0,0.0,1.8,IDLE,0.00,0.00,0.00,0,0.0,296,0,828.1,802.3
15.1500,23618,0.0,828.1,2.559,11.623,0.40,1.83,848.8,848.8,503.5,0,0.0,1.8,IDLE,0.00,0.00,0.00,0,0.0,299,0,828.1,802.3
15.2000,23668,0.0,828.1,-0.266,11.623,-0.04,1.83,746.2,746.2,503.5,0,0.0,1.8,IDLE,0.00,0.00,0.00,0,0.0,300,0,828.1,802.3
15.2500,23718,0.0,828.1,-0.266,11.623,-0.04,1.83,746.2,746.2,503.5,0,0.0,1.8,IDLE,0.00,0.00,0.00,0,0.0,302,0,828.1,802.3
15.3000,23768,0.0,828.1,-0.266,11.623,-0.04,1.83,746.2,746.2,500.8,0,0.0,0.4,IDLE,0.00,0.00,0.00,0,0.0,304,0,828.1,802.3
15.3500,23818,0.0,828.1,-0.266,11.623,-0.04,1.83,746.2,746.2,500.8,0,0.0,0.4,IDLE,0.00,0.00,0.00,0,0.0,305,0,828.1,802.3
15.4000,23868,0.0,828.1,3.319,11.623,0.52,1.83,765.9,765.9,500.8,0,0.0,0.4,IDLE,0.00,0.00,0.00,0,0.0,308,0,828.1,802.3
15.4500,23918,0.0,828.1,3.319,11.623,0.52,1.83,765.9,765.9,502.9,0,0.0,1.4,IDLE,0.00,0.00,0.00,0,0.0,309,0,828.1,802.3
15.5000,23968,0.0,828.1,3.319,11.623,0.52,1.83,765.9,765.9,502.9,0,0.0,1.4,IDLE,0.00,0.00,0.00,0,0.0,311,0,828.1,802.3
15.5500,24018,0.0,828.1,2.500,11.623,0.39,1.83,785.0,785.0,502.9,0,0.0,1.4,IDLE,0.00,0.00,0.00,0,0.0,313,0,828.1,802.3
15.6000,24068,0.0,828.1,2.500,11.623,0.39,1.83,785.0,785.0,503.4,0,0.0,1.7,IDLE,0.00,0.00,0.00,0,0.0,314,0,828.1,802.3
15.6500,24118,0.0,828.1,2.500,11.623,0.39,1.83,785.0,785.0,503.4,0,0.0,1.7,IDLE,0.00,0.00,0.00,0,0.0,316,0,828.1,802.3
15.7000,24168,0.0,828.1,3.548,11.623,0.56,1.83,732.5,732.5,503.4,0,0.0,1.7,IDLE,0.00,0.00,0.00,0,0.0,318,0,828.1,802.3
15.7500,24218,0.0,828.1,3.548,11.623,0.56,1.83,732.5,732.5,501.1,0,0.0,0.6,IDLE,0.00,0.00,0.00,0,0.0,320,0,828.1,802.3
15.8000,24268,0.0,828.1,3.548,11.623,0.56,1.83,732.5,732.5,501.1,0,0.0,0.6,IDLE,0.00,0.00,0.00,0,0.0,322,0,828.1,802.3
15.8500,24318,0.0,828.1,-0.627,11.623,-0.10,1.83,819.1,819.1,501.1,0,0.0,0.6,IDLE,0.00,0.00,0.00,0,0.0,323,0,828.1,802.3
15.9000,24368,0.0,828.1,-0.627,11.623,-0.10,1.83,819.1,819.1,501.1,0,0.0,0.6,IDLE,0.00,0.00,0.00,0,0.0,326,0,828.1,802.3
15.9500,24418,0.0,828.1,-0.627,11.623,-0.10,1.83,819.1,819.1,503.4,0,0.0,1.7,IDLE,0.00,0.00,0.00,0,0.0,328,0,828.1,802.3
16.0000,24468,0.0,828.1,-0.627,11.623,-0.10,1.83,819.1,819.1,503.4,0,0.0,1.7,IDLE,0.00,0.00,0.00,0,0.0,329,0,828.1,802.3
16.0500,24518,0.0,828.1,4.861,11.623,0.77,1.83,912.2,912.2,503.4,0,0.0,1.7,IDLE,0.00,0.00,0.00,0,0.0,332,0,828.1,802.3
16.1000,24568,0.0,828.1,4.861,11.623,0.77,1.83,912.2,912.2,501.8,0,0.0,0.9,IDLE,0.00,0.00,0.00,0,0.0,334,0,828.1,802.3
16.1500,24618,0.0,828.1,4.861,11.623,0.77,1.83,912.2,912.2,501.8,0,0.0,0.9,IDLE,0.00,0.00,0.00,0,0.0,335,0,828.1,802.3
16.2000,24668,0.0,828.1,1.106,11.623,0.17,1.83,749.1,749.1,501.8,0,0.0,0.9,IDLE,0.00,0.00,0.00,0,0.0,338,0,828.1,802.3
16.2500,24718,0.0,828.1,1.106,11.623,0.17,1.83,749.1,749.1,500.1,0,0.0,0.1,IDLE,0.00,0.00,0.00,0,0.0,339,0,828.1,802.3
16.3000,24768,0.0,828.1,1.106,11.623,0.17,1.83,749.1,749.1,500.1,0,0.0,0.1,IDLE,0.00,0.00,0.00,0,0.0,341,0,828.1,802.3
16.3500,24818,0.0,828.1,3.710,11.623,0.58,1.83,776.2,776.2,500.1,0,0.0,0.1,IDLE,0.00,0.00,0.00,0,0.0,342,0,828.1,802.3
16.4000,24868,0.0,828.1,3.710,11.623,0.58,1.83,776.2,776.2,501.5,0,0.0,0.8,IDLE,0.00,0.00,0.00,0,0.0,344,0,828.1,802.3
16.4500,24918,0.0,828.1,3.710,11.623,0.58,1.83,776.2,776.2,501.5,0,0.0,0.8,IDLE,0.00,0.00,0.00,0,0.0,346,0,828.1,802.3
16.5000,24968,0.0,828.1,5.303,11.623,0.84,1.83,860.9,860.9,501.5,0,0.0,0.8,IDLE,0.00,0.00,0.00,0,0.0,347,0,828.1,802.3
16.5500,25018,0.0,828.1,5.303,11.623,0.84,1.83,860.9,860.9,501.5,0,0.0,0.8,IDLE,0.00,0.00,0.00,0,0.0,349,0,828.1,802.3
16.6000,25068,0.0,828.1,5.303,11.623,0.84,1.83,860.9,860.9,501.5,0,0.0,0.8,IDLE,0.00,0.00,0.00,0,0.0,350,0,828.1,802.3
16.6500,25118,0.0,828.1,1.136,11.623,0.18,1.83,660.3,660.3,501.5,0,0.0,0.8,IDLE,0.00,0.00,0.00,0,0.0,352,0,828.1,802.3
16.7000,25168,0.0,828.1,1.136,11.623,0.18,1.83,660.3,660.3,501.5,0,0.0,0.8,IDLE,0.00,0.00,0.00,0,0.0,353,0,828.1,802.3
16.7500,25218,0.0,828.1,1.136,11.623,0.18,1.83,660.3,660.3,501.4,0,0.0,0.7,IDLE,0.00,0.00,0.00,0,0.0,355,0,828.1,802.3
16.8000,25268,0.0,828.1,1.136,11.623,0.18,1.83,660.3,660.3,501.4,0,0.0,0.7,IDLE,0.00,0.00,0.00,0,0.0,356,0,828.1,802.3
16.8500,25318,0.0,828.1,0.420,11.623,0.07,1.83,714.1,714.1,501.4,0,0.0,0.7,IDLE,0.00,0.00,0.00,0,0.0,358,0,828.1,802.3
16.9000,25368,0.0,828.1,0.420,11.623,0.07,1.83,714.1,714.1,501.3,0,0.0,0.6,IDLE,0.00,0.00,0.00,0,0.0,359,0,828.1,802.3
16.9500,25418,0.0,828.1,0.420,11.623,0.07,1.83,714.1,714.1,501.3,0,0.0,0.6,IDLE,0.00,0.00,0.00,0,0.0,361,0,828.1,802.3
17.0000,25468,0.0,828.1,5.746,11.623,0.91,1.83,1006.6,1006.6,501.3,0,0.0,0.6,IDLE,0.00,0.00,0.00,0,0.0,363,0,828.1,802.3
17.0500,25518,0.0,828.1,5.746,11.623,0.91,1.83,1006.6,1006.6,503.8,0,0.0,1.9,IDLE,0.00,0.00,0.00,0,0.0,365,0,828.1,802.3
17.1000,25568,0.0,828.1,5.746,11.623,0.91,1.83,1006.6,1006.6,503.8,0,0.0,1.9,IDLE,0.00,0.00,0.00,0,0.0,367,0,828.1,802.3
17.1500,25618,0.0,828.1,6.970,11.623,1.10,1.83,840.3,840.3,503.8,0,0.0,1.9,IDLE,0.00,0.00,0.00,0,0.0,369,0,828.1,802.3
17.2000,25668,0.0,828.1,6.970,11.623,1.10,1.83,840.3,840.3,500.4,0,0.0,0.2,IDLE,0.00,0.00,0.00,0,0.0,371,0,828.1,802.3
17.2500,25718,0.0,828.1,6.970,11.623,1.10,1.83,840.3,840.3,500.4,0,0.0,0.2,IDLE,0.00,0.00,0.00,0,0.0,372,0,828.1,802.3
17.3000,25768,0.0,828.1,7.693,11.623,1.21,1.83,765.3,765.3,500.4,0,0.0,0.2,IDLE,0.00,0.00,0.00,0,0.0,374,0,828.1,802.3
17.3500,25818,0.0,828.1,7.693,11.623,1.21,1.83,765.3,765.3,500.4,0,0.0,0.2,IDLE,0.00,0.00,0.00,0,0.0,376,0,828.1,802.3
17.4000,25868,0.0,828.1,7.693,11.623,1.21,1.83,765.3,765.3,501.3,0,0.0,0.6,IDLE,0.00,0.00,0.00,0,0.0,377,0,828.1,802.3
17.4500,25918,0.0,828.1,7.693,11.623,1.21,1.83,765.3,765.3,501.3,0,0.0,0.6,IDLE,0.00,0.00,0.00,0,0.0,379,0,828.1,802.3
17.5000,25968,0.0,828.1,3.120,11.623,0.49,1.83,612.2,612.2,501.3,0,0.0,0.6,IDLE,0.00,0.00,0.00,0,0.0,382,0,828.1,802.3
17.5500,26018,0.0,828.1,3.120,11.623,0.49,1.83,612.2,612.2,500.4,0,0.0,0.2,IDLE,0.00,0.00,0.00,0,0.0,383,0,828.1,802.3
17.6000,26068,0.0,828.1,3.120,11.623,0.49,1.83,612.2,612.2,500.4,0,0.0,0.2,IDLE,0.00,0.00,0.00,0,0.0,385,0,828.1,802.3
17.6500,26118,0.0,828.1,1.674,11.623,0.26,1.83,846.9,846.9,500.4,0,0.0,0.2,IDLE,0.00,0.00,0.00,0,0.0,386,0,828.1,802.3
17.7000,26168,0.0,828.1,1.674,11.623,0.26,1.83,846.9,846.9,501.0,0,0.0,0.5,IDLE,0.00,0.00,0.00,0,0.0,388,0,828.1,802.3
17.7500,26218,0.0,828.1,1.674,11.623,0.26,1.83,846.9,846.9,501.0,0,0.0,0.5,IDLE,0.00,0.00,0.00,0,0.0,390,0,828.1,802.3
17.8000,26268,0.0,828.1,1.873,11.623,0.30,1.83,758.1,758.1,501.0,0,0.0,0.5,IDLE,0.00,0.00,0.00,0,0.0,391,0,828.1,802.3
17.8500,26318,0.0,828.1,1.873,11.623,0.30,1.83,758.1,758.1,503.0,0,0.0,1.5,IDLE,0.00,0.00,0.00,0,0.0,393,0,828.1,802.3
17.9000,26368,0.0,828.1,1.873,11.623,0.30,1.83,758.1,758.1,503.0,0,0.0,1.5,IDLE,0.00,0.00,0.00,0,0.0,394,0,828.1,802.3
17.9500,26418,0.0,828.1,-0.148,11.623,-0.02,1.83,685.0,685.0,503.0,0,0.0,1.5,IDLE,0.00,0.00,0.00,0,0.0,396,0,828.1,802.3
18.0000,26468,0.0,828.1,-0.148,11.623,-0.02,1.83,685.0,685.0,502.1,0,0.0,1.1,IDLE,0.00,0.00,0.00,0,0.0,398,0,828.1,802.3
18.0500,26518,0.0,828.1,-0.148,11.623,-0.02,1.83,685.0,685.0,502.1,0,0.0,1.1,IDLE,0.00,0.00,0.00,0,0.0,399,0,828.1,802.3
18.1000,26568,0.0,828.1,-4.167,11.623,-0.66,1.83,679.1,679.1,502.1,0,0.0,1.1,IDLE,0.00,0.00,0.00,0,0.0,401,0,828.1,802.3
18.1500,26618,0.0,828.1,-4.167,11.623,-0.66,1.83,679.1,679.1,502.1,0,0.0,1.1,IDLE,0.00,0.00,0.00,0,0.0,403,0,828.1,802.3
18.2000,26668,0.0,828.1,-4.167,11.623,-0.66,1.83,679.1,679.1,499.9,0,0.0,-0.1,IDLE,0.00,0.00,0.00,0,0.0,405,0,828.1,802.3
18.2500,26718,0.0,828.1,-4.167,11.623,-0.66,1.83,679.1,679.1,499.9,0,0.0,-0.1,IDLE,0.00,0.00,0.00,0,0.0,406,0,828.1,802.3
18.3000,26768,0.0,828.1,-0.583,11.623,-0.09,1.83,822.5,822.5,499.9,0,0.0,-0.1,IDLE,0.00,0.00,0.00,0,0.0,408,0,828.1,802.3
18.3500,26818,0.0,828.1,-0.583,11.623,-0.09,1.83,822.5,822.5,501.1,0,0.0,0.6,IDLE,0.00,0.00,0.00,0,0.0,411,0,828.1,802.3
18.4000,26868,0.0,828.1,-0.583,11.623,-0.09,1.83,822.5,822.5,501.1,0,0.0,0.6,IDLE,0.00,0.00,0.00,0,0.0,412,0,828.1,802.3
18.4500,26918,0.0,828.1,0.066,11.623,0.01,1.83,743.4,743.4,501.1,0,0.0,0.6,IDLE,0.00,0.00,0.00,0,0.0,414,0,828.1,802.3
18.5000,26968,0.0,828.1,0.066,11.623,0.01,1.83,743.4,743.4,501.0,0,0.0,0.5,IDLE,0.00,0.00,0.00,0,0.0,415,0,828.1,802.3
18.5500,27018,0.0,828.1,0.066,11.623,0.01,1.83,743.4,743.4,501.0,0,0.0,0.5,IDLE,0.00,0.00,0.00,0,0.0,417,0,828.1,802.3
18.6000,27068,0.0,828.1,-6.690,11.623,-1.05,1.83,700.9,700.9,501.0,0,0.0,0.5,IDLE,0.00,0.00,0.00,0,0.0,418,0,828.1,802.3
18.6500,27118,0.0,828.1,-6.690,11.623,-1.05,1.83,700.9,700.9,501.6,0,0.0,0.8,IDLE,0.00,0.00,0.00,0,0.0,420,0,828.1,802.3
18.7000,27168,0.0,828.1,-6.690,11.623,-1.05,1.83,700.9,700.9,501.6,0,0.0,0.8,IDLE,0.00,0.00,0.00,0,0.0,422,0,828.1,802.3
18.7500,27218,0.0,828.1,-6.328,11.623,-1.00,1.83,856.9,856.9,501.6,0,0.0,0.8,IDLE,0.00,0.00,0.00,0,0.0,423,0,828.1,802.3
18.8000,27268,0.0,828.1,-6.328,11.623,-1.00,1.83,856.9,856.9,501.3,0,0.0,0.6,IDLE,0.00,0.00,0.00,0,0.0,425,0,828.1,802.3
18.8500,27318,0.0,828.1,-6.328,11.623,-1.00,1.83,856.9,856.9,501.3,0,0.0,0.6,IDLE,0.00,0.00,0.00,0,0.0,426,0,828.1,802.3
18.9000,27368,0.0,828.1,-7.553,11.623,-1.19,1.83,710.0,710.0,501.3,0,0.0,0.6,IDLE,0.00,0.00,0.00,0,0.0,428,0,828.1,802.3
18.9500,27418,0.0,828.1,-7.553,11.623,-1.19,1.83,710.0,710.0,501.3,0,0.0,0.6,IDLE,0.00,0.00,0.00,0,0.0,429,0,828.1,802.3
19.0000,27468,0.0,828.1,-7.553,11.623,-1.19,1.83,710.0,710.0,502.1,0,0.0,1.1,IDLE,0.00,0.00,0.00,0,0.0,431,0,828.1,802.3
19.0500,27518,0.0,828.1,-7.553,11.623,-1.19,1.83,710.0,710.0,502.1,0,0.0,1.1,IDLE,0.00,0.00,0.00,0,0.0,432,0,828.1,802.3
19.1000,27568,0.0,828.1,0.199,11.623,0.03,1.83,962.5,962.5,502.1,0,0.0,1.1,IDLE,0.00,0.00,0.00,0,0.0,436,0,828.1,802.3
19.1500,27618,0.0,828.1,0.199,11.623,0.03,1.83,962.5,962.5,501.6,0,0.0,0.8,IDLE,0.00,0.00,0.00,0,0.0,438,0,828.1,802.3
19.2000,27668,0.0,828.1,0.199,11.623,0.03,1.83,962.5,962.5,501.6,0,0.0,0.8,IDLE,0.00,0.00,0.00,0,0.0,439,0,828.1,802.3
19.2500,27718,0.0,828.1,-2.736,11.623,-0.43,1.83,714.1,714.1,501.6,0,0.0,0.8,IDLE,0.00,0.00,0.00,0,0.0,441,0,828.1,802.3
19.3000,27768,0.0,828.1,-2.736,11.623,-0.43,1.83,714.1,714.1,500.5,0,0.0,0.3,IDLE,0.00,0.00,0.00,0,0.0,442,0,828.1,802.3
19.3500,27818,0.0,828.1,-2.736,11.623,-0.43,1.83,714.1,714.1,500.5,0,0.0,0.3,IDLE,0.00,0.00,0.00,0,0.0,444,0,828.1,802.3
19.4000,27868,0.0,828.1,-2.781,11.623,-0.44,1.83,756.2,756.2,500.5,0,0.0,0.3,IDLE,0.00,0.00,0.00,0,0.0,445,0,828.1,802.3
19.4500,27918,0.0,828.1,-2.781,11.623,-0.44,1.83,756.2,756.2,501.3,0,0.0,0.6,IDLE,0.00,0.00,0.00,0,0.0,447,0,828.1,802.3
19.5000,27968,0.0,828.1,-2.781,11.623,-0.44,1.83,756.2,756.2,501.3,0,0.0,0.6,IDLE,0.00,0.00,0.00,0,0.0,448,0,828.1,802.3
19.5500,28018,0.0,828.1,-0.059,11.623,-0.01,1.83,807.8,807.8,501.3,0,0.0,0.6,IDLE,0.00,0.00,0.00,0,0.0,450,0,828.1,802.3
19.6000,28068,0.0,828.1,-0.059,11.623,-0.01,1.83,807.8,807.8,501.3,0,0.0,0.6,IDLE,0.00,0.00,0.00,0,0.0,452,0,828.1,802.3
19.6500,28118,0.0,828.1,-0.059,11.623,-0.01,1.83,807.8,807.8,500.6,0,0.0,0.3,IDLE,0.00,0.00,0.00,0,0.0,453,0,828.1,802.3
19.7000,28168,0.0,828.1,-0.059,11.623,-0.01,1.83,807.8,807.8,500.6,0,0.0,0.3,IDLE,0.00,0.00,0.00,0,0.0,454,0,828.1,802.3
19.7500,28218,0.0,828.1,3.194,11.623,0.50,1.83,826.2,826.2,500.6,0,0.0,0.3,IDLE,0.00,0.00,0.00,0,0.0,456,0,828.1,802.3
19.8000,28268,0.0,828.1,3.194,11.623,0.50,1.83,826.2,826.2,500.8,0,0.0,0.4,IDLE,0.00,0.00,0.00,0,0.0,457,0,828.1,802.3
19.8500,28318,0.0,828.1,3.194,11.623,0.50,1.83,826.2,826.2,500.8,0,0.0,0.4,IDLE,0.00,0.00,0.00,0,0.0,459,0,828.1,802.3
19.9000,28368,0.0,828.1,-1.505,11.623,-0.24,1.83,610.0,610.0,500.8,0,0.0,0.4,IDLE,0.00,0.00,0.00,0,0.0,460,0,828.1,802.3
19.9500,28418,0.0,828.1,-1.505,11.623,-0.24,1.83,610.0,610.0,500.3,0,0.0,0.1,IDLE,0.00,0.00,0.00,0,0.0,461,0,828.1,802.3
20.0000,28468,0.0,828.1,-1.505,11.623,-0.24,1.83,610.0,610.0,500.3,0,0.0,0.1,IDLE,0.00,0.00,0.00,0,0.0,464,0,828.1,802.3
20.0500,28518,0.0,828.1,-3.828,11.623,-0.60,1.83,638.4,638.4,500.3,0,0.0,0.1,IDLE,0.00,0.00,0.00,0,0.0,466,0,828.1,802.3
20.1000,28568,0.0,828.1,-3.828,11.623,-0.60,1.83,638.4,638.4,501.8,0,0.0,0.9,IDLE,0.00,0.00,0.00,0,0.0,467,0,828.1,802.3
20.1500,28618,0.0,828.1,-3.828,11.623,-0.60,1.83,638.4,638.4,501.8,0,0.0,0.9,IDLE,0.00,0.00,0.00,0,0.0,469,0,828.1,802.3
20.2000,28668,0.0,828.1,-3.607,11.623,-0.57,1.83,710.9,710.9,501.8,0,0.0,0.9,IDLE,0.00,0.00,0.00,0,0.0,470,0,828.1,802.3
20.2500,28718,0.0,828.1,-3.607,11.623,-0.57,1.83,710.9,710.9,501.5,0,0.0,0.8,IDLE,0.00,0.00,0.00,0,0.0,473,0,828.1,802.3
20.3000,28768,0.0,828.1,-3.607,11.623,-0.57,1.83,710.9,710.9,501.5,0,0.0,0.8,IDLE,0.00,0.00,0.00,0,0.0,474,0,828.1,802.3
20.3500,28818,0.0,828.1,-6.690,11.623,-1.05,1.83,717.5,717.5,501.5,0,0.0,0.8,IDLE,0.00,0.00,0.00,0,0.0,476,0,828.1,802.3
20.4000,28868,0.0,828.1,-6.690,11.623,-1.05,1.83,717.5,717.5,501.5,0,0.0,0.8,IDLE,0.00,0.00,0.00,0,0.0,477,0,828.1,802.3
20.4500,28918,0.0,828.1,-6.690,11.623,-1.05,1.83,717.5,717.5,503.5,0,0.0,1.8,IDLE,0.00,0.00,0.00,0,0.0,479,0,828.1,802.3
20.5000,28968,0.0,828.1,-6.690,11.623,-1.05,1.83,717.5,717.5,503.5,0,0.0,1.8,IDLE,0.00,0.00,0.00,0,0.0,480,0,828.1,802.3
20.5500,29018,0.0,828.1,-2.707,11.623,-0.43,1.83,890.0,890.0,503.5,0,0.0,1.8,IDLE,0.00,0.00,0.00,0,0.0,482,0,828.1,802.3
20.6000,29068,0.0,828.1,-2.707,11.623,-0.43,1.83,890.0,890.0,500.9,0,0.0,0.4,IDLE,0.00,0.00,0.00,0,0.0,483,0,828.1,802.3
20.6500,29118,0.0,828.1,-2.707,11.623,-0.43,1.83,890.0,890.0,500.9,0,0.0,0.4,IDLE,0.00,0.00,0.00,0,0.0,485,0,828.1,802.3
20.7000,29168,0.0,828.1,-8.880,11.623,-1.40,1.83,683.8,683.8,500.9,0,0.0,0.4,IDLE,0.00,0.00,0.00,0,0.0,486,0,828.1,802.3
20.7500,29218,0.0,828.1,-8.880,11.623,-1.40,1.83,683.8,683.8,500.9,0,0.0,0.4,IDLE,0.00,0.00,0.00,0,0.0,488,0,828.1,802.3
20.8000,29268,0.0,828.1,-8.880,11.623,-1.40,1.83,683.8,683.8,500.9,0,0.0,0.4,IDLE,0.00,0.00,0.00,0,0.0,489,0,828.1,802.3
20.8500,29318,0.0,828.1,-4.234,11.623,-0.67,1.83,924.1,924.1,500.9,0,0.0,0.4,IDLE,0.00,0.00,0.00,0,0.0,491,0,828.1,802.3
20.9000,29368,0.0,828.1,-4.234,11.623,-0.67,1.83,924.1,924.1,500.9,0,0.0,0.4,IDLE,0.00,0.00,0.00,0,0.0,493,0,828.1,802.3
20.9500,29418,0.0,828.1,-4.234,11.623,-0.67,1.83,924.1,924.1,500.9,0,0.0,0.4,IDLE,0.00,0.00,0.00,0,0.0,494,0,828.1,802.3
21.0000,29468,0.0,828.1,-1.010,11.623,-0.16,1.83,901.9,901.9,500.9,0,0.0,0.4,IDLE,0.00,0.00,0.00,0,0.0,496,0,828.1,802.3
21.0500,29518,0.0,828.1,-1.010,11.623,-0.16,1.83,901.9,901.9,500.9,0,0.0,0.4,IDLE,0.00,0.00,0.00,0,0.0,497,0,828.1,802.3
21.1000,29568,0.0,828.1,-1.010,11.623,-0.16,1.83,901.9,901.9,500.8,0,0.0,0.4,IDLE,0.00,0.00,0.00,0,0.0,499,0,828.1,802.3
21.1500,29618,0.0,828.1,-1.010,11.623,-0.16,1.83,901.9,901.9,500.8,0,0.0,0.4,IDLE,0.00,0.00,0.00,0,0.0,500,0,828.1,802.3
21.2000,29668,0.0,828.1,-3.459,11.623,-0.55,1.83,697.2,697.2,500.8,0,0.0,0.4,IDLE,0.00,0.00,0.00,0,0.0,502,0,828.1,802.3
21.2500,29718,0.0,828.1,-3.459,11.623,-0.55,1.83,697.2,697.2,500.8,0,0.0,0.4,IDLE,0.00,0.00,0.00,0,0.0,504,0,828.1,802.3
21.3000,29768,0.0,828.1,-3.459,11.623,-0.55,1.83,697.2,697.2,500.8,0,0.0,0.4,IDLE,0.00,0.00,0.00,0,0.0,505,0,828.1,802.3
21.3500,29818,0.0,828.1,-3.223,11.623,-0.51,1.83,836.9,836.9,500.8,0,0.0,0.4,IDLE,0.00,0.00,0.00,0,0.0,507,0,828.1,802.3
21.4000,29868,0.0,828.1,-3.223,11.623,-0.51,1.83,836.9,836.9,501.6,0,0.0,0.8,IDLE,0.00,0.00,0.00,0,0.0,508,0,828.1,802.3
21.4500,29918,0.0,828.1,-3.223,11.623,-0.51,1.83,836.9,836.9,501.6,0,0.0,0.8,IDLE,0.00,0.00,0.00,0,0.0,509,0,828.1,802.3
21.5000,29968,0.0,828.1,-1.409,11.623,-0.22,1.83,691.9,691.9,501.6,0,0.0,0.8,IDLE,0.00,0.00,0.00,0,0.0,511,0,828.1,802.3
21.5500,30018,0.0,828.1,-1.409,11.623,-0.22,1.83,691.9,691.9,501.5,0,0.0,0.8,IDLE,0.00,0.00,0.00,0,0.0,513,0,828.1,802.3
21.6000,30068,0.0,828.1,-1.409,11.623,-0.22,1.83,691.9,691.9,501.5,0,0.0,0.8,IDLE,0.00,0.00,0.00,0,0.0,514,0,828.1,802.3
21.6500,30118,0.0,828.1,-3.275,11.623,-0.52,1.83,554.1,554.1,501.5,0,0.0,0.8,IDLE,0.00,0.00,0.00,0,0.0,516,0,828.1,802.3
21.7000,30168,0.0,828.1,-3.275,11.623,-0.52,1.83,554.1,554.1,501.0,0,0.0,0.5,IDLE,0.00,0.00,0.00,0,0.0,517,0,828.1,802.3
21.7500,30218,0.0,828.1,-3.275,11.623,-0.52,1.83,554.1,554.1,501.0,0,0.0,0.5,IDLE,0.00,0.00,0.00,0,0.0,519,0,828.1,802.3
21.8000,30268,0.0,828.1,-3.902,11.623,-0.62,1.83,682.8,682.8,501.0,0,0.0,0.5,IDLE,0.00,0.00,0.00,0,0.0,520,0,828.1,802.3
21.8500,30318,0.0,828.1,-3.902,11.623,-0.62,1.83,682.8,682.8,501.0,0,0.0,0.5,IDLE,0.00,0.00,0.00,0,0.0,522,0,828.1,802.3
21.9000,30368,0.0,828.1,-3.902,11.623,-0.62,1.83,682.8,682.8,501.0,0,0.0,0.5,IDLE,0.00,0.00,0.00,0,0.0,524,0,828.1,802.3
21.9500,30418,0.0,828.1,-3.902,11.623,-0.62,1.83,682.8,682.8,501.0,0,0.0,0.5,IDLE,0.00,0.00,0.00,0,0.0,525,0,828.1,802.3
22.0000,30468,0.0,828.1,-3.666,11.623,-0.58,1.83,728.1,728.1,501.0,0,0.0,0.5,IDLE,0.00,0.00,0.00,0,0.0,527,0,828.1,802.3
22.0500,30518,0.0,828.1,-3.666,11.623,-0.58,1.83,728.1,728.1,501.5,0,0.0,0.8,IDLE,0.00,0.00,0.00,0,0.0,528,0,828.1,802.3
22.1000,30568,0.0,828.1,-3.666,11.623,-0.58,1.83,728.1,728.1,501.5,0,0.0,0.8,IDLE,0.00,0.00,0.00,0,0.0,529,0,828.1,802.3
22.1500,30618,0.0,828.1,-2.773,11.623,-0.44,1.83,930.2,930.2,501.5,0,0.0,0.8,IDLE,0.00,0.00,0.00,0,0.0,531,0,828.1,802.3
22.2000,30668,0.0,828.1,-2.773,11.623,-0.44,1.83,930.2,930.2,503.0,0,0.0,1.5,IDLE,0.00,0.00,0.00,0,0.0,533,0,828.1,802.3
22.2500,30718,0.0,828.1,-2.773,11.623,-0.44,1.83,930.2,930.2,503.0,0,0.0,1.5,IDLE,0.00,0.00,0.00,0,0.0,535,0,828.1,802.3
22.3000,30768,0.0,828.1,4.329,11.623,0.68,1.83,1005.0,1005.0,503.0,0,0.0,1.5,IDLE,0.00,0.00,0.00,0,0.0,536,0,828.1,802.3
22.3500,30818,0.0,828.1,4.329,11.623,0.68,1.83,1005.0,1005.0,503.9,0,0.0,1.9,IDLE,0.00,0.00,0.00,0,0.0,538,0,828.1,802.3
22.4000,30868,0.0,828.1,4.329,11.623,0.68,1.83,1005.0,1005.0,503.9,0,0.0,1.9,IDLE,0.00,0.00,0.00,0,0.0,539,0,828.1,802.3
22.4500,30918,0.0,828.1,0.944,11.623,0.15,1.83,770.9,770.9,503.9,0,0.0,1.9,IDLE,0.00,0.00,0.00,0,0.0,543,0,828.1,802.3
22.5000,30968,0.0,828.1,0.944,11.623,0.15,1.83,770.9,770.9,503.9,0,0.0,1.9,IDLE,0.00,0.00,0.00,0,0.0,544,0,828.1,802.3
22.5500,31018,0.0,828.1,0.944,11.623,0.15,1.83,770.9,770.9,501.8,0,0.0,0.9,IDLE,0.00,0.00,0.00,0,0.0,546,0,828.1,802.3
22.6000,31068,0.0,828.1,0.944,11.623,0.15,1.83,770.9,770.9,501.8,0,0.0,0.9,IDLE,0.00,0.00,0.00,0,0.0,547,0,828.1,802.3
22.6500,31118,0.0,828.1,5.052,11.623,0.80,1.83,1087.5,1087.5,501.8,0,0.0,0.9,IDLE,0.00,0.00,0.00,0,0.0,549,0,828.1,802.3
22.7000,31168,0.0,828.1,5.052,11.623,0.80,1.83,1087.5,1087.5,502.3,0,0.0,1.1,IDLE,0.00,0.00,0.00,0,0.0,551,0,828.1,802.3
22.7500,31218,0.0,828.1,5.052,11.623,0.80,1.83,1087.5,1087.5,502.3,0,0.0,1.1,IDLE,0.00,0.00,0.00,0,0.0,552,0,828.1,802.3
22.8000,31268,0.0,828.1,3.496,11.623,0.55,1.83,626.9,626.9,502.3,0,0.0,1.1,IDLE,0.00,0.00,0.00,0,0.0,554,0,828.1,802.3
22.8500,31318,0.0,828.1,3.496,11.623,0.55,1.83,626.9,626.9,501.3,0,0.0,0.6,IDLE,0.00,0.00,0.00,0,0.0,555,0,828.1,802.3
22.9000,31368,0.0,828.1,3.496,11.623,0.55,1.83,626.9,626.9,501.3,0,0.0,0.6,IDLE,0.00,0.00,0.00,0,0.0,557,0,828.1,802.3
22.9500,31418,0.0,828.1,1.460,11.623,0.23,1.83,745.0,745.0,501.3,0,0.0,0.6,IDLE,0.00,0.00,0.00,0,0.0,558,0,828.1,802.3
23.0000,31468,0.0,828.1,1.460,11.623,0.23,1.83,745.0,745.0,504.0,0,0.0,2.0,IDLE,0.00,0.00,0.00,0,0.0,560,0,828.1,802.3
23.0500,31518,0.0,828.1,1.460,11.623,0.23,1.83,745.0,745.0,504.0,0,0.0,2.0,IDLE,0.00,0.00,0.00,0,0.0,561,0,828.1,802.3
23.1000,31568,0.0,828.1,-2.522,11.623,-0.40,1.83,511.9,511.9,504.0,0,0.0,2.0,IDLE,0.00,0.00,0.00,0,0.0,564,0,828.1,802.3
23.1500,31618,0.0,828.1,-2.522,11.623,-0.40,1.83,511.9,511.9,503.2,0,0.0,1.6,IDLE,0.00,0.00,0.00,0,0.0,565,0,828.1,802.3
23.2000,31668,0.0,828.1,-2.522,11.623,-0.40,1.83,511.9,511.9,503.2,0,0.0,1.6,IDLE,0.00,0.00,0.00,0,0.0,567,0,828.1,802.3
23.2500,31718,0.0,828.1,6.505,11.623,1.03,1.83,961.9,961.9,503.2,0,0.0,1.6,IDLE,0.00,0.00,0.00,0,0.0,568,0,828.1,802.3
23.3000,31768,0.0,828.1,6.505,11.623,1.03,1.83,961.9,961.9,503.2,0,0.0,1.6,IDLE,0.00,0.00,0.00,0,0.0,570,0,828.1,802.3
23.3500,31818,0.0,828.1,6.505,11.623,1.03,1.83,961.9,961.9,503.8,0,0.0,1.9,IDLE,0.00,0.00,0.00,0,0.0,571,0,828.1,802.3
23.4000,31868,0.0,828.1,6.505,11.623,1.03,1.83,961.9,961.9,503.8,0,0.0,1.9,IDLE,0.00,0.00,0.00,0,0.0,573,0,828.1,802.3
23.4500,31918,0.0,828.1,8.416,11.623,1.33,1.83,769.1,769.1,503.8,0,0.0,1.9,IDLE,0.00,0.00,0.00,0,0.0,574,0,828.1,802.3
23.5000,31968,0.0,828.1,8.416,11.623,1.33,1.83,769.1,769.1,501.1,0,0.0,0.6,IDLE,0.00,0.00,0.00,0,0.0,577,0,828.1,802.3
23.5500,32018,0.0,828.1,8.416,11.623,1.33,1.83,769.1,769.1,501.1,0,0.0,0.6,IDLE,0.00,0.00,0.00,0,0.0,578,0,828.1,802.3
23.6000,32068,0.0,828.1,10.636,11.623,1.68,1.83,828.8,828.8,501.1,0,0.0,0.6,IDLE,0.00,0.00,0.00,0,0.0,579,0,828.1,802.3
23.6500,32118,0.0,828.1,10.636,11.623,1.68,1.83,828.8,828.8,501.0,0,0.0,0.5,IDLE,0.00,0.00,0.00,0,0.0,581,0,828.1,802.3
23.7000,32168,0.0,828.1,10.636,11.623,1.68,1.83,828.8,828.8,501.0,0,0.0,0.5,IDLE,0.00,0.00,0.00,0,0.0,583,0,828.1,802.3
23.7500,32218,0.0,828.1,-0.044,11.623,-0.01,1.83,447.5,447.5,501.0,0,0.0,0.5,IDLE,0.00,0.00,0.00,0,0.0,584,0,828.1,802.3
23.8000,32268,0.0,828.1,-0.044,11.623,-0.01,1.83,447.5,447.5,502.9,0,0.0,1.4,IDLE,0.00,0.00,0.00,0,0.0,585,0,828.1,802.3
23.8500,32318,0.0,828.1,-0.044,11.623,-0.01,1.83,447.5,447.5,502.9,0,0.0,1.4,IDLE,0.00,0.00,0.00,0,0.0,587,0,828.1,802.3
23.9000,32368,0.0,828.1,-7.427,11.623,-1.17,1.83,671.2,671.2,502.9,0,0.0,1.4,IDLE,0.00,0.00,0.00,0,0.0,588,0,828.1,802.3
23.9500,32418,0.0,828.1,-7.427,11.623,-1.17,1.83,671.2,671.2,502.9,0,0.0,1.4,IDLE,0.00,0.00,0.00,0,0.0,590,0,828.1,802.3
24.0000,32468,0.0,828.1,-7.427,11.623,-1.17,1.83,671.2,671.2,503.1,0,0.0,1.6,IDLE,0.00,0.00,0.00,0,0.0,591,0,828.1,802.3
24.0500,32518,0.0,828.1,-7.427,11.623,-1.17,1.83,671.2,671.2,503.1,0,0.0,1.6,IDLE,0.00,0.00,0.00,0,0.0,593,0,828.1,802.3
24.1000,32568,0.0,828.1,-6.579,11.623,-1.04,1.83,809.1,809.1,503.1,0,0.0,1.6,IDLE,0.00,0.00,0.00,0,0.0,594,0,828.1,802.3
24.1500,32618,0.0,828.1,-6.579,11.623,-1.04,1.83,809.1,809.1,503.4,0,0.0,1.7,IDLE,0.00,0.00,0.00,0,0.0,595,0,828.1,802.3
24.2000,32668,0.0,828.1,-6.579,11.623,-1.04,1.83,809.1,809.1,503.4,0,0.0,1.7,IDLE,0.00,0.00,0.00,0,0.0,597,0,828.1,802.3
24.2500,32718,0.0,828.1,-15.260,11.623,-2.41,1.83,695.3,695.3,503.4,0,0.0,1.7,IDLE,0.00,0.00,0.00,0,0.0,598,0,828.1,802.3
24.3000,32768,0.0,828.1,-15.260,11.623,-2.41,1.83,695.3,695.3,502.9,0,0.0,1.4,IDLE,0.00,0.00,0.00,0,0.0,600,0,828.1,802.3
24.3500,32818,0.0,828.1,-15.260,11.623,-2.41,1.83,695.3,695.3,502.9,0,0.0,1.4,IDLE,0.00,0.00,0.00,0,0.0,601,0,828.1,802.3
24.4000,32868,0.0,828.1,-12.443,11.623,-1.96,1.83,754.1,754.1,502.9,0,0.0,1.4,IDLE,0.00,0.00,0.00,0,0.0,603,0,828.1,802.3
24.4500,32918,0.0,828.1,-12.443,11.623,-1.96,1.83,754.1,754.1,503.0,0,0.0,1.5,IDLE,0.00,0.00,0.00,0,0.0,604,0,828.1,802.3
24.5000,32968,0.0,828.1,-12.443,11.623,-1.96,1.83,754.1,754.1,503.0,0,0.0,1.5,IDLE,0.00,0.00,0.00,0,0.0,606,0,828.1,802.3
24.5500,33018,0.0,828.1,-11.056,11.623,-1.74,1.83,807.8,807.8,503.0,0,0.0,1.5,IDLE,0.00,0.00,0.00,0,0.0,607,0,828.1,802.3
24.6000,33068,0.0,828.1,-11.056,11.623,-1.74,1.83,807.8,807.8,503.6,0,0.0,1.8,IDLE,0.00,0.00,0.00,0,0.0,609,0,828.1,802.3
24.6500,33118,0.0,828.1,-11.056,11.623,-1.74,1.83,807.8,807.8,503.6,0,0.0,1.8,IDLE,0.00,0.00,0.00,0,0.0,610,0,828.1,802.3
24.7000,33168,0.0,828.1,-3.393,11.623,-0.53,1.83,858.1,858.1,503.6,0,0.0,1.8,IDLE,0.00,0.00,0.00,0,0.0,611,0,828.1,802.3
24.7500,33218,0.0,828.1,-3.393,11.623,-0.53,1.83,858.1,858.1,503.6,0,0.0,1.8,IDLE,0.00,0.00,0.00,0,0.0,613,0,828.1,802.3
24.8000,33268,0.0,828.1,-3.393,11.623,-0.53,1.83,858.1,858.1,503.9,0,0.0,1.9,IDLE,0.00,0.00,0.00,0,0.0,614,0,828.1,802.3
24.8500,33318,0.0,828.1,-3.393,11.623,-0.53,1.83,858.1,858.1,503.9,0,0.0,1.9,IDLE,0.00,0.00,0.00,0,0.0,616,0,828.1,802.3
24.9000,33368,0.0,828.1,-6.808,11.623,-1.07,1.83,807.5,807.5,503.9,0,0.0,1.9,IDLE,0.00,0.00,0.00,0,0.0,617,0,828.1,802.3
24.9500,33418,0.0,828.1,-6.808,11.623,-1.07,1.83,807.5,807.5,502.6,0,0.0,1.3,IDLE,0.00,0.00,0.00,0,0.0,619,0,828.1,802.3
25.0000,33468,0.0,828.1,-6.808,11.623,-1.07,1.83,807.5,807.5,502.6,0,0.0,1.3,IDLE,0.00,0.00,0.00,0,0.0,620,0,828.1,802.3
25.0500,33518,0.0,828.1,-4.543,11.623,-0.72,1.83,871.6,871.6,502.6,0,0.0,1.3,IDLE,0.00,0.00,0.00,0,0.0,622,0,828.1,802.3
25.1000,33568,0.0,828.1,-4.543,11.623,-0.72,1.83,871.6,871.6,502.6,0,0.0,1.3,IDLE,0.00,0.00,0.00,0,0.0,623,0,828.1,802.3
25.1500,33618,0.0,828.1,-4.543,11.623,-0.72,1.83,871.6,871.6,502.6,0,0.0,1.3,IDLE,0.00,0.00,0.00,0,0.0,625,0,828.1,802.3
25.2000,33668,0.0,828.1,-4.934,11.623,-0.78,1.83,810.9,810.9,502.6,0,0.0,1.3,IDLE,0.00,0.00,0.00,0,0.0,626,0,828.1,802.3
25.2500,33718,0.0,828.1,-4.934,11.623,-0.78,1.83,810.9,810.9,502.5,0,0.0,1.2,IDLE,0.00,0.00,0.00,0,0.0,627,0,828.1,802.3
25.3000,33768,0.0,828.1,-4.934,11.623,-0.78,1.83,810.9,810.9,502.5,0,0.0,1.2,IDLE,0.00,0.00,0.00,0,0.0,629,0,828.1,802.3
25.3500,33818,0.0,828.1,1.416,11.623,0.22,1.83,734.7,734.7,502.5,0,0.0,1.2,IDLE,0.00,0.00,0.00,0,0.0,630,0,828.1,802.3
25.4000,33868,0.0,828.1,1.416,11.623,0.22,1.83,734.7,734.7,502.5,0,0.0,1.2,IDLE,0.00,0.00,0.00,0,0.0,631,0,828.1,802.3
25.4500,33918,0.0,828.1,1.416,11.623,0.22,1.83,734.7,734.7,503.1,0,0.0,1.6,IDLE,0.00,0.00,0.00,0,0.0,633,0,828.1,802.3
25.5000,33968,0.0,828.1,1.416,11.623,0.22,1.83,734.7,734.7,503.1,0,0.0,1.6,IDLE,0.00,0.00,0.00,0,0.0,634,0,828.1,802.3
25.5500,34018,0.0,828.1,2.581,11.623,0.41,1.83,723.8,723.8,503.1,0,0.0,1.6,IDLE,0.00,0.00,0.00,0,0.0,636,0,828.1,802.3
25.6000,34068,0.0,828.1,2.581,11.623,0.41,1.83,723.8,723.8,500.8,0,0.0,0.4,IDLE,0.00,0.00,0.00,0,0.0,637,0,828.1,802.3
25.6500,34118,0.0,828.1,2.581,11.623,0.41,1.83,723.8,723.8,500.8,0,0.0,0.4,IDLE,0.00,0.00,0.00,0,0.0,638,0,828.1,802.3
25.7000,34168,0.0,828.1,1.187,11.623,0.19,1.83,746.2,746.2,500.8,0,0.0,0.4,IDLE,0.00,0.00,0.00,0,0.0,640,0,828.1,802.3
25.7500,34218,0.0,828.1,1.187,11.623,0.19,1.83,746.2,746.2,501.1,0,0.0,0.6,IDLE,0.00,0.00,0.00,0,0.0,641,0,828.1,802.3
25.8000,34268,0.0,828.1,1.187,11.623,0.19,1.83,746.2,746.2,501.1,0,0.0,0.6,IDLE,0.00,0.00,0.00,0,0.0,643,0,828.1,802.3
25.8500,34318,0.0,828.1,4.617,11.623,0.73,1.83,850.3,850.3,501.1,0,0.0,0.6,IDLE,0.00,0.00,0.00,0,0.0,644,0,828.1,802.3
25.9000,34368,0.0,828.1,4.617,11.623,0.73,1.83,850.3,850.3,503.0,0,0.0,1.5,IDLE,0.00,0.00,0.00,0,0.0,646,0,828.1,802.3
25.9500,34418,0.0,828.1,4.617,11.623,0.73,1.83,850.3,850.3,503.0,0,0.0,1.5,IDLE,0.00,0.00,0.00,0,0.0,647,0,828.1,802.3
26.0000,34468,0.0,828.1,7.162,11.623,1.13,1.83,869.1,869.1,503.0,0,0.0,1.5,IDLE,0.00,0.00,0.00,0,0.0,649,0,828.1,802.3
26.0500,34518,0.0,828.1,7.162,11.623,1.13,1.83,869.1,869.1,501.8,0,0.0,0.9,IDLE,0.00,0.00,0.00,0,0.0,650,0,828.1,802.3
26.1000,34568,0.0,828.1,7.162,11.623,1.13,1.83,869.1,869.1,501.8,0,0.0,0.9,IDLE,0.00,0.00,0.00,0,0.0,651,0,828.1,802.3
26.1500,34618,0.0,828.1,5.915,11.623,0.93,1.83,751.2,751.2,501.8,0,0.0,0.9,IDLE,0.00,0.00,0.00,0,0.0,653,0,828.1,802.3
26.2000,34668,0.0,828.1,5.915,11.623,0.93,1.83,751.2,751.2,501.8,0,0.0,0.9,IDLE,0.00,0.00,0.00,0,0.0,654,0,828.1,802.3
26.2500,34718,0.0,828.1,5.915,11.623,0.93,1.83,751.2,751.2,499.4,0,0.0,-0.3,IDLE,0.00,0.00,0.00,0,0.0,658,0,828.1,802.3
26.3000,34768,0.0,828.1,5.915,11.623,0.93,1.83,751.2,751.2,499.4,0,0.0,-0.3,IDLE,0.00,0.00,0.00,0,0.0,659,0,828.1,802.3
26.3500,34818,0.0,828.1,4.824,11.623,0.76,1.83,808.8,808.8,499.4,0,0.0,-0.3,IDLE,0.00,0.00,0.00,0,0.0,661,0,828.1,802.3
26.4000,34868,0.0,828.1,4.824,11.623,0.76,1.83,808.8,808.8,503.5,0,0.0,1.8,IDLE,0.00,0.00,0.00,0,0.0,662,0,828.1,802.3
26.4500,34918,0.0,828.1,4.824,11.623,0.76,1.83,808.8,808.8,503.5,0,0.0,1.8,IDLE,0.00,0.00,0.00,0,0.0,665,0,828.1,802.3
26.5000,34968,0.0,828.1,7.656,11.623,1.21,1.83,935.6,935.6,503.5,0,0.0,1.8,IDLE,0.00,0.00,0.00,0,0.0,666,0,828.1,802.3
26.5500,35018,0.0,828.1,7.656,11.623,1.21,1.83,935.6,935.6,503.1,0,0.0,1.6,IDLE,0.00,0.00,0.00,0,0.0,667,0,828.1,802.3
26.6000,35068,0.0,828.1,7.656,11.623,1.21,1.83,935.6,935.6,503.1,0,0.0,1.6,IDLE,0.00,0.00,0.00,0,0.0,669,0,828.1,802.3
26.6500,35118,0.0,828.1,4.138,11.623,0.65,1.83,712.5,712.5,503.1,0,0.0,1.6,IDLE,0.00,0.00,0.00,0,0.0,670,0,828.1,802.3
26.7000,35168,0.0,828.1,4.138,11.623,0.65,1.83,712.5,712.5,502.0,0,0.0,1.0,IDLE,0.00,0.00,0.00,0,0.0,672,0,828.1,802.3
26.7500,35218,0.0,828.1,4.138,11.623,0.65,1.83,712.5,712.5,502.0,0,0.0,1.0,IDLE,0.00,0.00,0.00,0,0.0,673,0,828.1,802.3
26.8000,35268,0.0,828.1,1.224,11.623,0.19,1.83,679.4,679.4,502.0,0,0.0,1.0,IDLE,0.00,0.00,0.00,0,0.0,675,0,828.1,802.3
26.8500,35318,0.0,828.1,1.224,11.623,0.19,1.83,679.4,679.4,503.0,0,0.0,1.5,IDLE,0.00,0.00,0.00,0,0.0,676,0,828.1,802.3
26.9000,35368,0.0,828.1,1.224,11.623,0.19,1.83,679.4,679.4,503.0,0,0.0,1.5,IDLE,0.00,0.00,0.00,0,0.0,677,0,828.1,802.3
26.9500,35418,0.0,828.1,3.555,11.623,0.56,1.83,840.0,840.0,503.0,0,0.0,1.5,IDLE,0.00,0.00,0.00,0,0.0,679,0,828.1,802.3
27.0000,35468,0.0,828.1,3.555,11.623,0.56,1.83,840.0,840.0,503.0,0,0.0,1.5,IDLE,0.00,0.00,0.00,0,0.0,680,0,828.1,802.3
27.0500,35518,0.0,828.1,3.555,11.623,0.56,1.83,840.0,840.0,503.0,0,0.0,1.5,IDLE,0.00,0.00,0.00,0,0.0,682,0,828.1,802.3
27.1000,35568,0.0,828.1,3.555,11.623,0.56,1.83,840.0,840.0,503.0,0,0.0,1.5,IDLE,0.00,0.00,0.00,0,0.0,683,0,828.1,802.3
27.1500,35618,0.0,828.1,5.237,11.623,0.83,1.83,799.7,799.7,503.0,0,0.0,1.5,IDLE,0.00,0.00,0.00,0,0.0,685,0,828.1,802.3
27.2000,35668,0.0,828.1,5.237,11.623,0.83,1.83,799.7,799.7,501.3,0,0.0,0.6,IDLE,0.00,0.00,0.00,0,0.0,686,0,828.1,802.3
27.2500,35718,0.0,828.1,5.237,11.623,0.83,1.83,799.7,799.7,501.3,0,0.0,0.6,IDLE,0.00,0.00,0.00,0,0.0,688,0,828.1,802.3
27.3000,35768,0.0,828.1,7.442,11.623,1.17,1.83,845.9,845.9,501.3,0,0.0,0.6,IDLE,0.00,0.00,0.00,0,0.0,689,0,828.1,802.3
27.3500,35818,0.0,828.1,7.442,11.623,1.17,1.83,845.9,845.9,501.0,0,0.0,0.5,IDLE,0.00,0.00,0.00,0,0.0,691,0,828.1,802.3
27.4000,35868,0.0,828.1,7.442,11.623,1.17,1.83,845.9,845.9,501.0,0,0.0,0.5,IDLE,0.00,0.00,0.00,0,0.0,692,0,828.1,802.3
27.4500,35918,0.0,828.1,4.042,11.623,0.64,1.83,696.9,696.9,501.0,0,0.0,0.5,IDLE,0.00,0.00,0.00,0,0.0,694,0,828.1,802.3
27.5000,35968,0.0,828.1,4.042,11.623,0.64,1.83,696.9,696.9,501.1,0,0.0,0.6,IDLE,0.00,0.00,0.00,0,0.0,695,0,828.1,802.3
27.5500,36018,0.0,828.1,4.042,11.623,0.64,1.83,696.9,696.9,501.1,0,0.0,0.6,IDLE,0.00,0.00,0.00,0,0.0,696,0,828.1,802.3
27.6000,36068,0.0,828.1,5.038,11.623,0.79,1.83,914.1,914.1,501.1,0,0.0,0.6,IDLE,0.00,0.00,0.00,0,0.0,698,0,828.1,802.3
27.6500,36118,2000.0,828.1,5.038,11.623,0.79,1.83,914.1,914.1,501.1,7,1.4,0.6,HOLD_RPM,0.00,0.00,0.00,0,0.0,699,0,828.1,802.3
27.7000,36168,2000.0,828.1,5.038,11.623,0.79,1.83,914.1,914.1,503.0,25,5.0,1.5,HOLD_RPM,0.00,0.00,0.00,0,0.0,700,0,828.1,802.3
27.7500,36218,2000.0,828.1,5.038,11.623,0.79,1.83,914.1,914.1,503.0,52,10.4,1.5,HOLD_RPM,0.00,0.00,0.00,0,0.0,702,0,828.1,802.3
27.8000,36268,2000.0,828.1,0.915,11.623,0.14,1.83,564.7,564.7,503.0,78,15.6,1.5,HOLD_RPM,0.00,0.00,0.00,0,0.0,703,0,828.1,802.3
27.8500,36318,2000.0,828.1,0.915,11.623,0.14,1.83,564.7,564.7,500.1,94,18.8,0.1,HOLD_RPM,0.00,0.00,0.00,0,0.0,705,0,828.1,802.3
27.9000,36368,2000.0,828.1,0.915,11.623,0.14,1.83,564.7,564.7,500.1,100,20.0,0.1,HOLD_RPM,0.00,0.00,0.00,0,0.0,707,0,828.1,802.3
27.9500,36418,2000.0,828.1,1.719,11.623,0.27,1.83,845.0,845.0,500.1,100,20.0,0.1,HOLD_RPM,0.00,0.00,0.00,0,0.0,709,0,828.1,802.3
28.0000,36468,2000.0,828.1,1.719,11.623,0.27,1.83,845.0,845.0,502.3,100,20.0,1.1,HOLD_RPM,0.00,0.00,0.00,0,0.0,710,0,828.1,802.3
28.0500,36518,2000.0,828.1,1.719,11.623,0.27,1.83,845.0,845.0,502.3,100,20.0,1.1,HOLD_RPM,0.00,0.00,0.00,0,0.0,712,0,828.1,802.3
28.1000,36568,2000.0,828.1,-1.254,11.623,-0.20,1.83,801.6,801.6,502.3,100,20.0,1.1,HOLD_RPM,0.00,0.00,0.00,0,0.0,713,0,828.1,802.3
28.1500,36618,2000.0,828.1,-1.254,11.623,-0.20,1.83,801.6,801.6,502.4,100,20.0,1.2,HOLD_RPM,0.00,0.00,0.00,0,0.0,714,0,828.1,802.3
28.2000,36668,2000.0,828.1,-1.254,11.623,-0.20,1.83,801.6,801.6,502.4,100,20.0,1.2,HOLD_RPM,0.00,0.00,0.00,0,0.0,716,0,828.1,802.3
28.2500,36718,2000.0,828.1,-0.752,11.623,-0.12,1.83,735.0,735.0,502.4,100,20.0,1.2,HOLD_RPM,0.00,0.00,0.00,0,0.0,717,0,828.1,802.3
28.3000,36768,2000.0,828.1,-0.752,11.623,-0.12,1.83,735.0,735.0,500.4,100,20.0,0.2,HOLD_RPM,0.00,0.00,0.00,0,0.0,719,0,828.1,802.3
28.3500,36818,2000.0,828.1,-0.752,11.623,-0.12,1.83,735.0,735.0,500.4,100,20.0,0.2,HOLD_RPM,0.00,0.00,0.00,0,0.0,721,0,828.1,802.3
28.4000,36868,2000.0,828.1,0.612,11.623,0.10,1.83,741.2,741.2,500.4,100,20.0,0.2,HOLD_RPM,0.00,0.00,0.00,0,0.0,722,0,828.1,802.3
28.4500,36918,2000.0,828.1,0.612,11.623,0.10,1.83,741.2,741.2,500.4,100,20.0,0.2,HOLD_RPM,0.00,0.00,0.00,0,0.0,725,0,828.1,802.3
28.5000,36968,2000.0,828.1,0.612,11.623,0.10,1.83,741.2,741.2,503.0,100,20.0,1.5,HOLD_RPM,0.00,0.00,0.00,0,0.0,727,0,828.1,802.3
28.5500,37018,2000.0,828.1,0.612,11.623,0.10,1.83,741.2,741.2,503.0,100,20.0,1.5,HOLD_RPM,0.00,0.00,0.00,0,0.0,729,0,828.1,802.3
28.6000,37068,2000.0,828.1,0.450,11.623,0.07,1.83,832.5,832.5,503.0,100,20.0,1.5,HOLD_RPM,0.00,0.00,0.00,0,0.0,731,0,828.1,802.3
28.6500,37118,2000.0,828.1,0.450,11.623,0.07,1.83,832.5,832.5,500.6,100,20.0,0.3,HOLD_RPM,0.00,0.00,0.00,0,0.0,733,0,828.1,802.3
28.7000,37168,2000.0,828.1,0.450,11.623,0.07,1.83,832.5,832.5,500.6,100,20.0,0.3,HOLD_RPM,0.00,0.00,0.00,0,0.0,735,0,828.1,802.3
28.7500,37218,2000.0,828.1,-0.288,11.623,-0.05,1.83,766.2,766.2,500.6,100,20.0,0.3,HOLD_RPM,0.00,0.00,0.00,0,0.0,736,0,828.1,802.3
28.8000,37268,2000.0,828.1,-0.288,11.623,-0.05,1.83,766.2,766.2,502.1,100,20.0,1.1,HOLD_RPM,0.00,0.00,0.00,0,0.0,738,0,828.1,802.3
28.8500,37318,2000.0,828.1,-0.288,11.623,-0.05,1.83,766.2,766.2,502.1,100,20.0,1.1,HOLD_RPM,0.00,0.00,0.00,0,0.0,739,0,828.1,802.3
28.9000,37368,2000.0,828.1,1.092,11.623,0.17,1.83,908.4,908.4,502.1,100,20.0,1.1,HOLD_RPM,0.00,0.00,0.00,0,0.0,740,0,828.1,802.3
28.9500,37418,2000.0,828.1,1.092,11.623,0.17,1.83,908.4,908.4,501.9,100,20.0,0.9,HOLD_RPM,0.00,0.00,0.00,0,0.0,742,0,828.1,802.3
29.0000,37468,2000.0,828.1,1.092,11.623,0.17,1.83,908.4,908.4,501.9,100,20.0,0.9,HOLD_RPM,0.00,0.00,0.00,0,0.0,743,0,828.1,802.3
29.0500,37518,2000.0,828.1,2.714,11.623,0.43,1.83,770.0,770.0,501.9,100,20.0,0.9,HOLD_RPM,0.00,0.00,0.00,0,0.0,745,0,828.1,802.3
29.1000,37568,2000.0,828.1,2.714,11.623,0.43,1.83,770.0,770.0,501.9,100,20.0,0.9,HOLD_RPM,0.00,0.00,0.00,0,0.0,747,0,828.1,802.3
29.1500,37618,2000.0,828.1,2.714,11.623,0.43,1.83,770.0,770.0,502.3,100,20.0,1.1,HOLD_RPM,0.00,0.00,0.00,0,0.0,748,0,828.1,802.3
29.2000,37668,2000.0,828.1,2.714,11.623,0.43,1.83,770.0,770.0,502.3,100,20.0,1.1,HOLD_RPM,0.00,0.00,0.00,0,0.0,750,0,828.1,802.3
29.2500,37718,2000.0,828.1,-1.755,11.623,-0.28,1.83,712.2,712.2,502.3,100,20.0,1.1,HOLD_RPM,0.00,0.00,0.00,0,0.0,751,0,828.1,802.3
29.3000,37768,2000.0,828.1,-1.755,11.623,-0.28,1.83,712.2,712.2,501.3,100,20.0,0.6,HOLD_RPM,0.00,0.00,0.00,0,0.0,752,0,828.1,802.3
29.3500,37818,2000.0,828.1,-1.755,11.623,-0.28,1.83,712.2,712.2,501.3,100,20.0,0.6,HOLD_RPM,0.00,0.00,0.00,0,0.0,754,0,828.1,802.3
29.4000,37868,2000.0,828.1,3.142,11.623,0.50,1.83,785.9,785.9,501.3,100,20.0,0.6,HOLD_RPM,0.00,0.00,0.00,0,0.0,757,0,828.1,802.3
29.4500,37918,2000.0,828.1,3.142,11.623,0.50,1.83,785.9,785.9,501.6,100,20.0,0.8,HOLD_RPM,0.00,0.00,0.00,0,0.0,758,0,828.1,802.3
29.5000,37968,2000.0,828.1,3.142,11.623,0.50,1.83,785.9,785.9,501.6,100,20.0,0.8,HOLD_RPM,0.00,0.00,0.00,0,0.0,760,0,828.1,802.3
29.5500,38018,2000.0,828.1,-1.704,11.623,-0.27,1.83,626.2,626.2,501.6,100,20.0,0.8,HOLD_RPM,0.00,0.00,0.00,0,0.0,762,0,828.1,802.3
29.6000,38068,2000.0,828.1,-1.704,11.623,-0.27,1.83,626.2,626.2,500.8,100,20.0,0.4,HOLD_RPM,0.00,0.00,0.00,0,0.0,763,0,828.1,802.3
29.6500,38118,2000.0,828.1,-1.704,11.623,-0.27,1.83,626.2,626.2,500.8,100,20.0,0.4,HOLD_RPM,0.00,0.00,0.00,0,0.0,765,0,828.1,802.3
29.7000,38168,2000.0,828.1,-5.266,11.623,-0.83,1.83,640.3,640.3,500.8,100,20.0,0.4,HOLD_RPM,0.00,0.00,0.00,0,0.0,766,0,828.1,802.3
29.7500,38218,2000.0,828.1,-5.266,11.623,-0.83,1.83,640.3,640.3,500.5,100,20.0,0.3,HOLD_RPM,0.00,0.00,0.00,0,0.0,768,0,828.1,802.3
29.8000,38268,2000.0,828.1,-5.266,11.623,-0.83,1.83,640.3,640.3,500.5,100,20.0,0.3,HOLD_RPM,0.00,0.00,0.00,0,0.0,771,0,828.1,802.3
29.8500,38318,2000.0,828.1,-2.943,11.623,-0.46,1.83,840.0,840.0,500.5,100,20.0,0.3,HOLD_RPM,0.00,0.00,0.00,0,0.0,772,0,828.1,802.3
29.9000,38368,2000.0,828.1,-2.943,11.623,-0.46,1.83,840.0,840.0,500.5,100,20.0,0.3,HOLD_RPM,0.00,0.00,0.00,0,0.0,773,0,828.1,802.3
29.9500,38418,2000.0,828.1,-2.943,11.623,-0.46,1.83,840.0,840.0,500.8,100,20.0,0.4,HOLD_RPM,0.00,0.00,0.00,0,0.0,775,0,828.1,802.3
30.0000,38468,2000.0,828.1,-2.943,11.623,-0.46,1.83,840.0,840.0,500.8,100,20.0,0.4,HOLD_RPM,0.00,0.00,0.00,0,0.0,776,0,828.1,802.3
30.0500,38518,2000.0,828.1,-1.195,11.623,-0.19,1.83,820.3,820.3,500.8,100,20.0,0.4,HOLD_RPM,0.00,0.00,0.00,0,0.0,777,0,828.1,802.3
30.1000,38568,2000.0,828.1,-1.195,11.623,-0.19,1.83,820.3,820.3,501.6,100,20.0,0.8,HOLD_RPM,0.00,0.00,0.00,0,0.0,778,0,828.1,802.3
30.1500,38618,2000.0,828.1,-1.195,11.623,-0.19,1.83,820.3,820.3,501.6,100,20.0,0.8,HOLD_RPM,0.00,0.00,0.00,0,0.0,779,0,828.1,802.3
30.2000,38668,2000.0,828.1,-4.927,11.623,-0.78,1.83,663.8,663.8,501.6,100,20.0,0.8,HOLD_RPM,0.00,0.00,0.00,0,0.0,781,0,828.1,802.3
30.2500,38718,2000.0,828.1,-4.927,11.623,-0.78,1.83,663.8,663.8,501.0,100,20.0,0.5,HOLD_RPM,0.00,0.00,0.00,0,0.0,782,0,828.1,802.3
30.3000,38768,2000.0,828.1,-4.927,11.623,-0.78,1.83,663.8,663.8,501.0,100,20.0,0.5,HOLD_RPM,0.00,0.00,0.00,0,0.0,783,0,828.1,802.3
30.3500,38818,2000.0,828.1,-0.966,11.623,-0.15,1.83,945.3,945.3,501.0,100,20.0,0.5,HOLD_RPM,0.00,0.00,0.00,0,0.0,784,0,828.1,802.3
30.4000,38868,2000.0,828.1,-0.966,11.623,-0.15,1.83,945.3,945.3,501.0,100,20.0,0.5,HOLD_RPM,0.00,0.00,0.00,0,0.0,785,0,828.1,802.3
30.4500,38918,2000.0,828.1,-0.966,11.623,-0.15,1.83,945.3,945.3,501.0,100,20.0,0.5,HOLD_RPM,0.00,0.00,0.00,0,0.0,787,0,828.1,802.3
30.5000,38968,2000.0,828.1,-4.558,11.623,-0.72,1.83,746.2,746.2,501.0,100,20.0,0.5,HOLD_RPM,0.00,0.00,0.00,0,0.0,789,0,828.1,802.3
30.5500,39018,2000.0,828.1,-4.558,11.623,-0.72,1.83,746.2,746.2,501.0,100,20.0,0.5,HOLD_RPM,0.00,0.00,0.00,0,0.0,791,0,828.1,802.3
30.6000,39068,2000.0,880.6,-4.558,11.623,-0.76,1.95,746.2,746.2,500.9,100,20.0,0.4,HOLD_RPM,0.00,0.00,0.00,0,0.0,791,0,880.6,913.7
30.6500,39118,2000.0,880.6,-4.558,11.623,-0.76,1.95,746.2,746.2,500.9,100,20.0,0.4,HOLD_RPM,0.00,0.00,0.00,0,0.0,792,0,880.6,1088.2
30.7000,39168,2000.0,1169.4,0.568,11.623,0.13,2.59,1001.6,1001.6,500.9,100,20.0,0.4,HOLD_RPM,0.00,0.00,0.00,0,0.0,792,0,1169.4,1263.6
30.7500,39218,2000.0,1169.4,0.568,11.623,0.13,2.59,1001.6,1001.6,498.9,100,20.0,-0.6,HOLD_RPM,0.00,0.00,0.00,0,0.0,793,0,1169.4,1457.8
30.8000,39268,2000.0,1512.2,0.568,11.754,0.16,3.38,1001.6,1001.6,498.9,100,20.0,-0.6,HOLD_RPM,0.00,0.00,0.00,0,0.0,794,0,1512.2,1618.1
30.8500,39318,2000.0,1512.2,3.326,11.754,0.96,3.38,836.9,836.9,498.9,100,20.0,-0.6,HOLD_RPM,0.00,0.00,0.00,0,0.0,794,0,1512.2,1773.5
30.9000,39368,2000.0,1788.3,3.326,12.550,1.13,4.27,836.9,836.9,503.1,100,20.0,1.6,HOLD_RPM,0.00,0.00,0.00,0,0.0,796,0,1788.3,1858.6
30.9500,39418,2000.0,1788.3,3.326,12.550,1.13,4.27,836.9,836.9,503.1,100,20.0,1.6,HOLD_RPM,0.00,0.00,0.00,0,0.0,796,0,1788.3,1931.6
31.0000,39468,2000.0,1944.6,2.353,14.139,0.87,5.24,741.9,741.9,503.1,100,20.0,1.6,HOLD_RPM,0.00,0.00,0.00,0,0.0,796,0,1944.6,1979.9
31.0500,39518,2000.0,1944.6,2.353,14.139,0.87,5.24,741.9,741.9,502.8,100,20.0,1.4,HOLD_RPM,0.00,0.00,0.00,0,0.0,797,0,1944.6,2009.9
31.1000,39568,2000.0,2016.2,2.353,14.567,0.90,5.59,741.9,741.9,502.8,100,20.0,1.4,HOLD_RPM,0.00,0.00,0.00,0,0.0,797,0,2016.2,2029.8
31.1500,39618,2000.0,2016.2,11.204,14.567,4.30,5.59,1026.2,1026.2,502.8,106,21.2,1.4,HOLD_RPM,8.10,100.65,108.74,0,0.0,798,0,2016.2,2022.0
31.2000,39668,2000.0,2023.5,11.204,14.583,4.32,5.62,1026.2,1026.2,502.3,109,21.8,1.1,HOLD_RPM,8.10,101.30,109.39,0,0.0,798,0,2023.5,2021.9
31.2500,39718,2000.0,2023.5,11.204,14.583,4.32,5.62,1026.2,1026.2,502.3,115,23.0,1.1,HOLD_RPM,11.75,102.23,116.90,0,0.0,798,0,2023.5,2004.5
31.3000,39768,2000.0,1999.2,11.779,14.523,4.48,5.53,666.2,666.2,502.3,114,22.8,1.1,HOLD_RPM,11.75,103.17,114.92,0,0.0,798,0,1999.2,1988.2
31.3500,39818,2000.0,1999.2,11.779,14.523,4.48,5.53,666.2,666.2,502.3,107,21.4,1.1,HOLD_RPM,-0.42,103.14,92.99,0,0.0,799,0,1999.2,1977.7
31.4000,39868,2000.0,1973.4,11.779,14.342,4.43,5.39,666.2,666.2,500.0,96,19.2,0.0,HOLD_RPM,-0.42,103.11,102.69,0,0.0,800,0,1973.4,1961.7
31.4500,39918,2000.0,1973.4,11.779,14.342,4.43,5.39,666.2,666.2,500.0,90,18.0,0.0,HOLD_RPM,-13.28,102.04,78.47,0,0.0,800,0,1973.4,1960.1
31.5000,39968,2000.0,1956.2,8.526,14.221,3.18,5.30,693.1,693.1,500.0,82,16.4,0.0,HOLD_RPM,-13.28,100.98,87.70,0,0.0,800,0,1956.2,1950.5
31.5500,40018,2000.0,1956.2,8.526,14.221,3.18,5.30,693.1,693.1,502.5,77,15.4,1.2,HOLD_RPM,-21.92,99.23,70.40,0,0.0,801,0,1956.2,1940.3
31.6000,40068,2000.0,1937.4,8.526,14.088,3.15,5.20,693.1,693.1,502.5,71,14.2,1.2,HOLD_RPM,-21.92,97.48,75.56,0,0.0,801,0,1937.4,1930.1
31.6500,40118,2000.0,1937.4,10.599,14.088,3.91,5.20,914.1,914.1,502.5,71,14.2,1.2,HOLD_RPM,-31.31,94.97,56.15,0,0.0,801,0,1937.4,1916.0
31.7000,40168,2000.0,1920.6,10.599,13.970,3.88,5.11,914.1,914.1,501.5,63,12.6,0.8,HOLD_RPM,-31.31,92.47,61.16,0,0.0,801,0,1920.6,1922.0
31.7500,40218,2000.0,1920.6,10.599,13.970,3.88,5.11,914.1,914.1,501.5,56,11.2,0.8,HOLD_RPM,-39.68,89.29,42.91,0,0.0,801,0,1920.6,1927.5
31.8000,40268,2000.0,1927.9,16.846,14.021,6.18,5.15,945.9,945.9,501.5,47,9.4,0.8,HOLD_RPM,-39.68,86.12,46.43,0,0.0,802,0,1927.9,1930.0
31.8500,40318,2000.0,1927.9,16.846,14.021,6.18,5.15,945.9,945.9,501.0,50,10.0,0.5,HOLD_RPM,-36.06,83.23,50.07,0,0.0,802,0,1927.9,1935.0
31.9000,40368,2000.0,1938.7,16.846,14.097,6.22,5.20,945.9,945.9,501.0,44,8.8,0.5,HOLD_RPM,-36.06,80.35,44.29,0,0.0,802,0,1938.7,1945.7
31.9500,40418,2000.0,1938.7,17.864,14.097,6.59,5.20,991.2,991.2,501.0,49,9.8,0.5,HOLD_RPM,-30.63,77.90,51.61,0,0.0,802,0,1938.7,1951.7
32.0000,40468,2000.0,1957.8,17.864,14.232,6.66,5.31,991.2,991.2,501.0,45,9.0,0.5,HOLD_RPM,-30.63,75.45,44.81,0,0.0,804,0,1957.8,1968.8
32.0500,40518,2000.0,1957.8,17.864,14.232,6.66,5.31,991.2,991.2,499.3,49,9.8,-0.4,HOLD_RPM,-21.10,73.76,60.27,0,0.0,804,0,1957.8,1989.5
32.1000,40568,2000.0,1997.4,17.864,14.511,6.79,5.52,991.2,991.2,499.3,57,11.4,-0.4,HOLD_RPM,-21.10,72.07,50.96,0,0.0,804,0,1997.4,2013.7
32.1500,40618,2000.0,1997.4,16.986,14.511,6.46,5.52,706.6,706.6,499.3,62,12.4,-0.4,HOLD_RPM,-1.29,71.97,86.53,0,0.0,804,0,1997.4,2027.4
32.2000,40668,2000.0,2029.9,16.986,14.598,6.57,5.64,706.6,706.6,502.4,71,14.2,1.2,HOLD_RPM,-1.29,71.86,70.57,0,0.0,805,0,2029.9,2034.7
32.2500,40718,2000.0,2029.9,16.986,14.598,6.57,5.64,706.6,706.6,502.4,78,15.6,1.2,HOLD_RPM,14.93,73.06,100.96,0,0.0,805,0,2029.9,2055.6
32.3000,40768,2000.0,2055.2,8.357,14.657,3.27,5.74,611.6,611.6,502.4,89,17.8,1.2,HOLD_RPM,14.93,74.25,89.18,0,0.0,809,0,2055.2,2060.7
32.3500,40818,2000.0,2055.2,8.357,14.657,3.27,5.74,611.6,611.6,501.4,94,18.8,0.7,HOLD_RPM,27.60,76.46,114.19,0,0.0,810,0,2055.2,2056.7
32.4000,40868,2000.0,2057.8,8.357,14.663,3.27,5.75,611.6,611.6,501.4,104,20.8,0.7,HOLD_RPM,27.60,78.67,106.26,0,0.0,810,0,2057.8,2059.0
32.4500,40918,2000.0,2057.8,7.324,14.663,2.87,5.75,790.3,790.3,501.4,109,21.8,0.7,HOLD_RPM,28.90,80.98,110.93,0,0.0,810,0,2057.8,2048.7
32.5000,40968,2000.0,2054.0,7.324,14.654,2.86,5.73,790.3,790.3,502.1,112,22.4,1.1,HOLD_RPM,28.90,83.29,112.19,0,0.0,810,0,2054.0,2059.5
32.5500,41018,2000.0,2054.0,7.324,14.654,2.86,5.73,790.3,790.3,502.1,110,22.0,1.1,HOLD_RPM,27.02,85.45,110.97,0,0.0,810,0,2054.0,2052.8
32.6000,41068,2000.0,2057.1,4.211,14.661,1.65,5.74,601.2,601.2,502.1,114,22.8,1.1,HOLD_RPM,27.02,87.61,114.64,0,0.0,811,0,2057.1,2064.6
32.6500,41118,2000.0,2057.1,4.211,14.661,1.65,5.74,601.2,601.2,502.6,118,23.6,1.3,HOLD_RPM,28.55,89.90,119.67,0,0.0,811,0,2057.1,2061.4
32.7000,41168,2000.0,2065.8,4.211,14.682,1.66,5.77,601.2,601.2,502.6,120,24.0,1.3,HOLD_RPM,28.55,92.18,120.73,0,0.0,812,0,2065.8,2072.8
32.7500,41218,2000.0,2065.8,6.159,14.682,2.42,5.77,1114.4,1114.4,502.6,127,25.4,1.3,HOLD_RPM,32.88,94.81,131.15,0,0.0,813,0,2065.8,2074.9
32.8000,41268,2000.0,2071.3,6.159,14.694,2.43,5.80,1114.4,1114.4,502.6,130,26.0,1.3,HOLD_RPM,32.88,97.44,130.32,0,0.0,815,0,2071.3,2067.4
32.8500,41318,2000.0,2071.3,6.159,14.694,2.43,5.80,1114.4,1114.4,504.4,136,27.2,2.2,HOLD_RPM,35.66,100.30,138.18,0,0.0,815,0,2071.3,2079.7
32.9000,41368,2000.0,2073.7,6.159,14.700,2.43,5.80,1114.4,1114.4,504.4,138,27.6,2.2,HOLD_RPM,35.66,103.15,138.81,0,0.0,816,0,2073.7,2065.0
32.9500,41418,2000.0,2073.7,3.806,14.700,1.50,5.80,559.7,559.7,504.4,142,28.4,2.2,HOLD_RPM,36.86,106.10,143.91,0,0.0,816,0,2073.7,2055.9
33.0000,41468,2000.0,2051.2,3.806,14.648,1.49,5.72,559.7,559.7,500.1,145,29.0,0.1,HOLD_RPM,36.86,109.04,145.90,0,0.0,817,0,2051.2,2042.3
33.0500,41518,2000.0,2051.2,3.806,14.648,1.49,5.72,559.7,559.7,500.1,138,27.6,0.1,HOLD_RPM,25.61,111.09,127.71,0,0.0,817,0,2051.2,2035.7
33.1000,41568,2000.0,2041.6,12.295,14.625,4.78,5.69,1076.9,1076.9,500.1,128,25.6,0.1,HOLD_RPM,25.61,113.14,138.75,0,0.0,817,0,2041.6,2052.1
33.1500,41618,2000.0,2041.6,12.295,14.625,4.78,5.69,1076.9,1076.9,502.8,131,26.2,1.4,HOLD_RPM,20.80,114.81,131.77,0,0.0,817,0,2041.6,2068.5
33.2000,41668,2000.0,2072.4,12.295,14.697,4.85,5.80,1076.9,1076.9,502.8,137,27.4,1.4,HOLD_RPM,20.80,116.47,137.27,0,0.0,818,0,2072.4,2080.4
33.2500,41718,2000.0,2072.4,2.913,14.697,1.15,5.80,490.0,490.0,502.8,144,28.8,1.4,HOLD_RPM,36.20,119.37,167.89,0,0.0,820,0,2072.4,2082.7
33.3000,41768,2000.0,2086.2,2.913,14.729,1.16,5.85,490.0,490.0,497.5,156,31.2,-1.2,HOLD_RPM,36.20,122.26,158.47,0,0.0,821,0,2086.2,2097.8
33.3500,41818,2000.0,2086.2,2.913,14.729,1.16,5.85,490.0,490.0,497.5,169,33.8,-1.2,HOLD_RPM,43.09,125.71,174.31,0,0.0,821,0,2086.2,2108.7
33.4000,41868,2000.0,2111.4,7.479,14.620,3.01,5.88,1152.5,1152.5,497.5,175,35.0,-1.2,HOLD_RPM,43.09,129.16,172.25,0,0.0,821,0,2111.4,2121.9
33.4500,41918,2000.0,2111.4,7.479,14.620,3.01,5.88,1152.5,1152.5,497.5,182,36.4,-1.2,HOLD_RPM,55.72,133.62,199.44,0,0.0,821,0,2111.4,2152.2
33.5000,41968,2000.0,2154.8,7.479,14.083,3.07,5.78,1152.5,1152.5,505.0,192,38.4,2.5,HOLD_RPM,55.72,138.07,193.79,0,0.0,821,0,2154.8,2169.4
33.5500,42018,2000.0,2154.8,7.479,14.083,3.07,5.78,1152.5,1152.5,505.0,198,39.6,2.5,HOLD_RPM,77.38,144.26,238.96,0,0.0,821,0,2154.8,2187.1
33.6000,42068,2000.0,2192.9,7.988,13.611,3.34,5.68,1014.1,1014.1,505.0,214,42.8,2.5,HOLD_RPM,77.38,150.45,227.83,0,0.0,822,0,2192.9,2212.0
33.6500,42118,2000.0,2192.9,7.988,13.611,3.34,5.68,1014.1,1014.1,504.1,231,46.2,2.1,HOLD_RPM,96.44,158.17,269.85,0,0.0,822,0,2192.9,2225.1
33.7000,42168,2000.0,2229.7,7.988,13.388,3.39,5.68,1014.1,1014.1,504.1,253,50.6,2.1,HOLD_RPM,96.44,165.88,262.32,0,0.0,822,0,2229.7,2243.8
33.7500,42218,2000.0,2229.7,8.718,13.388,3.70,5.68,739.7,739.7,504.1,271,54.2,2.1,HOLD_RPM,114.85,175.07,304.65,0,0.0,822,0,2229.7,2227.3
33.8000,42268,2000.0,2225.8,8.718,13.406,3.69,5.68,739.7,739.7,596.1,291,58.2,48.1,HOLD_RPM,114.85,184.26,299.11,0,0.0,823,0,2225.8,2213.6
33.8500,42318,2000.0,2225.8,8.718,13.406,3.69,5.68,739.7,739.7,596.1,302,60.4,48.1,HOLD_RPM,112.90,193.29,304.63,0,0.0,824,0,2225.8,2172.4
33.9000,42368,2000.0,2161.2,13.342,14.003,5.49,5.76,820.6,820.6,596.1,308,61.6,48.1,HOLD_RPM,112.90,202.32,315.22,0,0.0,824,0,2161.2,2123.7
33.9500,42418,2000.0,2161.2,13.342,14.003,5.49,5.76,820.6,820.6,703.9,315,63.0,101.9,HOLD_RPM,80.61,208.77,263.56,0,0.0,824,0,2161.2,2072.8
34.0000,42468,2000.0,2046.1,13.342,14.636,5.20,5.70,820.6,820.6,703.9,306,61.2,101.9,HOLD_RPM,80.61,215.22,295.83,0,0.0,824,0,2046.1,1996.2
34.0500,42518,2000.0,2046.1,18.424,14.636,7.18,5.70,1019.7,1019.7,703.9,290,58.0,101.9,HOLD_RPM,23.03,217.06,194.02,0,0.0,825,0,2046.1,1935.9
34.1000,42568,2000.0,1931.7,18.424,14.048,6.78,5.17,1019.7,1019.7,538.0,265,53.0,19.0,HOLD_RPM,23.03,218.91,241.93,0,0.0,825,0,1931.7,1916.0
34.1500,42618,2000.0,1931.7,18.424,14.048,6.78,5.17,1019.7,1019.7,538.0,242,48.4,19.0,HOLD_RPM,-34.14,216.17,136.29,0,0.0,825,0,1931.7,1955.5
34.2000,42668,2000.0,1967.5,21.655,14.300,8.11,5.36,747.5,747.5,538.0,213,42.6,19.0,HOLD_RPM,-34.14,213.44,179.30,0,0.0,825,0,1967.5,1997.1
34.2500,42718,2000.0,1967.5,21.655,14.300,8.11,5.36,747.5,747.5,538.0,192,38.4,19.0,HOLD_RPM,-16.27,212.14,210.17,0,0.0,825,0,1967.5,2030.1
34.3000,42768,2000.0,2041.2,21.655,14.625,8.42,5.68,747.5,747.5,496.8,183,36.6,-1.6,HOLD_RPM,-16.27,210.84,194.57,0,0.0,825,0,2041.2,2068.2
34.3500,42818,2000.0,2041.2,21.655,14.625,8.42,5.68,747.5,747.5,496.8,188,37.6,-1.6,HOLD_RPM,20.60,212.49,262.58,0,0.0,825,0,2041.2,2106.4
34.4000,42868,2000.0,2128.8,13.586,14.404,5.51,5.84,749.7,749.7,496.8,205,41.0,-1.6,HOLD_RPM,20.60,214.13,234.73,0,0.0,825,0,2128.8,2171.2
34.4500,42918,2000.0,2128.8,13.586,14.404,5.51,5.84,749.7,749.7,504.1,231,46.2,2.1,HOLD_RPM,64.40,219.29,318.72,0,0.0,825,0,2128.8,2208.7
34.5000,42968,2000.0,2223.7,13.586,13.415,5.75,5.68,749.7,749.7,504.1,260,52.0,2.1,HOLD_RPM,64.40,224.44,288.83,0,0.0,826,0,2223.7,2253.7
34.5500,43018,2000.0,2223.7,14.936,13.415,6.32,5.68,620.6,620.6,504.1,286,57.2,2.1,HOLD_RPM,111.85,233.39,383.20,0,0.0,826,0,2223.7,2271.4
34.6000,43068,2000.0,2262.9,14.936,13.237,6.44,5.70,620.6,620.6,681.3,317,63.4,90.6,HOLD_RPM,111.85,242.33,354.19,0,0.0,827,0,2262.9,2247.4
34.6500,43118,2000.0,2262.9,14.936,13.237,6.44,5.70,620.6,620.6,681.3,346,69.2,90.6,HOLD_RPM,131.44,252.85,399.96,0,0.0,828,0,2262.9,2140.2
34.7000,43168,2000.0,2066.9,9.898,14.684,3.90,5.78,849.1,849.1,681.3,373,74.6,90.6,HOLD_RPM,131.44,263.37,394.81,0,0.0,828,0,2066.9,1895.6
34.7500,43218,2000.0,2066.9,9.898,14.684,3.90,5.78,849.1,849.1,1088.0,390,78.0,294.0,HOLD_RPM,33.47,266.04,221.13,0,0.0,829,0,2066.9,1631.1
34.8000,43268,2000.0,1539.5,9.898,12.048,2.90,3.53,849.1,849.1,1088.0,397,79.4,294.0,HOLD_RPM,33.47,268.72,302.19,0,0.0,830,0,1539.5,1400.9
34.8500,43318,2000.0,1539.5,25.387,12.048,7.44,3.53,1190.0,1190.0,1088.0,388,77.6,294.0,HOLD_RPM,-230.23,268.72,-172.46,0,0.0,831,0,1539.5,1063.3
34.9000,43368,0.0,975.3,25.387,11.623,4.71,2.16,1190.0,1190.0,1080.4,372,74.4,290.2,IDLE,0.00,0.00,0.00,0,0.0,831,0,975.3,916.5
34.9500,43418,0.0,975.3,25.387,11.623,4.71,2.16,1190.0,1190.0,1080.4,350,70.0,290.2,IDLE,0.00,0.00,0.00,0,0.0,832,0,975.3,916.5
35.0000,43468,0.0,975.3,14.840,11.623,2.76,2.16,675.9,675.9,1080.4,313,62.6,290.2,IDLE,0.00,0.00,0.00,0,0.0,833,0,975.3,916.5
35.0500,43518,0.0,975.3,14.840,11.623,2.76,2.16,675.9,675.9,1080.4,274,54.8,290.2,IDLE,0.00,0.00,0.00,0,0.0,834,0,975.3,916.5
35.1000,43568,0.0,975.3,14.840,11.623,2.76,2.16,675.9,675.9,504.9,234,46.8,2.4,IDLE,0.00,0.00,0.00,0,0.0,834,0,975.3,916.5
35.1500,43618,0.0,975.3,14.840,11.623,2.76,2.16,675.9,675.9,504.9,194,38.8,2.4,IDLE,0.00,0.00,0.00,0,0.0,835,0,975.3,916.5
35.2000,43668,0.0,975.3,8.334,11.623,1.55,2.16,720.0,720.0,504.9,154,30.8,2.4,IDLE,0.00,0.00,0.00,0,0.0,836,0,975.3,916.5
35.2500,43718,0.0,975.3,8.334,11.623,1.55,2.16,720.0,720.0,499.6,115,23.0,-0.2,IDLE,0.00,0.00,0.00,0,0.0,837,0,975.3,916.5
35.3000,43768,0.0,975.3,8.334,11.623,1.55,2.16,720.0,720.0,499.6,75,15.0,-0.2,IDLE,0.00,0.00,0.00,0,0.0,838,0,975.3,916.5
35.3500,43818,0.0,975.3,23.314,11.623,4.33,2.16,1416.9,1416.9,499.6,42,8.4,-0.2,IDLE,0.00,0.00,0.00,0,0.0,839,0,975.3,916.5
35.4000,43868,0.0,975.3,23.314,11.623,4.33,2.16,1416.9,1416.9,500.1,18,3.6,0.1,IDLE,0.00,0.00,0.00,0,0.0,840,0,975.3,916.5
35.4500,43918,0.0,975.3,23.314,11.623,4.33,2.16,1416.9,1416.9,500.1,4,0.8,0.1,IDLE,0.00,0.00,0.00,0,0.0,843,0,975.3,916.5
35.5000,43968,0.0,975.3,21.847,11.623,4.06,2.16,754.1,754.1,500.1,0,0.0,0.1,IDLE,0.00,0.00,0.00,0,0.0,845,0,975.3,916.5
35.5500,44018,0.0,975.3,21.847,11.623,4.06,2.16,754.1,754.1,499.8,0,0.0,-0.1,IDLE,0.00,0.00,0.00,0,0.0,845,0,975.3,1029.5
35.6000,44068,0.0,1111.7,21.847,11.623,4.62,2.46,754.1,754.1,499.8,0,0.0,-0.1,IDLE,0.00,0.00,0.00,0,0.0,845,0,1111.7,1208.2
35.6500,44118,0.0,1111.7,20.386,11.623,4.32,2.46,953.8,953.8,499.8,0,0.0,-0.1,IDLE,0.00,0.00,0.00,0,0.0,845,0,1111.7,1370.9
35.7000,44168,0.0,1456.0,20.386,11.623,5.65,3.22,953.8,953.8,499.8,0,0.0,-0.1,IDLE,0.00,0.00,0.00,0,0.0,846,0,1456.0,1546.8
35.7500,44218,0.0,1456.0,20.386,11.623,5.65,3.22,953.8,953.8,500.1,0,0.0,0.1,IDLE,0.00,0.00,0.00,0,0.0,847,0,1456.0,1700.4
35.8000,44268,0.0,1712.0,20.386,12.871,6.65,4.20,953.8,953.8,500.1,0,0.0,0.1,IDLE,0.00,0.00,0.00,0,0.0,847,0,1712.0,1771.6
35.8500,44318,0.0,1712.0,18.778,12.871,6.12,4.20,675.0,675.0,500.1,0,0.0,0.1,IDLE,0.00,0.00,0.00,0,0.0,847,0,1712.0,1781.2
35.9000,44368,0.0,1770.8,18.778,12.623,6.33,4.26,675.0,675.0,502.4,0,0.0,1.2,IDLE,0.00,0.00,0.00,0,0.0,847,0,1770.8,1756.7
35.9500,44418,0.0,1770.8,18.778,12.623,6.33,4.26,675.0,675.0,502.4,0,0.0,1.2,IDLE,0.00,0.00,0.00,0,0.0,847,0,1770.8,1721.8
36.0000,44468,0.0,1692.0,17.842,12.904,5.75,4.16,707.2,707.2,502.4,0,0.0,1.2,IDLE,0.00,0.00,0.00,0,0.0,847,0,1692.0,1648.4
36.0500,44518,0.0,1692.0,17.842,12.904,5.75,4.16,707.2,707.2,501.0,0,0.0,0.5,IDLE,0.00,0.00,0.00,0,0.0,847,0,1692.0,1542.7
36.1000,44568,0.0,1497.5,17.842,11.623,5.09,3.31,707.2,707.2,501.0,0,0.0,0.5,IDLE,0.00,0.00,0.00,0,0.0,847,0,1497.5,1427.7
36.1500,44618,0.0,1497.5,19.531,11.623,5.57,3.31,696.9,696.9,501.0,0,0.0,0.5,IDLE,0.00,0.00,0.00,0,0.0,847,0,1497.5,1335.4
36.2000,44668,0.0,1284.7,19.531,11.623,4.78,2.84,696.9,696.9,500.3,0,0.0,0.1,IDLE,0.00,0.00,0.00,0,0.0,847,0,1284.7,1237.7
36.2500,44718,0.0,1284.7,19.531,11.623,4.78,2.84,696.9,696.9,500.3,0,0.0,0.1,IDLE,0.00,0.00,0.00,0,0.0,847,0,1284.7,1134.0
36.3000,44768,0.0,1094.0,18.011,11.623,3.75,2.42,780.6,780.6,500.3,0,0.0,0.1,IDLE,0.00,0.00,0.00,0,0.0,847,0,1094.0,1058.1
36.3500,44818,0.0,1094.0,18.011,11.623,3.75,2.42,780.6,780.6,500.6,0,0.0,0.3,IDLE,0.00,0.00,0.00,0,0.0,847,0,1094.0,932.7
36.4000,44868,0.0,882.4,18.011,11.623,3.03,1.95,780.6,780.6,500.6,0,0.0,0.3,IDLE,0.00,0.00,0.00,0,0.0,847,0,882.4,839.5
36.4500,44918,0.0,882.4,4.344,11.623,0.73,1.95,572.2,572.2,500.6,0,0.0,0.3,IDLE,0.00,0.00,0.00,0,0.0,848,0,882.4,839.5
36.5000,44968,0.0,882.4,4.344,11.623,0.73,1.95,572.2,572.2,500.6,0,0.0,0.3,IDLE,0.00,0.00,0.00,0,0.0,850,0,882.4,839.5
36.5500,45018,0.0,882.4,4.344,11.623,0.73,1.95,572.2,572.2,501.6,0,0.0,0.8,IDLE,0.00,0.00,0.00,0,0.0,851,0,882.4,839.5
36.6000,45068,0.0,882.4,4.344,11.623,0.73,1.95,572.2,572.2,501.6,0,0.0,0.8,IDLE,0.00,0.00,0.00,0,0.0,852,0,882.4,839.5
36.6500,45118,0.0,882.4,3.998,11.623,0.67,1.95,660.3,660.3,501.6,0,0.0,0.8,IDLE,0.00,0.00,0.00,0,0.0,853,0,882.4,839.5
36.7000,45168,0.0,882.4,3.998,11.623,0.67,1.95,660.3,660.3,501.8,0,0.0,0.9,IDLE,0.00,0.00,0.00,0,0.0,854,0,882.4,839.5
36.7500,45218,0.0,882.4,3.998,11.623,0.67,1.95,660.3,660.3,501.8,0,0.0,0.9,IDLE,0.00,0.00,0.00,0,0.0,854,0,882.4,839.5
36.8000,45268,0.0,882.4,4.669,11.623,0.78,1.95,750.3,750.3,501.8,0,0.0,0.9,IDLE,0.00,0.00,0.00,0,0.0,855,0,882.4,839.5
36.8500,45318,0.0,882.4,4.669,11.623,0.78,1.95,750.3,750.3,501.9,0,0.0,0.9,IDLE,0.00,0.00,0.00,0,0.0,855,0,882.4,839.5
36.9000,45368,0.0,0.0,4.669,11.623,0.00,0.00,750.3,750.3,501.9,0,0.0,0.9,IDLE,0.00,0.00,0.00,0,0.0,855,0,0.0,839.5
36.9500,45418,0.0,0.0,-10.296,11.623,0.00,0.00,740.6,740.6,501.9,0,0.0,0.9,IDLE,0.00,0.00,0.00,0,0.0,856,0,0.0,839.5
37.0000,45468,0.0,0.0,-10.296,11.623,0.00,0.00,740.6,740.6,501.5,0,0.0,0.8,IDLE,0.00,0.00,0.00,0,0.0,856,0,0.0,839.5
37.0500,45518,0.0,0.0,-10.296,11.623,0.00,0.00,740.6,740.6,501.5,0,0.0,0.8,IDLE,0.00,0.00,0.00,0,0.0,856,0,0.0,839.5
37.1000,45568,0.0,0.0,-12.008,11.623,0.00,0.00,676.6,676.6,501.5,0,0.0,0.8,IDLE,0.00,0.00,0.00,0,0.0,856,0,0.0,839.5
37.1500,45618,0.0,0.0,-12.008,11.623,0.00,0.00,676.6,676.6,501.5,0,0.0,0.8,IDLE,0.00,0.00,0.00,0,0.0,856,0,0.0,839.5
37.2000,45668,0.0,0.0,-12.008,11.623,0.00,0.00,676.6,676.6,501.6,0,0.0,0.8,IDLE,0.00,0.00,0.00,0,0.0,856,0,0.0,839.5
37.2500,45718,0.0,0.0,-12.008,11.623,0.00,0.00,676.6,676.6,501.6,0,0.0,0.8,IDLE,0.00,0.00,0.00,0,0.0,856,0,0.0,839.5
37.3000,45768,0.0,0.0,-17.974,11.623,0.00,0.00,684.4,684.4,501.6,0,0.0,0.8,IDLE,0.00,0.00,0.00,0,0.0,856,0,0.0,839.5
37.3500,45818,0.0,0.0,-17.974,11.623,0.00,0.00,684.4,684.4,501.8,0,0.0,0.9,IDLE,0.00,0.00,0.00,0,0.0,856,0,0.0,839.5
37.4000,45868,0.0,0.0,-17.974,11.623,0.00,0.00,684.4,684.4,501.8,0,0.0,0.9,IDLE,0.00,0.00,0.00,0,0.0,856,0,0.0,839.5
37.4500,45918,0.0,0.0,-16.905,11.623,0.00,0.00,723.1,723.1,501.8,0,0.0,0.9,IDLE,0.00,0.00,0.00,0,0.0,856,0,0.0,839.5
37.5000,45968,0.0,0.0,-16.905,11.623,0.00,0.00,723.1,723.1,501.3,0,0.0,0.6,IDLE,0.00,0.00,0.00,0,0.0,856,0,0.0,839.5
37.5500,46018,0.0,0.0,-16.905,11.623,0.00,0.00,723.1,723.1,501.3,0,0.0,0.6,IDLE,0.00,0.00,0.00,0,0.0,856,0,0.0,839.5
37.6000,46068,0.0,0.0,-16.204,11.623,0.00,0.00,738.8,738.8,501.3,0,0.0,0.6,IDLE,0.00,0.00,0.00,0,0.0,856,0,0.0,839.5
37.6500,46118,0.0,0.0,-16.204,11.623,0.00,0.00,738.8,738.8,501.3,0,0.0,0.6,IDLE,0.00,0.00,0.00,0,0.0,856,0,0.0,839.5
37.7000,46168,0.0,0.0,-16.204,11.623,0.00,0.00,738.8,738.8,501.3,0,0.0,0.6,IDLE,0.00,0.00,0.00,0,0.0,856,0,0.0,839.5
37.7500,46218,0.0,0.0,-15.194,11.623,0.00,0.00,742.8,742.8,501.3,0,0.0,0.6,IDLE,0.00,0.00,0.00,0,0.0,856,0,0.0,839.5
37.8000,46268,0.0,0.0,-15.194,11.623,0.00,0.00,742.8,742.8,500.0,0,0.0,0.0,IDLE,0.00,0.00,0.00,0,0.0,856,0,0.0,839.5
37.8500,46318,0.0,0.0,-15.194,11.623,0.00,0.00,742.8,742.8,500.0,0,0.0,0.0,IDLE,0.00,0.00,0.00,0,0.0,856,0,0.0,839.5
37.9000,46368,0.0,0.0,-16.234,11.623,0.00,0.00,733.4,733.4,500.0,0,0.0,0.0,IDLE,0.00,0.00,0.00,0,0.0,856,0,0.0,839.5
37.9500,46418,0.0,0.0,-16.234,11.623,0.00,0.00,733.4,733.4,500.0,0,0.0,0.0,IDLE,0.00,0.00,0.00,0,0.0,856,0,0.0,839.5
38.0000,46468,0.0,0.0,-16.234,11.623,0.00,0.00,733.4,733.4,501.9,0,0.0,0.9,IDLE,0.00,0.00,0.00,0,0.0,856,0,0.0,839.5
38.0500,46518,0.0,0.0,-16.234,11.623,0.00,0.00,733.4,733.4,501.9,0,0.0,0.9,IDLE,0.00,0.00,0.00,0,0.0,856,0,0.0,839.5
38.1000,46568,0.0,0.0,-12.450,11.623,0.00,0.00,743.1,743.1,501.9,0,0.0,0.9,IDLE,0.00,0.00,0.00,0,0.0,856,0,0.0,839.5
38.1500,46618,0.0,0.0,-12.450,11.623,0.00,0.00,743.1,743.1,501.8,0,0.0,0.9,IDLE,0.00,0.00,0.00,0,0.0,856,0,0.0,839.5
38.2000,46668,0.0,0.0,-12.450,11.623,0.00,0.00,743.1,743.1,501.8,0,0.0,0.9,IDLE,0.00,0.00,0.00,0,0.0,856,0,0.0,839.5
38.2500,46718,0.0,0.0,-10.665,11.623,0.00,0.00,741.2,741.2,501.8,0,0.0,0.9,IDLE,0.00,0.00,0.00,0,0.0,856,0,0.0,839.5
38.3000,46768,0.0,0.0,-10.665,11.623,0.00,0.00,741.2,741.2,502.8,0,0.0,1.4,IDLE,0.00,0.00,0.00,0,0.0,856,0,0.0,839.5
38.3500,46818,0.0,0.0,-10.665,11.623,0.00,0.00,741.2,741.2,502.8,0,0.0,1.4,IDLE,0.00,0.00,0.00,0,0.0,856,0,0.0,839.5
38.4000,46868,0.0,0.0,-10.916,11.623,0.00,0.00,738.8,738.8,502.8,0,0.0,1.4,IDLE,0.00,0.00,0.00,0,0.0,856,0,0.0,839.5
38.4500,46918,0.0,0.0,-10.916,11.623,0.00,0.00,738.8,738.8,501.3,0,0.0,0.6,IDLE,0.00,0.00,0.00,0,0.0,856,0,0.0,839.5
38.5000,46968,0.0,0.0,-10.916,11.623,0.00,0.00,738.8,738.8,501.3,0,0.0,0.6,IDLE,0.00,0.00,0.00,0,0.0,856,0,0.0,839.5
38.5500,47018,0.0,0.0,-10.997,11.623,0.00,0.00,737.2,737.2,501.3,0,0.0,0.6,IDLE,0.00,0.00,0.00,0,0.0,856,0,0.0,839.5
38.6000,47068,0.0,0.0,-10.997,11.623,0.00,0.00,737.2,737.2,501.3,0,0.0,0.6,IDLE,0.00,0.00,0.00,0,0.0,856,0,0.0,839.5
38.6500,47118,0.0,0.0,-10.997,11.623,0.00,0.00,737.2,737.2,503.1,0,0.0,1.6,IDLE,0.00,0.00,0.00,0,0.0,856,0,0.0,839.5
38.7000,47168,0.0,0.0,-10.997,11.623,0.00,0.00,737.2,737.2,503.1,0,0.0,1.6,IDLE,0.00,0.00,0.00,0,0.0,856,0,0.0,839.5
38.7500,47218,0.0,0.0,-9.633,11.623,0.00,0.00,738.1,738.1,503.1,0,0.0,1.6,IDLE,0.00,0.00,0.00,0,0.0,856,0,0.0,839.5
38.8000,47268,0.0,0.0,-9.633,11.623,0.00,0.00,738.1,738.1,502.8,0,0.0,1.4,IDLE,0.00,0.00,0.00,0,0.0,856,0,0.0,839.5
38.8500,47318,0.0,0.0,-9.633,11.623,0.00,0.00,738.1,738.1,502.8,0,0.0,1.4,IDLE,0.00,0.00,0.00,0,0.0,856,0,0.0,839.5
38.9000,47368,0.0,0.0,-8.438,11.623,0.00,0.00,738.4,738.4,502.8,0,0.0,1.4,IDLE,0.00,0.00,0.00,0,0.0,856,0,0.0,839.5
38.9500,47418,0.0,0.0,-8.438,11.623,0.00,0.00,738.4,738.4,501.5,0,0.0,0.8,IDLE,0.00,0.00,0.00,0,0.0,856,0,0.0,0.0
39.0000,47468,0.0,0.0,-8.438,11.623,0.00,0.00,738.4,738.4,501.5,0,0.0,0.8,IDLE,0.00,0.00,0.00,0,0.0,856,0,0.0,0.0
39.0500,47518,0.0,0.0,-7.966,11.623,0.00,0.00,744.4,744.4,501.5,0,0.0,0.8,IDLE,0.00,0.00,0.00,0,0.0,856,0,0.0,0.0
39.1000,47568,0.0,0.0,-7.966,11.623,0.00,0.00,744.4,744.4,502.3,0,0.0,1.1,IDLE,0.00,0.00,0.00,0,0.0,856,0,0.0,0.0
39.1500,47618,0.0,0.0,-7.966,11.623,0.00,0.00,744.4,744.4,502.3,0,0.0,1.1,IDLE,0.00,0.00,0.00,0,0.0,856,0,0.0,0.0
39.2000,47668,0.0,0.0,-7.855,11.623,0.00,0.00,743.8,743.8,502.3,0,0.0,1.1,IDLE,0.00,0.00,0.00,0,0.0,856,0,0.0,0.0
39.2500,47718,0.0,0.0,-7.855,11.623,0.00,0.00,743.8,743.8,502.1,0,0.0,1.1,IDLE,0.00,0.00,0.00,0,0.0,856,0,0.0,0.0
39.3000,47768,0.0,0.0,-7.855,11.623,0.00,0.00,743.8,743.8,502.1,0,0.0,1.1,IDLE,0.00,0.00,0.00,0,0.0,856,0,0.0,0.0
39.3500,47818,0.0,0.0,-7.759,11.623,0.00,0.00,747.2,747.2,502.1,0,0.0,1.1,IDLE,0.00,0.00,0.00,0,0.0,856,0,0.0,0.0
39.4000,47868,0.0,0.0,-7.759,11.623,0.00,0.00,747.2,747.2,502.1,0,0.0,1.1,IDLE,0.00,0.00,0.00,0,0.0,856,0,0.0,0.0
39.4500,47918,0.0,0.0,-7.759,11.623,0.00,0.00,747.2,747.2,502.8,0,0.0,1.4,IDLE,0.00,0.00,0.00,0,0.0,856,0,0.0,0.0
39.5000,47968,0.0,0.0,-7.759,11.623,0.00,0.00,747.2,747.2,502.8,0,0.0,1.4,IDLE,0.00,0.00,0.00,0,0.0,856,0,0.0,0.0
39.5500,48018,0.0,0.0,-7.442,11.623,0.00,0.00,747.8,747.8,502.8,0,0.0,1.4,IDLE,0.00,0.00,0.00,0,0.0,856,0,0.0,0.0
39.6000,48068,0.0,0.0,-7.442,11.623,0.00,0.00,747.8,747.8,502.6,0,0.0,1.3,IDLE,0.00,0.00,0.00,0,0.0,856,0,0.0,0.0
39.6500,48118,0.0,0.0,-7.442,11.623,0.00,0.00,747.8,747.8,502.6,0,0.0,1.3,IDLE,0.00,0.00,0.00,0,0.0,856,0,0.0,0.0
39.7000,48168,0.0,0.0,-7.442,11.623,0.00,0.00,743.1,743.1,502.6,0,0.0,1.3,IDLE,0.00,0.00,0.00,0,0.0,856,0,0.0,0.0
39.7500,48218,0.0,0.0,-7.442,11.623,0.00,0.00,743.1,743.1,503.6,0,0.0,1.8,IDLE,0.00,0.00,0.00,0,0.0,856,0,0.0,0.0
39.8000,48268,0.0,0.0,-7.442,11.623,0.00,0.00,743.1,743.1,503.6,0,0.0,1.8,IDLE,0.00,0.00,0.00,0,0.0,856,0,0.0,0.0
39.8500,48318,0.0,0.0,-7.294,11.623,0.00,0.00,747.8,747.8,503.6,0,0.0,1.8,IDLE,0.00,0.00,0.00,0,0.0,856,0,0.0,0.0
39.9000,48368,0.0,0.0,-7.294,11.623,0.00,0.00,747.8,747.8,503.1,0,0.0,1.6,IDLE,0.00,0.00,0.00,0,0.0,856,0,0.0,0.0
39.9500,48418,0.0,0.0,-7.294,11.623,0.00,0.00,747.8,747.8,503.1,0,0.0,1.6,IDLE,0.00,0.00,0.00,0,0.0,856,0,0.0,0.0
40.0000,48468,0.0,0.0,-7.014,11.623,0.00,0.00,751.6,751.6,503.1,0,0.0,1.6,IDLE,0.00,0.00,0.00,0,0.0,856,0,0.0,0.0
40.0500,48518,0.0,0.0,-7.014,11.623,0.00,0.00,751.6,751.6,503.1,0,0.0,1.6,IDLE,0.00,0.00,0.00,0,0.0,856,0,0.0,0.0
40.1000,48568,0.0,0.0,-7.014,11.623,0.00,0.00,751.6,751.6,503.0,0,0.0,1.5,IDLE,0.00,0.00,0.00,0,0.0,856,0,0.0,0.0
40.1500,48618,0.0,0.0,-7.014,11.623,0.00,0.00,751.6,751.6,503.0,0,0.0,1.5,IDLE,0.00,0.00,0.00,0,0.0,856,0,0.0,0.0
40.2000,48668,0.0,0.0,-6.852,11.623,0.00,0.00,744.4,744.4,503.0,0,0.0,1.5,IDLE,0.00,0.00,0.00,0,0.0,856,0,0.0,0.0
40.2500,48718,0.0,0.0,-6.852,11.623,0.00,0.00,744.4,744.4,501.9,0,0.0,0.9,IDLE,0.00,0.00,0.00,0,0.0,856,0,0.0,0.0
40.3000,48768,0.0,0.0,-6.852,11.623,0.00,0.00,744.4,744.4,501.9,0,0.0,0.9,IDLE,0.00,0.00,0.00,0,0.0,856,0,0.0,0.0
40.3500,48818,0.0,0.0,-6.586,11.623,0.00,0.00,750.0,750.0,501.9,0,0.0,0.9,IDLE,0.00,0.00,0.00,0,0.0,856,0,0.0,0.0
40.4000,48868,0.0,0.0,-6.586,11.623,0.00,0.00,750.0,750.0,501.0,0,0.0,0.5,IDLE,0.00,0.00,0.00,0,0.0,856,0,0.0,0.0
40.4500,48918,0.0,0.0,-6.586,11.623,0.00,0.00,750.0,750.0,501.0,0,0.0,0.5,IDLE,0.00,0.00,0.00,0,0.0,856,0,0.0,0.0
40.5000,48968,0.0,0.0,-6.586,11.623,0.00,0.00,738.4,738.4,501.0,0,0.0,0.5,IDLE,0.00,0.00,0.00,0,0.0,856,0,0.0,0.0
40.5500,49018,0.0,0.0,-6.586,11.623,0.00,0.00,738.4,738.4,501.5,0,0.0,0.8,IDLE,0.00,0.00,0.00,0,0.0,856,0,0.0,0.0
40.6000,49068,0.0,0.0,-6.586,11.623,0.00,0.00,738.4,738.4,501.5,0,0.0,0.8,IDLE,0.00,0.00,0.00,0,0.0,856,0,0.0,0.0
40.6500,49118,0.0,0.0,-6.564,11.623,0.00,0.00,745.6,745.6,501.5,0,0.0,0.8,IDLE,0.00,0.00,0.00,0,0.0,856,0,0.0,0.0
40.7000,49168,0.0,0.0,-6.564,11.623,0.00,0.00,745.6,745.6,501.6,0,0.0,0.8,IDLE,0.00,0.00,0.00,0,0.0,856,0,0.0,0.0
40.7500,49218,0.0,0.0,-6.564,11.623,0.00,0.00,745.6,745.6,501.6,0,0.0,0.8,IDLE,0.00,0.00,0.00,0,0.0,856,0,0.0,0.0
40.8000,49268,0.0,0.0,-6.727,11.623,0.00,0.00,736.2,736.2,501.6,0,0.0,0.8,IDLE,0.00,0.00,0.00,0,0.0,856,0,0.0,0.0
40.8500,49318,0.0,0.0,-6.727,11.623,0.00,0.00,736.2,736.2,501.6,0,0.0,0.8,IDLE,0.00,0.00,0.00,0,0.0,856,0,0.0,0.0
40.9000,49368,0.0,0.0,-6.727,11.623,0.00,0.00,736.2,736.2,500.9,0,0.0,0.4,IDLE,0.00,0.00,0.00,0,0.0,856,0,0.0,0.0
40.9500,49418,0.0,0.0,-6.727,11.623,0.00,0.00,736.2,736.2,500.9,0,0.0,0.4,IDLE,0.00,0.00,0.00,0,0.0,856,0,0.0,0.0
41.0000,49468,0.0,0.0,-6.859,11.623,0.00,0.00,741.2,741.2,500.9,0,0.0,0.4,IDLE,0.00,0.00,0.00,0,0.0,856,0,0.0,0.0
41.0500,49518,0.0,0.0,-6.859,11.623,0.00,0.00,741.2,741.2,501.3,0,0.0,0.6,IDLE,0.00,0.00,0.00,0,0.0,856,0,0.0,0.0
41.1000,49568,0.0,0.0,-6.859,11.623,0.00,0.00,741.2,741.2,501.3,0,0.0,0.6,IDLE,0.00,0.00,0.00,0,0.0,856,0,0.0,0.0
41.1500,49618,0.0,0.0,-7.162,11.623,0.00,0.00,734.1,734.1,501.3,0,0.0,0.6,IDLE,0.00,0.00,0.00,0,0.0,856,0,0.0,0.0
41.2000,49668,0.0,0.0,-7.162,11.623,0.00,0.00,734.1,734.1,500.3,0,0.0,0.1,IDLE,0.00,0.00,0.00,0,0.0,856,0,0.0,0.0
41.2500,49718,0.0,0.0,-7.162,11.623,0.00,0.00,734.1,734.1,500.3,0,0.0,0.1,IDLE,0.00,0.00,0.00,0,0.0,856,0,0.0,0.0
41.3000,49768,0.0,0.0,-7.376,11.623,0.00,0.00,733.4,733.4,500.3,0,0.0,0.1,IDLE,0.00,0.00,0.00,0,0.0,856,0,0.0,0.0
41.3500,49818,0.0,0.0,-7.376,11.623,0.00,0.00,733.4,733.4,500.5,0,0.0,0.3,IDLE,0.00,0.00,0.00,0,0.0,856,0,0.0,0.0
41.4000,49868,0.0,0.0,-7.376,11.623,0.00,0.00,733.4,733.4,500.5,0,0.0,0.3,IDLE,0.00,0.00,0.00,0,0.0,856,0,0.0,0.0
41.4500,49918,0.0,0.0,-7.656,11.623,0.00,0.00,735.3,735.3,500.5,0,0.0,0.3,IDLE,0.00,0.00,0.00,0,0.0,856,0,0.0,0.0
41.5000,49968,0.0,0.0,-7.656,11.623,0.00,0.00,735.3,735.3,500.5,0,0.0,0.3,IDLE,0.00,0.00,0.00,0,0.0,856,0,0.0,0.0
41.5500,50018,0.0,0.0,-7.656,11.623,0.00,0.00,735.3,735.3,500.1,0,0.0,0.1,IDLE,0.00,0.00,0.00,0,0.0,856,0,0.0,0.0
41.6000,50068,0.0,0.0,-7.656,11.623,0.00,0.00,735.3,735.3,500.1,0,0.0,0.1,IDLE,0.00,0.00,0.00,0,0.0,856,0,0.0,0.0
41.6500,50118,0.0,0.0,-7.951,11.623,0.00,0.00,738.1,738.1,500.1,0,0.0,0.1,IDLE,0.00,0.00,0.00,0,0.0,856,0,0.0,0.0
41.7000,50168,0.0,0.0,-7.951,11.623,0.00,0.00,738.1,738.1,500.1,0,0.0,0.1,IDLE,0.00,0.00,0.00,0,0.0,856,0,0.0,0.0
41.7500,50218,0.0,0.0,-7.951,11.623,0.00,0.00,738.1,738.1,500.1,0,0.0,0.1,IDLE,0.00,0.00,0.00,0,0.0,856,0,0.0,0.0
41.8000,50268,0.0,0.0,-8.091,11.623,0.00,0.00,738.1,738.1,500.1,0,0.0,0.1,IDLE,0.00,0.00,0.00,0,0.0,856,0,0.0,0.0
41.8500,50318,0.0,0.0,-8.091,11.623,0.00,0.00,738.1,738.1,501.1,0,0.0,0.6,IDLE,0.00,0.00,0.00,0,0.0,856,0,0.0,0.0
41.9000,50368,0.0,0.0,-8.091,11.623,0.00,0.00,738.1,738.1,501.1,0,0.0,0.6,IDLE,0.00,0.00,0.00,0,0.0,856,0,0.0,0.0
41.9500,50418,0.0,0.0,-8.298,11.623,0.00,0.00,740.6,740.6,501.1,0,0.0,0.6,IDLE,0.00,0.00,0.00,0,0.0,856,0,0.0,0.0
42.0000,50468,0.0,0.0,-8.298,11.623,0.00,0.00,740.6,740.6,501.6,0,0.0,0.8,IDLE,0.00,0.00,0.00,0,0.0,856,0,0.0,0.0
42.0500,50518,0.0,0.0,-8.298,11.623,0.00,0.00,740.6,740.6,501.6,0,0.0,0.8,IDLE,0.00,0.00,0.00,0,0.0,856,0,0.0,0.0
42.1000,50568,0.0,0.0,-8.275,11.623,0.00,0.00,739.4,739.4,501.6,0,0.0,0.8,IDLE,0.00,0.00,0.00,0,0.0,856,0,0.0,0.0
42.1500,50618,0.0,0.0,-8.275,11.623,0.00,0.00,739.4,739.4,501.0,0,0.0,0.5,IDLE,0.00,0.00,0.00,0,0.0,856,0,0.0,0.0
42.2000,50668,0.0,0.0,-8.275,11.623,0.00,0.00,739.4,739.4,501.0,0,0.0,0.5,IDLE,0.00,0.00,0.00,0,0.0,856,0,0.0,0.0
42.2500,50718,0.0,0.0,-8.275,11.623,0.00,0.00,745.6,745.6,501.0,0,0.0,0.5,IDLE,0.00,0.00,0.00,0,0.0,856,0,0.0,0.0
42.3000,50768,0.0,0.0,-8.275,11.623,0.00,0.00,745.6,745.6,501.0,0,0.0,0.5,IDLE,0.00,0.00,0.00,0,0.0,856,0,0.0,0.0
42.3500,50818,0.0,0.0,-8.275,11.623,0.00,0.00,745.6,745.6,501.4,0,0.0,0.7,IDLE,0.00,0.00,0.00,0,0.0,856,0,0.0,0.0
42.4000,50868,0.0,0.0,-8.275,11.623,0.00,0.00,745.6,745.6,501.4,0,0.0,0.7,IDLE,0.00,0.00,0.00,0,0.0,856,0,0.0,0.0
42.4500,50918,0.0,0.0,-8.091,11.623,0.00,0.00,744.7,744.7,501.4,0,0.0,0.7,IDLE,0.00,0.00,0.00,0,0.0,856,0,0.0,0.0
42.5000,50968,0.0,0.0,-8.091,11.623,0.00,0.00,744.7,744.7,500.5,0,0.0,0.3,IDLE,0.00,0.00,0.00,0,0.0,856,0,0.0,0.0
42.5500,51018,0.0,0.0,-8.091,11.623,0.00,0.00,744.7,744.7,500.5,0,0.0,0.3,IDLE,0.00,0.00,0.00,0,0.0,856,0,0.0,0.0
42.6000,51068,0.0,0.0,-7.951,11.623,0.00,0.00,747.5,747.5,500.5,0,0.0,0.3,IDLE,0.00,0.00,0.00,0,0.0,856,0,0.0,0.0
42.6500,51118,0.0,0.0,-7.951,11.623,0.00,0.00,747.5,747.5,501.3,0,0.0,0.6,IDLE,0.00,0.00,0.00,0,0.0,856,0,0.0,0.0
42.7000,51168,0.0,0.0,-7.951,11.623,0.00,0.00,747.5,747.5,501.3,0,0.0,0.6,IDLE,0.00,0.00,0.00,0,0.0,856,0,0.0,0.0
42.7500,51218,0.0,0.0,-7.649,11.623,0.00,0.00,747.8,747.8,501.3,0,0.0,0.6,IDLE,0.00,0.00,0.00,0,0.0,856,0,0.0,0.0
42.8000,51268,0.0,0.0,-7.649,11.623,0.00,0.00,747.8,747.8,501.1,0,0.0,0.6,IDLE,0.00,0.00,0.00,0,0.0,856,0,0.0,0.0
42.8500,51318,0.0,0.0,-7.649,11.623,0.00,0.00,747.8,747.8,501.1,0,0.0,0.6,IDLE,0.00,0.00,0.00,0,0.0,856,0,0.0,0.0
42.9000,51368,0.0,0.0,-7.302,11.623,0.00,0.00,749.1,749.1,501.1,0,0.0,0.6,IDLE,0.00,0.00,0.00,0,0.0,856,0,0.0,0.0
42.9500,51418,0.0,0.0,-7.302,11.623,0.00,0.00,749.1,749.1,501.5,0,0.0,0.8,IDLE,0.00,0.00,0.00,0,0.0,856,0,0.0,0.0
43.0000,51468,0.0,0.0,-7.302,11.623,0.00,0.00,749.1,749.1,501.5,0,0.0,0.8,IDLE,0.00,0.00,0.00,0,0.0,856,0,0.0,0.0
43.0500,51518,0.0,0.0,-6.955,11.623,0.00,0.00,750.9,750.9,501.5,0,0.0,0.8,IDLE,0.00,0.00,0.00,0,0.0,856,0,0.0,0.0
43.1000,51568,0.0,0.0,-6.955,11.623,0.00,0.00,750.9,750.9,501.5,0,0.0,0.8,IDLE,0.00,0.00,0.00,0,0.0,856,0,0.0,0.0
43.1500,51618,0.0,0.0,-6.955,11.623,0.00,0.00,750.9,750.9,501.5,0,0.0,0.8,IDLE,0.00,0.00,0.00,0,0.0,856,0,0.0,0.0
43.2000,51668,0.0,0.0,-6.955,11.623,0.00,0.00,750.9,750.9,501.5,0,0.0,0.8,IDLE,0.00,0.00,0.00,0,0.0,856,0,0.0,0.0
43.2500,51718,0.0,0.0,-6.800,11.623,0.00,0.00,745.0,745.0,501.5,0,0.0,0.8,IDLE,0.00,0.00,0.00,0,0.0,856,0,0.0,0.0
43.3000,51768,0.0,0.0,-6.800,11.623,0.00,0.00,745.0,745.0,501.3,0,0.0,0.6,IDLE,0.00,0.00,0.00,0,0.0,856,0,0.0,0.0
43.3500,51818,0.0,0.0,-6.800,11.623,0.00,0.00,745.0,745.0,501.3,0,0.0,0.6,IDLE,0.00,0.00,0.00,0,0.0,856,0,0.0,0.0
43.4000,51868,0.0,0.0,-6.867,11.623,0.00,0.00,735.3,735.3,501.3,0,0.0,0.6,IDLE,0.00,0.00,0.00,0,0.0,856,0,0.0,0.0
43.4500,51918,0.0,0.0,-6.867,11.623,0.00,0.00,735.3,735.3,503.1,0,0.0,1.6,IDLE,0.00,0.00,0.00,0,0.0,856,0,0.0,0.0
43.5000,51968,0.0,0.0,-6.867,11.623,0.00,0.00,735.3,735.3,503.1,0,0.0,1.6,IDLE,0.00,0.00,0.00,0,0.0,856,0,0.0,0.0
43.5500,52018,0.0,0.0,-6.815,11.623,0.00,0.00,742.8,742.8,503.1,0,0.0,1.6,IDLE,0.00,0.00,0.00,0,0.0,856,0,0.0,0.0
43.6000,52068,0.0,0.0,-6.815,11.623,0.00,0.00,742.8,742.8,502.6,0,0.0,1.3,IDLE,0.00,0.00,0.00,0,0.0,856,0,0.0,0.0
43.6500,52118,0.0,0.0,-6.815,11.623,0.00,0.00,742.8,742.8,502.6,0,0.0,1.3,IDLE,0.00,0.00,0.00,0,0.0,856,0,0.0,0.0
43.7000,52168,0.0,0.0,-6.557,11.623,0.00,0.00,751.2,751.2,502.6,0,0.0,1.3,IDLE,0.00,0.00,0.00,0,0.0,856,0,0.0,0.0
43.7500,52218,0.0,0.0,-6.557,11.623,0.00,0.00,751.2,751.2,502.6,0,0.0,1.3,IDLE,0.00,0.00,0.00,0,0.0,856,0,0.0,0.0
43.8000,52268,0.0,0.0,-6.557,11.623,0.00,0.00,751.2,751.2,501.6,0,0.0,0.8,IDLE,0.00,0.00,0.00,0,0.0,856,0,0.0,0.0
43.8500,52318,0.0,0.0,-6.557,11.623,0.00,0.00,751.2,751.2,501.6,0,0.0,0.8,IDLE,0.00,0.00,0.00,0,0.0,856,0,0.0,0.0
43.9000,52368,0.0,0.0,-6.690,11.623,0.00,0.00,739.7,739.7,501.6,0,0.0,0.8,IDLE,0.00,0.00,0.00,0,0.0,856,0,0.0,0.0
43.9500,52418,0.0,0.0,-6.690,11.623,0.00,0.00,739.7,739.7,501.9,0,0.0,0.9,IDLE,0.00,0.00,0.00,0,0.0,856,0,0.0,0.0
44.0000,52468,0.0,0.0,-6.690,11.623,0.00,0.00,739.7,739.7,501.9,0,0.0,0.9,IDLE,0.00,0.00,0.00,0,0.0,856,0,0.0,0.0
44.0500,52518,0.0,0.0,-6.601,11.623,0.00,0.00,748.4,748.4,501.9,0,0.0,0.9,IDLE,0.00,0.00,0.00,0,0.0,856,0,0.0,0.0
44.1000,52568,0.0,0.0,-6.601,11.623,0.00,0.00,748.4,748.4,502.4,0,0.0,1.2,IDLE,0.00,0.00,0.00,0,0.0,856,0,0.0,0.0
44.1500,52618,0.0,0.0,-6.601,11.623,0.00,0.00,748.4,748.4,502.4,0,0.0,1.2,IDLE,0.00,0.00,0.00,0,0.0,856,0,0.0,0.0
44.2000,52668,0.0,0.0,-6.815,11.623,0.00,0.00,737.8,737.8,502.4,0,0.0,1.2,IDLE,0.00,0.00,0.00,0,0.0,856,0,0.0,0.0
44.2500,52718,0.0,0.0,-6.815,11.623,0.00,0.00,737.8,737.8,503.0,0,0.0,1.5,IDLE,0.00,0.00,0.00,0,0.0,856,0,0.0,0.0
44.3000,52768,0.0,0.0,-6.815,11.623,0.00,0.00,737.8,737.8,503.0,0,0.0,1.5,IDLE,0.00,0.00,0.00,0,0.0,856,0,0.0,0.0
44.3500,52818,0.0,0.0,-6.904,11.623,0.00,0.00,744.1,744.1,503.0,0,0.0,1.5,IDLE,0.00,0.00,0.00,0,0.0,856,0,0.0,0.0
44.4000,52868,0.0,0.0,-6.904,11.623,0.00,0.00,744.1,744.1,501.9,0,0.0,0.9,IDLE,0.00,0.00,0.00,0,0.0,856,0,0.0,0.0
44.4500,52918,0.0,0.0,-6.904,11.623,0.00,0.00,744.1,744.1,501.9,0,0.0,0.9,IDLE,0.00,0.00,0.00,0,0.0,856,0,0.0,0.0
44.5000,52968,0.0,0.0,-7.199,11.623,0.00,0.00,735.6,735.6,501.9,0,0.0,0.9,IDLE,0.00,0.00,0.00,0,0.0,856,0,0.0,0.0
44.5500,53018,0.0,0.0,-7.199,11.623,0.00,0.00,735.6,735.6,501.9,0,0.0,0.9,IDLE,0.00,0.00,0.00,0,0.0,856,0,0.0,0.0
44.6000,53068,0.0,0.0,-7.199,11.623,0.00,0.00,735.6,735.6,501.8,0,0.0,0.9,IDLE,0.00,0.00,0.00,0,0.0,856,0,0.0,0.0
44.6500,53118,0.0,0.0,-7.199,11.623,0.00,0.00,735.6,735.6,501.8,0,0.0,0.9,IDLE,0.00,0.00,0.00,0,0.0,856,0,0.0,0.0
44.7000,53168,0.0,0.0,-7.398,11.623,0.00,0.00,741.9,741.9,501.8,0,0.0,0.9,IDLE,0.00,0.00,0.00,0,0.0,856,0,0.0,0.0
44.7500,53218,0.0,0.0,-7.398,11.623,0.00,0.00,741.9,741.9,503.1,0,0.0,1.6,IDLE,0.00,0.00,0.00,0,0.0,856,0,0.0,0.0
44.8000,53268,0.0,0.0,-7.398,11.623,0.00,0.00,741.9,741.9,503.1,0,0.0,1.6,IDLE,0.00,0.00,0.00,0,0.0,856,0,0.0,0.0
44.8500,53318,0.0,0.0,-7.612,11.623,0.00,0.00,735.3,735.3,503.1,0,0.0,1.6,IDLE,0.00,0.00,0.00,0,0.0,856,0,0.0,0.0
44.9000,53368,0.0,0.0,-7.612,11.623,0.00,0.00,735.3,735.3,501.9,0,0.0,0.9,IDLE,0.00,0.00,0.00,0,0.0,856,0,0.0,0.0
44.9500,53418,0.0,0.0,-7.612,11.623,0.00,0.00,735.3,735.3,501.9,0,0.0,0.9,IDLE,0.00,0.00,0.00,0,0.0,856,0,0.0,0.0
45.0000,53468,0.0,0.0,-7.494,11.623,0.00,0.00,740.6,740.6,501.9,0,0.0,0.9,IDLE,0.00,0.00,0.00,0,0.0,856,0,0.0,0.0
45.0500,53518,0.0,0.0,-7.494,11.623,0.00,0.00,740.6,740.6,502.4,0,0.0,1.2,IDLE,0.00,0.00,0.00,0,0.0,856,0,0.0,0.0
45.1000,53568,0.0,0.0,-7.494,11.623,0.00,0.00,740.6,740.6,502.4,0,0.0,1.2,IDLE,0.00,0.00,0.00,0,0.0,856,0,0.0,0.0
45.1500,53618,0.0,0.0,-7.590,11.623,0.00,0.00,738.4,738.4,502.4,0,0.0,1.2,IDLE,0.00,0.00,0.00,0,0.0,856,0,0.0,0.0
45.2000,53668,0.0,0.0,-7.590,11.623,0.00,0.00,738.4,738.4,502.4,0,0.0,1.2,IDLE,0.00,0.00,0.00,0,0.0,856,0,0.0,0.0
45.2500,53718,0.0,0.0,-7.590,11.623,0.00,0.00,738.4,738.4,501.9,0,0.0,0.9,IDLE,0.00,0.00,0.00,0,0.0,856,0,0.0,0.0
45.3000,53768,0.0,0.0,-7.590,11.623,0.00,0.00,738.4,738.4,501.9,0,0.0,0.9,IDLE,0.00,0.00,0.00,0,0.0,856,0,0.0,0.0
45.3500,53818,0.0,0.0,-7.811,11.623,0.00,0.00,741.2,741.2,501.9,0,0.0,0.9,IDLE,0.00,0.00,0.00,0,0.0,856,0,0.0,0.0
45.4000,53868,0.0,0.0,-7.811,11.623,0.00,0.00,741.2,741.2,502.4,0,0.0,1.2,IDLE,0.00,0.00,0.00,0,0.0,856,0,0.0,0.0
45.4500,53918,0.0,0.0,-7.811,11.623,0.00,0.00,741.2,741.2,502.4,0,0.0,1.2,IDLE,0.00,0.00,0.00,0,0.0,856,0,0.0,0.0
45.5000,53968,0.0,0.0,-7.774,11.623,0.00,0.00,741.6,741.6,502.4,0,0.0,1.2,IDLE,0.00,0.00,0.00,0,0.0,856,0,0.0,0.0
45.5500,54018,0.0,0.0,-7.774,11.623,0.00,0.00,741.6,741.6,502.1,0,0.0,1.1,IDLE,0.00,0.00,0.00,0,0.0,856,0,0.0,0.0
45.6000,54068,0.0,0.0,-7.774,11.623,0.00,0.00,741.6,741.6,502.1,0,0.0,1.1,IDLE,0.00,0.00,0.00,0,0.0,856,0,0.0,0.0
45.6500,54118,0.0,0.0,-7.855,11.623,0.00,0.00,744.7,744.7,502.1,0,0.0,1.1,IDLE,0.00,0.00,0.00,0,0.0,856,0,0.0,0.0
45.7000,54168,0.0,0.0,-7.855,11.623,0.00,0.00,744.7,744.7,502.8,0,0.0,1.4,IDLE,0.00,0.00,0.00,0,0.0,856,0,0.0,0.0
45.7500,54218,0.0,0.0,-7.855,11.623,0.00,0.00,744.7,744.7,502.8,0,0.0,1.4,IDLE,0.00,0.00,0.00,0,0.0,856,0,0.0,0.0
45.8000,54268,0.0,0.0,-7.722,11.623,0.00,0.00,743.8,743.8,502.8,0,0.0,1.4,IDLE,0.00,0.00,0.00,0,0.0,856,0,0.0,0.0
45.8500,54318,0.0,0.0,-7.722,11.623,0.00,0.00,743.8,743.8,502.1,0,0.0,1.1,IDLE,0.00,0.00,0.00,0,0.0,856,0,0.0,0.0
45.9000,54368,0.0,0.0,-7.722,11.623,0.00,0.00,743.8,743.8,502.1,0,0.0,1.1,IDLE,0.00,0.00,0.00,0,0.0,856,0,0.0,0.0
45.9500,54418,0.0,0.0,-7.641,11.623,0.00,0.00,747.8,747.8,502.1,0,0.0,1.1,IDLE,0.00,0.00,0.00,0,0.0,856,0,0.0,0.0
46.0000,54468,0.0,0.0,-7.641,11.623,0.00,0.00,747.8,747.8,502.1,0,0.0,1.1,IDLE,0.00,0.00,0.00,0,0.0,856,0,0.0,0.0
46.0500,54518,0.0,0.0,-7.641,11.623,0.00,0.00,747.8,747.8,503.2,0,0.0,1.6,IDLE,0.00,0.00,0.00,0,0.0,856,0,0.0,0.0
46.1000,54568,0.0,0.0,-7.641,11.623,0.00,0.00,747.8,747.8,503.2,0,0.0,1.6,IDLE,0.00,0.00,0.00,0,0.0,856,0,0.0,0.0
46.1500,54618,0.0,0.0,-7.472,11.623,0.00,0.00,743.1,743.1,503.2,0,0.0,1.6,IDLE,0.00,0.00,0.00,0,0.0,856,0,0.0,0.0
46.2000,54668,0.0,0.0,-7.472,11.623,0.00,0.00,743.1,743.1,502.4,0,0.0,1.2,IDLE,0.00,0.00,0.00,0,0.0,856,0,0.0,0.0
46.2500,54718,0.0,0.0,-7.472,11.623,0.00,0.00,743.1,743.1,502.4,0,0.0,1.2,IDLE,0.00,0.00,0.00,0,0.0,856,0,0.0,0.0
46.3000,54768,0.0,0.0,-7.353,11.623,0.00,0.00,747.2,747.2,502.4,0,0.0,1.2,IDLE,0.00,0.00,0.00,0,0.0,856,0,0.0,0.0
46.3500,54818,0.0,0.0,-7.353,11.623,0.00,0.00,747.2,747.2,503.1,0,0.0,1.6,IDLE,0.00,0.00,0.00,0,0.0,856,0,0.0,0.0
46.4000,54868,0.0,0.0,-7.353,11.623,0.00,0.00,747.2,747.2,503.1,0,0.0,1.6,IDLE,0.00,0.00,0.00,0,0.0,856,0,0.0,0.0
46.4500,54918,0.0,0.0,-7.361,11.623,0.00,0.00,735.0,735.0,503.1,0,0.0,1.6,IDLE,0.00,0.00,0.00,0,0.0,856,0,0.0,0.0
46.5000,54968,0.0,0.0,-7.361,11.623,0.00,0.00,735.0,735.0,502.9,0,0.0,1.4,IDLE,0.00,0.00,0.00,0,0.0,856,0,0.0,0.0
46.5500,55018,0.0,0.0,-7.361,11.623,0.00,0.00,735.0,735.0,502.9,0,0.0,1.4,IDLE,0.00,0.00,0.00,0,0.0,856,0,0.0,0.0
46.6000,55068,0.0,0.0,-7.553,11.623,0.00,0.00,732.2,732.2,502.9,0,0.0,1.4,IDLE,0.00,0.00,0.00,0,0.0,856,0,0.0,0.0
46.6500,55118,0.0,0.0,-7.553,11.623,0.00,0.00,732.2,732.2,502.9,0,0.0,1.4,IDLE,0.00,0.00,0.00,0,0.0,856,0,0.0,0.0
46.7000,55168,0.0,0.0,-7.553,11.623,0.00,0.00,732.2,732.2,501.4,0,0.0,0.7,IDLE,0.00,0.00,0.00,0,0.0,856,0,0.0,0.0
46.7500,55218,0.0,0.0,-7.553,11.623,0.00,0.00,732.2,732.2,501.4,0,0.0,0.7,IDLE,0.00,0.00,0.00,0,0.0,856,0,0.0,0.0
46.8000,55268,0.0,0.0,-7.715,11.623,0.00,0.00,730.9,730.9,501.4,0,0.0,0.7,IDLE,0.00,0.00,0.00,0,0.0,856,0,0.0,0.0
46.8500,55318,0.0,0.0,-7.715,11.623,0.00,0.00,730.9,730.9,503.0,0,0.0,1.5,IDLE,0.00,0.00,0.00,0,0.0,856,0,0.0,0.0
46.9000,55368,0.0,0.0,-7.715,11.623,0.00,0.00,730.9,730.9,503.0,0,0.0,1.5,IDLE,0.00,0.00,0.00,0,0.0,856,0,0.0,0.0
46.9500,55418,0.0,0.0,-7.877,11.623,0.00,0.00,734.1,734.1,503.0,0,0.0,1.5,IDLE,0.00,0.00,0.00,0,0.0,856,0,0.0,0.0
47.0000,55468,0.0,0.0,-7.877,11.623,0.00,0.00,734.1,734.1,502.9,0,0.0,1.4,IDLE,0.00,0.00,0.00,0,0.0,856,0,0.0,0.0
47.0500,55518,0.0,0.0,-7.877,11.623,0.00,0.00,734.1,734.1,502.9,0,0.0,1.4,IDLE,0.00,0.00,0.00,0,0.0,856,0,0.0,0.0
47.1000,55568,0.0,0.0,-8.135,11.623,0.00,0.00,729.7,729.7,502.9,0,0.0,1.4,IDLE,0.00,0.00,0.00,0,0.0,856,0,0.0,0.0
47.1500,55618,0.0,0.0,-8.135,11.623,0.00,0.00,729.7,729.7,502.5,0,0.0,1.2,IDLE,0.00,0.00,0.00,0,0.0,856,0,0.0,0.0
47.2000,55668,0.0,0.0,-8.135,11.623,0.00,0.00,729.7,729.7,502.5,0,0.0,1.2,IDLE,0.00,0.00,0.00,0,0.0,856,0,0.0,0.0
47.2500,55718,0.0,0.0,-8.246,11.623,0.00,0.00,739.7,739.7,502.5,0,0.0,1.2,IDLE,0.00,0.00,0.00,0,0.0,856,0,0.0,0.0
47.3000,55768,0.0,0.0,-8.246,11.623,0.00,0.00,739.7,739.7,501.8,0,0.0,0.9,IDLE,0.00,0.00,0.00,0,0.0,856,0,0.0,0.0
47.3500,55818,0.0,0.0,-8.246,11.623,0.00,0.00,739.7,739.7,501.8,0,0.0,0.9,IDLE,0.00,0.00,0.00,0,0.0,856,0,0.0,0.0
47.4000,55868,0.0,0.0,-8.452,11.623,0.00,0.00,734.7,734.7,501.8,0,0.0,0.9,IDLE,0.00,0.00,0.00,0,0.0,856,0,0.0,0.0
47.4500,55918,0.0,0.0,-8.452,11.623,0.00,0.00,734.7,734.7,501.8,0,0.0,0.9,IDLE,0.00,0.00,0.00,0,0.0,856,0,0.0,0.0
47.5000,55968,0.0,0.0,-8.452,11.623,0.00,0.00,734.7,734.7,502.4,0,0.0,1.2,IDLE,0.00,0.00,0.00,0,0.0,856,0,0.0,0.0
47.5500,56018,0.0,0.0,-8.452,11.623,0.00,0.00,734.7,734.7,502.4,0,0.0,1.2,IDLE,0.00,0.00,0.00,0,0.0,856,0,0.0,0.0
47.6000,56068,0.0,0.0,-8.445,11.623,0.00,0.00,748.1,748.1,502.4,0,0.0,1.2,IDLE,0.00,0.00,0.00,0,0.0,856,0,0.0,0.0
47.6500,56118,0.0,0.0,-8.445,11.623,0.00,0.00,748.1,748.1,503.6,0,0.0,1.8,IDLE,0.00,0.00,0.00,0,0.0,856,0,0.0,0.0
47.7000,56168,0.0,0.0,-8.445,11.623,0.00,0.00,748.1,748.1,503.6,0,0.0,1.8,IDLE,0.00,0.00,0.00,0,0.0,856,0,0.0,0.0
47.7500,56218,0.0,0.0,-8.452,11.623,0.00,0.00,742.8,742.8,503.6,0,0.0,1.8,IDLE,0.00,0.00,0.00,0,0.0,856,0,0.0,0.0
47.8000,56268,0.0,0.0,-8.452,11.623,0.00,0.00,742.8,742.8,502.0,0,0.0,1.0,IDLE,0.00,0.00,0.00,0,0.0,856,0,0.0,0.0
47.8500,56318,0.0,0.0,-8.452,11.623,0.00,0.00,742.8,742.8,502.0,0,0.0,1.0,IDLE,0.00,0.00,0.00,0,0.0,856,0,0.0,0.0
47.9000,56368,0.0,0.0,-8.342,11.623,0.00,0.00,752.2,752.2,502.0,0,0.0,1.0,IDLE,0.00,0.00,0.00,0,0.0,856,0,0.0,0.0
47.9500,56418,0.0,0.0,-8.342,11.623,0.00,0.00,752.2,752.2,502.6,0,0.0,1.3,IDLE,0.00,0.00,0.00,0,0.0,856,0,0.0,0.0
48.0000,56468,0.0,0.0,-8.342,11.623,0.00,0.00,752.2,752.2,502.6,0,0.0,1.3,IDLE,0.00,0.00,0.00,0,0.0,856,0,0.0,0.0
48.0500,56518,0.0,0.0,-8.047,11.623,0.00,0.00,748.1,748.1,502.6,0,0.0,1.3,IDLE,0.00,0.00,0.00,0,0.0,856,0,0.0,0.0
48.1000,56568,0.0,0.0,-8.047,11.623,0.00,0.00,748.1,748.1,502.6,0,0.0,1.3,IDLE,0.00,0.00,0.00,0,0.0,856,0,0.0,0.0
48.1500,56618,0.0,0.0,-8.047,11.623,0.00,0.00,748.1,748.1,501.5,0,0.0,0.8,IDLE,0.00,0.00,0.00,0,0.0,856,0,0.0,0.0
48.2000,56668,0.0,0.0,-8.047,11.623,0.00,0.00,748.1,748.1,501.5,0,0.0,0.8,IDLE,0.00,0.00,0.00,0,0.0,856,0,0.0,0.0
48.2500,56718,0.0,0.0,-7.663,11.623,0.00,0.00,749.7,749.7,501.5,0,0.0,0.8,IDLE,0.00,0.00,0.00,0,0.0,856,0,0.0,0.0
48.3000,56768,0.0,0.0,-7.663,11.623,0.00,0.00,749.7,749.7,501.4,0,0.0,0.7,IDLE,0.00,0.00,0.00,0,0.0,856,0,0.0,0.0
48.3500,56818,0.0,0.0,-7.663,11.623,0.00,0.00,749.7,749.7,501.4,0,0.0,0.7,IDLE,0.00,0.00,0.00,0,0.0,856,0,0.0,0.0
48.4000,56868,0.0,0.0,-7.280,11.623,0.00,0.00,748.1,748.1,501.4,0,0.0,0.7,IDLE,0.00,0.00,0.00,0,0.0,856,0,0.0,0.0
48.4500,56918,0.0,0.0,-7.280,11.623,0.00,0.00,748.1,748.1,501.0,0,0.0,0.5,IDLE,0.00,0.00,0.00,0,0.0,856,0,0.0,0.0
48.5000,56968,0.0,0.0,-7.280,11.623,0.00,0.00,748.1,748.1,501.0,0,0.0,0.5,IDLE,0.00,0.00,0.00,0,0.0,856,0,0.0,0.0
48.5500,57018,0.0,0.0,-6.999,11.623,0.00,0.00,746.9,746.9,501.0,0,0.0,0.5,IDLE,0.00,0.00,0.00,0,0.0,856,0,0.0,0.0
48.6000,57068,0.0,0.0,-6.999,11.623,0.00,0.00,746.9,746.9,503.1,0,0.0,1.6,IDLE,0.00,0.00,0.00,0,0.0,856,0,0.0,0.0
48.6500,57118,0.0,0.0,-6.999,11.623,0.00,0.00,746.9,746.9,503.1,0,0.0,1.6,IDLE,0.00,0.00,0.00,0,0.0,856,0,0.0,0.0
48.7000,57168,0.0,0.0,-6.645,11.623,0.00,0.00,745.6,745.6,503.1,0,0.0,1.6,IDLE,0.00,0.00,0.00,0,0.0,856,0,0.0,0.0
48.7500,57218,0.0,0.0,-6.645,11.623,0.00,0.00,745.6,745.6,502.9,0,0.0,1.4,IDLE,0.00,0.00,0.00,0,0.0,856,0,0.0,0.0
48.8000,57268,0.0,0.0,-6.645,11.623,0.00,0.00,745.6,745.6,502.9,0,0.0,1.4,IDLE,0.00,0.00,0.00,0,0.0,856,0,0.0,0.0
48.8500,57318,0.0,0.0,-6.505,11.623,0.00,0.00,745.9,745.9,502.9,0,0.0,1.4,IDLE,0.00,0.00,0.00,0,0.0,856,0,0.0,0.0
48.9000,57368,0.0,0.0,-6.505,11.623,0.00,0.00,745.9,745.9,502.9,0,0.0,1.4,IDLE,0.00,0.00,0.00,0,0.0,856,0,0.0,0.0
48.9500,57418,0.0,0.0,-6.505,11.623,0.00,0.00,745.9,745.9,503.5,0,0.0,1.8,IDLE,0.00,0.00,0.00,0,0.0,856,0,0.0,0.0
49.0000,57468,0.0,0.0,-6.505,11.623,0.00,0.00,745.9,745.9,503.5,0,0.0,1.8,IDLE,0.00,0.00,0.00,0,0.0,856,0,0.0,0.0
49.0500,57518,0.0,0.0,-6.306,11.623,0.00,0.00,743.8,743.8,503.5,0,0.0,1.8,IDLE,0.00,0.00,0.00,0,0.0,856,0,0.0,0.0
49.1000,57568,0.0,0.0,-6.306,11.623,0.00,0.00,743.8,743.8,501.4,0,0.0,0.7,IDLE,0.00,0.00,0.00,0,0.0,856,0,0.0,0.0
49.1500,57618,0.0,0.0,-6.306,11.623,0.00,0.00,743.8,743.8,501.4,0,0.0,0.7,IDLE,0.00,0.00,0.00,0,0.0,856,0,0.0,0.0
49.2000,57668,0.0,0.0,-6.277,11.623,0.00,0.00,749.4,749.4,501.4,0,0.0,0.7,IDLE,0.00,0.00,0.00,0,0.0,856,0,0.0,0.0
49.2500,57718,0.0,0.0,-6.277,11.623,0.00,0.00,749.4,749.4,502.8,0,0.0,1.4,IDLE,0.00,0.00,0.00,0,0.0,856,0,0.0,0.0
49.3000,57768,0.0,0.0,-6.277,11.623,0.00,0.00,749.4,749.4,502.8,0,0.0,1.4,IDLE,0.00,0.00,0.00,0,0.0,856,0,0.0,0.0
49.3500,57818,0.0,0.0,-6.137,11.623,0.00,0.00,749.4,749.4,502.8,0,0.0,1.4,IDLE,0.00,0.00,0.00,0,0.0,856,0,0.0,0.0
49.4000,57868,0.0,0.0,-6.137,11.623,0.00,0.00,749.4,749.4,501.3,0,0.0,0.6,IDLE,0.00,0.00,0.00,0,0.0,856,0,0.0,0.0
49.4500,57918,0.0,0.0,-6.137,11.623,0.00,0.00,749.4,749.4,501.3,0,0.0,0.6,IDLE,0.00,0.00,0.00,0,0.0,856,0,0.0,0.0
49.5000,57968,0.0,0.0,-6.107,11.623,0.00,0.00,753.4,753.4,501.3,0,0.0,0.6,IDLE,0.00,0.00,0.00,0,0.0,856,0,0.0,0.0
49.5500,58018,0.0,0.0,-6.107,11.623,0.00,0.00,753.4,753.4,501.3,0,0.0,0.6,IDLE,0.00,0.00,0.00,0,0.0,856,0,0.0,0.0
49.6000,58068,0.0,0.0,-6.107,11.623,0.00,0.00,753.4,753.4,502.8,0,0.0,1.4,IDLE,0.00,0.00,0.00,0,0.0,856,0,0.0,0.0
49.6500,58118,0.0,0.0,-6.107,11.623,0.00,0.00,753.4,753.4,502.8,0,0.0,1.4,IDLE,0.00,0.00,0.00,0,0.0,856,0,0.0,0.0
49.7000,58168,0.0,0.0,-5.967,11.623,0.00,0.00,754.3,754.3,502.8,0,0.0,1.4,IDLE,0.00,0.00,0.00,0,0.0,856,0,0.0,0.0
49.7500,58218,0.0,0.0,-5.967,11.623,0.00,0.00,754.3,754.3,502.3,0,0.0,1.1,IDLE,0.00,0.00,0.00,0,0.0,856,0,0.0,0.0
49.8000,58268,0.0,0.0,-5.967,11.623,0.00,0.00,754.3,754.3,502.3,0,0.0,1.1,IDLE,0.00,0.00,0.00,0,0.0,856,0,0.0,0.0
49.8500,58318,0.0,0.0,-6.358,11.623,0.00,0.00,732.2,732.2,502.3,0,0.0,1.1,IDLE,0.00,0.00,0.00,0,0.0,856,0,0.0,0.0
49.9000,58368,0.0,0.0,-6.358,11.623,0.00,0.00,732.2,732.2,503.4,0,0.0,1.7,IDLE,0.00,0.00,0.00,0,0.0,856,0,0.0,0.0
49.9500,58418,0.0,0.0,-6.358,11.623,0.00,0.00,732.2,732.2,503.4,0,0.0,1.7,IDLE,0.00,0.00,0.00,0,0.0,856,0,0.0,0.0
50.0000,58468,0.0,0.0,-6.631,11.623,0.00,0.00,735.6,735.6,503.4,0,0.0,1.7,IDLE,0.00,0.00,0.00,0,0.0,856,0,0.0,0.0
50.0500,58518,0.0,0.0,-6.631,11.623,0.00,0.00,735.6,735.6,503.0,0,0.0,1.5,IDLE,0.00,0.00,0.00,0,0.0,856,0,0.0,0.0
50.1000,58568,0.0,0.0,-6.631,11.623,0.00,0.00,735.6,735.6,503.0,0,0.0,1.5,IDLE,0.00,0.00,0.00,0,0.0,856,0,0.0,0.0
50.1500,58618,0.0,0.0,-6.830,11.623,0.00,0.00,737.8,737.8,503.0,0,0.0,1.5,IDLE,0.00,0.00,0.00,0,0.0,856,0,0.0,0.0
50.2000,58668,0.0,0.0,-6.830,11.623,0.00,0.00,737.8,737.8,501.6,0,0.0,0.8,IDLE,0.00,0.00,0.00,0,0.0,856,0,0.0,0.0
50.2500,58718,0.0,0.0,-6.830,11.623,0.00,0.00,737.8,737.8,501.6,0,0.0,0.8,IDLE,0.00,0.00,0.00,0,0.0,856,0,0.0,0.0
50.3000,58768,0.0,0.0,-7.162,11.623,0.00,0.00,730.9,730.9,501.6,0,0.0,0.8,IDLE,0.00,0.00,0.00,0,0.0,856,0,0.0,0.0
50.3500,58818,0.0,0.0,-7.162,11.623,0.00,0.00,730.9,730.9,501.6,0,0.0,0.8,IDLE,0.00,0.00,0.00,0,0.0,856,0,0.0,0.0
50.4000,58868,0.0,0.0,-7.162,11.623,0.00,0.00,730.9,730.9,500.1,0,0.0,0.1,IDLE,0.00,0.00,0.00,0,0.0,856,0,0.0,0.0
50.4500,58918,0.0,0.0,-7.162,11.623,0.00,0.00,730.9,730.9,500.1,0,0.0,0.1,IDLE,0.00,0.00,0.00,0,0.0,856,0,0.0,0.0
50.5000,58968,0.0,0.0,-7.464,11.623,0.00,0.00,732.2,732.2,500.1,0,0.0,0.1,IDLE,0.00,0.00,0.00,0,0.0,856,0,0.0,0.0
50.5500,59018,0.0,0.0,-7.464,11.623,0.00,0.00,732.2,732.2,502.1,0,0.0,1.1,IDLE,0.00,0.00,0.00,0,0.0,856,0,0.0,0.0
50.6000,59068,0.0,0.0,-7.464,11.623,0.00,0.00,732.2,732.2,502.1,0,0.0,1.1,IDLE,0.00,0.00,0.00,0,0.0,856,0,0.0,0.0
50.6500,59118,0.0,0.0,-7.649,11.623,0.00,0.00,735.3,735.3,502.1,0,0.0,1.1,IDLE,0.00,0.00,0.00,0,0.0,856,0,0.0,0.0
50.7000,59168,0.0,0.0,-7.649,11.623,0.00,0.00,735.3,735.3,501.5,0,0.0,0.8,IDLE,0.00,0.00,0.00,0,0.0,856,0,0.0,0.0
50.7500,59218,0.0,0.0,-7.649,11.623,0.00,0.00,735.3,735.3,501.5,0,0.0,0.8,IDLE,0.00,0.00,0.00,0,0.0,856,0,0.0,0.0
50.8000,59268,0.0,0.0,-7.980,11.623,0.00,0.00,734.4,734.4,501.5,0,0.0,0.8,IDLE,0.00,0.00,0.00,0,0.0,856,0,0.0,0.0
50.8500,59318,0.0,0.0,-7.980,11.623,0.00,0.00,734.4,734.4,501.1,0,0.0,0.6,IDLE,0.00,0.00,0.00,0,0.0,856,0,0.0,0.0
50.9000,59368,0.0,0.0,-7.980,11.623,0.00,0.00,734.4,734.4,501.1,0,0.0,0.6,IDLE,0.00,0.00,0.00,0,0.0,856,0,0.0,0.0
50.9500,59418,0.0,0.0,-8.113,11.623,0.00,0.00,743.4,743.4,501.1,0,0.0,0.6,IDLE,0.00,0.00,0.00,0,0.0,856,0,0.0,0.0
51.0000,59468,0.0,0.0,-8.113,11.623,0.00,0.00,743.4,743.4,501.8,0,0.0,0.9,IDLE,0.00,0.00,0.00,0,0.0,856,0,0.0,0.0
51.0500,59518,0.0,0.0,-8.113,11.623,0.00,0.00,743.4,743.4,501.8,0,0.0,0.9,IDLE,0.00,0.00,0.00,0,0.0,856,0,0.0,0.0
51.1000,59568,0.0,0.0,-8.386,11.623,0.00,0.00,740.9,740.9,501.8,0,0.0,0.9,IDLE,0.00,0.00,0.00,0,0.0,856,0,0.0,0.0
51.1500,59618,0.0,0.0,-8.386,11.623,0.00,0.00,740.9,740.9,501.8,0,0.0,0.9,IDLE,0.00,0.00,0.00,0,0.0,856,0,0.0,0.0
51.2000,59668,0.0,0.0,-8.386,11.623,0.00,0.00,740.9,740.9,501.1,0,0.0,0.6,IDLE,0.00,0.00,0.00,0,0.0,856,0,0.0,0.0
51.2500,59718,0.0,0.0,-8.386,11.623,0.00,0.00,740.9,740.9,501.1,0,0.0,0.6,IDLE,0.00,0.00,0.00,0,0.0,856,0,0.0,0.0
51.3000,59768,0.0,0.0,-8.578,11.623,0.00,0.00,745.9,745.9,501.1,0,0.0,0.6,IDLE,0.00,0.00,0.00,0,0.0,856,0,0.0,0.0
51.3500,59818,0.0,0.0,-8.578,11.623,0.00,0.00,745.9,745.9,501.4,0,0.0,0.7,IDLE,0.00,0.00,0.00,0,0.0,856,0,0.0,0.0
51.4000,59868,0.0,0.0,-8.578,11.623,0.00,0.00,745.9,745.9,501.4,0,0.0,0.7,IDLE,0.00,0.00,0.00,0,0.0,856,0,0.0,0.0
51.4500,59918,0.0,0.0,-8.357,11.623,0.00,0.00,741.9,741.9,501.4,0,0.0,0.7,IDLE,0.00,0.00,0.00,0,0.0,856,0,0.0,0.0
51.5000,59968,0.0,0.0,-8.357,11.623,0.00,0.00,741.9,741.9,500.8,0,0.0,0.4,IDLE,0.00,0.00,0.00,0,0.0,856,0,0.0,0.0
51.5500,60018,0.0,0.0,-8.357,11.623,0.00,0.00,741.9,741.9,500.8,0,0.0,0.4,IDLE,0.00,0.00,0.00,0,0.0,856,0,0.0,0.0
51.6000,60068,0.0,0.0,-8.187,11.623,0.00,0.00,743.4,743.4,500.8,0,0.0,0.4,IDLE,0.00,0.00,0.00,0,0.0,856,0,0.0,0.0
51.6500,60118,0.0,0.0,-8.187,11.623,0.00,0.00,743.4,743.4,500.9,0,0.0,0.4,IDLE,0.00,0.00,0.00,0,0.0,856,0,0.0,0.0
51.7000,60168,0.0,0.0,-8.187,11.623,0.00,0.00,743.4,743.4,500.9,0,0.0,0.4,IDLE,0.00,0.00,0.00,0,0.0,856,0,0.0,0.0
51.7500,60218,0.0,0.0,-8.150,11.623,0.00,0.00,739.4,739.4,500.9,0,0.0,0.4,IDLE,0.00,0.00,0.00,0,0.0,856,0,0.0,0.0
51.8000,60268,0.0,0.0,-8.150,11.623,0.00,0.00,739.4,739.4,500.9,0,0.0,0.4,IDLE,0.00,0.00,0.00,0,0.0,856,0,0.0,0.0
51.8500,60318,0.0,0.0,-8.150,11.623,0.00,0.00,739.4,739.4,500.3,0,0.0,0.1,IDLE,0.00,0.00,0.00,0,0.0,856,0,0.0,0.0
51.9000,60368,0.0,0.0,-8.150,11.623,0.00,0.00,739.4,739.4,500.3,0,0.0,0.1,IDLE,0.00,0.00,0.00,0,0.0,856,0,0.0,0.0
51.9500,60418,0.0,0.0,-7.840,11.623,0.00,0.00,745.0,745.0,500.3,0,0.0,0.1,IDLE,0.00,0.00,0.00,0,0.0,856,0,0.0,0.0
52.0000,60468,0.0,0.0,-7.840,11.623,0.00,0.00,745.0,745.0,501.6,0,0.0,0.8,IDLE,0.00,0.00,0.00,0,0.0,856,0,0.0,0.0
52.0500,60518,0.0,0.0,-7.840,11.623,0.00,0.00,745.0,745.0,501.6,0,0.0,0.8,IDLE,0.00,0.00,0.00,0,0.0,856,0,0.0,0.0
52.1000,60568,0.0,0.0,-7.634,11.623,0.00,0.00,741.6,741.6,501.6,0,0.0,0.8,IDLE,0.00,0.00,0.00,0,0.0,856,0,0.0,0.0
52.1500,60618,0.0,0.0,-7.634,11.623,0.00,0.00,741.6,741.6,502.6,0,0.0,1.3,IDLE,0.00,0.00,0.00,0,0.0,856,0,0.0,0.0
52.2000,60668,0.0,0.0,-7.634,11.623,0.00,0.00,741.6,741.6,502.6,0,0.0,1.3,IDLE,0.00,0.00,0.00,0,0.0,856,0,0.0,0.0
52.2500,60718,0.0,0.0,-7.280,11.623,0.00,0.00,751.2,751.2,502.6,0,0.0,1.3,IDLE,0.00,0.00,0.00,0,0.0,856,0,0.0,0.0
52.3000,60768,0.0,0.0,-7.280,11.623,0.00,0.00,751.2,751.2,502.3,0,0.0,1.1,IDLE,0.00,0.00,0.00,0,0.0,856,0,0.0,0.0
52.3500,60818,0.0,0.0,-7.280,11.623,0.00,0.00,751.2,751.2,502.3,0,0.0,1.1,IDLE,0.00,0.00,0.00,0,0.0,856,0,0.0,0.0
52.4000,60868,0.0,0.0,-6.918,11.623,0.00,0.00,750.6,750.6,502.3,0,0.0,1.1,IDLE,0.00,0.00,0.00,0,0.0,856,0,0.0,0.0
52.4500,60918,0.0,0.0,-6.918,11.623,0.00,0.00,750.6,750.6,501.4,0,0.0,0.7,IDLE,0.00,0.00,0.00,0,0.0,856,0,0.0,0.0
52.5000,60968,0.0,0.0,-6.918,11.623,0.00,0.00,750.6,750.6,501.4,0,0.0,0.7,IDLE,0.00,0.00,0.00,0,0.0,856,0,0.0,0.0
52.5500,61018,0.0,0.0,-6.645,11.623,0.00,0.00,755.9,755.9,501.4,0,0.0,0.7,IDLE,0.00,0.00,0.00,0,0.0,856,0,0.0,0.0
52.6000,61068,0.0,0.0,-6.645,11.623,0.00,0.00,755.9,755.9,501.4,0,0.0,0.7,IDLE,0.00,0.00,0.00,0,0.0,856,0,0.0,0.0
52.6500,61118,0.0,0.0,-6.645,11.623,0.00,0.00,755.9,755.9,500.1,0,0.0,0.1,IDLE,0.00,0.00,0.00,0,0.0,856,0,0.0,0.0
52.7000,61168,0.0,0.0,-6.645,11.623,0.00,0.00,755.9,755.9,500.1,0,0.0,0.1,IDLE,0.00,0.00,0.00,0,0.0,856,0,0.0,0.0
52.7500,61218,0.0,0.0,-6.269,11.623,0.00,0.00,757.8,757.8,500.1,0,0.0,0.1,IDLE,0.00,0.00,0.00,0,0.0,856,0,0.0,0.0
52.8000,61268,0.0,0.0,-6.269,11.623,0.00,0.00,757.8,757.8,501.5,0,0.0,0.8,IDLE,0.00,0.00,0.00,0,0.0,856,0,0.0,0.0
52.8500,61318,0.0,0.0,-6.269,11.623,0.00,0.00,757.8,757.8,501.5,0,0.0,0.8,IDLE,0.00,0.00,0.00,0,0.0,856,0,0.0,0.0
52.9000,61368,0.0,0.0,-6.196,11.623,0.00,0.00,749.2,749.2,501.5,0,0.0,0.8,IDLE,0.00,0.00,0.00,0,0.0,856,0,0.0,0.0
52.9500,61418,0.0,0.0,-6.196,11.623,0.00,0.00,749.2,749.2,501.5,0,0.0,0.8,IDLE,0.00,0.00,0.00,0,0.0,856,0,0.0,0.0
53.0000,61468,0.0,0.0,-6.196,11.623,0.00,0.00,749.2,749.2,501.5,0,0.0,0.8,IDLE,0.00,0.00,0.00,0,0.0,856,0,0.0,0.0
53.0500,61518,0.0,0.0,-6.454,11.623,0.00,0.00,730.3,730.3,501.5,0,0.0,0.8,IDLE,0.00,0.00,0.00,0,0.0,856,0,0.0,0.0
53.1000,61568,0.0,0.0,-6.454,11.623,0.00,0.00,730.3,730.3,502.1,0,0.0,1.1,IDLE,0.00,0.00,0.00,0,0.0,856,0,0.0,0.0
53.1500,61618,0.0,0.0,-6.454,11.623,0.00,0.00,730.3,730.3,502.1,0,0.0,1.1,IDLE,0.00,0.00,0.00,0,0.0,856,0,0.0,0.0
53.2000,61668,0.0,0.0,-6.690,11.623,0.00,0.00,732.8,732.8,502.1,0,0.0,1.1,IDLE,0.00,0.00,0.00,0,0.0,856,0,0.0,0.0
53.2500,61718,0.0,0.0,-6.690,11.623,0.00,0.00,732.8,732.8,502.1,0,0.0,1.1,IDLE,0.00,0.00,0.00,0,0.0,856,0,0.0,0.0
53.3000,61768,0.0,0.0,-6.690,11.623,0.00,0.00,732.8,732.8,501.4,0,0.0,0.7,IDLE,0.00,0.00,0.00,0,0.0,856,0,0.0,0.0
53.3500,61818,0.0,0.0,-6.690,11.623,0.00,0.00,732.8,732.8,501.4,0,0.0,0.7,IDLE,0.00,0.00,0.00,0,0.0,856,0,0.0,0.0
53.4000,61868,0.0,0.0,-6.845,11.623,0.00,0.00,732.2,732.2,501.4,0,0.0,0.7,IDLE,0.00,0.00,0.00,0,0.0,856,0,0.0,0.0
53.4500,61918,0.0,0.0,-6.845,11.623,0.00,0.00,732.2,732.2,501.1,0,0.0,0.6,IDLE,0.00,0.00,0.00,0,0.0,856,0,0.0,0.0
53.5000,61968,0.0,0.0,-6.845,11.623,0.00,0.00,732.2,732.2,501.1,0,0.0,0.6,IDLE,0.00,0.00,0.00,0,0.0,856,0,0.0,0.0
53.5500,62018,0.0,0.0,-7.147,11.623,0.00,0.00,731.6,731.6,501.1,0,0.0,0.6,IDLE,0.00,0.00,0.00,0,0.0,856,0,0.0,0.0
53.6000,62068,0.0,0.0,-7.147,11.623,0.00,0.00,731.6,731.6,501.3,0,0.0,0.6,IDLE,0.00,0.00,0.00,0,0.0,856,0,0.0,0.0
53.6500,62118,0.0,0.0,-7.147,11.623,0.00,0.00,731.6,731.6,501.3,0,0.0,0.6,IDLE,0.00,0.00,0.00,0,0.0,856,0,0.0,0.0
53.7000,62168,0.0,0.0,-7.140,11.623,0.00,0.00,741.9,741.9,501.3,0,0.0,0.6,IDLE,0.00,0.00,0.00,0,0.0,856,0,0.0,0.0
53.7500,62218,0.0,0.0,-7.140,11.623,0.00,0.00,741.9,741.9,502.5,0,0.0,1.2,IDLE,0.00,0.00,0.00,0,0.0,856,0,0.0,0.0
53.8000,62268,0.0,0.0,-7.140,11.623,0.00,0.00,741.9,741.9,502.5,0,0.0,1.2,IDLE,0.00,0.00,0.00,0,0.0,856,0,0.0,0.0
53.8500,62318,0.0,0.0,-7.383,11.623,0.00,0.00,740.3,740.3,502.5,0,0.0,1.2,IDLE,0.00,0.00,0.00,0,0.0,856,0,0.0,0.0
53.9000,62368,0.0,0.0,-7.383,11.623,0.00,0.00,740.3,740.3,502.6,0,0.0,1.3,IDLE,0.00,0.00,0.00,0,0.0,856,0,0.0,0.0
53.9500,62418,0.0,0.0,-7.383,11.623,0.00,0.00,740.3,740.3,502.6,0,0.0,1.3,IDLE,0.00,0.00,0.00,0,0.0,856,0,0.0,0.0
54.0000,62468,0.0,0.0,-7.449,11.623,0.00,0.00,747.5,747.5,502.6,0,0.0,1.3,IDLE,0.00,0.00,0.00,0,0.0,856,0,0.0,0.0
54.0500,62518,0.0,0.0,-7.449,11.623,0.00,0.00,747.5,747.5,502.6,0,0.0,1.3,IDLE,0.00,0.00,0.00,0,0.0,856,0,0.0,0.0
54.1000,62568,0.0,0.0,-7.449,11.623,0.00,0.00,747.5,747.5,501.4,0,0.0,0.7,IDLE,0.00,0.00,0.00,0,0.0,856,0,0.0,0.0
54.1500,62618,0.0,0.0,-7.449,11.623,0.00,0.00,747.5,747.5,501.4,0,0.0,0.7,IDLE,0.00,0.00,0.00,0,0.0,856,0,0.0,0.0
54.2000,62668,0.0,0.0,-7.715,11.623,0.00,0.00,744.1,744.1,501.4,0,0.0,0.7,IDLE,0.00,0.00,0.00,0,0.0,856,0,0.0,0.0
54.2500,62718,0.0,0.0,-7.715,11.623,0.00,0.00,744.1,744.1,501.9,0,0.0,0.9,IDLE,0.00,0.00,0.00,0,0.0,856,0,0.0,0.0
54.3000,62768,0.0,0.0,-7.715,11.623,0.00,0.00,744.1,744.1,501.9,0,0.0,0.9,IDLE,0.00,0.00,0.00,0,0.0,856,0,0.0,0.0
54.3500,62818,0.0,0.0,-7.988,11.623,0.00,0.00,745.3,745.3,501.9,0,0.0,0.9,IDLE,0.00,0.00,0.00,0,0.0,856,0,0.0,0.0
54.4000,62868,0.0,0.0,-7.988,11.623,0.00,0.00,745.3,745.3,501.1,0,0.0,0.6,IDLE,0.00,0.00,0.00,0,0.0,856,0,0.0,0.0
54.4500,62918,0.0,0.0,-7.988,11.623,0.00,0.00,745.3,745.3,501.1,0,0.0,0.6,IDLE,0.00,0.00,0.00,0,0.0,856,0,0.0,0.0
54.5000,62968,0.0,0.0,-8.128,11.623,0.00,0.00,742.8,742.8,501.1,0,0.0,0.6,IDLE,0.00,0.00,0.00,0,0.0,856,0,0.0,0.0
54.5500,63018,0.0,0.0,-8.128,11.623,0.00,0.00,742.8,742.8,503.8,0,0.0,1.9,IDLE,0.00,0.00,0.00,0,0.0,856,0,0.0,0.0
54.6000,63068,0.0,0.0,-8.128,11.623,0.00,0.00,742.8,742.8,503.8,0,0.0,1.9,IDLE,0.00,0.00,0.00,0,0.0,856,0,0.0,0.0
54.6500,63118,0.0,0.0,-7.759,11.623,0.00,0.00,747.2,747.2,503.8,0,0.0,1.9,IDLE,0.00,0.00,0.00,0,0.0,856,0,0.0,0.0
54.7000,63168,0.0,0.0,-7.759,11.623,0.00,0.00,747.2,747.2,503.8,0,0.0,1.9,IDLE,0.00,0.00,0.00,0,0.0,856,0,0.0,0.0
54.7500,63218,0.0,0.0,-7.759,11.623,0.00,0.00,747.2,747.2,502.8,0,0.0,1.4,IDLE,0.00,0.00,0.00,0,0.0,856,0,0.0,0.0
54.8000,63268,0.0,0.0,-7.759,11.623,0.00,0.00,747.2,747.2,502.8,0,0.0,1.4,IDLE,0.00,0.00,0.00,0,0.0,856,0,0.0,0.0
54.8500,63318,0.0,0.0,-7.472,11.623,0.00,0.00,745.6,745.6,502.8,0,0.0,1.4,IDLE,0.00,0.00,0.00,0,0.0,856,0,0.0,0.0
54.9000,63368,0.0,0.0,-7.472,11.623,0.00,0.00,745.6,745.6,501.6,0,0.0,0.8,IDLE,0.00,0.00,0.00,0,0.0,856,0,0.0,0.0
54.9500,63418,0.0,0.0,-7.472,11.623,0.00,0.00,745.6,745.6,501.6,0,0.0,0.8,IDLE,0.00,0.00,0.00,0,0.0,856,0,0.0,0.0
55.0000,63468,0.0,0.0,-7.007,11.623,0.00,0.00,753.4,753.4,501.6,0,0.0,0.8,IDLE,0.00,0.00,0.00,0,0.0,856,0,0.0,0.0
55.0500,63518,0.0,0.0,-7.007,11.623,0.00,0.00,753.4,753.4,501.5,0,0.0,0.8,IDLE,0.00,0.00,0.00,0,0.0,856,0,0.0,0.0
55.1000,63568,0.0,0.0,-7.007,11.623,0.00,0.00,753.4,753.4,501.5,0,0.0,0.8,IDLE,0.00,0.00,0.00,0,0.0,856,0,0.0,0.0
55.1500,63618,0.0,0.0,-6.498,11.623,0.00,0.00,754.4,754.4,501.5,0,0.0,0.8,IDLE,0.00,0.00,0.00,0,0.0,856,0,0.0,0.0
55.2000,63668,0.0,0.0,-6.498,11.623,0.00,0.00,754.4,754.4,502.6,0,0.0,1.3,IDLE,0.00,0.00,0.00,0,0.0,856,0,0.0,0.0
55.2500,63718,0.0,0.0,-6.498,11.623,0.00,0.00,754.4,754.4,502.6,0,0.0,1.3,IDLE,0.00,0.00,0.00,0,0.0,856,0,0.0,0.0
55.3000,63768,0.0,0.0,-6.247,11.623,0.00,0.00,753.1,753.1,502.6,0,0.0,1.3,IDLE,0.00,0.00,0.00,0,0.0,856,0,0.0,0.0
55.3500,63818,0.0,0.0,-6.247,11.623,0.00,0.00,753.1,753.1,501.3,0,0.0,0.6,IDLE,0.00,0.00,0.00,0,0.0,856,0,0.0,0.0
114.6000,123068,0.0,875.4,8.991,11.623,1.50,1.94,725.0,725.0,504.3,0,0.0,2.1,IDLE,0.00,0.00,0.00,0,0.0,1070,0,875.4,807.9
114.6500,123118,0.0,875.4,8.991,11.623,1.50,1.94,725.0,725.0,504.3,0,0.0,2.1,IDLE,0.00,0.00,0.00,0,0.0,1072,0,875.4,807.9
114.7000,123168,0.0,875.4,10.437,11.623,1.74,1.94,594.1,594.1,504.3,0,0.0,2.1,IDLE,0.00,0.00,0.00,0,0.0,1075,0,875.4,807.9
114.7500,123218,0.0,875.4,10.437,11.623,1.74,1.94,594.1,594.1,504.3,0,0.0,2.1,IDLE,0.00,0.00,0.00,0,0.0,1076,0,875.4,807.9
114.8000,123268,0.0,875.4,10.437,11.623,1.74,1.94,594.1,594.1,502.0,0,0.0,1.0,IDLE,0.00,0.00,0.00,0,0.0,1078,0,875.4,807.9
114.8500,123318,0.0,875.4,10.437,11.623,1.74,1.94,594.1,594.1,502.0,0,0.0,1.0,IDLE,0.00,0.00,0.00,0,0.0,1080,0,875.4,807.9
114.9000,123368,0.0,875.4,5.790,11.623,0.97,1.94,758.1,758.1,502.0,0,0.0,1.0,IDLE,0.00,0.00,0.00,0,0.0,1081,0,875.4,807.9
114.9500,123418,0.0,875.4,5.790,11.623,0.97,1.94,758.1,758.1,503.5,0,0.0,1.8,IDLE,0.00,0.00,0.00,0,0.0,1083,0,875.4,807.9
115.0000,123468,0.0,875.4,5.790,11.623,0.97,1.94,758.1,758.1,503.5,0,0.0,1.8,IDLE,0.00,0.00,0.00,0,0.0,1084,0,875.4,807.9
115.0500,123518,0.0,875.4,6.373,11.623,1.06,1.94,814.7,814.7,503.5,0,0.0,1.8,IDLE,0.00,0.00,0.00,0,0.0,1086,0,875.4,807.9
115.1000,123568,0.0,875.4,6.373,11.623,1.06,1.94,814.7,814.7,502.8,0,0.0,1.4,IDLE,0.00,0.00,0.00,0,0.0,1088,0,875.4,807.9
115.1500,123618,0.0,875.4,6.373,11.623,1.06,1.94,814.7,814.7,502.8,0,0.0,1.4,IDLE,0.00,0.00,0.00,0,0.0,1089,0,875.4,807.9
115.2000,123668,0.0,875.4,8.740,11.623,1.46,1.94,830.3,830.3,502.8,0,0.0,1.4,IDLE,0.00,0.00,0.00,0,0.0,1091,0,875.4,807.9
115.2500,123718,0.0,875.4,8.740,11.623,1.46,1.94,830.3,830.3,503.4,0,0.0,1.7,IDLE,0.00,0.00,0.00,0,0.0,1093,0,875.4,807.9
115.3000,123768,0.0,875.4,8.740,11.623,1.46,1.94,830.3,830.3,503.4,0,0.0,1.7,IDLE,0.00,0.00,0.00,0,0.0,1094,0,875.4,807.9
115.3500,123818,0.0,875.4,6.690,11.623,1.12,1.94,729.7,729.7,503.4,0,0.0,1.7,IDLE,0.00,0.00,0.00,0,0.0,1096,0,875.4,807.9
115.4000,123868,0.0,875.4,6.690,11.623,1.12,1.94,729.7,729.7,502.0,0,0.0,1.0,IDLE,0.00,0.00,0.00,0,0.0,1098,0,875.4,807.9
115.4500,123918,0.0,875.4,6.690,11.623,1.12,1.94,729.7,729.7,502.0,0,0.0,1.0,IDLE,0.00,0.00,0.00,0,0.0,1099,0,875.4,807.9
115.5000,123968,0.0,875.4,-3.703,11.623,-0.62,1.94,598.4,598.4,502.0,0,0.0,1.0,IDLE,0.00,0.00,0.00,0,0.0,1101,0,875.4,807.9
115.5500,124018,0.0,875.4,-3.703,11.623,-0.62,1.94,598.4,598.4,502.0,0,0.0,1.0,IDLE,0.00,0.00,0.00,0,0.0,1103,0,875.4,807.9
115.6000,124068,0.0,875.4,-3.703,11.623,-0.62,1.94,598.4,598.4,501.8,0,0.0,0.9,IDLE,0.00,0.00,0.00,0,0.0,1104,0,875.4,807.9
115.6500,124118,0.0,875.4,-3.703,11.623,-0.62,1.94,598.4,598.4,501.8,0,0.0,0.9,IDLE,0.00,0.00,0.00,0,0.0,1106,0,875.4,807.9
115.7000,124168,0.0,875.4,-7.376,11.623,-1.23,1.94,824.4,824.4,501.8,0,0.0,0.9,IDLE,0.00,0.00,0.00,0,0.0,1107,0,875.4,807.9
115.7500,124218,0.0,875.4,-7.376,11.623,-1.23,1.94,824.4,824.4,501.9,0,0.0,0.9,IDLE,0.00,0.00,0.00,0,0.0,1109,0,875.4,807.9
115.8000,124268,0.0,875.4,-7.376,11.623,-1.23,1.94,824.4,824.4,501.9,0,0.0,0.9,IDLE,0.00,0.00,0.00,0,0.0,1111,0,875.4,807.9
115.8500,124318,0.0,875.4,-3.216,11.623,-0.54,1.94,815.6,815.6,501.9,0,0.0,0.9,IDLE,0.00,0.00,0.00,0,0.0,1113,0,875.4,807.9
115.9000,124368,0.0,875.4,-3.216,11.623,-0.54,1.94,815.6,815.6,504.4,0,0.0,2.2,IDLE,0.00,0.00,0.00,0,0.0,1115,0,875.4,807.9
115.9500,124418,0.0,875.4,-3.216,11.623,-0.54,1.94,815.6,815.6,504.4,0,0.0,2.2,IDLE,0.00,0.00,0.00,0,0.0,1116,0,875.4,807.9
116.0000,124468,0.0,875.4,-7.398,11.623,-1.23,1.94,731.6,731.6,504.4,0,0.0,2.2,IDLE,0.00,0.00,0.00,0,0.0,1118,0,875.4,807.9
116.0500,124518,0.0,875.4,-7.398,11.623,-1.23,1.94,731.6,731.6,502.6,0,0.0,1.3,IDLE,0.00,0.00,0.00,0,0.0,1120,0,875.4,807.9
116.1000,124568,0.0,875.4,-7.398,11.623,-1.23,1.94,731.6,731.6,502.6,0,0.0,1.3,IDLE,0.00,0.00,0.00,0,0.0,1121,0,875.4,807.9
116.1500,124618,0.0,875.4,-6.955,11.623,-1.16,1.94,745.0,745.0,502.6,0,0.0,1.3,IDLE,0.00,0.00,0.00,0,0.0,1123,0,875.4,807.9
116.2000,124668,0.0,875.4,-6.955,11.623,-1.16,1.94,745.0,745.0,502.6,0,0.0,1.3,IDLE,0.00,0.00,0.00,0,0.0,1125,0,875.4,807.9
116.2500,124718,0.0,875.4,-6.955,11.623,-1.16,1.94,745.0,745.0,501.4,0,0.0,0.7,IDLE,0.00,0.00,0.00,0,0.0,1126,0,875.4,807.9
116.3000,124768,0.0,875.4,-6.955,11.623,-1.16,1.94,745.0,745.0,501.4,0,0.0,0.7,IDLE,0.00,0.00,0.00,0,0.0,1128,0,875.4,807.9
116.3500,124818,0.0,875.4,-4.979,11.623,-0.83,1.94,683.4,683.4,501.4,0,0.0,0.7,IDLE,0.00,0.00,0.00,0,0.0,1129,0,875.4,807.9
116.4000,124868,0.0,875.4,-4.979,11.623,-0.83,1.94,683.4,683.4,500.5,0,0.0,0.3,IDLE,0.00,0.00,0.00,0,0.0,1131,0,875.4,807.9
116.4500,124918,0.0,875.4,-4.979,11.623,-0.83,1.94,683.4,683.4,500.5,0,0.0,0.3,IDLE,0.00,0.00,0.00,0,0.0,1133,0,875.4,807.9
116.5000,124968,0.0,875.4,-1.682,11.623,-0.28,1.94,907.2,907.2,500.5,0,0.0,0.3,IDLE,0.00,0.00,0.00,0,0.0,1134,0,875.4,807.9
116.5500,125018,0.0,875.4,-1.682,11.623,-0.28,1.94,907.2,907.2,500.8,0,0.0,0.4,IDLE,0.00,0.00,0.00,0,0.0,1136,0,875.4,807.9
116.6000,125068,0.0,875.4,-1.682,11.623,-0.28,1.94,907.2,907.2,500.8,0,0.0,0.4,IDLE,0.00,0.00,0.00,0,0.0,1138,0,875.4,807.9
116.6500,125118,0.0,875.4,-2.803,11.623,-0.47,1.94,764.1,764.1,500.8,0,0.0,0.4,IDLE,0.00,0.00,0.00,0,0.0,1139,0,875.4,807.9
116.7000,125168,0.0,875.4,-2.803,11.623,-0.47,1.94,764.1,764.1,500.9,0,0.0,0.4,IDLE,0.00,0.00,0.00,0,0.0,1141,0,875.4,807.9
116.7500,125218,0.0,875.4,-2.803,11.623,-0.47,1.94,764.1,764.1,500.9,0,0.0,0.4,IDLE,0.00,0.00,0.00,0,0.0,1142,0,875.4,807.9
116.8000,125268,0.0,875.4,-4.462,11.623,-0.74,1.94,755.3,755.3,500.9,0,0.0,0.4,IDLE,0.00,0.00,0.00,0,0.0,1144,0,875.4,807.9
116.8500,125318,0.0,875.4,-4.462,11.623,-0.74,1.94,755.3,755.3,500.6,0,0.0,0.3,IDLE,0.00,0.00,0.00,0,0.0,1147,0,875.4,807.9
116.9000,125368,2000.0,875.4,-4.462,11.623,-0.74,1.94,755.3,755.3,500.6,1,0.2,0.3,HOLD_RPM,0.00,0.00,0.00,0,0.0,1148,0,875.4,807.9
116.9500,125418,2000.0,875.4,0.502,11.623,0.08,1.94,954.1,954.1,500.6,12,2.4,0.3,HOLD_RPM,0.00,0.00,0.00,0,0.0,1150,0,875.4,807.9
117.0000,125468,2000.0,875.4,0.502,11.623,0.08,1.94,954.1,954.1,500.6,32,6.4,0.3,HOLD_RPM,0.00,0.00,0.00,0,0.0,1152,0,875.4,807.9
117.0500,125518,2000.0,875.4,0.502,11.623,0.08,1.94,954.1,954.1,500.6,61,12.2,0.3,HOLD_RPM,0.00,0.00,0.00,0,0.0,1154,0,875.4,807.9
117.1000,125568,2000.0,875.4,0.502,11.623,0.08,1.94,954.1,954.1,500.6,84,16.8,0.3,HOLD_RPM,0.00,0.00,0.00,0,0.0,1155,0,875.4,807.9
117.1500,125618,2000.0,875.4,3.422,11.623,0.57,1.94,730.3,730.3,500.6,97,19.4,0.3,HOLD_RPM,0.00,0.00,0.00,0,0.0,1157,0,875.4,807.9
117.2000,125668,2000.0,875.4,3.422,11.623,0.57,1.94,730.3,730.3,502.8,100,20.0,1.4,HOLD_RPM,0.00,0.00,0.00,0,0.0,1159,0,875.4,807.9
117.2500,125718,2000.0,875.4,3.422,11.623,0.57,1.94,730.3,730.3,502.8,100,20.0,1.4,HOLD_RPM,0.00,0.00,0.00,0,0.0,1160,0,875.4,807.9
117.3000,125768,2000.0,875.4,1.792,11.623,0.30,1.94,750.6,750.6,502.8,100,20.0,1.4,HOLD_RPM,0.00,0.00,0.00,0,0.0,1162,0,875.4,807.9
117.3500,125818,2000.0,875.4,1.792,11.623,0.30,1.94,750.6,750.6,501.0,100,20.0,0.5,HOLD_RPM,0.00,0.00,0.00,0,0.0,1164,0,875.4,807.9
117.4000,125868,2000.0,875.4,1.792,11.623,0.30,1.94,750.6,750.6,501.0,100,20.0,0.5,HOLD_RPM,0.00,0.00,0.00,0,0.0,1165,0,875.4,807.9
117.4500,125918,2000.0,875.4,1.608,11.623,0.27,1.94,807.2,807.2,501.0,100,20.0,0.5,HOLD_RPM,0.00,0.00,0.00,0,0.0,1167,0,875.4,807.9
117.5000,125968,2000.0,875.4,1.608,11.623,0.27,1.94,807.2,807.2,500.6,100,20.0,0.3,HOLD_RPM,0.00,0.00,0.00,0,0.0,1169,0,875.4,807.9
117.5500,126018,2000.0,875.4,1.608,11.623,0.27,1.94,807.2,807.2,500.6,100,20.0,0.3,HOLD_RPM,0.00,0.00,0.00,0,0.0,1171,0,875.4,807.9
117.6000,126068,2000.0,875.4,3.931,11.623,0.66,1.94,836.6,836.6,500.6,100,20.0,0.3,HOLD_RPM,0.00,0.00,0.00,0,0.0,1172,0,875.4,807.9
117.6500,126118,2000.0,875.4,3.931,11.623,0.66,1.94,836.6,836.6,500.6,100,20.0,0.3,HOLD_RPM,0.00,0.00,0.00,0,0.0,1174,0,875.4,807.9
117.7000,126168,2000.0,875.4,3.931,11.623,0.66,1.94,836.6,836.6,501.5,100,20.0,0.8,HOLD_RPM,0.00,0.00,0.00,0,0.0,1176,0,875.4,807.9
117.7500,126218,2000.0,875.4,3.931,11.623,0.66,1.94,836.6,836.6,501.5,100,20.0,0.8,HOLD_RPM,0.00,0.00,0.00,0,0.0,1178,0,875.4,807.9
117.8000,126268,2000.0,875.4,3.105,11.623,0.52,1.94,707.8,707.8,501.5,100,20.0,0.8,HOLD_RPM,0.00,0.00,0.00,0,0.0,1180,0,875.4,807.9
117.8500,126318,2000.0,875.4,3.105,11.623,0.52,1.94,707.8,707.8,500.9,100,20.0,0.4,HOLD_RPM,0.00,0.00,0.00,0,0.0,1181,0,875.4,807.9
117.9000,126368,2000.0,875.4,3.105,11.623,0.52,1.94,707.8,707.8,500.9,100,20.0,0.4,HOLD_RPM,0.00,0.00,0.00,0,0.0,1183,0,875.4,807.9
117.9500,126418,2000.0,875.4,5.989,11.623,1.00,1.94,813.8,813.8,500.9,100,20.0,0.4,HOLD_RPM,0.00,0.00,0.00,0,0.0,1185,0,875.4,807.9
118.0000,126468,2000.0,875.4,5.989,11.623,1.00,1.94,813.8,813.8,500.8,100,20.0,0.4,HOLD_RPM,0.00,0.00,0.00,0,0.0,1187,0,875.4,807.9
118.0500,126518,2000.0,875.4,5.989,11.623,1.00,1.94,813.8,813.8,500.8,100,20.0,0.4,HOLD_RPM,0.00,0.00,0.00,0,0.0,1189,0,875.4,807.9
118.1000,126568,2000.0,875.4,1.335,11.623,0.22,1.94,696.9,696.9,500.8,100,20.0,0.4,HOLD_RPM,0.00,0.00,0.00,0,0.0,1192,0,875.4,811.1
118.1500,126618,2000.0,875.4,1.335,11.623,0.22,1.94,696.9,696.9,500.9,100,20.0,0.4,HOLD_RPM,0.00,0.00,0.00,0,0.0,1193,0,875.4,882.8
118.2000,126668,2000.0,935.7,1.335,11.623,0.24,2.07,696.9,696.9,500.9,100,20.0,0.4,HOLD_RPM,0.00,0.00,0.00,0,0.0,1193,0,935.7,952.8
118.2500,126718,2000.0,935.7,1.564,11.623,0.28,2.07,774.4,774.4,500.9,100,20.0,0.4,HOLD_RPM,0.00,0.00,0.00,0,0.0,1194,0,935.7,1054.0
118.3000,126768,2000.0,1105.5,1.564,11.623,0.33,2.45,774.4,774.4,500.6,100,20.0,0.3,HOLD_RPM,0.00,0.00,0.00,0,0.0,1194,0,1105.5,1162.1
118.3500,126818,2000.0,1105.5,1.564,11.623,0.33,2.45,774.4,774.4,500.6,100,20.0,0.3,HOLD_RPM,0.00,0.00,0.00,0,0.0,1194,0,1105.5,1248.2
118.4000,126868,2000.0,1303.6,-0.118,11.623,-0.03,2.88,679.4,679.4,500.6,100,20.0,0.3,HOLD_RPM,0.00,0.00,0.00,0,0.0,1194,0,1303.6,1362.8
118.4500,126918,2000.0,1303.6,-0.118,11.623,-0.03,2.88,679.4,679.4,500.6,100,20.0,0.3,HOLD_RPM,0.00,0.00,0.00,0,0.0,1194,0,1303.6,1435.8
118.5000,126968,2000.0,1475.5,-0.118,11.623,-0.03,3.27,679.4,679.4,502.5,100,20.0,1.2,HOLD_RPM,0.00,0.00,0.00,0,0.0,1194,0,1475.5,1514.9
118.5500,127018,2000.0,1475.5,-0.118,11.623,-0.03,3.27,679.4,679.4,502.5,100,20.0,1.2,HOLD_RPM,0.00,0.00,0.00,0,0.0,1194,0,1475.5,1580.3
118.6000,127068,2000.0,1602.8,-11.838,12.705,-3.61,3.88,424.4,424.4,502.5,100,20.0,1.2,HOLD_RPM,0.00,0.00,0.00,0,0.0,1195,0,1602.8,1641.5
118.6500,127118,2000.0,1602.8,-11.838,12.705,-3.61,3.88,424.4,424.4,500.4,100,20.0,0.2,HOLD_RPM,0.00,0.00,0.00,0,0.0,1195,0,1602.8,1691.2
118.7000,127168,2000.0,1708.4,-11.838,12.886,-3.85,4.19,424.4,424.4,500.4,100,20.0,0.2,HOLD_RPM,0.00,0.00,0.00,0,0.0,1195,0,1708.4,1733.4
118.7500,127218,2000.0,1708.4,-6.564,12.886,-2.14,4.19,968.8,968.8,500.4,100,20.0,0.2,HOLD_RPM,0.00,0.00,0.00,0,0.0,1197,0,1708.4,1751.1
118.8000,127268,2000.0,1753.6,-6.564,12.696,-2.19,4.24,968.8,968.8,501.1,100,20.0,0.6,HOLD_RPM,0.00,0.00,0.00,0,0.0,1197,0,1753.6,1759.6
118.8500,127318,2000.0,1753.6,-6.564,12.696,-2.19,4.24,968.8,968.8,501.1,100,20.0,0.6,HOLD_RPM,0.00,0.00,0.00,0,0.0,1197,0,1753.6,1754.4
118.9000,127368,2000.0,1751.2,-8.711,12.706,-2.90,4.24,653.4,653.4,501.1,100,20.0,0.6,HOLD_RPM,0.00,0.00,0.00,0,0.0,1197,0,1751.2,1742.7
118.9500,127418,2000.0,1751.2,-8.711,12.706,-2.90,4.24,653.4,653.4,502.0,100,20.0,1.0,HOLD_RPM,0.00,0.00,0.00,0,0.0,1198,0,1751.2,1731.9
119.0000,127468,2000.0,1725.2,-8.711,12.815,-2.86,4.21,653.4,653.4,502.0,100,20.0,1.0,HOLD_RPM,0.00,0.00,0.00,0,0.0,1198,0,1725.2,1713.4
119.0500,127518,2000.0,1725.2,-4.772,12.815,-1.57,4.21,985.3,985.3,502.0,100,20.0,1.0,HOLD_RPM,0.00,0.00,0.00,0,0.0,1198,0,1725.2,1695.6
119.1000,127568,2000.0,1685.2,-4.772,12.888,-1.53,4.14,985.3,985.3,502.0,100,20.0,1.0,HOLD_RPM,0.00,0.00,0.00,0,0.0,1199,0,1685.2,1668.3
119.1500,127618,2000.0,1685.2,-4.772,12.888,-1.53,4.14,985.3,985.3,501.0,100,20.0,0.5,HOLD_RPM,0.00,0.00,0.00,0,0.0,1199,0,1685.2,1644.5
119.2000,127668,2000.0,1640.4,-4.772,12.789,-1.49,3.99,985.3,985.3,501.0,100,20.0,0.5,HOLD_RPM,0.00,0.00,0.00,0,0.0,1199,0,1640.4,1630.0
119.2500,127718,2000.0,1640.4,-11.484,12.789,-3.59,3.99,533.1,533.1,501.0,100,20.0,0.5,HOLD_RPM,0.00,0.00,0.00,0,0.0,1199,0,1640.4,1615.1
119.3000,127768,2000.0,1603.6,-11.484,12.707,-3.51,3.88,533.1,533.1,500.4,100,20.0,0.2,HOLD_RPM,0.00,0.00,0.00,0,0.0,1199,0,1603.6,1588.6
119.3500,127818,2000.0,1603.6,-11.484,12.707,-3.51,3.88,533.1,533.1,500.4,100,20.0,0.2,HOLD_RPM,0.00,0.00,0.00,0,0.0,1199,0,1603.6,1572.9
119.4000,127868,2000.0,1564.3,-7.582,12.315,-2.26,3.67,884.1,884.1,500.4,100,20.0,0.2,HOLD_RPM,0.00,0.00,0.00,0,0.0,1199,0,1564.3,1553.2
119.4500,127918,2000.0,1564.3,-7.582,12.315,-2.26,3.67,884.1,884.1,500.1,100,20.0,0.1,HOLD_RPM,0.00,0.00,0.00,0,0.0,1199,0,1564.3,1532.8
119.5000,127968,2000.0,1530.1,-7.582,11.947,-2.21,3.48,884.1,884.1,500.1,100,20.0,0.1,HOLD_RPM,0.00,0.00,0.00,0,0.0,1200,0,1530.1,1522.5
119.5500,128018,2000.0,1530.1,-0.752,11.947,-0.22,3.48,1122.5,1122.5,500.1,100,20.0,0.1,HOLD_RPM,0.00,0.00,0.00,0,0.0,1200,0,1530.1,1509.4
119.6000,128068,2000.0,1501.7,-0.752,11.641,-0.22,3.33,1122.5,1122.5,500.6,100,20.0,0.3,HOLD_RPM,0.00,0.00,0.00,0,0.0,1200,0,1501.7,1495.6
119.6500,128118,2000.0,1501.7,-0.752,11.641,-0.22,3.33,1122.5,1122.5,500.6,100,20.0,0.3,HOLD_RPM,0.00,0.00,0.00,0,0.0,1200,0,1501.7,1490.3
119.7000,128168,2000.0,1485.7,8.932,11.623,2.53,3.29,1134.7,1134.7,500.6,100,20.0,0.3,HOLD_RPM,0.00,0.00,0.00,0,0.0,1201,0,1485.7,1479.0
119.7500,128218,2000.0,1485.7,8.932,11.623,2.53,3.29,1134.7,1134.7,501.8,100,20.0,0.9,HOLD_RPM,0.00,0.00,0.00,0,0.0,1201,0,1485.7,1473.8
119.8000,128268,2000.0,1472.2,8.932,11.623,2.50,3.26,1134.7,1134.7,501.8,100,20.0,0.9,HOLD_RPM,0.00,0.00,0.00,0,0.0,1201,0,1472.2,1471.3
119.8500,128318,2000.0,1472.2,17.229,11.623,4.83,3.26,1149.4,1149.4,501.8,100,20.0,0.9,HOLD_RPM,0.00,0.00,0.00,0,0.0,1201,0,1472.2,1477.1
119.9000,128368,2000.0,1473.3,17.229,11.623,4.83,3.26,1149.4,1149.4,501.8,100,20.0,0.9,HOLD_RPM,0.00,0.00,0.00,0,0.0,1201,0,1473.3,1470.0
119.9500,128418,2000.0,1473.3,17.229,11.623,4.83,3.26,1149.4,1149.4,502.1,100,20.0,1.1,HOLD_RPM,0.00,0.00,0.00,0,0.0,1203,0,1473.3,1458.2
120.0000,128468,2000.0,1464.6,17.229,11.623,4.80,3.24,1149.4,1149.4,502.1,100,20.0,1.1,HOLD_RPM,0.00,0.00,0.00,0,0.0,1204,0,1464.6,1469.9
120.0500,128518,2000.0,1464.6,20.084,11.623,5.60,3.24,808.4,808.4,502.1,100,20.0,1.1,HOLD_RPM,0.00,0.00,0.00,0,0.0,1204,0,1464.6,1470.6
120.1000,128568,2000.0,1471.1,20.084,11.623,5.63,3.26,808.4,808.4,501.5,100,20.0,0.8,HOLD_RPM,0.00,0.00,0.00,0,0.0,1204,0,1471.1,1472.4
120.1500,128618,2000.0,1471.1,20.084,11.623,5.63,3.26,808.4,808.4,501.5,100,20.0,0.8,HOLD_RPM,0.00,0.00,0.00,0,0.0,1204,0,1471.1,1489.4
120.2000,128668,2000.0,1495.7,30.247,11.623,8.61,3.31,883.4,883.4,501.5,100,20.0,0.8,HOLD_RPM,0.00,0.00,0.00,0,0.0,1204,0,1495.7,1508.6
120.2500,128718,2000.0,1495.7,30.247,11.623,8.61,3.31,883.4,883.4,501.1,100,20.0,0.6,HOLD_RPM,0.00,0.00,0.00,0,0.0,1205,0,1495.7,1523.6
120.3000,128768,2000.0,1536.0,30.247,12.010,8.85,3.51,883.4,883.4,501.1,100,20.0,0.6,HOLD_RPM,0.00,0.00,0.00,0,0.0,1205,0,1536.0,1548.7
120.3500,128818,2000.0,1536.0,21.574,12.010,6.31,3.51,576.9,576.9,501.1,100,20.0,0.6,HOLD_RPM,0.00,0.00,0.00,0,0.0,1205,0,1536.0,1573.9
120.4000,128868,2000.0,1584.6,21.574,12.533,6.51,3.78,576.9,576.9,500.6,100,20.0,0.3,HOLD_RPM,0.00,0.00,0.00,0,0.0,1205,0,1584.6,1600.6
120.4500,128918,2000.0,1584.6,21.574,12.533,6.51,3.78,576.9,576.9,500.6,100,20.0,0.3,HOLD_RPM,0.00,0.00,0.00,0,0.0,1205,0,1584.6,1625.5
120.5000,128968,2000.0,1639.5,30.734,12.787,9.59,3.99,1067.5,1067.5,500.6,100,20.0,0.3,HOLD_RPM,0.00,0.00,0.00,0,0.0,1205,0,1639.5,1661.3
120.5500,129018,2000.0,1639.5,30.734,12.787,9.59,3.99,1067.5,1067.5,500.6,100,20.0,0.3,HOLD_RPM,0.00,0.00,0.00,0,0.0,1205,0,1639.5,1679.9
120.6000,129068,2000.0,1682.3,30.734,12.882,9.84,4.13,1067.5,1067.5,501.5,100,20.0,0.8,HOLD_RPM,0.00,0.00,0.00,0,0.0,1205,0,1682.3,1690.0
120.6500,129118,2000.0,1682.3,30.734,12.882,9.84,4.13,1067.5,1067.5,501.5,100,20.0,0.8,HOLD_RPM,0.00,0.00,0.00,0,0.0,1205,0,1682.3,1701.5
120.7000,129168,2000.0,1707.1,24.037,12.891,7.81,4.19,682.5,682.5,501.5,100,20.0,0.8,HOLD_RPM,0.00,0.00,0.00,0,0.0,1205,0,1707.1,1715.4
120.7500,129218,2000.0,1707.1,24.037,12.891,7.81,4.19,682.5,682.5,500.9,100,20.0,0.4,HOLD_RPM,0.00,0.00,0.00,0,0.0,1205,0,1707.1,1736.6
120.8000,129268,2000.0,1740.6,24.037,12.750,7.97,4.23,682.5,682.5,500.9,100,20.0,0.4,HOLD_RPM,0.00,0.00,0.00,0,0.0,1205,0,1740.6,1750.2
120.8500,129318,2000.0,1740.6,31.811,12.750,10.54,4.23,884.7,884.7,500.9,100,20.0,0.4,HOLD_RPM,0.00,0.00,0.00,0,0.0,1205,0,1740.6,1762.0
120.9000,129368,2000.0,1762.3,31.811,12.659,10.67,4.25,884.7,884.7,502.0,100,20.0,1.0,HOLD_RPM,0.00,0.00,0.00,0,0.0,1205,0,1762.3,1764.3
120.9500,129418,2000.0,1762.3,31.811,12.659,10.67,4.25,884.7,884.7,502.0,100,20.0,1.0,HOLD_RPM,0.00,0.00,0.00,0,0.0,1205,0,1762.3,1769.0
121.0000,129468,2000.0,1767.5,29.266,12.637,9.85,4.25,768.8,768.8,502.0,100,20.0,1.0,HOLD_RPM,0.00,0.00,0.00,0,0.0,1205,0,1767.5,1767.7
121.0500,129518,2000.0,1767.5,29.266,12.637,9.85,4.25,768.8,768.8,502.3,100,20.0,1.1,HOLD_RPM,0.00,0.00,0.00,0,0.0,1205,0,1767.5,1782.8
121.1000,129568,2000.0,1784.7,29.266,12.565,9.95,4.27,768.8,768.8,502.3,100,20.0,1.1,HOLD_RPM,0.00,0.00,0.00,0,0.0,1207,0,1784.7,1790.5
121.1500,129618,2000.0,1784.7,18.992,12.565,6.45,4.27,658.2,658.2,502.3,100,20.0,1.1,HOLD_RPM,0.00,0.00,0.00,0,0.0,1207,0,1784.7,1799.8
121.2000,129668,2000.0,1806.8,18.992,12.590,6.53,4.33,658.2,658.2,503.0,100,20.0,1.5,HOLD_RPM,0.00,0.00,0.00,0,0.0,1207,0,1806.8,1819.8
121.2500,129718,2000.0,1806.8,18.992,12.590,6.53,4.33,658.2,658.2,503.0,100,20.0,1.5,HOLD_RPM,0.00,0.00,0.00,0,0.0,1207,0,1806.8,1829.8
121.3000,129768,2000.0,1829.8,15.939,12.895,5.55,4.49,996.9,996.9,503.0,100,20.0,1.5,HOLD_RPM,0.00,0.00,0.00,0,0.0,1209,0,1829.8,1835.4
121.3500,129818,2000.0,1829.8,15.939,12.895,5.55,4.49,996.9,996.9,503.0,100,20.0,1.5,HOLD_RPM,0.00,0.00,0.00,0,0.0,1209,0,1829.8,1851.1
121.4000,129868,2000.0,1856.0,15.939,13.242,5.63,4.68,996.9,996.9,501.4,100,20.0,0.7,HOLD_RPM,0.00,0.00,0.00,0,0.0,1210,0,1856.0,1866.9
121.4500,129918,2000.0,1856.0,15.939,13.242,5.63,4.68,996.9,996.9,501.4,100,20.0,0.7,HOLD_RPM,0.00,0.00,0.00,0,0.0,1211,0,1856.0,1880.5
121.5000,129968,2000.0,1883.6,10.414,13.608,3.74,4.88,899.7,899.7,501.4,100,20.0,0.7,HOLD_RPM,0.00,0.00,0.00,0,0.0,1212,0,1883.6,1891.0
121.5500,130018,2000.0,1883.6,10.414,13.608,3.74,4.88,899.7,899.7,502.8,100,20.0,1.4,HOLD_RPM,0.00,0.00,0.00,0,0.0,1212,0,1883.6,1894.3
121.6000,130068,2000.0,1897.7,10.414,13.794,3.76,4.98,899.7,899.7,502.8,100,20.0,1.4,HOLD_RPM,0.00,0.00,0.00,0,0.0,1214,0,1897.7,1903.3
121.6500,130118,2000.0,1897.7,12.421,13.794,4.49,4.98,899.1,899.1,502.8,100,20.0,1.4,HOLD_RPM,0.00,0.00,0.00,0,0.0,1215,0,1897.7,1920.5
121.7000,130168,2000.0,1922.7,12.421,13.985,4.55,5.12,899.1,899.1,502.3,100,20.0,1.1,HOLD_RPM,0.00,0.00,0.00,0,0.0,1216,0,1922.7,1929.6
121.7500,130218,2000.0,1922.7,12.421,13.985,4.55,5.12,899.1,899.1,502.3,100,20.0,1.1,HOLD_RPM,0.00,0.00,0.00,0,0.0,1216,0,1922.7,1945.6
121.8000,130268,2000.0,1946.1,10.709,14.149,3.97,5.24,805.9,805.9,502.3,100,20.0,1.1,HOLD_RPM,0.00,0.00,0.00,0,0.0,1216,0,1946.1,1952.9
121.8500,130318,2000.0,1946.1,10.709,14.149,3.97,5.24,805.9,805.9,502.9,100,20.0,1.4,HOLD_RPM,0.00,0.00,0.00,0,0.0,1216,0,1946.1,1967.7
121.9000,130368,2000.0,1972.5,10.709,14.335,4.02,5.38,805.9,805.9,502.9,100,20.0,1.4,HOLD_RPM,0.00,0.00,0.00,0,0.0,1216,0,1972.5,1981.5
121.9500,130418,2000.0,1972.5,13.180,14.335,4.95,5.38,688.8,688.8,502.9,100,20.0,1.4,HOLD_RPM,0.00,0.00,0.00,0,0.0,1217,0,1972.5,1990.6
122.0000,130468,2000.0,1997.2,13.180,14.509,5.01,5.52,688.8,688.8,502.9,100,20.0,1.4,HOLD_RPM,0.00,0.00,0.00,0,0.0,1217,0,1997.2,2007.5
122.0500,130518,2000.0,1997.2,13.180,14.509,5.01,5.52,688.8,688.8,500.9,100,20.0,0.4,HOLD_RPM,0.00,0.00,0.00,0,0.0,1217,0,1997.2,2028.0
122.1000,130568,2000.0,2033.8,13.180,14.607,5.10,5.66,688.8,688.8,500.9,100,20.0,0.4,HOLD_RPM,0.00,0.00,0.00,0,0.0,1220,0,2033.8,2047.1
122.1500,130618,2000.0,2033.8,9.603,14.607,3.72,5.66,905.9,905.9,500.9,101,20.2,0.4,HOLD_RPM,3.38,100.02,103.40,0,0.0,1220,0,2033.8,2058.3
122.2000,130668,2000.0,2062.0,9.603,14.673,3.77,5.76,905.9,905.9,503.6,103,20.6,1.8,HOLD_RPM,3.38,100.03,103.42,0,0.0,1221,0,2062.0,2070.5
122.2500,130718,2000.0,2062.0,9.603,14.673,3.77,5.76,905.9,905.9,503.6,104,20.8,1.8,HOLD_RPM,6.20,100.06,114.69,0,0.0,1221,0,2062.0,2089.8
122.3000,130768,2000.0,2092.5,6.306,14.744,2.51,5.87,533.4,533.4,503.6,112,22.4,1.8,HOLD_RPM,6.20,100.10,106.29,0,0.0,1223,0,2092.5,2102.5
122.3500,130818,2000.0,2092.5,6.306,14.744,2.51,5.87,533.4,533.4,503.5,109,21.8,1.8,HOLD_RPM,9.25,100.14,118.57,0,0.0,1223,0,2092.5,2127.9
122.4000,130868,2000.0,2129.1,6.306,14.401,2.56,5.84,533.4,533.4,503.5,108,21.6,1.8,HOLD_RPM,9.25,100.19,109.44,0,0.0,1224,0,2129.1,2142.0
122.4500,130918,2000.0,2129.1,9.714,14.401,3.94,5.84,1038.8,1038.8,503.5,110,22.0,1.8,HOLD_RPM,12.91,100.25,124.13,0,0.0,1224,0,2129.1,2158.4
122.5000,130968,2000.0,2164.1,9.714,13.968,4.00,5.76,1038.8,1038.8,504.0,120,24.0,2.0,HOLD_RPM,12.91,100.32,113.23,0,0.0,1224,0,2164.1,2175.6
122.5500,131018,2000.0,2164.1,9.714,13.968,4.00,5.76,1038.8,1038.8,504.0,124,24.8,2.0,HOLD_RPM,16.41,100.40,127.31,0,0.0,1225,0,2164.1,2180.0
122.6000,131068,2000.0,2182.5,10.186,13.740,4.23,5.71,790.0,790.0,504.0,126,25.2,2.0,HOLD_RPM,16.41,100.48,116.89,0,0.0,1225,0,2182.5,2188.7
122.6500,131118,2000.0,2182.5,10.186,13.740,4.23,5.71,790.0,790.0,502.5,118,23.6,1.2,HOLD_RPM,18.25,100.57,124.35,0,0.0,1225,0,2182.5,2196.3
122.7000,131168,2000.0,2200.6,10.186,13.520,4.27,5.67,790.0,790.0,502.5,121,24.2,1.2,HOLD_RPM,18.25,100.66,118.92,0,0.0,1225,0,2200.6,2206.5
122.7500,131218,2000.0,2200.6,12.428,13.520,5.21,5.67,759.4,759.4,502.5,122,24.4,1.2,HOLD_RPM,20.06,100.76,126.23,0,0.0,1227,0,2200.6,2212.3
122.8000,131268,2000.0,2213.0,12.428,13.464,5.24,5.67,759.4,759.4,502.5,124,24.8,1.2,HOLD_RPM,20.06,100.86,120.92,0,0.0,1227,0,2213.0,2218.0
122.8500,131318,2000.0,2213.0,12.428,13.464,5.24,5.67,759.4,759.4,504.8,121,24.2,2.4,HOLD_RPM,21.30,100.97,126.01,0,0.0,1227,0,2213.0,2221.7
122.9000,131368,2000.0,2226.4,12.428,13.403,5.27,5.68,759.4,759.4,504.8,124,24.8,2.4,HOLD_RPM,21.30,101.08,122.38,0,0.0,1227,0,2226.4,2231.4
122.9500,131418,2000.0,2226.4,4.352,13.403,1.84,5.68,631.9,631.9,504.8,123,24.6,2.4,HOLD_RPM,22.64,101.19,127.85,0,0.0,1227,0,2226.4,2235.8
123.0000,131468,2000.0,2234.5,4.352,13.366,1.85,5.69,631.9,631.9,501.9,126,25.2,0.9,HOLD_RPM,22.64,101.30,123.94,0,0.0,1228,0,2234.5,2232.4
123.0500,131518,2000.0,2234.5,4.352,13.366,1.85,5.69,631.9,631.9,501.9,124,24.8,0.9,HOLD_RPM,23.45,101.42,127.31,0,0.0,1228,0,2234.5,2239.1
123.1000,131568,2000.0,2240.4,1.785,13.339,0.76,5.69,783.8,783.8,501.9,126,25.2,0.9,HOLD_RPM,23.45,101.54,124.99,0,0.0,1228,0,2240.4,2242.5
123.1500,131618,2000.0,2240.4,1.785,13.339,0.76,5.69,783.8,783.8,502.1,125,25.0,1.1,HOLD_RPM,24.04,101.66,127.45,0,0.0,1229,0,2240.4,2241.7
123.2000,131668,2000.0,2238.4,1.785,13.348,0.76,5.69,783.8,783.8,502.1,126,25.2,1.1,HOLD_RPM,24.04,101.78,125.82,0,0.0,1230,0,2238.4,2234.6
123.2500,131718,2000.0,2238.4,-1.158,13.348,-0.49,5.69,766.2,766.2,502.1,125,25.0,1.1,HOLD_RPM,23.84,101.90,125.13,0,0.0,1230,0,2238.4,2230.6
123.3000,131768,2000.0,2228.5,-1.158,13.393,-0.49,5.68,766.2,766.2,501.5,125,25.0,0.8,HOLD_RPM,23.84,102.02,125.85,0,0.0,1232,0,2228.5,2226.3
123.3500,131818,2000.0,2228.5,-1.158,13.393,-0.49,5.68,766.2,766.2,501.5,124,24.8,0.8,HOLD_RPM,22.85,102.13,122.04,0,0.0,1233,0,2228.5,2227.5
123.4000,131868,2000.0,2223.9,0.494,13.414,0.21,5.68,880.3,880.3,501.5,123,24.6,0.8,HOLD_RPM,22.85,102.25,125.10,0,0.0,1234,0,2223.9,2222.9
123.4500,131918,2000.0,2223.9,0.494,13.414,0.21,5.68,880.3,880.3,501.4,124,24.8,0.7,HOLD_RPM,22.39,102.36,123.35,0,0.0,1235,0,2223.9,2227.5
123.5000,131968,2000.0,2226.4,0.494,13.403,0.21,5.68,880.3,880.3,501.4,124,24.8,0.7,HOLD_RPM,22.39,102.47,124.86,0,0.0,1235,0,2226.4,2225.8
123.5500,132018,2000.0,2226.4,4.920,13.403,2.09,5.68,888.8,888.8,501.4,125,25.0,0.7,HOLD_RPM,22.64,102.58,125.97,0,0.0,1235,0,2226.4,2224.5
123.6000,132068,2000.0,2219.5,4.920,13.434,2.08,5.68,888.8,888.8,501.4,125,25.0,0.7,HOLD_RPM,22.64,102.70,125.33,0,0.0,1236,0,2219.5,2212.2
123.6500,132118,2000.0,2219.5,4.920,13.434,2.08,5.68,888.8,888.8,500.5,124,24.8,0.3,HOLD_RPM,21.95,102.81,122.70,0,0.0,1236,0,2219.5,2225.0
123.7000,132168,2000.0,2224.5,4.920,13.412,2.08,5.68,888.8,888.8,500.5,123,24.6,0.3,HOLD_RPM,21.95,102.92,124.87,0,0.0,1236,0,2224.5,2223.5
123.7500,132218,2000.0,2224.5,6.409,13.412,2.71,5.68,973.4,973.4,500.5,125,25.0,0.3,HOLD_RPM,22.45,103.03,126.96,0,0.0,1236,0,2224.5,2233.0
123.8000,132268,2000.0,2231.1,6.409,13.382,2.72,5.68,973.4,973.4,499.4,125,25.0,-0.3,HOLD_RPM,22.45,103.14,125.59,0,0.0,1236,0,2231.1,2232.1
123.8500,132318,2000.0,2231.1,6.409,13.382,2.72,5.68,973.4,973.4,499.4,126,25.2,-0.3,HOLD_RPM,23.11,103.26,128.34,0,0.0,1238,0,2231.1,2244.1
123.9000,132368,2000.0,2240.8,16.241,13.337,6.93,5.69,977.8,977.8,499.4,127,25.4,-0.3,HOLD_RPM,23.11,103.37,126.48,0,0.0,1238,0,2240.8,2238.1
123.9500,132418,2000.0,2240.8,16.241,13.337,6.93,5.69,977.8,977.8,500.5,127,25.4,0.3,HOLD_RPM,24.08,103.49,130.48,0,0.0,1238,0,2240.8,2240.9
124.0000,132468,2000.0,2237.8,16.241,13.351,6.92,5.69,977.8,977.8,500.5,129,25.8,0.3,HOLD_RPM,24.08,103.61,127.69,0,0.0,1239,0,2237.8,2235.1
124.0500,132518,2000.0,2237.8,14.486,13.351,6.17,5.69,959.4,959.4,500.5,126,25.2,0.3,HOLD_RPM,23.78,103.73,126.61,0,0.0,1240,0,2237.8,2230.9
124.1000,132568,2000.0,2236.6,14.486,13.356,6.17,5.69,959.4,959.4,501.0,127,25.4,0.5,HOLD_RPM,23.78,103.85,127.63,0,0.0,1240,0,2236.6,2243.8
124.1500,132618,2000.0,2236.6,14.486,13.356,6.17,5.69,959.4,959.4,501.0,127,25.4,0.5,HOLD_RPM,23.66,103.97,127.28,0,0.0,1240,0,2236.6,2248.8
124.2000,132668,2000.0,2249.4,18.830,13.298,8.06,5.70,986.2,986.2,501.0,127,25.4,0.5,HOLD_RPM,23.66,104.09,127.75,0,0.0,1240,0,2249.4,2252.8
124.2500,132718,2000.0,2249.4,18.830,13.298,8.06,5.70,986.2,986.2,501.0,128,25.6,0.5,HOLD_RPM,24.94,104.21,132.99,0,0.0,1240,0,2249.4,2254.9
124.3000,132768,2000.0,2253.3,18.830,13.280,8.08,5.70,986.2,986.2,499.9,131,26.2,-0.1,HOLD_RPM,24.94,104.34,129.28,0,0.0,1240,0,2253.3,2248.9
124.3500,132818,2000.0,2253.3,18.830,13.280,8.08,5.70,986.2,986.2,499.9,130,26.0,-0.1,HOLD_RPM,25.33,104.46,130.96,0,0.0,1240,0,2253.3,2251.5
124.4000,132868,2000.0,2254.3,24.841,13.276,10.66,5.70,1030.9,1030.9,499.9,129,25.8,-0.1,HOLD_RPM,25.33,104.59,129.92,0,0.0,1240,0,2254.3,2256.1
124.4500,132918,2000.0,2254.3,24.841,13.276,10.66,5.70,1030.9,1030.9,501.8,130,26.0,0.9,HOLD_RPM,25.43,104.72,130.45,0,0.0,1241,0,2254.3,2258.7
124.5000,132968,2000.0,2258.6,24.841,13.256,10.68,5.70,1030.9,1030.9,501.8,130,26.0,0.9,HOLD_RPM,25.43,104.84,130.27,0,0.0,1241,0,2258.6,2260.0
124.5500,133018,2000.0,2258.6,31.022,13.256,13.34,5.70,911.2,911.2,501.8,131,26.2,0.9,HOLD_RPM,25.86,104.97,132.13,0,0.0,1242,0,2258.6,2275.1
124.6000,133068,2000.0,2271.8,31.022,13.196,13.42,5.71,911.2,911.2,502.3,131,26.2,1.1,HOLD_RPM,25.86,105.10,130.96,0,0.0,1243,0,2271.8,2273.3
124.6500,133118,2000.0,2271.8,31.022,13.196,13.42,5.71,911.2,911.2,502.3,131,26.2,1.1,HOLD_RPM,27.18,105.24,136.39,0,0.0,1243,0,2271.8,2282.1
124.7000,133168,2000.0,2281.7,32.077,13.151,13.94,5.71,831.6,831.6,502.3,135,27.0,1.1,HOLD_RPM,27.18,105.37,132.56,0,0.0,1244,0,2281.7,2282.5
124.7500,133218,2000.0,2281.7,32.077,13.151,13.94,5.71,831.6,831.6,503.0,133,26.6,1.5,HOLD_RPM,28.17,105.51,136.62,0,0.0,1244,0,2281.7,2280.3
124.8000,133268,2000.0,2281.2,32.077,13.153,13.93,5.71,831.6,831.6,503.0,135,27.0,1.5,HOLD_RPM,28.17,105.66,133.82,0,0.0,1244,0,2281.2,2279.0
124.8500,133318,2000.0,2281.2,36.834,13.153,16.00,5.71,981.2,981.2,503.0,133,26.6,1.5,HOLD_RPM,28.12,105.80,133.77,0,0.0,1245,0,2281.2,2275.1
124.9000,133368,2000.0,2274.8,36.834,13.182,15.95,5.71,981.2,981.2,503.1,134,26.8,1.6,HOLD_RPM,28.12,105.94,134.05,0,0.0,1245,0,2274.8,2272.9
124.9500,133418,2000.0,2274.8,36.834,13.182,15.95,5.71,981.2,981.2,503.1,133,26.6,1.6,HOLD_RPM,27.48,106.07,131.64,0,0.0,1245,0,2274.8,2259.9
125.0000,133468,2000.0,2263.2,37.240,13.235,16.05,5.70,898.8,898.8,503.1,132,26.4,1.6,HOLD_RPM,27.48,106.21,133.69,0,0.0,1245,0,2263.2,2260.1
125.0500,133518,2000.0,2263.2,37.240,13.235,16.05,5.70,898.8,898.8,503.1,132,26.4,1.6,HOLD_RPM,26.32,106.34,129.20,0,0.0,1245,0,2263.2,2258.7
125.1000,133568,2000.0,2258.9,37.240,13.255,16.02,5.70,898.8,898.8,504.9,130,26.0,2.4,HOLD_RPM,26.32,106.47,132.80,0,0.0,1246,0,2258.9,2255.3
125.1500,133618,2000.0,2258.9,37.240,13.255,16.02,5.70,898.8,898.8,504.9,131,26.2,2.4,HOLD_RPM,25.89,106.60,131.20,0,0.0,1248,0,2258.9,2238.9
125.2000,133668,2000.0,2239.2,37.232,13.345,15.87,5.69,888.4,888.4,504.9,132,26.4,2.4,HOLD_RPM,25.89,106.73,132.62,0,0.0,1248,0,2239.2,2236.7
125.2500,133718,2000.0,2239.2,37.232,13.345,15.87,5.69,888.4,888.4,502.4,131,26.2,1.2,HOLD_RPM,23.92,106.85,124.84,0,0.0,1248,0,2239.2,2233.0
125.3000,133768,2000.0,2227.9,37.232,13.396,15.79,5.68,888.4,888.4,502.4,124,24.8,1.2,HOLD_RPM,23.92,106.97,130.89,0,0.0,1248,0,2227.9,2217.2
125.3500,133818,2000.0,2227.9,35.683,13.396,15.14,5.68,903.1,903.1,502.4,129,25.8,1.2,HOLD_RPM,22.79,107.09,126.50,0,0.0,1248,0,2227.9,2226.9
125.4000,133868,2000.0,2226.4,35.683,13.403,15.13,5.68,903.1,903.1,503.0,126,25.2,1.5,HOLD_RPM,22.79,107.20,129.99,0,0.0,1248,0,2226.4,2229.2
125.4500,133918,2000.0,2226.4,35.683,13.403,15.13,5.68,903.1,903.1,503.0,129,25.8,1.5,HOLD_RPM,22.64,107.31,129.49,0,0.0,1248,0,2226.4,2227.2
125.5000,133968,2000.0,2228.7,33.729,13.392,14.31,5.68,889.7,889.7,503.0,130,26.0,1.5,HOLD_RPM,22.64,107.43,130.06,0,0.0,1248,0,2228.7,2232.9
125.5500,134018,2000.0,2228.7,33.729,13.392,14.31,5.68,889.7,889.7,504.3,131,26.2,2.1,HOLD_RPM,22.87,107.54,131.13,0,0.0,1248,0,2228.7,2235.9
125.6000,134068,2000.0,2229.2,33.729,13.390,14.32,5.68,889.7,889.7,504.3,130,26.0,2.1,HOLD_RPM,22.87,107.66,130.53,0,0.0,1249,0,2229.2,2220.4
125.6500,134118,2000.0,2229.2,33.648,13.390,14.28,5.68,955.6,955.6,504.3,130,26.0,2.1,HOLD_RPM,22.92,107.77,130.83,0,0.0,1249,0,2229.2,2230.8
125.7000,134168,2000.0,2230.0,33.648,13.387,14.29,5.68,955.6,955.6,504.3,130,26.0,2.1,HOLD_RPM,22.92,107.88,130.81,0,0.0,1250,0,2230.0,2230.9
125.7500,134218,2000.0,2230.0,33.648,13.387,14.29,5.68,955.6,955.6,504.6,131,26.2,2.3,HOLD_RPM,23.00,108.00,131.24,0,0.0,1251,0,2230.0,2238.8
125.8000,134268,2000.0,2242.7,33.648,13.329,14.37,5.69,955.6,955.6,504.6,131,26.2,2.3,HOLD_RPM,23.00,108.11,131.11,0,0.0,1252,0,2242.7,2251.9
125.8500,134318,2000.0,2242.7,29.163,13.329,12.45,5.69,783.8,783.8,504.6,132,26.4,2.3,HOLD_RPM,24.27,108.24,136.31,0,0.0,1254,0,2242.7,2260.0
125.9000,134368,2000.0,2260.3,29.163,13.249,12.55,5.70,783.8,783.8,502.6,135,27.0,1.3,HOLD_RPM,24.27,108.36,132.63,0,0.0,1254,0,2260.3,2263.0
125.9500,134418,2000.0,2260.3,29.163,13.249,12.55,5.70,783.8,783.8,502.6,133,26.6,1.3,HOLD_RPM,26.03,108.49,139.80,0,0.0,1256,0,2260.3,2272.6
126.0000,134468,2000.0,2278.1,27.703,13.167,12.02,5.71,964.7,964.7,502.6,137,27.4,1.3,HOLD_RPM,26.03,108.62,134.65,0,0.0,1256,0,2278.1,2287.3
126.0500,134518,2000.0,2278.1,27.703,13.167,12.02,5.71,964.7,964.7,505.3,135,27.0,2.6,HOLD_RPM,27.81,108.76,141.90,0,0.0,1256,0,2278.1,2289.0
126.1000,134568,2000.0,2292.4,27.703,13.102,12.09,5.72,964.7,964.7,505.3,139,27.8,2.6,HOLD_RPM,27.81,108.90,136.70,0,0.0,1256,0,2292.4,2297.4
126.1500,134618,2000.0,2292.4,27.754,13.102,12.11,5.72,913.8,913.8,505.3,137,27.4,2.6,HOLD_RPM,29.24,109.04,142.58,0,0.0,1258,0,2292.4,2307.1
126.2000,134668,2000.0,2310.0,27.754,13.347,12.21,5.87,913.8,913.8,502.5,141,28.2,1.2,HOLD_RPM,29.24,109.19,138.43,0,0.0,1258,0,2310.0,2316.2
126.2500,134718,2000.0,2310.0,27.754,13.347,12.21,5.87,913.8,913.8,502.5,139,27.8,1.2,HOLD_RPM,31.00,109.34,145.61,0,0.0,1261,0,2310.0,2326.6
126.3000,134768,2000.0,2326.0,25.660,13.793,11.36,6.11,736.9,736.9,502.5,143,28.6,1.2,HOLD_RPM,31.00,109.50,140.50,0,0.0,1261,0,2326.0,2334.5
126.3500,134818,2000.0,2326.0,25.660,13.793,11.36,6.11,736.9,736.9,497.9,141,28.2,-1.1,HOLD_RPM,32.60,109.66,147.07,0,0.0,1261,0,2326.0,2341.7
126.4000,134868,2000.0,2340.5,25.660,14.198,11.44,6.33,736.9,736.9,497.9,145,29.0,-1.1,HOLD_RPM,32.60,109.82,142.42,0,0.0,1263,0,2340.5,2343.0
126.4500,134918,2000.0,2340.5,19.147,14.198,8.53,6.33,686.9,686.9,497.9,143,28.6,-1.1,HOLD_RPM,34.05,109.99,148.41,0,0.0,1263,0,2340.5,2347.1
126.5000,134968,2000.0,2348.1,19.147,14.410,8.56,6.44,686.9,686.9,497.9,147,29.4,-1.1,HOLD_RPM,34.05,110.16,144.22,0,0.0,1264,0,2348.1,2352.8
126.5500,135018,2000.0,2348.1,19.147,14.410,8.56,6.44,686.9,686.9,502.9,145,29.0,1.4,HOLD_RPM,34.81,110.34,147.42,0,0.0,1264,0,2348.1,2354.6
126.6000,135068,2000.0,2357.5,19.147,14.672,8.59,6.59,686.9,686.9,502.9,146,29.2,1.4,HOLD_RPM,34.81,110.51,145.32,0,0.0,1264,0,2357.5,2363.0
126.6500,135118,2000.0,2357.5,19.405,14.672,8.71,6.59,910.3,910.3,502.9,146,29.2,1.4,HOLD_RPM,35.75,110.69,149.28,0,0.0,1264,0,2357.5,2363.0
126.7000,135168,2000.0,2363.2,19.405,14.831,8.73,6.67,910.3,910.3,504.3,148,29.6,2.1,HOLD_RPM,35.75,110.87,146.62,0,0.0,1264,0,2363.2,2362.7
126.7500,135218,2000.0,2363.2,19.405,14.831,8.73,6.67,910.3,910.3,504.3,147,29.4,2.1,HOLD_RPM,36.32,111.05,149.05,0,0.0,1265,0,2363.2,2367.7
126.8000,135268,2000.0,2370.7,22.075,15.040,9.96,6.79,1009.4,1009.4,504.3,148,29.6,2.1,HOLD_RPM,36.32,111.23,147.55,0,0.0,1265,0,2370.7,2377.1
126.8500,135318,2000.0,2370.7,22.075,15.040,9.96,6.79,1009.4,1009.4,498.0,148,29.6,-1.0,HOLD_RPM,37.07,111.42,150.76,0,0.0,1265,0,2370.7,2381.0
126.9000,135368,2000.0,2379.7,22.075,15.291,10.00,6.93,1009.4,1009.4,498.0,149,29.8,-1.0,HOLD_RPM,37.07,111.60,148.68,0,0.0,1265,0,2379.7,2380.5
126.9500,135418,2000.0,2379.7,18.122,15.291,8.21,6.93,724.4,724.4,498.0,149,29.8,-1.0,HOLD_RPM,37.97,111.79,152.44,0,0.0,1265,0,2379.7,2376.2
127.0000,135468,2000.0,2374.2,18.122,15.138,8.19,6.84,724.4,724.4,505.3,151,30.2,2.6,HOLD_RPM,37.97,111.98,149.95,0,0.0,1267,0,2374.2,2372.5
127.0500,135518,2000.0,2374.2,18.122,15.138,8.19,6.84,724.4,724.4,505.3,148,29.6,2.6,HOLD_RPM,37.42,112.17,147.94,0,0.0,1268,0,2374.2,2372.0
127.1000,135568,2000.0,2370.1,15.666,15.024,7.07,6.78,778.8,778.8,505.3,148,29.6,2.6,HOLD_RPM,37.42,112.36,149.78,0,0.0,1269,0,2370.1,2363.0
127.1500,135618,2000.0,2370.1,15.666,15.024,7.07,6.78,778.8,778.8,505.3,148,29.6,2.6,HOLD_RPM,37.01,112.54,148.33,0,0.0,1269,0,2370.1,2356.0
127.2000,135668,2000.0,2355.8,15.666,14.625,7.03,6.56,778.8,778.8,504.0,149,29.8,2.0,HOLD_RPM,37.01,112.73,149.74,0,0.0,1271,0,2355.8,2355.1
127.2500,135718,2000.0,2355.8,15.666,14.625,7.03,6.56,778.8,778.8,504.0,148,29.6,2.0,HOLD_RPM,35.58,112.91,144.20,0,0.0,1271,0,2355.8,2356.0
127.3000,135768,2000.0,2352.4,16.433,14.530,7.36,6.51,990.0,990.0,504.0,145,29.0,2.0,HOLD_RPM,35.58,113.08,148.66,0,0.0,1271,0,2352.4,2347.1
127.3500,135818,2000.0,2352.4,16.433,14.530,7.36,6.51,990.0,990.0,496.9,147,29.4,-1.6,HOLD_RPM,35.24,113.26,147.47,0,0.0,1271,0,2352.4,2346.7
127.4000,135868,2000.0,2345.5,16.433,14.337,7.34,6.40,990.0,990.0,496.9,148,29.6,-1.6,HOLD_RPM,35.24,113.44,148.68,0,0.0,1272,0,2345.5,2342.6
127.4500,135918,2000.0,2345.5,20.335,14.337,9.08,6.40,960.3,960.3,496.9,147,29.4,-1.6,HOLD_RPM,34.55,113.61,146.11,0,0.0,1273,0,2345.5,2351.3
127.5000,135968,2000.0,2353.6,20.335,14.563,9.11,6.53,960.3,960.3,501.8,147,29.4,0.9,HOLD_RPM,34.55,113.78,148.34,0,0.0,1274,0,2353.6,2358.1
127.5500,136018,2000.0,2353.6,20.335,14.563,9.11,6.53,960.3,960.3,501.8,149,29.8,0.9,HOLD_RPM,35.36,113.96,151.74,0,0.0,1274,0,2353.6,2369.1
127.6000,136068,2000.0,2370.8,11.491,15.043,5.19,6.79,565.0,565.0,501.8,150,30.0,0.9,HOLD_RPM,35.36,114.14,149.50,0,0.0,1275,0,2370.8,2375.7
127.6500,136118,2000.0,2370.8,11.491,15.043,5.19,6.79,565.0,565.0,504.5,150,30.0,2.3,HOLD_RPM,37.08,114.32,156.57,0,0.0,1276,0,2370.8,2381.4
127.7000,136168,2000.0,2385.3,11.491,15.448,5.22,7.02,565.0,565.0,504.5,154,30.8,2.3,HOLD_RPM,37.08,114.51,151.59,0,0.0,1276,0,2385.3,2392.9
127.7500,136218,2000.0,2385.3,7.988,15.448,3.63,7.02,755.3,755.3,504.5,152,30.4,2.3,HOLD_RPM,38.53,114.70,157.56,0,0.0,1276,0,2385.3,2405.9
127.8000,136268,2000.0,2408.6,7.988,16.171,3.66,7.42,755.3,755.3,498.3,156,31.2,-0.9,HOLD_RPM,38.53,114.89,153.42,0,0.0,1276,0,2408.6,2415.1
127.8500,136318,2000.0,2408.6,7.988,16.171,3.66,7.42,755.3,755.3,498.3,154,30.8,-0.9,HOLD_RPM,40.86,115.10,162.97,0,0.0,1276,0,2408.6,2421.3
127.9000,136368,2000.0,2424.9,9.883,16.766,4.56,7.74,822.5,822.5,498.3,161,32.2,-0.9,HOLD_RPM,40.86,115.30,156.17,0,0.0,1276,0,2424.9,2428.9
127.9500,136418,2000.0,2424.9,9.883,16.766,4.56,7.74,822.5,822.5,498.3,158,31.6,-0.9,HOLD_RPM,42.49,115.51,162.88,0,0.0,1276,0,2424.9,2444.8
128.0000,136468,2000.0,2446.7,9.883,17.561,4.60,8.18,822.5,822.5,505.6,162,32.4,2.8,HOLD_RPM,42.49,115.73,158.22,0,0.0,1277,0,2446.7,2451.9
128.0500,136518,2000.0,2446.7,9.883,17.561,4.60,8.18,822.5,822.5,505.6,159,31.8,2.8,HOLD_RPM,44.67,115.95,167.16,0,0.0,1277,0,2446.7,2445.4
128.1000,136568,2000.0,2447.6,16.418,17.594,7.65,8.20,982.2,982.2,505.6,165,33.0,2.8,HOLD_RPM,44.67,116.17,160.84,0,0.0,1277,0,2447.6,2449.3
128.1500,136618,2000.0,2447.6,16.418,17.594,7.65,8.20,982.2,982.2,501.1,161,32.2,0.6,HOLD_RPM,44.76,116.40,161.41,0,0.0,1277,0,2447.6,2444.3
128.2000,136668,2000.0,2444.2,16.418,17.470,7.64,8.13,982.2,982.2,501.1,161,32.2,0.6,HOLD_RPM,44.76,116.62,161.38,0,0.0,1279,0,2444.2,2444.3
128.2500,136718,2000.0,2444.2,16.898,17.470,7.86,8.13,932.2,932.2,501.1,160,32.0,0.6,HOLD_RPM,44.42,116.84,160.24,0,0.0,1279,0,2444.2,2440.8
128.3000,136768,2000.0,2440.7,16.898,17.342,7.85,8.06,932.2,932.2,503.8,161,32.2,1.9,HOLD_RPM,44.42,117.06,161.48,0,0.0,1280,0,2440.7,2441.4
128.3500,136818,2000.0,2440.7,16.898,17.342,7.85,8.06,932.2,932.2,503.8,160,32.0,1.9,HOLD_RPM,44.07,117.28,160.30,0,0.0,1281,0,2440.7,2436.0
128.4000,136868,2000.0,2435.7,14.759,17.160,6.84,7.96,912.5,912.5,503.8,161,32.2,1.9,HOLD_RPM,44.07,117.50,161.57,0,0.0,1282,0,2435.7,2436.3
128.4500,136918,2000.0,2435.7,14.759,17.160,6.84,7.96,912.5,912.5,503.0,160,32.0,1.5,HOLD_RPM,43.57,117.72,159.81,0,0.0,1282,0,2435.7,2443.3
128.5000,136968,2000.0,2443.0,14.759,17.426,6.87,8.11,912.5,912.5,503.0,160,32.0,1.5,HOLD_RPM,43.57,117.94,161.51,0,0.0,1282,0,2443.0,2450.8
128.5500,137018,2000.0,2443.0,15.747,17.426,7.32,8.11,769.1,769.1,503.0,162,32.4,1.5,HOLD_RPM,44.30,118.16,164.66,0,0.0,1283,0,2443.0,2456.0
128.6000,137068,2000.0,2455.3,15.747,17.874,7.36,8.36,769.1,769.1,503.0,163,32.6,1.5,HOLD_RPM,44.30,118.38,162.69,0,0.0,1284,0,2455.3,2460.6
128.6500,137118,2000.0,2455.3,15.747,17.874,7.36,8.36,769.1,769.1,500.4,163,32.6,0.2,HOLD_RPM,45.53,118.61,167.81,0,0.0,1284,0,2455.3,2466.5
128.7000,137168,2000.0,2467.2,15.747,18.308,7.40,8.60,769.1,769.1,500.4,166,33.2,0.2,HOLD_RPM,45.53,118.84,164.36,0,0.0,1285,0,2467.2,2466.5
128.7500,137218,2000.0,2467.2,21.544,18.308,10.12,8.60,1040.9,1040.9,500.4,165,33.0,0.2,HOLD_RPM,46.72,119.07,169.36,0,0.0,1286,0,2467.2,2466.3
128.8000,137268,2000.0,2462.3,21.544,18.130,10.10,8.50,1040.9,1040.9,503.9,168,33.6,1.9,HOLD_RPM,46.72,119.31,166.02,0,0.0,1286,0,2462.3,2456.9
128.8500,137318,2000.0,2462.3,21.544,18.130,10.10,8.50,1040.9,1040.9,503.9,165,33.0,1.9,HOLD_RPM,46.23,119.54,164.30,0,0.0,1287,0,2462.3,2455.9
128.9000,137368,2000.0,2448.5,15.762,17.626,7.35,8.22,728.4,728.4,503.9,165,33.0,1.9,HOLD_RPM,46.23,119.77,165.99,0,0.0,1287,0,2448.5,2440.8
128.9500,137418,2000.0,2448.5,15.762,17.626,7.35,8.22,728.4,728.4,497.0,164,32.8,-1.5,HOLD_RPM,44.85,119.99,160.70,0,0.0,1289,0,2448.5,2439.9
129.0000,137468,2000.0,2436.0,15.762,17.171,7.31,7.96,728.4,728.4,497.0,161,32.2,-1.5,HOLD_RPM,44.85,120.22,165.06,0,0.0,1289,0,2436.0,2427.8
129.0500,137518,2000.0,2436.0,13.682,17.171,6.35,7.96,866.6,866.6,497.0,165,33.0,-1.5,HOLD_RPM,43.60,120.43,160.28,0,0.0,1289,0,2436.0,2423.4
129.1000,137568,2000.0,2421.0,13.682,16.624,6.31,7.66,866.6,866.6,504.6,162,32.4,2.3,HOLD_RPM,43.60,120.65,164.25,0,0.0,1290,0,2421.0,2417.4
129.1500,137618,2000.0,2421.0,13.682,16.624,6.31,7.66,866.6,866.6,504.6,163,32.6,2.3,HOLD_RPM,42.10,120.86,158.48,0,0.0,1290,0,2421.0,2412.2
129.2000,137668,2000.0,2411.5,20.637,16.277,9.48,7.47,879.4,879.4,504.6,159,31.8,2.3,HOLD_RPM,42.10,121.07,163.18,0,0.0,1290,0,2411.5,2408.7
129.2500,137718,2000.0,2411.5,20.637,16.277,9.48,7.47,879.4,879.4,497.0,163,32.6,-1.5,HOLD_RPM,41.15,121.28,159.57,0,0.0,1290,0,2411.5,2416.5
129.3000,137768,2000.0,2411.4,20.637,16.274,9.48,7.47,879.4,879.4,497.0,160,32.0,-1.5,HOLD_RPM,41.15,121.48,162.64,0,0.0,1290,0,2411.4,2408.7
129.3500,137818,2000.0,2411.4,23.351,16.274,10.72,7.47,877.8,877.8,497.0,162,32.4,-1.5,HOLD_RPM,41.14,121.69,162.78,0,0.0,1290,0,2411.4,2414.1
129.4000,137868,2000.0,2416.1,23.351,16.445,10.74,7.57,877.8,877.8,497.0,163,32.6,-1.5,HOLD_RPM,41.14,121.90,163.03,0,0.0,1291,0,2416.1,2423.4
129.4500,137918,2000.0,2416.1,23.351,16.445,10.74,7.57,877.8,877.8,503.1,164,32.8,1.6,HOLD_RPM,41.61,122.10,165.15,0,0.0,1291,0,2416.1,2425.2
129.5000,137968,2000.0,2426.3,23.351,16.817,10.79,7.77,877.8,877.8,503.1,164,32.8,1.6,HOLD_RPM,41.61,122.31,163.93,0,0.0,1292,0,2426.3,2430.3
129.5500,138018,2000.0,2426.3,27.666,16.817,12.78,7.77,1017.5,1017.5,503.1,164,32.8,1.6,HOLD_RPM,42.63,122.53,168.20,0,0.0,1293,0,2426.3,2428.8
129.6000,138068,2000.0,2428.2,27.666,16.886,12.79,7.81,1017.5,1017.5,497.9,167,33.4,-1.1,HOLD_RPM,42.63,122.74,165.37,0,0.0,1293,0,2428.2,2425.4
129.6500,138118,2000.0,2428.2,27.666,16.886,12.79,7.81,1017.5,1017.5,497.9,166,33.2,-1.1,HOLD_RPM,42.82,122.95,166.33,0,0.0,1293,0,2428.2,2435.1
129.7000,138168,2000.0,2436.4,20.541,17.185,9.53,7.97,660.3,660.3,497.9,165,33.0,-1.1,HOLD_RPM,42.82,123.17,165.98,0,0.0,1293,0,2436.4,2441.3
129.7500,138218,2000.0,2436.4,20.541,17.185,9.53,7.97,660.3,660.3,504.0,166,33.2,2.0,HOLD_RPM,43.64,123.39,169.51,0,0.0,1293,0,2436.4,2455.7
129.8000,138268,2000.0,2452.4,20.541,17.769,9.59,8.30,660.3,660.3,504.0,168,33.6,2.0,HOLD_RPM,43.64,123.60,167.25,0,0.0,1293,0,2452.4,2451.3
129.8500,138318,2000.0,2452.4,19.759,17.769,9.23,8.30,896.9,896.9,504.0,168,33.6,2.0,HOLD_RPM,45.24,123.83,173.84,0,0.0,1293,0,2452.4,2461.4
129.9000,138368,2000.0,2462.5,19.759,18.137,9.26,8.50,896.9,896.9,501.1,172,34.4,0.6,HOLD_RPM,45.24,124.06,169.29,0,0.0,1294,0,2462.5,2466.0
129.9500,138418,2000.0,2462.5,19.759,18.137,9.26,8.50,896.9,896.9,501.1,170,34.0,0.6,HOLD_RPM,46.25,124.29,173.58,0,0.0,1294,0,2462.5,2460.8
130.0000,138468,2000.0,2465.3,17.856,18.239,8.38,8.56,826.2,826.2,501.1,172,34.4,0.6,HOLD_RPM,46.25,124.52,170.77,0,0.0,1294,0,2465.3,2469.0
130.0500,138518,2000.0,2465.3,17.856,18.239,8.38,8.56,826.2,826.2,501.1,171,34.2,0.6,HOLD_RPM,46.53,124.75,172.13,0,0.0,1294,0,2465.3,2465.9
130.1000,138568,2000.0,2469.1,17.856,18.378,8.39,8.64,826.2,826.2,504.4,171,34.2,2.2,HOLD_RPM,46.53,124.98,171.52,0,0.0,1294,0,2469.1,2469.5
130.1500,138618,2000.0,2469.1,17.856,18.378,8.39,8.64,826.2,826.2,504.4,172,34.4,2.2,HOLD_RPM,46.91,125.22,173.24,0,0.0,1294,0,2469.1,2467.9
130.2000,138668,2000.0,2471.2,20.829,18.454,9.80,8.68,903.4,903.4,504.4,172,34.4,2.2,HOLD_RPM,46.91,125.45,172.36,0,0.0,1294,0,2471.2,2473.2
130.2500,138718,2000.0,2471.2,20.829,18.454,9.80,8.68,903.4,903.4,502.0,173,34.6,1.0,HOLD_RPM,47.12,125.69,173.46,0,0.0,1295,0,2471.2,2476.7
130.3000,138768,2000.0,2476.1,20.829,18.633,9.82,8.78,903.4,903.4,502.0,173,34.6,1.0,HOLD_RPM,47.12,125.92,173.05,0,0.0,1295,0,2476.1,2478.2
130.3500,138818,2000.0,2476.1,19.818,18.633,9.34,8.78,995.3,995.3,502.0,174,34.8,1.0,HOLD_RPM,47.61,126.16,175.24,0,0.0,1295,0,2476.1,2487.1
130.4000,138868,2000.0,2488.5,19.818,19.085,9.39,9.04,995.3,995.3,495.9,174,34.8,-2.1,HOLD_RPM,47.61,126.40,174.01,0,0.0,1295,0,2488.5,2490.7
130.4500,138918,2000.0,2488.5,19.818,19.085,9.39,9.04,995.3,995.3,495.9,175,35.0,-2.1,HOLD_RPM,48.85,126.64,179.22,0,0.0,1295,0,2488.5,2497.3
130.5000,138968,2000.0,2498.2,17.561,19.439,8.35,9.25,626.6,626.6,495.9,178,35.6,-2.1,HOLD_RPM,48.85,126.89,175.74,0,0.0,1295,0,2498.2,2501.3
130.5500,139018,2000.0,2498.2,17.561,19.439,8.35,9.25,626.6,626.6,504.6,176,35.2,2.3,HOLD_RPM,49.82,127.14,179.86,0,0.0,1297,0,2498.2,2494.3
130.6000,139068,2000.0,2496.1,17.561,19.362,8.35,9.20,626.6,626.6,504.6,178,35.6,2.3,HOLD_RPM,49.82,127.39,177.21,0,0.0,1298,0,2496.1,2498.0
130.6500,139118,2000.0,2496.1,20.231,19.362,9.62,9.20,987.2,987.2,504.6,176,35.2,2.3,HOLD_RPM,49.61,127.63,176.61,0,0.0,1298,0,2496.1,2492.2
130.7000,139168,2000.0,2492.2,20.231,19.220,9.60,9.12,987.2,987.2,504.3,177,35.4,2.1,HOLD_RPM,49.61,127.88,177.49,0,0.0,1299,0,2492.2,2487.0
130.7500,139218,2000.0,2492.2,20.231,19.220,9.60,9.12,987.2,987.2,504.3,176,35.2,2.1,HOLD_RPM,49.22,128.13,176.19,0,0.0,1300,0,2492.2,2482.8
130.8000,139268,2000.0,2480.8,15.408,18.804,7.28,8.88,661.2,661.2,504.3,177,35.4,2.1,HOLD_RPM,49.22,128.37,177.60,0,0.0,1300,0,2480.8,2477.8
130.8500,139318,2000.0,2480.8,15.408,18.804,7.28,8.88,661.2,661.2,504.3,176,35.2,2.1,HOLD_RPM,48.08,128.62,173.27,0,0.0,1301,0,2480.8,2479.7
130.9000,139368,2000.0,2480.2,15.408,18.782,7.28,8.87,661.2,661.2,497.0,174,34.8,-1.5,HOLD_RPM,48.08,128.86,176.94,0,0.0,1303,0,2480.2,2481.9
130.9500,139418,2000.0,2480.2,15.408,18.782,7.28,8.87,661.2,661.2,497.0,176,35.2,-1.5,HOLD_RPM,48.02,129.10,176.93,0,0.0,1303,0,2480.2,2484.5
131.0000,139468,2000.0,2482.1,7.789,18.852,3.68,8.91,533.4,533.4,497.0,177,35.4,-1.5,HOLD_RPM,48.02,129.34,177.35,0,0.0,1303,0,2482.1,2480.9
131.0500,139518,2000.0,2482.1,7.789,18.852,3.68,8.91,533.4,533.4,503.8,178,35.6,1.9,HOLD_RPM,48.21,129.58,178.35,0,0.0,1303,0,2482.1,2485.6
131.1000,139568,2000.0,2486.8,7.789,19.023,3.69,9.01,533.4,533.4,503.8,178,35.6,1.9,HOLD_RPM,48.21,129.82,178.03,0,0.0,1303,0,2486.8,2491.3
131.1500,139618,2000.0,2486.8,6.815,19.023,3.23,9.01,973.8,973.8,503.8,179,35.8,1.9,HOLD_RPM,48.68,130.06,180.14,0,0.0,1303,0,2486.8,2490.7
131.2000,139668,2000.0,2492.9,6.815,19.245,3.23,9.13,973.8,973.8,504.5,179,35.8,2.3,HOLD_RPM,48.68,130.30,178.98,0,0.0,1303,0,2492.9,2494.7
131.2500,139718,2000.0,2492.9,6.815,19.245,3.23,9.13,973.8,973.8,504.5,179,35.8,2.3,HOLD_RPM,49.29,130.55,181.68,0,0.0,1305,0,2492.9,2492.7
131.3000,139768,2000.0,2495.6,6.808,19.344,3.23,9.19,659.7,659.7,504.5,180,36.0,2.3,HOLD_RPM,49.29,130.80,180.09,0,0.0,1305,0,2495.6,2500.1
131.3500,139818,2000.0,2495.6,6.808,19.344,3.23,9.19,659.7,659.7,497.6,181,36.2,-1.2,HOLD_RPM,49.56,131.05,181.43,0,0.0,1306,0,2495.6,2494.9
131.4000,139868,2000.0,2496.3,6.808,19.369,3.24,9.21,659.7,659.7,497.6,180,36.0,-1.2,HOLD_RPM,49.56,131.29,180.86,0,0.0,1307,0,2496.3,2492.2
131.4500,139918,2000.0,2496.3,2.670,19.369,1.27,9.21,710.0,710.0,497.6,181,36.2,-1.2,HOLD_RPM,49.63,131.54,181.36,0,0.0,1307,0,2496.3,2495.9
131.5000,139968,2000.0,2494.3,2.670,19.296,1.27,9.16,710.0,710.0,502.5,181,36.2,1.2,HOLD_RPM,49.63,131.79,181.42,0,0.0,1307,0,2494.3,2491.8
131.5500,140018,2000.0,2494.3,2.670,19.296,1.27,9.16,710.0,710.0,502.5,180,36.0,1.2,HOLD_RPM,49.43,132.04,180.87,0,0.0,1307,0,2494.3,2501.0
131.6000,140068,2000.0,2501.2,4.942,19.512,2.35,9.29,928.8,928.8,502.5,181,36.2,1.2,HOLD_RPM,49.43,132.28,181.71,0,0.0,1307,0,2501.2,2502.1
131.6500,140118,2000.0,2501.2,4.942,19.512,2.35,9.29,928.8,928.8,502.5,182,36.4,1.2,HOLD_RPM,50.12,132.53,184.74,0,0.0,1308,0,2501.2,2507.8
131.7000,140168,2000.0,2506.0,4.942,19.544,2.36,9.33,928.8,928.8,501.6,183,36.6,0.8,HOLD_RPM,50.12,132.79,182.91,0,0.0,1308,0,2506.0,2502.6
131.7500,140218,2000.0,2506.0,4.942,19.544,2.36,9.33,928.8,928.8,501.6,183,36.6,0.8,HOLD_RPM,50.60,133.04,185.07,0,0.0,1308,0,2506.0,2492.6
131.8000,140268,2000.0,2492.8,2.183,19.242,1.04,9.13,778.8,778.8,501.6,184,36.8,0.8,HOLD_RPM,50.60,133.29,183.89,0,0.0,1308,0,2492.8,2491.0
131.8500,140318,2000.0,2492.8,2.183,19.242,1.04,9.13,778.8,778.8,501.3,182,36.4,0.6,HOLD_RPM,49.28,133.54,178.86,0,0.0,1308,0,2492.8,2494.9
131.9000,140368,2000.0,2494.8,2.183,19.315,1.04,9.17,778.8,778.8,501.3,179,35.8,0.6,HOLD_RPM,49.28,133.78,183.06,0,0.0,1308,0,2494.8,2496.8
131.9500,140418,2000.0,2494.8,-4.182,19.315,-1.99,9.17,707.8,707.8,501.3,183,36.6,0.6,HOLD_RPM,49.48,134.03,184.10,0,0.0,1308,0,2494.8,2500.9
132.0000,140468,2000.0,2501.0,-4.182,19.511,-1.99,9.29,707.8,707.8,498.4,183,36.6,-0.8,HOLD_RPM,49.48,134.28,183.76,0,0.0,1308,0,2501.0,2500.5
132.0500,140518,2000.0,2501.0,-4.182,19.511,-1.99,9.29,707.8,707.8,498.4,184,36.8,-0.8,HOLD_RPM,50.10,134.53,186.48,0,0.0,1308,0,2501.0,2496.9
132.1000,140568,2000.0,2498.5,4.145,19.450,1.97,9.25,1002.8,1002.8,498.4,185,37.0,-0.8,HOLD_RPM,50.10,134.78,184.88,0,0.0,1311,0,2498.5,2503.7
132.1500,140618,2000.0,2498.5,4.145,19.450,1.97,9.25,1002.8,1002.8,504.5,184,36.8,2.3,HOLD_RPM,49.85,135.03,184.14,0,0.0,1311,0,2498.5,2516.4
132.2000,140668,2000.0,2518.7,4.145,19.628,1.99,9.41,1002.8,1002.8,504.5,185,37.0,2.3,HOLD_RPM,49.85,135.28,185.13,0,0.0,1311,0,2518.7,2526.2
132.2500,140718,2000.0,2518.7,4.861,19.628,2.33,9.41,1019.7,1019.7,504.5,186,37.2,2.3,HOLD_RPM,51.87,135.54,193.48,0,0.0,1311,0,2518.7,2545.4
132.3000,140768,2000.0,2545.5,4.861,19.806,2.36,9.60,1019.7,1019.7,504.5,193,38.6,2.3,HOLD_RPM,51.87,135.80,187.67,0,0.0,1311,0,2545.5,2555.7
132.3500,140818,2000.0,2545.5,4.861,19.806,2.36,9.60,1019.7,1019.7,504.6,188,37.6,2.3,HOLD_RPM,54.55,136.07,198.64,0,0.0,1312,0,2545.5,2565.2
132.4000,140868,2000.0,2568.2,4.861,19.957,2.38,9.76,1019.7,1019.7,504.6,192,38.4,2.3,HOLD_RPM,54.55,136.34,190.89,0,0.0,1315,0,2568.2,2578.3
132.4500,140918,2000.0,2568.2,3.909,19.957,1.91,9.76,618.1,618.1,504.6,194,38.8,2.3,HOLD_RPM,56.82,136.63,200.25,0,0.0,1317,0,2568.2,2581.3
132.5000,140968,2000.0,2580.3,3.909,20.037,1.92,9.84,618.1,618.1,501.1,197,39.4,0.6,HOLD_RPM,56.82,136.91,193.73,0,0.0,1319,0,2580.3,2582.4
132.5500,141018,2000.0,2580.3,3.909,20.037,1.92,9.84,618.1,618.1,501.1,198,39.6,0.6,HOLD_RPM,58.03,137.20,198.89,0,0.0,1320,0,2580.3,2587.4
132.6000,141068,2000.0,2586.6,2.360,20.079,1.16,9.89,463.4,463.4,501.1,197,39.4,0.6,HOLD_RPM,58.03,137.49,195.52,0,0.0,1320,0,2586.6,2585.6
132.6500,141118,2000.0,2586.6,2.360,20.079,1.16,9.89,463.4,463.4,500.1,196,39.2,0.1,HOLD_RPM,58.66,137.78,198.33,0,0.0,1321,0,2586.6,2580.0
132.7000,141168,2000.0,2579.9,2.360,20.035,1.16,9.84,463.4,463.4,500.1,197,39.4,0.1,HOLD_RPM,58.66,138.08,196.74,0,0.0,1322,0,2579.9,2576.9
132.7500,141218,2000.0,2579.9,1.630,20.035,0.80,9.84,940.6,940.6,500.1,195,39.0,0.1,HOLD_RPM,57.99,138.37,194.32,0,0.0,1324,0,2579.9,2579.0
132.8000,141268,2000.0,2574.9,1.630,20.001,0.80,9.81,940.6,940.6,499.1,195,39.0,-0.4,HOLD_RPM,57.99,138.66,196.64,0,0.0,1325,0,2574.9,2570.0
132.8500,141318,2000.0,2574.9,1.630,20.001,0.80,9.81,940.6,940.6,499.1,195,39.0,-0.4,HOLD_RPM,57.49,138.94,194.95,0,0.0,1325,0,2574.9,2564.5
132.9000,141368,2000.0,2564.6,6.129,19.933,2.99,9.73,863.1,863.1,499.1,195,39.0,-0.4,HOLD_RPM,57.49,139.23,196.72,0,0.0,1325,0,2564.6,2569.4
132.9500,141418,2000.0,2564.6,6.129,19.933,2.99,9.73,863.1,863.1,499.1,195,39.0,-0.4,HOLD_RPM,56.46,139.51,192.90,0,0.0,1326,0,2564.6,2571.1
133.0000,141468,2000.0,2567.3,6.129,19.951,3.00,9.75,863.1,863.1,499.1,193,38.6,-0.4,HOLD_RPM,56.46,139.80,196.26,0,0.0,1326,0,2567.3,2563.0
133.0500,141518,2000.0,2567.3,12.457,19.951,6.09,9.75,996.2,996.2,499.1,197,39.4,-0.4,HOLD_RPM,56.73,140.08,197.60,0,0.0,1326,0,2567.3,2567.2
133.1000,141568,2000.0,2560.0,12.457,19.902,6.07,9.70,996.2,996.2,499.1,197,39.4,-0.4,HOLD_RPM,56.73,140.36,197.09,0,0.0,1326,0,2560.0,2553.2
133.1500,141618,2000.0,2560.0,12.457,19.902,6.07,9.70,996.2,996.2,500.6,196,39.2,0.3,HOLD_RPM,56.00,140.64,194.46,0,0.0,1326,0,2560.0,2559.6
133.2000,141668,2000.0,2561.8,12.457,19.914,6.08,9.71,996.2,996.2,500.6,195,39.0,0.3,HOLD_RPM,56.00,140.92,196.92,0,0.0,1326,0,2561.8,2565.7
133.2500,141718,2000.0,2561.8,9.891,19.914,4.82,9.71,812.5,812.5,500.6,197,39.4,0.3,HOLD_RPM,56.18,141.20,197.91,0,0.0,1326,0,2561.8,2549.9
133.3000,141768,2000.0,2555.3,9.891,19.871,4.81,9.67,812.5,812.5,501.5,197,39.4,0.8,HOLD_RPM,56.18,141.49,197.66,0,0.0,1326,0,2555.3,2556.8
133.3500,141818,2000.0,2555.3,9.891,19.871,4.81,9.67,812.5,812.5,501.5,196,39.2,0.8,HOLD_RPM,55.53,141.76,195.35,0,0.0,1327,0,2555.3,2551.3
133.4000,141868,2000.0,2551.6,4.204,19.847,2.04,9.64,521.9,521.9,501.5,196,39.2,0.8,HOLD_RPM,55.53,142.04,197.57,0,0.0,1327,0,2551.6,2546.9
133.4500,141918,2000.0,2551.6,4.204,19.847,2.04,9.64,521.9,521.9,503.8,196,39.2,1.9,HOLD_RPM,55.16,142.32,196.37,0,0.0,1330,0,2551.6,2550.9
133.5000,141968,2000.0,2548.0,4.204,19.823,2.04,9.62,521.9,521.9,503.8,197,39.4,1.9,HOLD_RPM,55.16,142.59,197.75,0,0.0,1330,0,2548.0,2544.1
133.5500,142018,2000.0,2548.0,3.194,19.823,1.55,9.62,662.2,662.2,503.8,196,39.2,1.9,HOLD_RPM,54.80,142.87,196.59,0,0.0,1331,0,2548.0,2549.1
133.6000,142068,2000.0,2548.0,3.194,19.823,1.55,9.62,662.2,662.2,504.5,197,39.4,2.3,HOLD_RPM,54.80,143.14,197.94,0,0.0,1333,0,2548.0,2552.0
133.6500,142118,2000.0,2548.0,3.194,19.823,1.55,9.62,662.2,662.2,504.5,198,39.6,2.3,HOLD_RPM,54.80,143.41,198.21,0,0.0,1334,0,2548.0,2554.0
133.7000,142168,2000.0,2555.5,4.934,19.873,2.40,9.67,1081.6,1081.6,504.5,198,39.6,2.3,HOLD_RPM,54.80,143.69,198.49,0,0.0,1335,0,2555.5,2556.1
133.7500,142218,2000.0,2555.5,4.934,19.873,2.40,9.67,1081.6,1081.6,504.5,199,39.8,2.3,HOLD_RPM,55.55,143.97,201.75,0,0.0,1336,0,2555.5,2553.0
133.8000,142268,2000.0,2554.8,4.934,19.868,2.40,9.66,1081.6,1081.6,500.5,200,40.0,0.3,HOLD_RPM,55.55,144.24,199.79,0,0.0,1337,0,2554.8,2556.0
133.8500,142318,2000.0,2554.8,4.934,19.868,2.40,9.66,1081.6,1081.6,500.5,199,39.8,0.3,HOLD_RPM,55.48,144.52,199.82,0,0.0,1337,0,2554.8,2553.4
133.9000,142368,2000.0,2551.7,7.730,19.847,3.76,9.64,1145.9,1145.9,500.5,200,40.0,0.3,HOLD_RPM,55.48,144.80,200.28,0,0.0,1337,0,2551.7,2545.3
133.9500,142418,2000.0,2551.7,7.730,19.847,3.76,9.64,1145.9,1145.9,498.5,199,39.8,-0.7,HOLD_RPM,55.17,145.07,199.32,0,0.0,1337,0,2551.7,2532.9
134.0000,142468,2000.0,2534.2,7.730,19.731,3.73,9.52,1145.9,1145.9,498.5,200,40.0,-0.7,HOLD_RPM,55.17,145.35,200.53,0,0.0,1338,0,2534.2,2534.4
134.0500,142518,2000.0,2534.2,9.102,19.731,4.39,9.52,680.0,680.0,498.5,199,39.8,-0.7,HOLD_RPM,53.42,145.62,193.76,0,0.0,1338,0,2534.2,2531.3
134.1000,142568,2000.0,2533.4,9.102,19.726,4.39,9.52,680.0,680.0,497.9,195,39.0,-1.1,HOLD_RPM,53.42,145.88,199.30,0,0.0,1339,0,2533.4,2536.0
134.1500,142618,2000.0,2533.4,9.102,19.726,4.39,9.52,680.0,680.0,497.9,199,39.8,-1.1,HOLD_RPM,53.34,146.15,199.26,0,0.0,1341,0,2533.4,2530.3
134.2000,142668,2000.0,2530.2,12.140,19.705,5.85,9.49,600.9,600.9,497.9,199,39.8,-1.1,HOLD_RPM,53.34,146.42,199.76,0,0.0,1341,0,2530.2,2530.2
134.2500,142718,2000.0,2530.2,12.140,19.705,5.85,9.49,600.9,600.9,502.6,198,39.6,1.3,HOLD_RPM,53.02,146.68,198.76,0,0.0,1343,0,2530.2,2510.3
134.3000,142768,2000.0,2513.2,12.140,19.592,5.81,9.38,600.9,600.9,502.6,199,39.8,1.3,HOLD_RPM,53.02,146.95,199.97,0,0.0,1344,0,2513.2,2513.7
134.3500,142818,2000.0,2513.2,14.626,19.592,7.00,9.38,1052.8,1052.8,502.6,198,39.6,1.3,HOLD_RPM,51.32,147.20,193.42,0,0.0,1345,0,2513.2,2503.1
134.4000,142868,2000.0,2504.6,14.626,19.535,6.97,9.32,1052.8,1052.8,503.1,194,38.8,1.6,HOLD_RPM,51.32,147.46,198.78,0,0.0,1347,0,2504.6,2507.8
134.4500,142918,2000.0,2504.6,14.626,19.535,6.97,9.32,1052.8,1052.8,503.1,198,39.6,1.6,HOLD_RPM,50.46,147.71,195.58,0,0.0,1347,0,2504.6,2516.8
134.5000,142968,2000.0,2519.0,14.294,19.630,6.86,9.42,848.1,848.1,503.1,196,39.2,1.6,HOLD_RPM,50.46,147.97,198.42,0,0.0,1348,0,2519.0,2529.1
134.5500,143018,2000.0,2519.0,14.294,19.630,6.86,9.42,848.1,848.1,503.1,199,39.8,1.6,HOLD_RPM,51.90,148.23,204.44,0,0.0,1348,0,2519.0,2536.6
134.6000,143068,2000.0,2532.1,14.294,19.717,6.89,9.51,848.1,848.1,502.8,203,40.6,1.4,HOLD_RPM,51.90,148.49,200.38,0,0.0,1348,0,2532.1,2530.5
134.6500,143118,2000.0,2532.1,14.294,19.717,6.89,9.51,848.1,848.1,502.8,201,40.2,1.4,HOLD_RPM,53.21,148.75,205.91,0,0.0,1352,0,2532.1,2527.2
134.7000,143168,2000.0,2519.5,2.456,19.634,1.18,9.42,461.2,461.2,502.8,204,40.8,1.4,HOLD_RPM,53.21,149.02,202.23,0,0.0,1352,0,2519.5,2503.5
134.7500,143218,2000.0,2519.5,2.456,19.634,1.18,9.42,461.2,461.2,498.9,201,40.2,-0.6,HOLD_RPM,51.95,149.28,197.43,0,0.0,1352,0,2519.5,2498.4
134.8000,143268,2000.0,2493.9,2.456,19.282,1.17,9.16,461.2,461.2,498.9,198,39.6,-0.6,HOLD_RPM,51.95,149.54,201.48,0,0.0,1354,0,2493.9,2491.5
134.8500,143318,2000.0,2493.9,1.512,19.282,0.72,9.16,770.0,770.0,498.9,200,40.0,-0.6,HOLD_RPM,49.39,149.78,191.50,0,0.0,1354,0,2493.9,2497.3
134.9000,143368,2000.0,2498.1,1.512,19.435,0.72,9.24,770.0,770.0,503.9,192,38.4,1.9,HOLD_RPM,49.39,150.03,199.42,0,0.0,1355,0,2498.1,2499.5
134.9500,143418,2000.0,2498.1,1.512,19.435,0.72,9.24,770.0,770.0,503.9,195,39.0,1.9,HOLD_RPM,49.81,150.28,201.35,0,0.0,1355,0,2498.1,2508.8
135.0000,143468,2000.0,2509.8,10.200,19.569,4.87,9.35,914.4,914.4,503.9,200,40.0,1.9,HOLD_RPM,49.81,150.53,200.34,0,0.0,1355,0,2509.8,2516.3
135.0500,143518,2000.0,2509.8,10.200,19.569,4.87,9.35,914.4,914.4,504.8,201,40.2,2.4,HOLD_RPM,50.98,150.78,205.26,0,0.0,1356,0,2509.8,2506.2
135.1000,143568,2000.0,2511.2,10.200,19.579,4.88,9.36,914.4,914.4,504.8,204,40.8,2.4,HOLD_RPM,50.98,151.04,202.02,0,0.0,1356,0,2511.2,2513.2
135.1500,143618,2000.0,2511.2,9.338,19.579,4.46,9.36,623.1,623.1,504.8,202,40.4,2.4,HOLD_RPM,51.12,151.29,202.85,0,0.0,1356,0,2511.2,2496.8
135.2000,143668,2000.0,2504.2,9.338,19.532,4.45,9.31,623.1,623.1,504.8,202,40.4,2.4,HOLD_RPM,51.12,151.55,202.67,0,0.0,1356,0,2504.2,2509.0
135.2500,143718,2000.0,2504.2,9.338,19.532,4.45,9.31,623.1,623.1,501.6,201,40.2,0.8,HOLD_RPM,50.42,151.80,200.11,0,0.0,1356,0,2504.2,2506.2
135.3000,143768,2000.0,2508.4,9.338,19.560,4.46,9.34,623.1,623.1,501.6,201,40.2,0.8,HOLD_RPM,50.42,152.05,202.47,0,0.0,1356,0,2508.4,2513.0
135.3500,143818,2000.0,2508.4,-2.943,19.560,-1.41,9.34,526.6,526.6,501.6,203,40.6,0.8,HOLD_RPM,50.84,152.31,204.41,0,0.0,1356,0,2508.4,2511.4
135.4000,143868,2000.0,2508.3,-2.943,19.559,-1.41,9.34,526.6,526.6,498.9,203,40.6,-0.6,HOLD_RPM,50.84,152.56,203.40,0,0.0,1356,0,2508.3,2506.7
135.4500,143918,2000.0,2508.3,-2.943,19.559,-1.41,9.34,526.6,526.6,498.9,203,40.6,-0.6,HOLD_RPM,50.83,152.82,203.62,0,0.0,1358,0,2508.3,2504.6
135.5000,143968,2000.0,2502.1,-2.847,19.518,-1.36,9.30,1150.3,1150.3,498.9,203,40.6,-0.6,HOLD_RPM,50.83,153.07,203.90,0,0.0,1358,0,2502.1,2498.2
135.5500,144018,2000.0,2502.1,-2.847,19.518,-1.36,9.30,1150.3,1150.3,505.1,202,40.4,2.6,HOLD_RPM,50.21,153.32,201.68,0,0.0,1358,0,2502.1,2492.0
135.6000,144068,2000.0,2492.6,-2.847,19.234,-1.35,9.13,1150.3,1150.3,505.1,202,40.4,2.6,HOLD_RPM,50.21,153.57,203.78,0,0.0,1359,0,2492.6,2495.1
135.6500,144118,2000.0,2492.6,-0.428,19.234,-0.20,9.13,789.4,789.4,505.1,202,40.4,2.6,HOLD_RPM,49.26,153.82,200.21,0,0.0,1359,0,2492.6,2487.5
135.7000,144168,2000.0,2492.1,-0.428,19.216,-0.20,9.12,789.4,789.4,502.4,201,40.2,1.2,HOLD_RPM,49.26,154.07,203.32,0,0.0,1359,0,2492.1,2502.9
135.7500,144218,2000.0,2492.1,-0.428,19.216,-0.20,9.12,789.4,789.4,502.4,203,40.6,1.2,HOLD_RPM,49.21,154.31,203.39,0,0.0,1359,0,2492.1,2505.8
135.8000,144268,2000.0,2503.8,5.163,19.530,2.46,9.31,853.8,853.8,502.4,203,40.6,1.2,HOLD_RPM,49.21,154.56,203.77,0,0.0,1359,0,2503.8,2502.0
135.8500,144318,2000.0,2503.8,5.163,19.530,2.46,9.31,853.8,853.8,495.6,204,40.8,-2.2,HOLD_RPM,50.38,154.81,208.70,0,0.0,1359,0,2503.8,2501.4
135.9000,144368,2000.0,2499.6,5.163,19.490,2.46,9.28,853.8,853.8,495.6,207,41.4,-2.2,HOLD_RPM,50.38,155.06,205.44,0,0.0,1360,0,2499.6,2498.4
135.9500,144418,2000.0,2499.6,5.996,19.490,2.85,9.28,1090.3,1090.3,495.6,204,40.8,-2.2,HOLD_RPM,49.96,155.31,203.99,0,0.0,1360,0,2499.6,2493.6
136.0000,144468,2000.0,2491.9,5.996,19.209,2.85,9.11,1090.3,1090.3,495.6,204,40.8,-2.2,HOLD_RPM,49.96,155.56,205.52,0,0.0,1361,0,2491.9,2488.4
136.0500,144518,2000.0,2491.9,5.996,19.209,2.85,9.11,1090.3,1090.3,502.9,204,40.8,1.4,HOLD_RPM,49.19,155.81,202.68,0,0.0,1361,0,2491.9,2482.2
136.1000,144568,2000.0,2484.4,5.996,18.935,2.84,8.96,1090.3,1090.3,502.9,203,40.6,1.4,HOLD_RPM,49.19,156.05,205.24,0,0.0,1361,0,2484.4,2485.9
136.1500,144618,2000.0,2484.4,2.847,18.935,1.35,8.96,705.9,705.9,502.9,204,40.8,1.4,HOLD_RPM,48.44,156.29,202.51,0,0.0,1362,0,2484.4,2483.2
136.2000,144668,2000.0,2479.8,2.847,18.768,1.34,8.86,705.9,705.9,503.9,203,40.6,1.9,HOLD_RPM,48.44,156.54,204.98,0,0.0,1362,0,2479.8,2474.5
136.2500,144718,2000.0,2479.8,2.847,18.768,1.34,8.86,705.9,705.9,503.9,203,40.6,1.9,HOLD_RPM,47.98,156.78,203.36,0,0.0,1363,0,2479.8,2459.1
136.3000,144768,2000.0,2455.3,8.681,17.874,4.06,8.36,724.7,724.7,503.9,204,40.8,1.9,HOLD_RPM,47.98,157.02,204.99,0,0.0,1364,0,2455.3,2437.9
136.3500,144818,2000.0,2455.3,8.681,17.874,4.06,8.36,724.7,724.7,496.3,203,40.6,-1.9,HOLD_RPM,45.53,157.24,195.42,0,0.0,1366,0,2455.3,2403.2
136.4000,144868,2000.0,2394.6,8.681,15.707,3.96,7.16,724.7,724.7,496.3,196,39.2,-1.9,HOLD_RPM,45.53,157.47,203.00,0,0.0,1366,0,2394.6,2369.8
136.4500,144918,2000.0,2394.6,11.270,15.707,5.14,7.16,887.2,887.2,496.3,201,40.2,-1.9,HOLD_RPM,39.46,157.67,178.94,0,0.0,1367,0,2394.6,2331.3
136.5000,144968,2000.0,2327.2,11.270,13.827,4.99,6.13,887.2,887.2,503.6,197,39.4,1.8,HOLD_RPM,39.46,157.87,197.33,0,0.0,1367,0,2327.2,2303.9
136.5500,145018,2000.0,2327.2,11.270,13.827,4.99,6.13,887.2,887.2,503.6,195,39.0,1.8,HOLD_RPM,32.72,158.03,170.54,0,0.0,1369,0,2327.2,2283.7
136.6000,145068,2000.0,2279.3,10.518,13.162,4.56,5.71,880.3,880.3,503.6,192,38.4,1.8,HOLD_RPM,32.72,158.19,190.92,0,0.0,1369,0,2279.3,2265.0
136.6500,145118,2000.0,2279.3,10.518,13.162,4.56,5.71,880.3,880.3,503.6,189,37.8,1.8,HOLD_RPM,27.93,158.33,171.90,0,0.0,1369,0,2279.3,2259.3
136.7000,145168,2000.0,2253.0,10.518,13.282,4.51,5.70,880.3,880.3,502.4,179,35.8,1.2,HOLD_RPM,27.93,158.47,186.41,0,0.0,1369,0,2253.0,2243.0
136.7500,145218,2000.0,2253.0,10.518,13.282,4.51,5.70,880.3,880.3,502.4,174,34.8,1.2,HOLD_RPM,25.30,158.60,176.01,0,0.0,1369,0,2253.0,2224.4
136.8000,145268,2000.0,2223.6,18.402,13.416,7.79,5.68,979.4,979.4,502.4,177,35.4,1.2,HOLD_RPM,25.30,158.73,184.03,0,0.0,1371,0,2223.6,2215.6
136.8500,145318,2000.0,2223.6,18.402,13.416,7.79,5.68,979.4,979.4,503.0,184,36.8,1.5,HOLD_RPM,22.36,158.84,172.36,0,0.0,1371,0,2223.6,2204.3
136.9000,145368,2000.0,2203.0,18.402,13.509,7.72,5.67,979.4,979.4,503.0,177,35.4,1.5,HOLD_RPM,22.36,158.95,181.31,0,0.0,1371,0,2203.0,2196.1
136.9500,145418,2000.0,2203.0,20.541,13.509,8.62,5.67,623.4,623.4,503.0,173,34.6,1.5,HOLD_RPM,20.30,159.05,173.16,0,0.0,1373,0,2203.0,2187.6
137.0000,145468,2000.0,2186.9,20.541,13.685,8.55,5.70,623.4,623.4,504.5,174,34.8,2.3,HOLD_RPM,20.30,159.15,179.45,0,0.0,1373,0,2186.9,2182.9
137.0500,145518,2000.0,2186.9,20.541,13.685,8.55,5.70,623.4,623.4,504.5,178,35.6,2.3,HOLD_RPM,18.69,159.25,173.14,0,0.0,1376,0,2186.9,2180.9
137.1000,145568,2000.0,2177.7,9.308,13.799,3.86,5.72,642.5,642.5,504.5,173,34.6,2.3,HOLD_RPM,18.69,159.34,178.03,0,0.0,1376,0,2177.7,2172.1
137.1500,145618,2000.0,2177.7,9.308,13.799,3.86,5.72,642.5,642.5,501.8,178,35.6,0.9,HOLD_RPM,17.77,159.43,174.43,0,0.0,1376,0,2177.7,2158.7
137.2000,145668,2000.0,2152.4,9.308,14.112,3.81,5.78,642.5,642.5,501.8,175,35.0,0.9,HOLD_RPM,17.77,159.52,177.29,0,0.0,1376,0,2152.4,2133.9
137.2500,145718,2000.0,2152.4,9.441,14.112,3.87,5.78,795.3,795.3,501.8,176,35.2,0.9,HOLD_RPM,15.24,159.59,167.23,0,0.0,1377,0,2152.4,2106.1
137.3000,145768,2000.0,2099.3,9.441,14.759,3.77,5.90,795.3,795.3,501.0,168,33.6,0.5,HOLD_RPM,15.24,159.67,174.91,0,0.0,1377,0,2099.3,2085.9
137.3500,145818,2000.0,2099.3,9.441,14.759,3.77,5.90,795.3,795.3,501.0,171,34.2,0.5,HOLD_RPM,9.93,159.72,153.74,0,0.0,1377,0,2099.3,2067.5
137.4000,145868,2000.0,2061.0,12.177,14.670,4.78,5.76,977.5,977.5,501.0,171,34.2,0.5,HOLD_RPM,9.93,159.77,169.70,0,0.0,1377,0,2061.0,2046.2
137.4500,145918,2000.0,2061.0,12.177,14.670,4.78,5.76,977.5,977.5,501.0,168,33.6,0.5,HOLD_RPM,6.10,159.80,154.41,0,0.0,1378,0,2061.0,2019.5
137.5000,145968,2000.0,2015.0,12.177,14.564,4.67,5.59,977.5,977.5,502.5,158,31.6,1.2,HOLD_RPM,6.10,159.83,165.93,0,0.0,1378,0,2015.0,1993.2
137.5500,146018,2000.0,2015.0,12.177,14.564,4.67,5.59,977.5,977.5,502.5,154,30.8,1.2,HOLD_RPM,1.50,159.84,147.54,0,0.0,1378,0,2015.0,1960.5
137.6000,146068,2000.0,1955.2,5.738,14.214,2.14,5.29,799.4,799.4,502.5,148,29.6,1.2,HOLD_RPM,1.50,159.85,161.35,0,0.0,1379,0,1955.2,1940.4
137.6500,146118,2000.0,1955.2,5.738,14.214,2.14,5.29,799.4,799.4,500.0,152,30.4,0.0,HOLD_RPM,-4.48,159.82,137.40,0,0.0,1380,0,1955.2,1927.8
137.7000,146168,2000.0,1919.5,5.738,13.962,2.10,5.10,799.4,799.4,500.0,154,30.8,0.0,HOLD_RPM,-4.48,159.80,155.32,0,0.0,1380,0,1919.5,1901.0
137.7500,146218,2000.0,1919.5,2.950,13.962,1.08,5.10,580.0,580.0,500.0,154,30.8,0.0,HOLD_RPM,-8.05,159.76,140.99,0,0.0,1381,0,1919.5,1879.5
137.8000,146268,2000.0,1872.7,2.950,13.463,1.05,4.80,580.0,580.0,501.6,145,29.0,0.8,HOLD_RPM,-8.05,159.72,151.67,0,0.0,1381,0,1872.7,1853.7
137.8500,146318,2000.0,1872.7,2.950,13.463,1.05,4.80,580.0,580.0,501.6,140,28.0,0.8,HOLD_RPM,-12.73,159.66,132.89,0,0.0,1382,0,1872.7,1827.1
137.9000,146368,2000.0,1819.3,0.664,12.756,0.23,4.42,621.2,621.2,501.6,134,26.8,0.8,HOLD_RPM,-12.73,159.59,146.86,0,0.0,1382,0,1819.3,1802.5
137.9500,146418,2000.0,1819.3,0.664,12.756,0.23,4.42,621.2,621.2,501.1,138,27.6,0.6,HOLD_RPM,-18.07,159.50,125.43,0,0.0,1382,0,1819.3,1754.2
138.0000,146468,2000.0,1746.1,0.664,12.727,0.22,4.23,621.2,621.2,501.1,140,28.0,0.6,HOLD_RPM,-18.07,159.41,141.35,0,0.0,1382,0,1746.1,1720.0
138.0500,146518,2000.0,1746.1,2.486,12.727,0.83,4.23,969.4,969.4,501.1,140,28.0,0.6,HOLD_RPM,-25.39,159.29,111.94,0,0.0,1382,0,1746.1,1692.8
138.1000,146568,2000.0,1676.6,2.486,12.869,0.79,4.11,969.4,969.4,501.1,131,26.2,0.6,HOLD_RPM,-25.39,159.16,133.77,0,0.0,1382,0,1676.6,1655.6
138.1500,146618,2000.0,1676.6,2.486,12.869,0.79,4.11,969.4,969.4,500.6,124,24.8,0.3,HOLD_RPM,-32.34,159.00,105.80,0,0.0,1383,0,1676.6,1609.6
138.2000,146668,2000.0,1593.1,2.486,12.625,0.75,3.83,969.4,969.4,500.6,115,23.0,0.3,HOLD_RPM,-32.34,158.83,126.50,0,0.0,1384,0,1593.1,1567.1
138.2500,146718,2000.0,1593.1,-4.285,12.625,-1.30,3.83,574.4,574.4,500.6,108,21.6,0.3,HOLD_RPM,-40.69,158.63,92.90,0,0.0,1384,0,1593.1,1535.0
138.3000,146768,2000.0,1525.2,-4.285,11.894,-1.24,3.45,574.4,574.4,502.8,99,19.8,1.4,HOLD_RPM,-40.69,158.43,117.74,0,0.0,1384,0,1525.2,1510.7
138.3500,146818,2000.0,1525.2,-4.285,11.894,-1.24,3.45,574.4,574.4,502.8,93,18.6,1.4,HOLD_RPM,-47.48,158.19,90.33,0,0.0,1384,0,1525.2,1481.7
138.4000,146868,2000.0,1474.9,-5.001,11.623,-1.40,3.26,947.2,947.2,502.8,91,18.2,1.4,HOLD_RPM,-47.48,157.95,110.47,0,0.0,1384,0,1474.9,1462.0
138.4500,146918,2000.0,1474.9,-5.001,11.623,-1.40,3.26,947.2,947.2,501.1,102,20.4,0.6,HOLD_RPM,-52.51,157.69,90.11,0,0.0,1384,0,1474.9,1433.4
138.5000,146968,2000.0,1430.1,-5.001,11.623,-1.36,3.16,947.2,947.2,501.1,109,21.8,0.6,HOLD_RPM,-52.51,157.43,104.92,0,0.0,1384,0,1430.1,1419.2
138.5500,147018,2000.0,1430.1,7.892,11.623,2.15,3.16,1205.9,1205.9,501.1,104,20.8,0.6,HOLD_RPM,-56.99,157.14,86.69,0,0.0,1384,0,1430.1,1412.5
138.6000,147068,2000.0,1411.4,7.892,11.623,2.12,3.12,1205.9,1205.9,500.3,94,18.8,0.1,HOLD_RPM,-56.99,156.86,99.87,0,0.0,1384,0,1411.4,1407.5
138.6500,147118,2000.0,1411.4,7.892,11.623,2.12,3.12,1205.9,1205.9,500.3,89,17.8,0.1,HOLD_RPM,-58.86,156.56,92.09,0,0.0,1384,0,1411.4,1390.6
138.7000,147168,2000.0,1388.4,14.877,11.623,3.93,3.07,958.1,958.1,500.3,93,18.6,0.1,HOLD_RPM,-58.86,156.27,97.41,0,0.0,1384,0,1388.4,1384.1
138.7500,147218,2000.0,1388.4,14.877,11.623,3.93,3.07,958.1,958.1,503.0,96,19.2,1.5,HOLD_RPM,-61.16,155.96,87.92,0,0.0,1384,0,1388.4,1387.5
138.8000,147268,2000.0,1388.8,14.877,11.623,3.93,3.07,958.1,958.1,503.0,89,17.8,1.5,HOLD_RPM,-61.16,155.66,94.50,0,0.0,1384,0,1388.8,1392.7
138.8500,147318,2000.0,1388.8,7.523,11.623,1.99,3.07,463.1,463.1,503.0,90,18.0,1.5,HOLD_RPM,-61.12,155.35,94.34,0,0.0,1385,0,1388.8,1394.3
138.9000,147368,2000.0,1395.5,7.523,11.623,2.00,3.09,463.1,463.1,503.0,94,18.8,1.5,HOLD_RPM,-61.12,155.05,93.92,0,0.0,1385,0,1395.5,1397.2
138.9500,147418,2000.0,1395.5,7.523,11.623,2.00,3.09,463.1,463.1,500.1,94,18.8,0.1,HOLD_RPM,-60.45,154.74,96.32,0,0.0,1385,0,1395.5,1415.8
139.0000,147468,2000.0,1416.6,7.523,11.623,2.03,3.13,463.1,463.1,500.1,95,19.0,0.1,HOLD_RPM,-60.45,154.44,93.99,0,0.0,1385,0,1416.6,1421.4
139.0500,147518,2000.0,1416.6,2.168,11.623,0.58,3.13,735.3,735.3,500.1,94,18.8,0.1,HOLD_RPM,-58.34,154.15,102.12,0,0.0,1386,0,1416.6,1422.6
139.1000,147568,2000.0,1423.4,2.168,11.623,0.59,3.15,735.3,735.3,500.6,101,20.2,0.3,HOLD_RPM,-58.34,153.86,95.51,0,0.0,1387,0,1423.4,1425.4
139.1500,147618,2000.0,1423.4,2.168,11.623,0.59,3.15,735.3,735.3,500.6,96,19.2,0.3,HOLD_RPM,-57.66,153.57,97.95,0,0.0,1388,0,1423.4,1423.2
139.2000,147668,2000.0,1421.0,8.880,11.623,2.40,3.14,1102.8,1102.8,500.6,96,19.2,0.3,HOLD_RPM,-57.66,153.28,95.62,0,0.0,1389,0,1421.0,1414.3
139.2500,147718,2000.0,1421.0,8.880,11.623,2.40,3.14,1102.8,1102.8,502.8,94,18.8,1.4,HOLD_RPM,-57.90,152.99,94.38,0,0.0,1390,0,1421.0,1417.8
139.3000,147768,2000.0,1424.8,8.880,11.623,2.41,3.15,1102.8,1102.8,502.8,94,18.8,1.4,HOLD_RPM,-57.90,152.70,94.80,0,0.0,1390,0,1424.8,1430.6
139.3500,147818,2000.0,1424.8,16.344,11.623,4.43,3.15,917.2,917.2,502.8,95,19.0,1.4,HOLD_RPM,-57.52,152.42,96.04,0,0.0,1391,0,1424.8,1417.3
139.4000,147868,2000.0,1404.1,16.344,11.623,4.37,3.11,917.2,917.2,501.9,95,19.0,0.9,HOLD_RPM,-57.52,152.13,94.61,0,0.0,1391,0,1404.1,1390.7
139.4500,147918,2000.0,1404.1,16.344,11.623,4.37,3.11,917.2,917.2,501.9,93,18.6,0.9,HOLD_RPM,-59.59,151.83,86.03,0,0.0,1391,0,1404.1,1354.8
139.5000,147968,2000.0,1333.0,11.381,11.623,2.89,2.95,397.2,397.2,501.9,86,17.2,0.9,HOLD_RPM,-59.59,151.53,91.94,0,0.0,1391,0,1333.0,1311.9
139.5500,148018,2000.0,1333.0,11.381,11.623,2.89,2.95,397.2,397.2,500.3,89,17.8,0.1,HOLD_RPM,-66.70,151.20,63.18,0,0.0,1391,0,1333.0,1277.1
139.6000,148068,2000.0,1249.4,11.381,11.623,2.71,2.76,397.2,397.2,500.3,80,16.0,0.1,HOLD_RPM,-66.70,150.87,84.17,0,0.0,1393,0,1249.4,1222.9
139.6500,148118,2000.0,1249.4,11.816,11.623,2.81,2.76,989.1,989.1,500.3,73,14.6,0.1,HOLD_RPM,-75.06,150.49,50.34,0,0.0,1394,0,1249.4,1147.4
139.7000,148168,0.0,1102.4,11.816,11.623,2.48,2.44,989.1,989.1,500.3,64,12.8,0.1,IDLE,0.00,0.00,0.00,0,0.0,1394,0,1102.4,1060.7
139.7500,148218,0.0,1102.4,11.816,11.623,2.48,2.44,989.1,989.1,501.1,50,10.0,0.6,IDLE,0.00,0.00,0.00,0,0.0,1394,0,1102.4,1001.3
139.8000,148268,0.0,937.1,11.816,11.623,2.11,2.07,989.1,989.1,501.1,25,5.0,0.6,IDLE,0.00,0.00,0.00,0,0.0,1394,0,937.1,907.6
139.8500,148318,0.0,937.1,17.429,11.623,3.11,2.07,828.1,828.1,501.1,7,1.4,0.6,IDLE,0.00,0.00,0.00,0,0.0,1394,0,937.1,839.7
139.9000,148368,0.0,803.4,17.429,11.623,2.67,1.78,828.1,828.1,500.4,0,0.0,0.2,IDLE,0.00,0.00,0.00,0,0.0,1394,0,803.4,803.4
139.9500,148418,0.0,803.4,17.429,11.623,2.67,1.78,828.1,828.1,500.4,0,0.0,0.2,IDLE,0.00,0.00,0.00,0,0.0,1396,0,803.4,803.4
140.0000,148468,0.0,803.4,7.973,11.623,1.22,1.78,519.7,519.7,500.4,0,0.0,0.2,IDLE,0.00,0.00,0.00,0,0.0,1398,0,803.4,803.4
140.0500,148518,0.0,803.4,7.973,11.623,1.22,1.78,519.7,519.7,501.1,0,0.0,0.6,IDLE,0.00,0.00,0.00,0,0.0,1399,0,803.4,803.4
140.1000,148568,0.0,803.4,7.973,11.623,1.22,1.78,519.7,519.7,501.1,0,0.0,0.6,IDLE,0.00,0.00,0.00,0,0.0,1400,0,803.4,803.4
140.1500,148618,0.0,803.4,-2.537,11.623,-0.39,1.78,730.9,730.9,501.1,0,0.0,0.6,IDLE,0.00,0.00,0.00,0,0.0,1401,0,803.4,803.4
140.2000,148668,0.0,803.4,-2.537,11.623,-0.39,1.78,730.9,730.9,500.8,0,0.0,0.4,IDLE,0.00,0.00,0.00,0,0.0,1401,0,803.4,803.4
140.2500,148718,0.0,803.4,-2.537,11.623,-0.39,1.78,730.9,730.9,500.8,0,0.0,0.4,IDLE,0.00,0.00,0.00,0,0.0,1402,0,803.4,803.4
140.3000,148768,0.0,803.4,-7.722,11.623,-1.18,1.78,723.8,723.8,500.8,0,0.0,0.4,IDLE,0.00,0.00,0.00,0,0.0,1402,0,803.4,803.4
140.3500,148818,0.0,803.4,-7.722,11.623,-1.18,1.78,723.8,723.8,500.8,0,0.0,0.4,IDLE,0.00,0.00,0.00,0,0.0,1403,0,803.4,803.4
140.4000,148868,0.0,803.4,-7.722,11.623,-1.18,1.78,723.8,723.8,502.4,0,0.0,1.2,IDLE,0.00,0.00,0.00,0,0.0,1403,0,803.4,803.4
140.4500,148918,0.0,803.4,-7.722,11.623,-1.18,1.78,723.8,723.8,502.4,0,0.0,1.2,IDLE,0.00,0.00,0.00,0,0.0,1403,0,803.4,803.4
140.5000,148968,0.0,803.4,-0.642,11.623,-0.10,1.78,783.1,783.1,502.4,0,0.0,1.2,IDLE,0.00,0.00,0.00,0,0.0,1404,0,803.4,803.4
140.5500,149018,0.0,803.4,-0.642,11.623,-0.10,1.78,783.1,783.1,499.9,0,0.0,-0.1,IDLE,0.00,0.00,0.00,0,0.0,1404,0,803.4,803.4
140.6000,149068,0.0,0.0,-0.642,11.623,0.00,0.00,783.1,783.1,499.9,0,0.0,-0.1,IDLE,0.00,0.00,0.00,0,0.0,1404,0,0.0,803.4
140.6500,149118,0.0,0.0,-1.689,11.623,0.00,0.00,688.1,688.1,499.9,0,0.0,-0.1,IDLE,0.00,0.00,0.00,0,0.0,1404,0,0.0,803.4
140.7000,149168,0.0,0.0,-1.689,11.623,0.00,0.00,688.1,688.1,501.6,0,0.0,0.8,IDLE,0.00,0.00,0.00,0,0.0,1404,0,0.0,803.4
140.7500,149218,0.0,0.0,-1.689,11.623,0.00,0.00,688.1,688.1,501.6,0,0.0,0.8,IDLE,0.00,0.00,0.00,0,0.0,1404,0,0.0,803.4
140.8000,149268,0.0,0.0,-9.094,11.623,0.00,0.00,768.1,768.1,501.6,0,0.0,0.8,IDLE,0.00,0.00,0.00,0,0.0,1404,0,0.0,803.4
140.8500,149318,0.0,0.0,-9.094,11.623,0.00,0.00,768.1,768.1,500.5,0,0.0,0.3,IDLE,0.00,0.00,0.00,0,0.0,1404,0,0.0,803.4
140.9000,149368,0.0,0.0,-9.094,11.623,0.00,0.00,768.1,768.1,500.5,0,0.0,0.3,IDLE,0.00,0.00,0.00,0,0.0,1404,0,0.0,803.4
140.9500,149418,0.0,0.0,-12.590,11.623,0.00,0.00,759.1,759.1,500.5,0,0.0,0.3,IDLE,0.00,0.00,0.00,0,0.0,1404,0,0.0,803.4
141.0000,149468,0.0,0.0,-12.590,11.623,0.00,0.00,759.1,759.1,501.1,0,0.0,0.6,IDLE,0.00,0.00,0.00,0,0.0,1404,0,0.0,803.4
141.0500,149518,0.0,0.0,-12.590,11.623,0.00,0.00,759.1,759.1,501.1,0,0.0,0.6,IDLE,0.00,0.00,0.00,0,0.0,1404,0,0.0,803.4
141.1000,149568,0.0,0.0,-4.366,11.623,0.00,0.00,769.1,769.1,501.1,0,0.0,0.6,IDLE,0.00,0.00,0.00,0,0.0,1404,0,0.0,803.4
141.1500,149618,0.0,0.0,-4.366,11.623,0.00,0.00,769.1,769.1,501.1,0,0.0,0.6,IDLE,0.00,0.00,0.00,0,0.0,1404,0,0.0,803.4
141.2000,149668,0.0,0.0,-4.366,11.623,0.00,0.00,769.1,769.1,500.8,0,0.0,0.4,IDLE,0.00,0.00,0.00,0,0.0,1404,0,0.0,803.4
141.2500,149718,0.0,0.0,-4.366,11.623,0.00,0.00,769.1,769.1,500.8,0,0.0,0.4,IDLE,0.00,0.00,0.00,0,0.0,1404,0,0.0,803.4
141.3000,149768,0.0,0.0,-9.301,11.623,0.00,0.00,765.9,765.9,500.8,0,0.0,0.4,IDLE,0.00,0.00,0.00,0,0.0,1404,0,0.0,803.4
141.3500,149818,0.0,0.0,-9.301,11.623,0.00,0.00,765.9,765.9,499.5,0,0.0,-0.2,IDLE,0.00,0.00,0.00,0,0.0,1404,0,0.0,803.4
141.4000,149868,0.0,0.0,-9.301,11.623,0.00,0.00,765.9,765.9,499.5,0,0.0,-0.2,IDLE,0.00,0.00,0.00,0,0.0,1404,0,0.0,803.4
141.4500,149918,0.0,0.0,-10.732,11.623,0.00,0.00,763.4,763.4,499.5,0,0.0,-0.2,IDLE,0.00,0.00,0.00,0,0.0,1404,0,0.0,803.4
141.5000,149968,0.0,0.0,-10.732,11.623,0.00,0.00,763.4,763.4,500.5,0,0.0,0.3,IDLE,0.00,0.00,0.00,0,0.0,1404,0,0.0,803.4
141.5500,150018,0.0,0.0,-10.732,11.623,0.00,0.00,763.4,763.4,500.5,0,0.0,0.3,IDLE,0.00,0.00,0.00,0,0.0,1404,0,0.0,803.4
141.6000,150068,0.0,0.0,-5.384,11.623,0.00,0.00,761.2,761.2,500.5,0,0.0,0.3,IDLE,0.00,0.00,0.00,0,0.0,1404,0,0.0,803.4
141.6500,150118,0.0,0.0,-5.384,11.623,0.00,0.00,761.2,761.2,500.1,0,0.0,0.1,IDLE,0.00,0.00,0.00,0,0.0,1404,0,0.0,803.4
141.7000,150168,0.0,0.0,-5.384,11.623,0.00,0.00,761.2,761.2,500.1,0,0.0,0.1,IDLE,0.00,0.00,0.00,0,0.0,1404,0,0.0,803.4
141.7500,150218,0.0,0.0,-4.661,11.623,0.00,0.00,763.8,763.8,500.1,0,0.0,0.1,IDLE,0.00,0.00,0.00,0,0.0,1404,0,0.0,803.4
141.8000,150268,0.0,0.0,-4.661,11.623,0.00,0.00,763.8,763.8,500.1,0,0.0,0.1,IDLE,0.00,0.00,0.00,0,0.0,1404,0,0.0,803.4
141.8500,150318,0.0,0.0,-4.661,11.623,0.00,0.00,763.8,763.8,500.8,0,0.0,0.4,IDLE,0.00,0.00,0.00,0,0.0,1404,0,0.0,803.4
141.9000,150368,0.0,0.0,-4.661,11.623,0.00,0.00,763.8,763.8,500.8,0,0.0,0.4,IDLE,0.00,0.00,0.00,0,0.0,1404,0,0.0,803.4
141.9500,150418,0.0,0.0,-3.784,11.623,0.00,0.00,763.4,763.4,500.8,0,0.0,0.4,IDLE,0.00,0.00,0.00,0,0.0,1404,0,0.0,803.4
142.0000,150468,0.0,0.0,-3.784,11.623,0.00,0.00,763.4,763.4,501.5,0,0.0,0.8,IDLE,0.00,0.00,0.00,0,0.0,1404,0,0.0,803.4
142.0500,150518,0.0,0.0,-3.784,11.623,0.00,0.00,763.4,763.4,501.5,0,0.0,0.8,IDLE,0.00,0.00,0.00,0,0.0,1404,0,0.0,803.4
142.1000,150568,0.0,0.0,-4.211,11.623,0.00,0.00,763.8,763.8,501.5,0,0.0,0.8,IDLE,0.00,0.00,0.00,0,0.0,1404,0,0.0,803.4
142.1500,150618,0.0,0.0,-4.211,11.623,0.00,0.00,763.8,763.8,502.0,0,0.0,1.0,IDLE,0.00,0.00,0.00,0,0.0,1404,0,0.0,803.4
142.2000,150668,0.0,0.0,-4.211,11.623,0.00,0.00,763.8,763.8,502.0,0,0.0,1.0,IDLE,0.00,0.00,0.00,0,0.0,1404,0,0.0,803.4
142.2500,150718,0.0,0.0,-2.375,11.623,0.00,0.00,770.9,770.9,502.0,0,0.0,1.0,IDLE,0.00,0.00,0.00,0,0.0,1404,0,0.0,803.4
142.3000,150768,0.0,0.0,-2.375,11.623,0.00,0.00,770.9,770.9,500.9,0,0.0,0.4,IDLE,0.00,0.00,0.00,0,0.0,1404,0,0.0,803.4
142.3500,150818,0.0,0.0,-2.375,11.623,0.00,0.00,770.9,770.9,500.9,0,0.0,0.4,IDLE,0.00,0.00,0.00,0,0.0,1404,0,0.0,803.4
142.4000,150868,0.0,0.0,-2.419,11.623,0.00,0.00,766.2,766.2,500.9,0,0.0,0.4,IDLE,0.00,0.00,0.00,0,0.0,1404,0,0.0,803.4
142.4500,150918,0.0,0.0,-2.419,11.623,0.00,0.00,766.2,766.2,501.4,0,0.0,0.7,IDLE,0.00,0.00,0.00,0,0.0,1404,0,0.0,803.4
142.5000,150968,0.0,0.0,-2.419,11.623,0.00,0.00,766.2,766.2,501.4,0,0.0,0.7,IDLE,0.00,0.00,0.00,0,0.0,1404,0,0.0,0.0
142.5500,151018,0.0,0.0,-2.257,11.623,0.00,0.00,766.6,766.6,501.4,0,0.0,0.7,IDLE,0.00,0.00,0.00,0,0.0,1404,0,0.0,0.0
142.6000,151068,0.0,0.0,-2.257,11.623,0.00,0.00,766.6,766.6,501.4,0,0.0,0.7,IDLE,0.00,0.00,0.00,0,0.0,1404,0,0.0,0.0
142.6500,151118,0.0,0.0,-2.257,11.623,0.00,0.00,766.6,766.6,501.6,0,0.0,0.8,IDLE,0.00,0.00,0.00,0,0.0,1404,0,0.0,0.0
142.7000,151168,0.0,0.0,-2.257,11.623,0.00,0.00,766.6,766.6,501.6,0,0.0,0.8,IDLE,0.00,0.00,0.00,0,0.0,1404,0,0.0,0.0
142.7500,151218,0.0,0.0,-2.478,11.623,0.00,0.00,759.1,759.1,501.6,0,0.0,0.8,IDLE,0.00,0.00,0.00,0,0.0,1404,0,0.0,0.0
142.8000,151268,0.0,0.0,-2.478,11.623,0.00,0.00,759.1,759.1,501.8,0,0.0,0.9,IDLE,0.00,0.00,0.00,0,0.0,1404,0,0.0,0.0
142.8500,151318,0.0,0.0,-2.478,11.623,0.00,0.00,759.1,759.1,501.8,0,0.0,0.9,IDLE,0.00,0.00,0.00,0,0.0,1404,0,0.0,0.0
142.9000,151368,0.0,0.0,-2.611,11.623,0.00,0.00,759.7,759.7,501.8,0,0.0,0.9,IDLE,0.00,0.00,0.00,0,0.0,1404,0,0.0,0.0
142.9500,151418,0.0,0.0,-2.611,11.623,0.00,0.00,759.7,759.7,501.6,0,0.0,0.8,IDLE,0.00,0.00,0.00,0,0.0,1404,0,0.0,0.0
143.0000,151468,0.0,0.0,-2.611,11.623,0.00,0.00,759.7,759.7,501.6,0,0.0,0.8,IDLE,0.00,0.00,0.00,0,0.0,1404,0,0.0,0.0
143.0500,151518,0.0,0.0,-2.781,11.623,0.00,0.00,755.9,755.9,501.6,0,0.0,0.8,IDLE,0.00,0.00,0.00,0,0.0,1404,0,0.0,0.0
143.1000,151568,0.0,0.0,-2.781,11.623,0.00,0.00,755.9,755.9,502.5,0,0.0,1.2,IDLE,0.00,0.00,0.00,0,0.0,1404,0,0.0,0.0
143.1500,151618,0.0,0.0,-2.781,11.623,0.00,0.00,755.9,755.9,502.5,0,0.0,1.2,IDLE,0.00,0.00,0.00,0,0.0,1404,0,0.0,0.0
143.2000,151668,0.0,0.0,-2.913,11.623,0.00,0.00,755.3,755.3,502.5,0,0.0,1.2,IDLE,0.00,0.00,0.00,0,0.0,1404,0,0.0,0.0
143.2500,151718,0.0,0.0,-2.913,11.623,0.00,0.00,755.3,755.3,502.5,0,0.0,1.2,IDLE,0.00,0.00,0.00,0,0.0,1404,0,0.0,0.0
143.3000,151768,0.0,0.0,-2.913,11.623,0.00,0.00,755.3,755.3,500.8,0,0.0,0.4,IDLE,0.00,0.00,0.00,0,0.0,1404,0,0.0,0.0
143.3500,151818,0.0,0.0,-2.913,11.623,0.00,0.00,755.3,755.3,500.8,0,0.0,0.4,IDLE,0.00,0.00,0.00,0,0.0,1404,0,0.0,0.0
143.4000,151868,0.0,0.0,-2.995,11.623,0.00,0.00,760.0,760.0,500.8,0,0.0,0.4,IDLE,0.00,0.00,0.00,0,0.0,1404,0,0.0,0.0
143.4500,151918,0.0,0.0,-2.995,11.623,0.00,0.00,760.0,760.0,502.4,0,0.0,1.2,IDLE,0.00,0.00,0.00,0,0.0,1404,0,0.0,0.0
143.5000,151968,0.0,0.0,-2.995,11.623,0.00,0.00,760.0,760.0,502.4,0,0.0,1.2,IDLE,0.00,0.00,0.00,0,0.0,1404,0,0.0,0.0
143.5500,152018,0.0,0.0,-3.127,11.623,0.00,0.00,757.5,757.5,502.4,0,0.0,1.2,IDLE,0.00,0.00,0.00,0,0.0,1404,0,0.0,0.0
143.6000,152068,0.0,0.0,-3.127,11.623,0.00,0.00,757.5,757.5,501.9,0,0.0,0.9,IDLE,0.00,0.00,0.00,0,0.0,1404,0,0.0,0.0
143.6500,152118,0.0,0.0,-3.127,11.623,0.00,0.00,757.5,757.5,501.9,0,0.0,0.9,IDLE,0.00,0.00,0.00,0,0.0,1404,0,0.0,0.0
143.7000,152168,0.0,0.0,-3.039,11.623,0.00,0.00,767.8,767.8,501.9,0,0.0,0.9,IDLE,0.00,0.00,0.00,0,0.0,1404,0,0.0,0.0
143.7500,152218,0.0,0.0,-3.039,11.623,0.00,0.00,767.8,767.8,501.8,0,0.0,0.9,IDLE,0.00,0.00,0.00,0,0.0,1404,0,0.0,0.0
143.8000,152268,0.0,0.0,-3.039,11.623,0.00,0.00,767.8,767.8,501.8,0,0.0,0.9,IDLE,0.00,0.00,0.00,0,0.0,1404,0,0.0,0.0
143.8500,152318,0.0,0.0,-3.208,11.623,0.00,0.00,763.1,763.1,501.8,0,0.0,0.9,IDLE,0.00,0.00,0.00,0,0.0,1404,0,0.0,0.0
143.9000,152368,0.0,0.0,-3.208,11.623,0.00,0.00,763.1,763.1,501.6,0,0.0,0.8,IDLE,0.00,0.00,0.00,0,0.0,1404,0,0.0,0.0
143.9500,152418,0.0,0.0,-3.208,11.623,0.00,0.00,763.1,763.1,501.6,0,0.0,0.8,IDLE,0.00,0.00,0.00,0,0.0,1404,0,0.0,0.0
144.0000,152468,0.0,0.0,-3.024,11.623,0.00,0.00,774.7,774.7,501.6,0,0.0,0.8,IDLE,0.00,0.00,0.00,0,0.0,1404,0,0.0,0.0
144.0500,152518,0.0,0.0,-3.024,11.623,0.00,0.00,774.7,774.7,501.6,0,0.0,0.8,IDLE,0.00,0.00,0.00,0,0.0,1404,0,0.0,0.0
144.1000,152568,0.0,0.0,-3.024,11.623,0.00,0.00,774.7,774.7,502.5,0,0.0,1.2,IDLE,0.00,0.00,0.00,0,0.0,1404,0,0.0,0.0
144.1500,152618,0.0,0.0,-3.024,11.623,0.00,0.00,774.7,774.7,502.5,0,0.0,1.2,IDLE,0.00,0.00,0.00,0,0.0,1404,0,0.0,0.0
144.2000,152668,0.0,0.0,-2.965,11.623,0.00,0.00,769.1,769.1,502.5,0,0.0,1.2,IDLE,0.00,0.00,0.00,0,0.0,1404,0,0.0,0.0
144.2500,152718,0.0,0.0,-2.965,11.623,0.00,0.00,769.1,769.1,502.0,0,0.0,1.0,IDLE,0.00,0.00,0.00,0,0.0,1404,0,0.0,0.0
144.3000,152768,0.0,0.0,-2.965,11.623,0.00,0.00,769.1,769.1,502.0,0,0.0,1.0,IDLE,0.00,0.00,0.00,0,0.0,1404,0,0.0,0.0
144.3500,152818,0.0,0.0,-2.552,11.623,0.00,0.00,777.8,777.8,502.0,0,0.0,1.0,IDLE,0.00,0.00,0.00,0,0.0,1404,0,0.0,0.0
144.4000,152868,0.0,0.0,-2.552,11.623,0.00,0.00,777.8,777.8,501.9,0,0.0,0.9,IDLE,0.00,0.00,0.00,0,0.0,1404,0,0.0,0.0
144.4500,152918,0.0,0.0,-2.552,11.623,0.00,0.00,777.8,777.8,501.9,0,0.0,0.9,IDLE,0.00,0.00,0.00,0,0.0,1404,0,0.0,0.0
144.5000,152968,0.0,0.0,-2.264,11.623,0.00,0.00,772.8,772.8,501.9,0,0.0,0.9,IDLE,0.00,0.00,0.00,0,0.0,1404,0,0.0,0.0
144.5500,153018,0.0,0.0,-2.264,11.623,0.00,0.00,772.8,772.8,500.6,0,0.0,0.3,IDLE,0.00,0.00,0.00,0,0.0,1404,0,0.0,0.0
144.6000,153068,0.0,0.0,-2.264,11.623,0.00,0.00,772.8,772.8,500.6,0,0.0,0.3,IDLE,0.00,0.00,0.00,0,0.0,1404,0,0.0,0.0
144.6500,153118,0.0,0.0,-1.763,11.623,0.00,0.00,778.4,778.4,500.6,0,0.0,0.3,IDLE,0.00,0.00,0.00,0,0.0,1404,0,0.0,0.0
144.7000,153168,0.0,0.0,-1.763,11.623,0.00,0.00,778.4,778.4,500.6,0,0.0,0.3,IDLE,0.00,0.00,0.00,0,0.0,1404,0,0.0,0.0
144.7500,153218,0.0,0.0,-1.763,11.623,0.00,0.00,778.4,778.4,501.9,0,0.0,0.9,IDLE,0.00,0.00,0.00,0,0.0,1404,0,0.0,0.0
144.8000,153268,0.0,0.0,-1.763,11.623,0.00,0.00,778.4,778.4,501.9,0,0.0,0.9,IDLE,0.00,0.00,0.00,0,0.0,1404,0,0.0,0.0
144.8500,153318,0.0,0.0,-1.313,11.623,0.00,0.00,775.6,775.6,501.9,0,0.0,0.9,IDLE,0.00,0.00,0.00,0,0.0,1404,0,0.0,0.0
144.9000,153368,0.0,0.0,-1.313,11.623,0.00,0.00,775.6,775.6,501.5,0,0.0,0.8,IDLE,0.00,0.00,0.00,0,0.0,1404,0,0.0,0.0
144.9500,153418,0.0,0.0,-1.313,11.623,0.00,0.00,775.6,775.6,501.5,0,0.0,0.8,IDLE,0.00,0.00,0.00,0,0.0,1404,0,0.0,0.0
145.0000,153468,0.0,0.0,-0.937,11.623,0.00,0.00,777.2,777.2,501.5,0,0.0,0.8,IDLE,0.00,0.00,0.00,0,0.0,1404,0,0.0,0.0
145.0500,153518,0.0,0.0,-0.937,11.623,0.00,0.00,777.2,777.2,502.3,0,0.0,1.1,IDLE,0.00,0.00,0.00,0,0.0,1404,0,0.0,0.0
145.1000,153568,0.0,0.0,-0.937,11.623,0.00,0.00,777.2,777.2,502.3,0,0.0,1.1,IDLE,0.00,0.00,0.00,0,0.0,1404,0,0.0,0.0
145.1500,153618,0.0,0.0,-0.516,11.623,0.00,0.00,776.2,776.2,502.3,0,0.0,1.1,IDLE,0.00,0.00,0.00,0,0.0,1404,0,0.0,0.0
145.2000,153668,0.0,0.0,-0.516,11.623,0.00,0.00,776.2,776.2,502.4,0,0.0,1.2,IDLE,0.00,0.00,0.00,0,0.0,1404,0,0.0,0.0
145.2500,153718,0.0,0.0,-0.516,11.623,0.00,0.00,776.2,776.2,502.4,0,0.0,1.2,IDLE,0.00,0.00,0.00,0,0.0,1404,0,0.0,0.0
145.3000,153768,0.0,0.0,-0.354,11.623,0.00,0.00,775.3,775.3,502.4,0,0.0,1.2,IDLE,0.00,0.00,0.00,0,0.0,1404,0,0.0,0.0
145.3500,153818,0.0,0.0,-0.354,11.623,0.00,0.00,775.3,775.3,499.6,0,0.0,-0.2,IDLE,0.00,0.00,0.00,0,0.0,1404,0,0.0,0.0
145.4000,153868,0.0,0.0,-0.354,11.623,0.00,0.00,775.3,775.3,499.6,0,0.0,-0.2,IDLE,0.00,0.00,0.00,0,0.0,1404,0,0.0,0.0
145.4500,153918,0.0,0.0,-0.052,11.623,0.00,0.00,776.6,776.6,499.6,0,0.0,-0.2,IDLE,0.00,0.00,0.00,0,0.0,1404,0,0.0,0.0
145.5000,153968,0.0,0.0,-0.052,11.623,0.00,0.00,776.6,776.6,499.6,0,0.0,-0.2,IDLE,0.00,0.00,0.00,0,0.0,1404,0,0.0,0.0
145.5500,154018,0.0,0.0,-0.052,11.623,0.00,0.00,776.6,776.6,501.8,0,0.0,0.9,IDLE,0.00,0.00,0.00,0,0.0,1404,0,0.0,0.0
145.6000,154068,0.0,0.0,-0.052,11.623,0.00,0.00,776.6,776.6,501.8,0,0.0,0.9,IDLE,0.00,0.00,0.00,0,0.0,1404,0,0.0,0.0
145.6500,154118,0.0,0.0,-0.118,11.623,0.00,0.00,771.9,771.9,501.8,0,0.0,0.9,IDLE,0.00,0.00,0.00,0,0.0,1404,0,0.0,0.0
145.7000,154168,0.0,0.0,-0.118,11.623,0.00,0.00,771.9,771.9,501.1,0,0.0,0.6,IDLE,0.00,0.00,0.00,0,0.0,1404,0,0.0,0.0
145.7500,154218,0.0,0.0,-0.118,11.623,0.00,0.00,771.9,771.9,501.1,0,0.0,0.6,IDLE,0.00,0.00,0.00,0,0.0,1404,0,0.0,0.0
145.8000,154268,0.0,0.0,0.022,11.623,0.00,0.00,775.3,775.3,501.1,0,0.0,0.6,IDLE,0.00,0.00,0.00,0,0.0,1404,0,0.0,0.0
145.8500,154318,0.0,0.0,0.022,11.623,0.00,0.00,775.3,775.3,501.0,0,0.0,0.5,IDLE,0.00,0.00,0.00,0,0.0,1404,0,0.0,0.0
145.9000,154368,0.0,0.0,0.022,11.623,0.00,0.00,775.3,775.3,501.0,0,0.0,0.5,IDLE,0.00,0.00,0.00,0,0.0,1404,0,0.0,0.0
145.9500,154418,0.0,0.0,-0.089,11.623,0.00,0.00,772.8,772.8,501.0,0,0.0,0.5,IDLE,0.00,0.00,0.00,0,0.0,1404,0,0.0,0.0
146.0000,154468,0.0,0.0,-0.089,11.623,0.00,0.00,772.8,772.8,500.8,0,0.0,0.4,IDLE,0.00,0.00,0.00,0,0.0,1404,0,0.0,0.0
146.0500,154518,0.0,0.0,-0.089,11.623,0.00,0.00,772.8,772.8,500.8,0,0.0,0.4,IDLE,0.00,0.00,0.00,0,0.0,1404,0,0.0,0.0
146.1000,154568,0.0,0.0,-0.066,11.623,0.00,0.00,773.8,773.8,500.8,0,0.0,0.4,IDLE,0.00,0.00,0.00,0,0.0,1404,0,0.0,0.0
146.1500,154618,0.0,0.0,-0.066,11.623,0.00,0.00,773.8,773.8,500.8,0,0.0,0.4,IDLE,0.00,0.00,0.00,0,0.0,1404,0,0.0,0.0
146.2000,154668,0.0,0.0,-0.066,11.623,0.00,0.00,773.8,773.8,501.9,0,0.0,0.9,IDLE,0.00,0.00,0.00,0,0.0,1404,0,0.0,0.0
146.2500,154718,0.0,0.0,-0.066,11.623,0.00,0.00,773.8,773.8,501.9,0,0.0,0.9,IDLE,0.00,0.00,0.00,0,0.0,1404,0,0.0,0.0
146.3000,154768,0.0,0.0,-0.199,11.623,0.00,0.00,772.5,772.5,501.9,0,0.0,0.9,IDLE,0.00,0.00,0.00,0,0.0,1404,0,0.0,0.0
146.3500,154818,0.0,0.0,-0.199,11.623,0.00,0.00,772.5,772.5,501.8,0,0.0,0.9,IDLE,0.00,0.00,0.00,0,0.0,1404,0,0.0,0.0
146.4000,154868,0.0,0.0,-0.199,11.623,0.00,0.00,772.5,772.5,501.8,0,0.0,0.9,IDLE,0.00,0.00,0.00,0,0.0,1404,0,0.0,0.0
146.4500,154918,0.0,0.0,-0.266,11.623,0.00,0.00,772.8,772.8,501.8,0,0.0,0.9,IDLE,0.00,0.00,0.00,0,0.0,1404,0,0.0,0.0
146.5000,154968,0.0,0.0,-0.266,11.623,0.00,0.00,772.8,772.8,501.3,0,0.0,0.6,IDLE,0.00,0.00,0.00,0,0.0,1404,0,0.0,0.0
146.5500,155018,0.0,0.0,-0.266,11.623,0.00,0.00,772.8,772.8,501.3,0,0.0,0.6,IDLE,0.00,0.00,0.00,0,0.0,1404,0,0.0,0.0
146.6000,155068,0.0,0.0,-0.435,11.623,0.00,0.00,769.4,769.4,501.3,0,0.0,0.6,IDLE,0.00,0.00,0.00,0,0.0,1404,0,0.0,0.0
146.6500,155118,0.0,0.0,-0.435,11.623,0.00,0.00,769.4,769.4,502.0,0,0.0,1.0,IDLE,0.00,0.00,0.00,0,0.0,1404,0,0.0,0.0
146.7000,155168,0.0,0.0,-0.435,11.623,0.00,0.00,769.4,769.4,502.0,0,0.0,1.0,IDLE,0.00,0.00,0.00,0,0.0,1404,0,0.0,0.0
146.7500,155218,0.0,0.0,-0.575,11.623,0.00,0.00,770.0,770.0,502.0,0,0.0,1.0,IDLE,0.00,0.00,0.00,0,0.0,1404,0,0.0,0.0
146.8000,155268,0.0,0.0,-0.575,11.623,0.00,0.00,770.0,770.0,501.6,0,0.0,0.8,IDLE,0.00,0.00,0.00,0,0.0,1404,0,0.0,0.0
146.8500,155318,0.0,0.0,-0.575,11.623,0.00,0.00,770.0,770.0,501.6,0,0.0,0.8,IDLE,0.00,0.00,0.00,0,0.0,1404,0,0.0,0.0
146.9000,155368,0.0,0.0,-0.767,11.623,0.00,0.00,766.6,766.6,501.6,0,0.0,0.8,IDLE,0.00,0.00,0.00,0,0.0,1404,0,0.0,0.0
146.9500,155418,0.0,0.0,-0.767,11.623,0.00,0.00,766.6,766.6,501.6,0,0.0,0.8,IDLE,0.00,0.00,0.00,0,0.0,1404,0,0.0,0.0
147.0000,155468,0.0,0.0,-0.767,11.623,0.00,0.00,766.6,766.6,503.2,0,0.0,1.6,IDLE,0.00,0.00,0.00,0,0.0,1404,0,0.0,0.0
147.0500,155518,0.0,0.0,-0.767,11.623,0.00,0.00,766.6,766.6,503.2,0,0.0,1.6,IDLE,0.00,0.00,0.00,0,0.0,1404,0,0.0,0.0
147.1000,155568,0.0,0.0,-0.937,11.623,0.00,0.00,768.8,768.8,503.2,0,0.0,1.6,IDLE,0.00,0.00,0.00,0,0.0,1404,0,0.0,0.0
147.1500,155618,0.0,0.0,-0.937,11.623,0.00,0.00,768.8,768.8,502.8,0,0.0,1.4,IDLE,0.00,0.00,0.00,0,0.0,1404,0,0.0,0.0
147.2000,155668,0.0,0.0,-0.937,11.623,0.00,0.00,768.8,768.8,502.8,0,0.0,1.4,IDLE,0.00,0.00,0.00,0,0.0,1404,0,0.0,0.0
147.2500,155718,0.0,0.0,-1.077,11.623,0.00,0.00,765.6,765.6,502.8,0,0.0,1.4,IDLE,0.00,0.00,0.00,0,0.0,1404,0,0.0,0.0
147.3000,155768,0.0,0.0,-1.077,11.623,0.00,0.00,765.6,765.6,501.5,0,0.0,0.8,IDLE,0.00,0.00,0.00,0,0.0,1404,0,0.0,0.0
147.3500,155818,0.0,0.0,-1.077,11.623,0.00,0.00,765.6,765.6,501.5,0,0.0,0.8,IDLE,0.00,0.00,0.00,0,0.0,1404,0,0.0,0.0
147.4000,155868,0.0,0.0,-1.239,11.623,0.00,0.00,768.1,768.1,501.5,0,0.0,0.8,IDLE,0.00,0.00,0.00,0,0.0,1404,0,0.0,0.0
147.4500,155918,0.0,0.0,-1.239,11.623,0.00,0.00,768.1,768.1,503.2,0,0.0,1.6,IDLE,0.00,0.00,0.00,0,0.0,1404,0,0.0,0.0
147.5000,155968,0.0,0.0,-1.239,11.623,0.00,0.00,768.1,768.1,503.2,0,0.0,1.6,IDLE,0.00,0.00,0.00,0,0.0,1404,0,0.0,0.0
147.5500,156018,0.0,0.0,-1.423,11.623,0.00,0.00,764.4,764.4,503.2,0,0.0,1.6,IDLE,0.00,0.00,0.00,0,0.0,1404,0,0.0,0.0
147.6000,156068,0.0,0.0,-1.423,11.623,0.00,0.00,764.4,764.4,500.9,0,0.0,0.4,IDLE,0.00,0.00,0.00,0,0.0,1404,0,0.0,0.0
147.6500,156118,0.0,0.0,-1.423,11.623,0.00,0.00,764.4,764.4,500.9,0,0.0,0.4,IDLE,0.00,0.00,0.00,0,0.0,1404,0,0.0,0.0
147.7000,156168,0.0,0.0,-1.512,11.623,0.00,0.00,769.7,769.7,500.9,0,0.0,0.4,IDLE,0.00,0.00,0.00,0,0.0,1404,0,0.0,0.0
147.7500,156218,0.0,0.0,-1.512,11.623,0.00,0.00,769.7,769.7,500.9,0,0.0,0.4,IDLE,0.00,0.00,0.00,0,0.0,1404,0,0.0,0.0
147.8000,156268,0.0,0.0,-1.512,11.623,0.00,0.00,769.7,769.7,502.0,0,0.0,1.0,IDLE,0.00,0.00,0.00,0,0.0,1404,0,0.0,0.0
147.8500,156318,0.0,0.0,-1.512,11.623,0.00,0.00,769.7,769.7,502.0,0,0.0,1.0,IDLE,0.00,0.00,0.00,0,0.0,1404,0,0.0,0.0
147.9000,156368,0.0,0.0,-1.652,11.623,0.00,0.00,766.2,766.2,502.0,0,0.0,1.0,IDLE,0.00,0.00,0.00,0,0.0,1404,0,0.0,0.0
147.9500,156418,0.0,0.0,-1.652,11.623,0.00,0.00,766.2,766.2,502.5,0,0.0,1.2,IDLE,0.00,0.00,0.00,0,0.0,1404,0,0.0,0.0
148.0000,156468,0.0,0.0,-1.652,11.623,0.00,0.00,766.2,766.2,502.5,0,0.0,1.2,IDLE,0.00,0.00,0.00,0,0.0,1404,0,0.0,0.0
148.0500,156518,0.0,0.0,-1.652,11.623,0.00,0.00,772.8,772.8,502.5,0,0.0,1.2,IDLE,0.00,0.00,0.00,0,0.0,1404,0,0.0,0.0
148.1000,156568,0.0,0.0,-1.652,11.623,0.00,0.00,772.8,772.8,503.5,0,0.0,1.8,IDLE,0.00,0.00,0.00,0,0.0,1404,0,0.0,0.0
148.1500,156618,0.0,0.0,-1.652,11.623,0.00,0.00,772.8,772.8,503.5,0,0.0,1.8,IDLE,0.00,0.00,0.00,0,0.0,1404,0,0.0,0.0
148.2000,156668,0.0,0.0,-1.696,11.623,0.00,0.00,767.5,767.5,503.5,0,0.0,1.8,IDLE,0.00,0.00,0.00,0,0.0,1404,0,0.0,0.0
148.2500,156718,0.0,0.0,-1.696,11.623,0.00,0.00,767.5,767.5,503.2,0,0.0,1.6,IDLE,0.00,0.00,0.00,0,0.0,1404,0,0.0,0.0
148.3000,156768,0.0,0.0,-1.696,11.623,0.00,0.00,767.5,767.5,503.2,0,0.0,1.6,IDLE,0.00,0.00,0.00,0,0.0,1404,0,0.0,0.0
148.3500,156818,0.0,0.0,-1.519,11.623,0.00,0.00,777.8,777.8,503.2,0,0.0,1.6,IDLE,0.00,0.00,0.00,0,0.0,1404,0,0.0,0.0
148.4000,156868,0.0,0.0,-1.519,11.623,0.00,0.00,777.8,777.8,503.2,0,0.0,1.6,IDLE,0.00,0.00,0.00,0,0.0,1404,0,0.0,0.0
148.4500,156918,0.0,0.0,-1.519,11.623,0.00,0.00,777.8,777.8,501.8,0,0.0,0.9,IDLE,0.00,0.00,0.00,0,0.0,1404,0,0.0,0.0
148.5000,156968,0.0,0.0,-1.519,11.623,0.00,0.00,777.8,777.8,501.8,0,0.0,0.9,IDLE,0.00,0.00,0.00,0,0.0,1404,0,0.0,0.0
148.5500,157018,0.0,0.0,-1.438,11.623,0.00,0.00,770.3,770.3,501.8,0,0.0,0.9,IDLE,0.00,0.00,0.00,0,0.0,1404,0,0.0,0.0
148.6000,157068,0.0,0.0,-1.438,11.623,0.00,0.00,770.3,770.3,503.0,0,0.0,1.5,IDLE,0.00,0.00,0.00,0,0.0,1404,0,0.0,0.0
148.6500,157118,0.0,0.0,-1.438,11.623,0.00,0.00,770.3,770.3,503.0,0,0.0,1.5,IDLE,0.00,0.00,0.00,0,0.0,1404,0,0.0,0.0
148.7000,157168,0.0,0.0,-1.158,11.623,0.00,0.00,781.2,781.2,503.0,0,0.0,1.5,IDLE,0.00,0.00,0.00,0,0.0,1404,0,0.0,0.0
148.7500,157218,0.0,0.0,-1.158,11.623,0.00,0.00,781.2,781.2,500.8,0,0.0,0.4,IDLE,0.00,0.00,0.00,0,0.0,1404,0,0.0,0.0
148.8000,157268,0.0,0.0,-1.158,11.623,0.00,0.00,781.2,781.2,500.8,0,0.0,0.4,IDLE,0.00,0.00,0.00,0,0.0,1404,0,0.0,0.0
148.8500,157318,0.0,0.0,-0.915,11.623,0.00,0.00,776.8,776.8,500.8,0,0.0,0.4,IDLE,0.00,0.00,0.00,0,0.0,1404,0,0.0,0.0
148.9000,157368,0.0,0.0,-0.915,11.623,0.00,0.00,776.8,776.8,501.3,0,0.0,0.6,IDLE,0.00,0.00,0.00,0,0.0,1404,0,0.0,0.0
148.9500,157418,0.0,0.0,-0.915,11.623,0.00,0.00,776.8,776.8,501.3,0,0.0,0.6,IDLE,0.00,0.00,0.00,0,0.0,1404,0,0.0,0.0
149.0000,157468,0.0,0.0,-0.907,11.623,0.00,0.00,768.4,768.4,501.3,0,0.0,0.6,IDLE,0.00,0.00,0.00,0,0.0,1404,0,0.0,0.0
149.0500,157518,0.0,0.0,-0.907,11.623,0.00,0.00,768.4,768.4,501.0,0,0.0,0.5,IDLE,0.00,0.00,0.00,0,0.0,1404,0,0.0,0.0
149.1000,157568,0.0,0.0,-0.907,11.623,0.00,0.00,768.4,768.4,501.0,0,0.0,0.5,IDLE,0.00,0.00,0.00,0,0.0,1404,0,0.0,0.0
149.1500,157618,0.0,0.0,-0.671,11.623,0.00,0.00,775.0,775.0,501.0,0,0.0,0.5,IDLE,0.00,0.00,0.00,0,0.0,1404,0,0.0,0.0
149.2000,157668,0.0,0.0,-0.671,11.623,0.00,0.00,775.0,775.0,501.0,0,0.0,0.5,IDLE,0.00,0.00,0.00,0,0.0,1404,0,0.0,0.0
149.2500,157718,0.0,0.0,-0.671,11.623,0.00,0.00,775.0,775.0,500.1,0,0.0,0.1,IDLE,0.00,0.00,0.00,0,0.0,1404,0,0.0,0.0
149.3000,157768,0.0,0.0,-0.671,11.623,0.00,0.00,775.0,775.0,500.1,0,0.0,0.1,IDLE,0.00,0.00,0.00,0,0.0,1404,0,0.0,0.0
149.3500,157818,0.0,0.0,-0.443,11.623,0.00,0.00,780.0,780.0,500.1,0,0.0,0.1,IDLE,0.00,0.00,0.00,0,0.0,1404,0,0.0,0.0
149.4000,157868,0.0,0.0,-0.443,11.623,0.00,0.00,780.0,780.0,501.8,0,0.0,0.9,IDLE,0.00,0.00,0.00,0,0.0,1404,0,0.0,0.0
149.4500,157918,0.0,0.0,-0.443,11.623,0.00,0.00,780.0,780.0,501.8,0,0.0,0.9,IDLE,0.00,0.00,0.00,0,0.0,1404,0,0.0,0.0
149.5000,157968,0.0,0.0,-0.369,11.623,0.00,0.00,769.7,769.7,501.8,0,0.0,0.9,IDLE,0.00,0.00,0.00,0,0.0,1404,0,0.0,0.0
149.5500,158018,0.0,0.0,-0.369,11.623,0.00,0.00,769.7,769.7,501.4,0,0.0,0.7,IDLE,0.00,0.00,0.00,0,0.0,1404,0,0.0,0.0
149.6000,158068,0.0,0.0,-0.369,11.623,0.00,0.00,769.7,769.7,501.4,0,0.0,0.7,IDLE,0.00,0.00,0.00,0,0.0,1404,0,0.0,0.0
149.6500,158118,0.0,0.0,-0.295,11.623,0.00,0.00,775.9,775.9,501.4,0,0.0,0.7,IDLE,0.00,0.00,0.00,0,0.0,1404,0,0.0,0.0
149.7000,158168,0.0,0.0,-0.295,11.623,0.00,0.00,775.9,775.9,499.9,0,0.0,-0.1,IDLE,0.00,0.00,0.00,0,0.0,1404,0,0.0,0.0
149.7500,158218,0.0,0.0,-0.295,11.623,0.00,0.00,775.9,775.9,499.9,0,0.0,-0.1,IDLE,0.00,0.00,0.00,0,0.0,1404,0,0.0,0.0
149.8000,158268,0.0,0.0,-0.339,11.623,0.00,0.00,765.6,765.6,499.9,0,0.0,-0.1,IDLE,0.00,0.00,0.00,0,0.0,1404,0,0.0,0.0
149.8500,158318,0.0,0.0,-0.339,11.623,0.00,0.00,765.6,765.6,499.9,0,0.0,-0.1,IDLE,0.00,0.00,0.00,0,0.0,1404,0,0.0,0.0
149.9000,158368,0.0,0.0,-0.339,11.623,0.00,0.00,765.6,765.6,500.1,0,0.0,0.1,IDLE,0.00,0.00,0.00,0,0.0,1404,0,0.0,0.0
149.9500,158418,0.0,0.0,-0.339,11.623,0.00,0.00,765.6,765.6,500.1,0,0.0,0.1,IDLE,0.00,0.00,0.00,0,0.0,1404,0,0.0,0.0
150.0000,158468,0.0,0.0,-0.472,11.623,0.00,0.00,771.9,771.9,500.1,0,0.0,0.1,IDLE,0.00,0.00,0.00,0,0.0,1404,0,0.0,0.0
150.0500,158518,0.0,0.0,-0.472,11.623,0.00,0.00,771.9,771.9,500.1,0,0.0,0.1,IDLE,0.00,0.00,0.00,0,0.0,1404,0,0.0,0.0
150.1000,158568,0.0,0.0,-0.472,11.623,0.00,0.00,771.9,771.9,500.1,0,0.0,0.1,IDLE,0.00,0.00,0.00,0,0.0,1404,0,0.0,0.0
150.1500,158618,0.0,0.0,-0.642,11.623,0.00,0.00,762.5,762.5,500.1,0,0.0,0.1,IDLE,0.00,0.00,0.00,0,0.0,1404,0,0.0,0.0
150.2000,158668,0.0,0.0,-0.642,11.623,0.00,0.00,762.5,762.5,500.6,0,0.0,0.3,IDLE,0.00,0.00,0.00,0,0.0,1404,0,0.0,0.0
150.2500,158718,0.0,0.0,-0.642,11.623,0.00,0.00,762.5,762.5,500.6,0,0.0,0.3,IDLE,0.00,0.00,0.00,0,0.0,1404,0,0.0,0.0
150.3000,158768,0.0,0.0,-0.937,11.623,0.00,0.00,768.1,768.1,500.6,0,0.0,0.3,IDLE,0.00,0.00,0.00,0,0.0,1404,0,0.0,0.0
150.3500,158818,0.0,0.0,-0.937,11.623,0.00,0.00,768.1,768.1,501.1,0,0.0,0.6,IDLE,0.00,0.00,0.00,0,0.0,1404,0,0.0,0.0
150.4000,158868,0.0,0.0,-0.937,11.623,0.00,0.00,768.1,768.1,501.1,0,0.0,0.6,IDLE,0.00,0.00,0.00,0,0.0,1404,0,0.0,0.0
150.4500,158918,0.0,0.0,-1.232,11.623,0.00,0.00,763.4,763.4,501.1,0,0.0,0.6,IDLE,0.00,0.00,0.00,0,0.0,1404,0,0.0,0.0
150.5000,158968,0.0,0.0,-1.232,11.623,0.00,0.00,763.4,763.4,501.3,0,0.0,0.6,IDLE,0.00,0.00,0.00,0,0.0,1404,0,0.0,0.0
150.5500,159018,0.0,0.0,-1.232,11.623,0.00,0.00,763.4,763.4,501.3,0,0.0,0.6,IDLE,0.00,0.00,0.00,0,0.0,1404,0,0.0,0.0
150.6000,159068,0.0,0.0,-1.269,11.623,0.00,0.00,766.9,766.9,501.3,0,0.0,0.6,IDLE,0.00,0.00,0.00,0,0.0,1404,0,0.0,0.0
150.6500,159118,0.0,0.0,-1.269,11.623,0.00,0.00,766.9,766.9,501.3,0,0.0,0.6,IDLE,0.00,0.00,0.00,0,0.0,1404,0,0.0,0.0
150.7000,159168,0.0,0.0,-1.269,11.623,0.00,0.00,766.9,766.9,500.5,0,0.0,0.3,IDLE,0.00,0.00,0.00,0,0.0,1404,0,0.0,0.0
150.7500,159218,0.0,0.0,-1.269,11.623,0.00,0.00,766.9,766.9,500.5,0,0.0,0.3,IDLE,0.00,0.00,0.00,0,0.0,1404,0,0.0,0.0
150.8000,159268,0.0,0.0,-1.490,11.623,0.00,0.00,765.0,765.0,500.5,0,0.0,0.3,IDLE,0.00,0.00,0.00,0,0.0,1404,0,0.0,0.0
150.8500,159318,0.0,0.0,-1.490,11.623,0.00,0.00,765.0,765.0,500.8,0,0.0,0.4,IDLE,0.00,0.00,0.00,0,0.0,1404,0,0.0,0.0
150.9000,159368,0.0,0.0,-1.490,11.623,0.00,0.00,765.0,765.0,500.8,0,0.0,0.4,IDLE,0.00,0.00,0.00,0,0.0,1404,0,0.0,0.0
150.9500,159418,0.0,0.0,-1.748,11.623,0.00,0.00,768.1,768.1,500.8,0,0.0,0.4,IDLE,0.00,0.00,0.00,0,0.0,1404,0,0.0,0.0
151.0000,159468,0.0,0.0,-1.748,11.623,0.00,0.00,768.1,768.1,500.5,0,0.0,0.3,IDLE,0.00,0.00,0.00,0,0.0,1404,0,0.0,0.0
151.0500,159518,0.0,0.0,-1.748,11.623,0.00,0.00,768.1,768.1,500.5,0,0.0,0.3,IDLE,0.00,0.00,0.00,0,0.0,1404,0,0.0,0.0
151.1000,159568,0.0,0.0,-1.785,11.623,0.00,0.00,768.1,768.1,500.5,0,0.0,0.3,IDLE,0.00,0.00,0.00,0,0.0,1404,0,0.0,0.0
151.1500,159618,0.0,0.0,-1.785,11.623,0.00,0.00,768.1,768.1,500.9,0,0.0,0.4,IDLE,0.00,0.00,0.00,0,0.0,1404,0,0.0,0.0
151.2000,159668,0.0,0.0,-1.785,11.623,0.00,0.00,768.1,768.1,500.9,0,0.0,0.4,IDLE,0.00,0.00,0.00,0,0.0,1404,0,0.0,0.0
151.2500,159718,0.0,0.0,-1.918,11.623,0.00,0.00,770.0,770.0,500.9,0,0.0,0.4,IDLE,0.00,0.00,0.00,0,0.0,1404,0,0.0,0.0
151.3000,159768,0.0,0.0,-1.918,11.623,0.00,0.00,770.0,770.0,500.9,0,0.0,0.4,IDLE,0.00,0.00,0.00,0,0.0,1404,0,0.0,0.0
151.3500,159818,0.0,0.0,-1.918,11.623,0.00,0.00,770.0,770.0,500.6,0,0.0,0.3,IDLE,0.00,0.00,0.00,0,0.0,1404,0,0.0,0.0
151.4000,159868,0.0,0.0,-1.918,11.623,0.00,0.00,770.0,770.0,500.6,0,0.0,0.3,IDLE,0.00,0.00,0.00,0,0.0,1404,0,0.0,0.0
151.4500,159918,0.0,0.0,-1.910,11.623,0.00,0.00,765.9,765.9,500.6,0,0.0,0.3,IDLE,0.00,0.00,0.00,0,0.0,1404,0,0.0,0.0
151.5000,159968,0.0,0.0,-1.910,11.623,0.00,0.00,765.9,765.9,500.4,0,0.0,0.2,IDLE,0.00,0.00,0.00,0,0.0,1404,0,0.0,0.0
151.5500,160018,0.0,0.0,-1.910,11.623,0.00,0.00,765.9,765.9,500.4,0,0.0,0.2,IDLE,0.00,0.00,0.00,0,0.0,1404,0,0.0,0.0
151.6000,160068,0.0,0.0,-1.991,11.623,0.00,0.00,768.1,768.1,500.4,0,0.0,0.2,IDLE,0.00,0.00,0.00,0,0.0,1404,0,0.0,0.0
151.6500,160118,0.0,0.0,-1.991,11.623,0.00,0.00,768.1,768.1,501.6,0,0.0,0.8,IDLE,0.00,0.00,0.00,0,0.0,1404,0,0.0,0.0
151.7000,160168,0.0,0.0,-1.991,11.623,0.00,0.00,768.1,768.1,501.6,0,0.0,0.8,IDLE,0.00,0.00,0.00,0,0.0,1404,0,0.0,0.0
151.7500,160218,0.0,0.0,-1.792,11.623,0.00,0.00,771.6,771.6,501.6,0,0.0,0.8,IDLE,0.00,0.00,0.00,0,0.0,1404,0,0.0,0.0
151.8000,160268,0.0,0.0,-1.792,11.623,0.00,0.00,771.6,771.6,501.0,0,0.0,0.5,IDLE,0.00,0.00,0.00,0,0.0,1404,0,0.0,0.0
151.8500,160318,0.0,0.0,-1.792,11.623,0.00,0.00,771.6,771.6,501.0,0,0.0,0.5,IDLE,0.00,0.00,0.00,0,0.0,1404,0,0.0,0.0
151.9000,160368,0.0,0.0,-1.896,11.623,0.00,0.00,763.4,763.4,501.0,0,0.0,0.5,IDLE,0.00,0.00,0.00,0,0.0,1404,0,0.0,0.0
151.9500,160418,0.0,0.0,-1.896,11.623,0.00,0.00,763.4,763.4,501.1,0,0.0,0.6,IDLE,0.00,0.00,0.00,0,0.0,1404,0,0.0,0.0
152.0000,160468,0.0,0.0,-1.896,11.623,0.00,0.00,763.4,763.4,501.1,0,0.0,0.6,IDLE,0.00,0.00,0.00,0,0.0,1404,0,0.0,0.0
152.0500,160518,0.0,0.0,-1.829,11.623,0.00,0.00,766.2,766.2,501.1,0,0.0,0.6,IDLE,0.00,0.00,0.00,0,0.0,1404,0,0.0,0.0
152.1000,160568,0.0,0.0,-1.829,11.623,0.00,0.00,766.2,766.2,501.1,0,0.0,0.6,IDLE,0.00,0.00,0.00,0,0.0,1404,0,0.0,0.0
152.1500,160618,0.0,0.0,-1.829,11.623,0.00,0.00,766.2,766.2,501.3,0,0.0,0.6,IDLE,0.00,0.00,0.00,0,0.0,1404,0,0.0,0.0
152.2000,160668,0.0,0.0,-1.829,11.623,0.00,0.00,766.2,766.2,501.3,0,0.0,0.6,IDLE,0.00,0.00,0.00,0,0.0,1404,0,0.0,0.0
152.2500,160718,0.0,0.0,-2.006,11.623,0.00,0.00,759.1,759.1,501.3,0,0.0,0.6,IDLE,0.00,0.00,0.00,0,0.0,1404,0,0.0,0.0
152.3000,160768,0.0,0.0,-2.006,11.623,0.00,0.00,759.1,759.1,501.0,0,0.0,0.5,IDLE,0.00,0.00,0.00,0,0.0,1404,0,0.0,0.0
152.3500,160818,0.0,0.0,-2.006,11.623,0.00,0.00,759.1,759.1,501.0,0,0.0,0.5,IDLE,0.00,0.00,0.00,0,0.0,1404,0,0.0,0.0
152.4000,160868,0.0,0.0,-1.955,11.623,0.00,0.00,767.2,767.2,501.0,0,0.0,0.5,IDLE,0.00,0.00,0.00,0,0.0,1404,0,0.0,0.0
152.4500,160918,0.0,0.0,-1.955,11.623,0.00,0.00,767.2,767.2,500.9,0,0.0,0.4,IDLE,0.00,0.00,0.00,0,0.0,1404,0,0.0,0.0
152.5000,160968,0.0,0.0,-1.955,11.623,0.00,0.00,767.2,767.2,500.9,0,0.0,0.4,IDLE,0.00,0.00,0.00,0,0.0,1404,0,0.0,0.0
152.5500,161018,0.0,0.0,-1.719,11.623,0.00,0.00,778.8,778.8,500.9,0,0.0,0.4,IDLE,0.00,0.00,0.00,0,0.0,1404,0,0.0,0.0
152.6000,161068,0.0,0.0,-1.719,11.623,0.00,0.00,778.8,778.8,500.1,0,0.0,0.1,IDLE,0.00,0.00,0.00,0,0.0,1404,0,0.0,0.0
152.6500,161118,0.0,0.0,-1.719,11.623,0.00,0.00,778.8,778.8,500.1,0,0.0,0.1,IDLE,0.00,0.00,0.00,0,0.0,1404,0,0.0,0.0
152.7000,161168,0.0,0.0,-1.556,11.623,0.00,0.00,775.6,775.6,500.1,0,0.0,0.1,IDLE,0.00,0.00,0.00,0,0.0,1404,0,0.0,0.0
152.7500,161218,0.0,0.0,-1.556,11.623,0.00,0.00,775.6,775.6,500.1,0,0.0,0.1,IDLE,0.00,0.00,0.00,0,0.0,1404,0,0.0,0.0
152.8000,161268,0.0,0.0,-1.556,11.623,0.00,0.00,775.6,775.6,500.5,0,0.0,0.3,IDLE,0.00,0.00,0.00,0,0.0,1404,0,0.0,0.0
152.8500,161318,0.0,0.0,-1.556,11.623,0.00,0.00,775.6,775.6,500.5,0,0.0,0.3,IDLE,0.00,0.00,0.00,0,0.0,1404,0,0.0,0.0
152.9000,161368,0.0,0.0,-1.542,11.623,0.00,0.00,770.6,770.6,500.5,0,0.0,0.3,IDLE,0.00,0.00,0.00,0,0.0,1404,0,0.0,0.0
152.9500,161418,0.0,0.0,-1.542,11.623,0.00,0.00,770.6,770.6,500.5,0,0.0,0.3,IDLE,0.00,0.00,0.00,0,0.0,1404,0,0.0,0.0
153.0000,161468,0.0,0.0,-1.542,11.623,0.00,0.00,770.6,770.6,500.5,0,0.0,0.3,IDLE,0.00,0.00,0.00,0,0.0,1404,0,0.0,0.0
153.0500,161518,0.0,0.0,-1.165,11.623,0.00,0.00,782.8,782.8,500.5,0,0.0,0.3,IDLE,0.00,0.00,0.00,0,0.0,1404,0,0.0,0.0
153.1000,161568,0.0,0.0,-1.165,11.623,0.00,0.00,782.8,782.8,500.4,0,0.0,0.2,IDLE,0.00,0.00,0.00,0,0.0,1404,0,0.0,0.0
153.1500,161618,0.0,0.0,-1.165,11.623,0.00,0.00,782.8,782.8,500.4,0,0.0,0.2,IDLE,0.00,0.00,0.00,0,0.0,1404,0,0.0,0.0
153.2000,161668,0.0,0.0,-0.922,11.623,0.00,0.00,779.4,779.4,500.4,0,0.0,0.2,IDLE,0.00,0.00,0.00,0,0.0,1404,0,0.0,0.0
153.2500,161718,0.0,0.0,-0.922,11.623,0.00,0.00,779.4,779.4,501.0,0,0.0,0.5,IDLE,0.00,0.00,0.00,0,0.0,1404,0,0.0,0.0
153.3000,161768,0.0,0.0,-0.922,11.623,0.00,0.00,779.4,779.4,501.0,0,0.0,0.5,IDLE,0.00,0.00,0.00,0,0.0,1404,0,0.0,0.0
153.3500,161818,0.0,0.0,-0.656,11.623,0.00,0.00,783.4,783.4,501.0,0,0.0,0.5,IDLE,0.00,0.00,0.00,0,0.0,1404,0,0.0,0.0
153.4000,161868,0.0,0.0,-0.656,11.623,0.00,0.00,783.4,783.4,500.6,0,0.0,0.3,IDLE,0.00,0.00,0.00,0,0.0,1404,0,0.0,0.0
153.4500,161918,0.0,0.0,-0.656,11.623,0.00,0.00,783.4,783.4,500.6,0,0.0,0.3,IDLE,0.00,0.00,0.00,0,0.0,1404,0,0.0,0.0
153.5000,161968,0.0,0.0,-0.221,11.623,0.00,0.00,783.1,783.1,500.6,0,0.0,0.3,IDLE,0.00,0.00,0.00,0,0.0,1404,0,0.0,0.0
153.5500,162018,0.0,0.0,-0.221,11.623,0.00,0.00,783.1,783.1,500.6,0,0.0,0.3,IDLE,0.00,0.00,0.00,0,0.0,1404,0,0.0,0.0
153.6000,162068,0.0,0.0,-0.221,11.623,0.00,0.00,783.1,783.1,501.4,0,0.0,0.7,IDLE,0.00,0.00,0.00,0,0.0,1404,0,0.0,0.0
153.6500,162118,0.0,0.0,-0.221,11.623,0.00,0.00,783.1,783.1,501.4,0,0.0,0.7,IDLE,0.00,0.00,0.00,0,0.0,1404,0,0.0,0.0
153.7000,162168,0.0,0.0,-0.037,11.623,0.00,0.00,774.7,774.7,501.4,0,0.0,0.7,IDLE,0.00,0.00,0.00,0,0.0,1404,0,0.0,0.0
153.7500,162218,0.0,0.0,-0.037,11.623,0.00,0.00,774.7,774.7,500.1,0,0.0,0.1,IDLE,0.00,0.00,0.00,0,0.0,1404,0,0.0,0.0
153.8000,162268,0.0,0.0,-0.037,11.623,0.00,0.00,774.7,774.7,500.1,0,0.0,0.1,IDLE,0.00,0.00,0.00,0,0.0,1404,0,0.0,0.0
153.8500,162318,0.0,0.0,0.406,11.623,0.00,0.00,779.1,779.1,500.1,0,0.0,0.1,IDLE,0.00,0.00,0.00,0,0.0,1404,0,0.0,0.0
153.9000,162368,0.0,0.0,0.406,11.623,0.00,0.00,779.1,779.1,501.4,0,0.0,0.7,IDLE,0.00,0.00,0.00,0,0.0,1404,0,0.0,0.0
153.9500,162418,0.0,0.0,0.406,11.623,0.00,0.00,779.1,779.1,501.4,0,0.0,0.7,IDLE,0.00,0.00,0.00,0,0.0,1404,0,0.0,0.0
154.0000,162468,0.0,0.0,0.361,11.623,0.00,0.00,765.0,765.0,501.4,0,0.0,0.7,IDLE,0.00,0.00,0.00,0,0.0,1404,0,0.0,0.0
154.0500,162518,0.0,0.0,0.361,11.623,0.00,0.00,765.0,765.0,500.3,0,0.0,0.1,IDLE,0.00,0.00,0.00,0,0.0,1404,0,0.0,0.0
154.1000,162568,0.0,0.0,0.361,11.623,0.00,0.00,765.0,765.0,500.3,0,0.0,0.1,IDLE,0.00,0.00,0.00,0,0.0,1404,0,0.0,0.0
154.1500,162618,0.0,0.0,0.155,11.623,0.00,0.00,769.4,769.4,500.3,0,0.0,0.1,IDLE,0.00,0.00,0.00,0,0.0,1404,0,0.0,0.0
154.2000,162668,0.0,0.0,0.155,11.623,0.00,0.00,769.4,769.4,500.3,0,0.0,0.1,IDLE,0.00,0.00,0.00,0,0.0,1404,0,0.0,0.0
154.2500,162718,0.0,0.0,0.155,11.623,0.00,0.00,769.4,769.4,500.1,0,0.0,0.1,IDLE,0.00,0.00,0.00,0,0.0,1404,0,0.0,0.0
154.3000,162768,0.0,0.0,0.155,11.623,0.00,0.00,769.4,769.4,500.1,0,0.0,0.1,IDLE,0.00,0.00,0.00,0,0.0,1404,0,0.0,0.0
154.3500,162818,0.0,0.0,-0.162,11.623,0.00,0.00,761.6,761.6,500.1,0,0.0,0.1,IDLE,0.00,0.00,0.00,0,0.0,1404,0,0.0,0.0
154.4000,162868,0.0,0.0,-0.162,11.623,0.00,0.00,761.6,761.6,500.8,0,0.0,0.4,IDLE,0.00,0.00,0.00,0,0.0,1404,0,0.0,0.0
154.4500,162918,0.0,0.0,-0.162,11.623,0.00,0.00,761.6,761.6,500.8,0,0.0,0.4,IDLE,0.00,0.00,0.00,0,0.0,1404,0,0.0,0.0
154.5000,162968,0.0,0.0,-0.310,11.623,0.00,0.00,763.8,763.8,500.8,0,0.0,0.4,IDLE,0.00,0.00,0.00,0,0.0,1404,0,0.0,0.0
154.5500,163018,0.0,0.0,-0.310,11.623,0.00,0.00,763.8,763.8,500.3,0,0.0,0.1,IDLE,0.00,0.00,0.00,0,0.0,1404,0,0.0,0.0
154.6000,163068,0.0,0.0,-0.310,11.623,0.00,0.00,763.8,763.8,500.3,0,0.0,0.1,IDLE,0.00,0.00,0.00,0,0.0,1404,0,0.0,0.0
154.6500,163118,0.0,0.0,-0.701,11.623,0.00,0.00,765.3,765.3,500.3,0,0.0,0.1,IDLE,0.00,0.00,0.00,0,0.0,1404,0,0.0,0.0
154.7000,163168,0.0,0.0,-0.701,11.623,0.00,0.00,765.3,765.3,500.5,0,0.0,0.3,IDLE,0.00,0.00,0.00,0,0.0,1404,0,0.0,0.0
154.7500,163218,0.0,0.0,-0.701,11.623,0.00,0.00,765.3,765.3,500.5,0,0.0,0.3,IDLE,0.00,0.00,0.00,0,0.0,1404,0,0.0,0.0
154.8000,163268,0.0,0.0,-1.018,11.623,0.00,0.00,765.0,765.0,500.5,0,0.0,0.3,IDLE,0.00,0.00,0.00,0,0.0,1404,0,0.0,0.0
154.8500,163318,0.0,0.0,-1.018,11.623,0.00,0.00,765.0,765.0,501.1,0,0.0,0.6,IDLE,0.00,0.00,0.00,0,0.0,1404,0,0.0,0.0
154.9000,163368,0.0,0.0,-1.018,11.623,0.00,0.00,765.0,765.0,501.1,0,0.0,0.6,IDLE,0.00,0.00,0.00,0,0.0,1404,0,0.0,0.0
154.9500,163418,0.0,0.0,-1.357,11.623,0.00,0.00,768.1,768.1,501.1,0,0.0,0.6,IDLE,0.00,0.00,0.00,0,0.0,1404,0,0.0,0.0
155.0000,163468,0.0,0.0,-1.357,11.623,0.00,0.00,768.1,768.1,501.1,0,0.0,0.6,IDLE,0.00,0.00,0.00,0,0.0,1404,0,0.0,0.0
155.0500,163518,0.0,0.0,-1.357,11.623,0.00,0.00,768.1,768.1,501.5,0,0.0,0.8,IDLE,0.00,0.00,0.00,0,0.0,1404,0,0.0,0.0
155.1000,163568,0.0,0.0,-1.357,11.623,0.00,0.00,768.1,768.1,501.5,0,0.0,0.8,IDLE,0.00,0.00,0.00,0,0.0,1404,0,0.0,0.0
155.1500,163618,0.0,0.0,-1.711,11.623,0.00,0.00,766.9,766.9,501.5,0,0.0,0.8,IDLE,0.00,0.00,0.00,0,0.0,1404,0,0.0,0.0
155.2000,163668,0.0,0.0,-1.711,11.623,0.00,0.00,766.9,766.9,501.1,0,0.0,0.6,IDLE,0.00,0.00,0.00,0,0.0,1404,0,0.0,0.0
155.2500,163718,0.0,0.0,-1.711,11.623,0.00,0.00,766.9,766.9,501.1,0,0.0,0.6,IDLE,0.00,0.00,0.00,0,0.0,1404,0,0.0,0.0
155.3000,163768,0.0,0.0,-1.851,11.623,0.00,0.00,768.4,768.4,501.1,0,0.0,0.6,IDLE,0.00,0.00,0.00,0,0.0,1404,0,0.0,0.0
155.3500,163818,0.0,0.0,-1.851,11.623,0.00,0.00,768.4,768.4,500.4,0,0.0,0.2,IDLE,0.00,0.00,0.00,0,0.0,1404,0,0.0,0.0
155.4000,163868,0.0,0.0,-1.851,11.623,0.00,0.00,768.4,768.4,500.4,0,0.0,0.2,IDLE,0.00,0.00,0.00,0,0.0,1404,0,0.0,0.0
155.4500,163918,0.0,0.0,-2.124,11.623,0.00,0.00,766.9,766.9,500.4,0,0.0,0.2,IDLE,0.00,0.00,0.00,0,0.0,1404,0,0.0,0.0
155.5000,163968,0.0,0.0,-2.124,11.623,0.00,0.00,766.9,766.9,501.5,0,0.0,0.8,IDLE,0.00,0.00,0.00,0,0.0,1404,0,0.0,0.0
155.5500,164018,0.0,0.0,-2.124,11.623,0.00,0.00,766.9,766.9,501.5,0,0.0,0.8,IDLE,0.00,0.00,0.00,0,0.0,1404,0,0.0,0.0
155.6000,164068,0.0,0.0,-2.043,11.623,0.00,0.00,768.8,768.8,501.5,0,0.0,0.8,IDLE,0.00,0.00,0.00,0,0.0,1404,0,0.0,0.0
155.6500,164118,0.0,0.0,-2.043,11.623,0.00,0.00,768.8,768.8,501.0,0,0.0,0.5,IDLE,0.00,0.00,0.00,0,0.0,1404,0,0.0,0.0
155.7000,164168,0.0,0.0,-2.043,11.623,0.00,0.00,768.8,768.8,501.0,0,0.0,0.5,IDLE,0.00,0.00,0.00,0,0.0,1404,0,0.0,0.0
155.7500,164218,0.0,0.0,-2.124,11.623,0.00,0.00,765.6,765.6,501.0,0,0.0,0.5,IDLE,0.00,0.00,0.00,0,0.0,1404,0,0.0,0.0
155.8000,164268,0.0,0.0,-2.124,11.623,0.00,0.00,765.6,765.6,501.0,0,0.0,0.5,IDLE,0.00,0.00,0.00,0,0.0,1404,0,0.0,0.0
155.8500,164318,0.0,0.0,-2.124,11.623,0.00,0.00,765.6,765.6,500.6,0,0.0,0.3,IDLE,0.00,0.00,0.00,0,0.0,1404,0,0.0,0.0
155.9000,164368,0.0,0.0,-2.124,11.623,0.00,0.00,765.6,765.6,500.6,0,0.0,0.3,IDLE,0.00,0.00,0.00,0,0.0,1404,0,0.0,0.0
155.9500,164418,0.0,0.0,-1.770,11.623,0.00,0.00,777.5,777.5,500.6,0,0.0,0.3,IDLE,0.00,0.00,0.00,0,0.0,1404,0,0.0,0.0
156.0000,164468,0.0,0.0,-1.770,11.623,0.00,0.00,777.5,777.5,501.0,0,0.0,0.5,IDLE,0.00,0.00,0.00,0,0.0,1404,0,0.0,0.0
156.0500,164518,0.0,0.0,-1.770,11.623,0.00,0.00,777.5,777.5,501.0,0,0.0,0.5,IDLE,0.00,0.00,0.00,0,0.0,1404,0,0.0,0.0
156.1000,164568,0.0,0.0,-1.423,11.623,0.00,0.00,779.4,779.4,501.0,0,0.0,0.5,IDLE,0.00,0.00,0.00,0,0.0,1404,0,0.0,0.0
156.1500,164618,0.0,0.0,-1.423,11.623,0.00,0.00,779.4,779.4,501.1,0,0.0,0.6,IDLE,0.00,0.00,0.00,0,0.0,1404,0,0.0,0.0
156.2000,164668,0.0,0.0,-1.423,11.623,0.00,0.00,779.4,779.4,501.1,0,0.0,0.6,IDLE,0.00,0.00,0.00,0,0.0,1404,0,0.0,0.0
156.2500,164718,0.0,0.0,-1.084,11.623,0.00,0.00,780.6,780.6,501.1,0,0.0,0.6,IDLE,0.00,0.00,0.00,0,0.0,1404,0,0.0,0.0
156.3000,164768,0.0,0.0,-1.084,11.623,0.00,0.00,780.6,780.6,501.9,0,0.0,0.9,IDLE,0.00,0.00,0.00,0,0.0,1404,0,0.0,0.0
156.3500,164818,0.0,0.0,-1.084,11.623,0.00,0.00,780.6,780.6,501.9,0,0.0,0.9,IDLE,0.00,0.00,0.00,0,0.0,1404,0,0.0,0.0
156.4000,164868,0.0,0.0,-0.900,11.623,0.00,0.00,773.4,773.4,501.9,0,0.0,0.9,IDLE,0.00,0.00,0.00,0,0.0,1404,0,0.0,0.0
156.4500,164918,0.0,0.0,-0.900,11.623,0.00,0.00,773.4,773.4,501.9,0,0.0,0.9,IDLE,0.00,0.00,0.00,0,0.0,1404,0,0.0,0.0
156.5000,164968,0.0,0.0,-0.900,11.623,0.00,0.00,773.4,773.4,500.6,0,0.0,0.3,IDLE,0.00,0.00,0.00,0,0.0,1404,0,0.0,0.0
156.5500,165018,0.0,0.0,-0.900,11.623,0.00,0.00,773.4,773.4,500.6,0,0.0,0.3,IDLE,0.00,0.00,0.00,0,0.0,1404,0,0.0,0.0
156.6000,165068,0.0,0.0,-0.715,11.623,0.00,0.00,776.2,776.2,500.6,0,0.0,0.3,IDLE,0.00,0.00,0.00,0,0.0,1404,0,0.0,0.0
156.6500,165118,0.0,0.0,-0.715,11.623,0.00,0.00,776.2,776.2,499.9,0,0.0,-0.1,IDLE,0.00,0.00,0.00,0,0.0,1404,0,0.0,0.0
156.7000,165168,0.0,0.0,-0.715,11.623,0.00,0.00,776.2,776.2,499.9,0,0.0,-0.1,IDLE,0.00,0.00,0.00,0,0.0,1404,0,0.0,0.0
156.7500,165218,0.0,0.0,-0.863,11.623,0.00,0.00,760.3,760.3,499.9,0,0.0,-0.1,IDLE,0.00,0.00,0.00,0,0.0,1404,0,0.0,0.0
156.8000,165268,0.0,0.0,-0.863,11.623,0.00,0.00,760.3,760.3,502.0,0,0.0,1.0,IDLE,0.00,0.00,0.00,0,0.0,1404,0,0.0,0.0
156.8500,165318,0.0,0.0,-0.863,11.623,0.00,0.00,760.3,760.3,502.0,0,0.0,1.0,IDLE,0.00,0.00,0.00,0,0.0,1404,0,0.0,0.0
156.9000,165368,0.0,0.0,-0.966,11.623,0.00,0.00,763.8,763.8,502.0,0,0.0,1.0,IDLE,0.00,0.00,0.00,0,0.0,1404,0,0.0,0.0
156.9500,165418,0.0,0.0,-0.966,11.623,0.00,0.00,763.8,763.8,503.1,0,0.0,1.6,IDLE,0.00,0.00,0.00,0,0.0,1404,0,0.0,0.0
157.0000,165468,0.0,0.0,-0.966,11.623,0.00,0.00,763.8,763.8,503.1,0,0.0,1.6,IDLE,0.00,0.00,0.00,0,0.0,1404,0,0.0,0.0
157.0500,165518,0.0,0.0,-1.202,11.623,0.00,0.00,756.2,756.2,503.1,0,0.0,1.6,IDLE,0.00,0.00,0.00,0,0.0,1404,0,0.0,0.0
157.1000,165568,0.0,0.0,-1.202,11.623,0.00,0.00,756.2,756.2,502.3,0,0.0,1.1,IDLE,0.00,0.00,0.00,0,0.0,1404,0,0.0,0.0
157.1500,165618,0.0,0.0,-1.202,11.623,0.00,0.00,756.2,756.2,502.3,0,0.0,1.1,IDLE,0.00,0.00,0.00,0,0.0,1404,0,0.0,0.0
157.2000,165668,0.0,0.0,-1.482,11.623,0.00,0.00,756.2,756.2,502.3,0,0.0,1.1,IDLE,0.00,0.00,0.00,0,0.0,1404,0,0.0,0.0
157.2500,165718,0.0,0.0,-1.482,11.623,0.00,0.00,756.2,756.2,502.3,0,0.0,1.1,IDLE,0.00,0.00,0.00,0,0.0,1404,0,0.0,0.0
157.3000,165768,0.0,0.0,-1.482,11.623,0.00,0.00,756.2,756.2,501.4,0,0.0,0.7,IDLE,0.00,0.00,0.00,0,0.0,1404,0,0.0,0.0
157.3500,165818,0.0,0.0,-1.482,11.623,0.00,0.00,756.2,756.2,501.4,0,0.0,0.7,IDLE,0.00,0.00,0.00,0,0.0,1404,0,0.0,0.0
157.4000,165868,0.0,0.0,-1.468,11.623,0.00,0.00,766.2,766.2,501.4,0,0.0,0.7,IDLE,0.00,0.00,0.00,0,0.0,1404,0,0.0,0.0
157.4500,165918,0.0,0.0,-1.468,11.623,0.00,0.00,766.2,766.2,501.8,0,0.0,0.9,IDLE,0.00,0.00,0.00,0,0.0,1404,0,0.0,0.0
157.5000,165968,0.0,0.0,-1.468,11.623,0.00,0.00,766.2,766.2,501.8,0,0.0,0.9,IDLE,0.00,0.00,0.00,0,0.0,1404,0,0.0,0.0
157.5500,166018,0.0,0.0,-1.807,11.623,0.00,0.00,762.2,762.2,501.8,0,0.0,0.9,IDLE,0.00,0.00,0.00,0,0.0,1404,0,0.0,0.0
157.6000,166068,0.0,0.0,-1.807,11.623,0.00,0.00,762.2,762.2,502.5,0,0.0,1.2,IDLE,0.00,0.00,0.00,0,0.0,1404,0,0.0,0.0
157.6500,166118,0.0,0.0,-1.807,11.623,0.00,0.00,762.2,762.2,502.5,0,0.0,1.2,IDLE,0.00,0.00,0.00,0,0.0,1404,0,0.0,0.0
157.7000,166168,0.0,0.0,-1.822,11.623,0.00,0.00,778.4,778.4,502.5,0,0.0,1.2,IDLE,0.00,0.00,0.00,0,0.0,1404,0,0.0,0.0
157.7500,166218,0.0,0.0,-1.822,11.623,0.00,0.00,778.4,778.4,500.9,0,0.0,0.4,IDLE,0.00,0.00,0.00,0,0.0,1404,0,0.0,0.0
157.8000,166268,0.0,0.0,-1.822,11.623,0.00,0.00,778.4,778.4,500.9,0,0.0,0.4,IDLE,0.00,0.00,0.00,0,0.0,1404,0,0.0,0.0
157.8500,166318,0.0,0.0,-1.940,11.623,0.00,0.00,775.3,775.3,500.9,0,0.0,0.4,IDLE,0.00,0.00,0.00,0,0.0,1404,0,0.0,0.0
157.9000,166368,0.0,0.0,-1.940,11.623,0.00,0.00,775.3,775.3,500.9,0,0.0,0.4,IDLE,0.00,0.00,0.00,0,0.0,1404,0,0.0,0.0
157.9500,166418,0.0,0.0,-1.940,11.623,0.00,0.00,775.3,775.3,501.5,0,0.0,0.8,IDLE,0.00,0.00,0.00,0,0.0,1404,0,0.0,0.0
158.0000,166468,0.0,0.0,-1.940,11.623,0.00,0.00,775.3,775.3,501.5,0,0.0,0.8,IDLE,0.00,0.00,0.00,0,0.0,1404,0,0.0,0.0
158.0500,166518,0.0,0.0,-1.785,11.623,0.00,0.00,780.6,780.6,501.5,0,0.0,0.8,IDLE,0.00,0.00,0.00,0,0.0,1404,0,0.0,0.0
158.1000,166568,0.0,0.0,-1.785,11.623,0.00,0.00,780.6,780.6,502.6,0,0.0,1.3,IDLE,0.00,0.00,0.00,0,0.0,1404,0,0.0,0.0
158.1500,166618,0.0,0.0,-1.785,11.623,0.00,0.00,780.6,780.6,502.6,0,0.0,1.3,IDLE,0.00,0.00,0.00,0,0.0,1404,0,0.0,0.0
158.2000,166668,0.0,0.0,-1.689,11.623,0.00,0.00,780.6,780.6,502.6,0,0.0,1.3,IDLE,0.00,0.00,0.00,0,0.0,1404,0,0.0,0.0
158.2500,166718,0.0,0.0,-1.689,11.623,0.00,0.00,780.6,780.6,502.8,0,0.0,1.4,IDLE,0.00,0.00,0.00,0,0.0,1404,0,0.0,0.0
158.3000,166768,0.0,0.0,-1.689,11.623,0.00,0.00,780.6,780.6,502.8,0,0.0,1.4,IDLE,0.00,0.00,0.00,0,0.0,1404,0,0.0,0.0
158.3500,166818,0.0,0.0,-1.291,11.623,0.00,0.00,778.1,778.1,502.8,0,0.0,1.4,IDLE,0.00,0.00,0.00,0,0.0,1404,0,0.0,0.0
158.4000,166868,0.0,0.0,-1.291,11.623,0.00,0.00,778.1,778.1,503.4,0,0.0,1.7,IDLE,0.00,0.00,0.00,0,0.0,1404,0,0.0,0.0
158.4500,166918,0.0,0.0,-1.291,11.623,0.00,0.00,778.1,778.1,503.4,0,0.0,1.7,IDLE,0.00,0.00,0.00,0,0.0,1404,0,0.0,0.0
158.5000,166968,0.0,0.0,-1.062,11.623,0.00,0.00,774.1,774.1,503.4,0,0.0,1.7,IDLE,0.00,0.00,0.00,0,0.0,1404,0,0.0,0.0
158.5500,167018,0.0,0.0,-1.062,11.623,0.00,0.00,774.1,774.1,502.5,0,0.0,1.2,IDLE,0.00,0.00,0.00,0,0.0,1404,0,0.0,0.0
158.6000,167068,0.0,0.0,-1.062,11.623,0.00,0.00,774.1,774.1,502.5,0,0.0,1.2,IDLE,0.00,0.00,0.00,0,0.0,1404,0,0.0,0.0
158.6500,167118,0.0,0.0,-0.671,11.623,0.00,0.00,774.1,774.1,502.5,0,0.0,1.2,IDLE,0.00,0.00,0.00,0,0.0,1404,0,0.0,0.0
158.7000,167168,0.0,0.0,-0.671,11.623,0.00,0.00,774.1,774.1,502.5,0,0.0,1.2,IDLE,0.00,0.00,0.00,0,0.0,1404,0,0.0,0.0
158.7500,167218,0.0,0.0,-0.671,11.623,0.00,0.00,774.1,774.1,501.5,0,0.0,0.8,IDLE,0.00,0.00,0.00,0,0.0,1404,0,0.0,0.0
158.8000,167268,0.0,0.0,-0.671,11.623,0.00,0.00,774.1,774.1,501.5,0,0.0,0.8,IDLE,0.00,0.00,0.00,0,0.0,1404,0,0.0,0.0
158.8500,167318,0.0,0.0,-0.361,11.623,0.00,0.00,770.3,770.3,501.5,0,0.0,0.8,IDLE,0.00,0.00,0.00,0,0.0,1404,0,0.0,0.0
158.9000,167368,0.0,0.0,-0.361,11.623,0.00,0.00,770.3,770.3,503.5,0,0.0,1.8,IDLE,0.00,0.00,0.00,0,0.0,1404,0,0.0,0.0
158.9500,167418,0.0,0.0,-0.361,11.623,0.00,0.00,770.3,770.3,503.5,0,0.0,1.8,IDLE,0.00,0.00,0.00,0,0.0,1404,0,0.0,0.0
159.0000,167468,0.0,0.0,-0.236,11.623,0.00,0.00,771.9,771.9,503.5,0,0.0,1.8,IDLE,0.00,0.00,0.00,0,0.0,1404,0,0.0,0.0
159.0500,167518,0.0,0.0,-0.236,11.623,0.00,0.00,771.9,771.9,503.1,0,0.0,1.6,IDLE,0.00,0.00,0.00,0,0.0,1404,0,0.0,0.0
159.1000,167568,0.0,0.0,-0.236,11.623,0.00,0.00,771.9,771.9,503.1,0,0.0,1.6,IDLE,0.00,0.00,0.00,0,0.0,1404,0,0.0,0.0
159.1500,167618,0.0,0.0,-0.052,11.623,0.00,0.00,770.6,770.6,503.1,0,0.0,1.6,IDLE,0.00,0.00,0.00,0,0.0,1404,0,0.0,0.0
159.2000,167668,0.0,0.0,-0.052,11.623,0.00,0.00,770.6,770.6,503.2,0,0.0,1.6,IDLE,0.00,0.00,0.00,0,0.0,1404,0,0.0,0.0
159.2500,167718,0.0,0.0,-0.052,11.623,0.00,0.00,770.6,770.6,503.2,0,0.0,1.6,IDLE,0.00,0.00,0.00,0,0.0,1404,0,0.0,0.0
159.3000,167768,0.0,0.0,-0.302,11.623,0.00,0.00,766.9,766.9,503.2,0,0.0,1.6,IDLE,0.00,0.00,0.00,0,0.0,1404,0,0.0,0.0
159.3500,167818,0.0,0.0,-0.302,11.623,0.00,0.00,766.9,766.9,503.2,0,0.0,1.6,IDLE,0.00,0.00,0.00,0,0.0,1404,0,0.0,0.0
159.4000,167868,0.0,0.0,-0.302,11.623,0.00,0.00,766.9,766.9,502.1,0,0.0,1.1,IDLE,0.00,0.00,0.00,0,0.0,1404,0,0.0,0.0
159.4500,167918,0.0,0.0,-0.302,11.623,0.00,0.00,766.9,766.9,502.1,0,0.0,1.1,IDLE,0.00,0.00,0.00,0,0.0,1404,0,0.0,0.0
159.5000,167968,0.0,0.0,-0.516,11.623,0.00,0.00,765.6,765.6,502.1,0,0.0,1.1,IDLE,0.00,0.00,0.00,0,0.0,1404,0,0.0,0.0
159.5500,168018,0.0,0.0,-0.516,11.623,0.00,0.00,765.6,765.6,502.5,0,0.0,1.2,IDLE,0.00,0.00,0.00,0,0.0,1404,0,0.0,0.0
159.6000,168068,0.0,0.0,-0.516,11.623,0.00,0.00,765.6,765.6,502.5,0,0.0,1.2,IDLE,0.00,0.00,0.00,0,0.0,1404,0,0.0,0.0
159.6500,168118,0.0,0.0,-0.878,11.623,0.00,0.00,764.4,764.4,502.5,0,0.0,1.2,IDLE,0.00,0.00,0.00,0,0.0,1404,0,0.0,0.0
159.7000,168168,0.0,0.0,-0.878,11.623,0.00,0.00,764.4,764.4,501.5,0,0.0,0.8,IDLE,0.00,0.00,0.00,0,0.0,1404,0,0.0,0.0
159.7500,168218,0.0,0.0,-0.878,11.623,0.00,0.00,764.4,764.4,501.5,0,0.0,0.8,IDLE,0.00,0.00,0.00,0,0.0,1404,0,0.0,0.0
159.8000,168268,0.0,0.0,-1.298,11.623,0.00,0.00,761.6,761.6,501.5,0,0.0,0.8,IDLE,0.00,0.00,0.00,0,0.0,1404,0,0.0,0.0
159.8500,168318,0.0,0.0,-1.298,11.623,0.00,0.00,761.6,761.6,502.4,0,0.0,1.2,IDLE,0.00,0.00,0.00,0,0.0,1404,0,0.0,0.0
159.9000,168368,0.0,0.0,-1.298,11.623,0.00,0.00,761.6,761.6,502.4,0,0.0,1.2,IDLE,0.00,0.00,0.00,0,0.0,1404,0,0.0,0.0
159.9500,168418,0.0,0.0,-1.497,11.623,0.00,0.00,769.1,769.1,502.4,0,0.0,1.2,IDLE,0.00,0.00,0.00,0,0.0,1404,0,0.0,0.0
160.0000,168468,0.0,0.0,-1.497,11.623,0.00,0.00,769.1,769.1,502.5,0,0.0,1.2,IDLE,0.00,0.00,0.00,0,0.0,1404,0,0.0,0.0
160.0500,168518,0.0,0.0,-1.497,11.623,0.00,0.00,769.1,769.1,502.5,0,0.0,1.2,IDLE,0.00,0.00,0.00,0,0.0,1404,0,0.0,0.0
160.1000,168568,0.0,0.0,-1.652,11.623,0.00,0.00,767.2,767.2,502.5,0,0.0,1.2,IDLE,0.00,0.00,0.00,0,0.0,1404,0,0.0,0.0
160.1500,168618,0.0,0.0,-1.652,11.623,0.00,0.00,767.2,767.2,502.5,0,0.0,1.2,IDLE,0.00,0.00,0.00,0,0.0,1404,0,0.0,0.0
160.2000,168668,0.0,0.0,-1.652,11.623,0.00,0.00,767.2,767.2,502.0,0,0.0,1.0,IDLE,0.00,0.00,0.00,0,0.0,1404,0,0.0,0.0
160.2500,168718,0.0,0.0,-1.652,11.623,0.00,0.00,767.2,767.2,502.0,0,0.0,1.0,IDLE,0.00,0.00,0.00,0,0.0,1404,0,0.0,0.0
160.3000,168768,0.0,0.0,-1.482,11.623,0.00,0.00,781.9,781.9,502.0,0,0.0,1.0,IDLE,0.00,0.00,0.00,0,0.0,1404,0,0.0,0.0
160.3500,168818,0.0,0.0,-1.482,11.623,0.00,0.00,781.9,781.9,502.5,0,0.0,1.2,IDLE,0.00,0.00,0.00,0,0.0,1404,0,0.0,0.0
160.4000,168868,0.0,0.0,-1.482,11.623,0.00,0.00,781.9,781.9,502.5,0,0.0,1.2,IDLE,0.00,0.00,0.00,0,0.0,1404,0,0.0,0.0
160.4500,168918,0.0,0.0,-1.246,11.623,0.00,0.00,780.9,780.9,502.5,0,0.0,1.2,IDLE,0.00,0.00,0.00,0,0.0,1404,0,0.0,0.0
160.5000,168968,0.0,0.0,-1.246,11.623,0.00,0.00,780.9,780.9,503.1,0,0.0,1.6,IDLE,0.00,0.00,0.00,0,0.0,1404,0,0.0,0.0
160.5500,169018,0.0,0.0,-1.246,11.623,0.00,0.00,780.9,780.9,503.1,0,0.0,1.6,IDLE,0.00,0.00,0.00,0,0.0,1404,0,0.0,0.0
160.6000,169068,0.0,0.0,-1.047,11.623,0.00,0.00,780.9,780.9,503.1,0,0.0,1.6,IDLE,0.00,0.00,0.00,0,0.0,1404,0,0.0,0.0
160.6500,169118,0.0,0.0,-1.047,11.623,0.00,0.00,780.9,780.9,502.0,0,0.0,1.0,IDLE,0.00,0.00,0.00,0,0.0,1404,0,0.0,0.0
160.7000,169168,0.0,0.0,-1.047,11.623,0.00,0.00,780.9,780.9,502.0,0,0.0,1.0,IDLE,0.00,0.00,0.00,0,0.0,1404,0,0.0,0.0
160.7500,169218,0.0,0.0,-0.782,11.623,0.00,0.00,782.5,782.5,502.0,0,0.0,1.0,IDLE,0.00,0.00,0.00,0,0.0,1404,0,0.0,0.0
160.8000,169268,0.0,0.0,-0.782,11.623,0.00,0.00,782.5,782.5,502.0,0,0.0,1.0,IDLE,0.00,0.00,0.00,0,0.0,1404,0,0.0,0.0
160.8500,169318,0.0,0.0,-0.782,11.623,0.00,0.00,782.5,782.5,502.5,0,0.0,1.2,IDLE,0.00,0.00,0.00,0,0.0,1404,0,0.0,0.0
160.9000,169368,0.0,0.0,-0.782,11.623,0.00,0.00,782.5,782.5,502.5,0,0.0,1.2,IDLE,0.00,0.00,0.00,0,0.0,1404,0,0.0,0.0
160.9500,169418,0.0,0.0,-0.789,11.623,0.00,0.00,766.6,766.6,502.5,0,0.0,1.2,IDLE,0.00,0.00,0.00,0,0.0,1404,0,0.0,0.0
161.0000,169468,0.0,0.0,-0.789,11.623,0.00,0.00,766.6,766.6,503.0,0,0.0,1.5,IDLE,0.00,0.00,0.00,0,0.0,1404,0,0.0,0.0
161.0500,169518,0.0,0.0,-0.789,11.623,0.00,0.00,766.6,766.6,503.0,0,0.0,1.5,IDLE,0.00,0.00,0.00,0,0.0,1404,0,0.0,0.0
161.1000,169568,0.0,0.0,-0.745,11.623,0.00,0.00,767.5,767.5,503.0,0,0.0,1.5,IDLE,0.00,0.00,0.00,0,0.0,1404,0,0.0,0.0
161.1500,169618,0.0,0.0,-0.745,11.623,0.00,0.00,767.5,767.5,501.4,0,0.0,0.7,IDLE,0.00,0.00,0.00,0,0.0,1404,0,0.0,0.0
161.2000,169668,0.0,0.0,-0.745,11.623,0.00,0.00,767.5,767.5,501.4,0,0.0,0.7,IDLE,0.00,0.00,0.00,0,0.0,1404,0,0.0,0.0
161.2500,169718,0.0,0.0,-0.915,11.623,0.00,0.00,756.9,756.9,501.4,0,0.0,0.7,IDLE,0.00,0.00,0.00,0,0.0,1404,0,0.0,0.0
161.3000,169768,0.0,0.0,-0.915,11.623,0.00,0.00,756.9,756.9,502.0,0,0.0,1.0,IDLE,0.00,0.00,0.00,0,0.0,1404,0,0.0,0.0
161.3500,169818,0.0,0.0,-0.915,11.623,0.00,0.00,756.9,756.9,502.0,0,0.0,1.0,IDLE,0.00,0.00,0.00,0,0.0,1404,0,0.0,0.0
161.4000,169868,0.0,0.0,-0.974,11.623,0.00,0.00,758.8,758.8,502.0,0,0.0,1.0,IDLE,0.00,0.00,0.00,0,0.0,1404,0,0.0,0.0
161.4500,169918,0.0,0.0,-0.974,11.623,0.00,0.00,758.8,758.8,502.6,0,0.0,1.3,IDLE,0.00,0.00,0.00,0,0.0,1404,0,0.0,0.0
161.5000,169968,0.0,0.0,-0.974,11.623,0.00,0.00,758.8,758.8,502.6,0,0.0,1.3,IDLE,0.00,0.00,0.00,0,0.0,1404,0,0.0,0.0
161.5500,170018,0.0,0.0,-1.047,11.623,0.00,0.00,765.6,765.6,502.6,0,0.0,1.3,IDLE,0.00,0.00,0.00,0,0.0,1404,0,0.0,0.0
161.6000,170068,0.0,0.0,-1.047,11.623,0.00,0.00,765.6,765.6,502.6,0,0.0,1.3,IDLE,0.00,0.00,0.00,0,0.0,1404,0,0.0,0.0
161.6500,170118,0.0,0.0,-1.047,11.623,0.00,0.00,765.6,765.6,502.9,0,0.0,1.4,IDLE,0.00,0.00,0.00,0,0.0,1404,0,0.0,0.0
161.7000,170168,0.0,0.0,-1.047,11.623,0.00,0.00,765.6,765.6,502.9,0,0.0,1.4,IDLE,0.00,0.00,0.00,0,0.0,1404,0,0.0,0.0
161.7500,170218,0.0,0.0,-1.114,11.623,0.00,0.00,764.4,764.4,502.9,0,0.0,1.4,IDLE,0.00,0.00,0.00,0,0.0,1404,0,0.0,0.0
161.8000,170268,0.0,0.0,-1.114,11.623,0.00,0.00,764.4,764.4,503.1,0,0.0,1.6,IDLE,0.00,0.00,0.00,0,0.0,1404,0,0.0,0.0
161.8500,170318,0.0,0.0,-1.114,11.623,0.00,0.00,764.4,764.4,503.1,0,0.0,1.6,IDLE,0.00,0.00,0.00,0,0.0,1404,0,0.0,0.0
161.9000,170368,0.0,0.0,-1.232,11.623,0.00,0.00,776.6,776.6,503.1,0,0.0,1.6,IDLE,0.00,0.00,0.00,0,0.0,1404,0,0.0,0.0
161.9500,170418,0.0,0.0,-1.232,11.623,0.00,0.00,776.6,776.6,502.1,0,0.0,1.1,IDLE,0.00,0.00,0.00,0,0.0,1404,0,0.0,0.0
162.0000,170468,0.0,0.0,-1.232,11.623,0.00,0.00,776.6,776.6,502.1,0,0.0,1.1,IDLE,0.00,0.00,0.00,0,0.0,1404,0,0.0,0.0
162.0500,170518,0.0,0.0,-1.350,11.623,0.00,0.00,775.6,775.6,502.1,0,0.0,1.1,IDLE,0.00,0.00,0.00,0,0.0,1404,0,0.0,0.0
162.1000,170568,0.0,0.0,-1.350,11.623,0.00,0.00,775.6,775.6,503.5,0,0.0,1.8,IDLE,0.00,0.00,0.00,0,0.0,1404,0,0.0,0.0
162.1500,170618,0.0,0.0,-1.350,11.623,0.00,0.00,775.6,775.6,503.5,0,0.0,1.8,IDLE,0.00,0.00,0.00,0,0.0,1404,0,0.0,0.0
162.2000,170668,0.0,0.0,-1.475,11.623,0.00,0.00,775.3,775.3,503.5,0,0.0,1.8,IDLE,0.00,0.00,0.00,0,0.0,1404,0,0.0,0.0
162.2500,170718,0.0,0.0,-1.475,11.623,0.00,0.00,775.3,775.3,503.5,0,0.0,1.8,IDLE,0.00,0.00,0.00,0,0.0,1404,0,0.0,0.0
162.3000,170768,0.0,0.0,-1.475,11.623,0.00,0.00,775.3,775.3,501.4,0,0.0,0.7,IDLE,0.00,0.00,0.00,0,0.0,1404,0,0.0,0.0
162.3500,170818,0.0,0.0,-1.475,11.623,0.00,0.00,775.3,775.3,501.4,0,0.0,0.7,IDLE,0.00,0.00,0.00,0,0.0,1404,0,0.0,0.0
162.4000,170868,0.0,0.0,-1.630,11.623,0.00,0.00,775.3,775.3,501.4,0,0.0,0.7,IDLE,0.00,0.00,0.00,0,0.0,1404,0,0.0,0.0
162.4500,170918,0.0,0.0,-1.630,11.623,0.00,0.00,775.3,775.3,502.6,0,0.0,1.3,IDLE,0.00,0.00,0.00,0,0.0,1404,0,0.0,0.0
162.5000,170968,0.0,0.0,-1.630,11.623,0.00,0.00,775.3,775.3,502.6,0,0.0,1.3,IDLE,0.00,0.00,0.00,0,0.0,1404,0,0.0,0.0
162.5500,171018,0.0,0.0,-1.556,11.623,0.00,0.00,770.0,770.0,502.6,0,0.0,1.3,IDLE,0.00,0.00,0.00,0,0.0,1404,0,0.0,0.0
162.6000,171068,0.0,0.0,-1.556,11.623,0.00,0.00,770.0,770.0,502.3,0,0.0,1.1,IDLE,0.00,0.00,0.00,0,0.0,1404,0,0.0,0.0
162.6500,171118,0.0,0.0,-1.556,11.623,0.00,0.00,770.0,770.0,502.3,0,0.0,1.1,IDLE,0.00,0.00,0.00,0,0.0,1404,0,0.0,0.0
162.7000,171168,0.0,0.0,-1.468,11.623,0.00,0.00,771.3,771.3,502.3,0,0.0,1.1,IDLE,0.00,0.00,0.00,0,0.0,1404,0,0.0,0.0
162.7500,171218,0.0,0.0,-1.468,11.623,0.00,0.00,771.3,771.3,503.1,0,0.0,1.6,IDLE,0.00,0.00,0.00,0,0.0,1404,0,0.0,0.0
162.8000,171268,0.0,0.0,-1.468,11.623,0.00,0.00,771.3,771.3,503.1,0,0.0,1.6,IDLE,0.00,0.00,0.00,0,0.0,1404,0,0.0,0.0
162.8500,171318,0.0,0.0,-1.165,11.623,0.00,0.00,770.6,770.6,503.1,0,0.0,1.6,IDLE,0.00,0.00,0.00,0,0.0,1404,0,0.0,0.0
162.9000,171368,0.0,0.0,-1.165,11.623,0.00,0.00,770.6,770.6,502.5,0,0.0,1.2,IDLE,0.00,0.00,0.00,0,0.0,1404,0,0.0,0.0
162.9500,171418,0.0,0.0,-1.165,11.623,0.00,0.00,770.6,770.6,502.5,0,0.0,1.2,IDLE,0.00,0.00,0.00,0,0.0,1404,0,0.0,0.0
163.0000,171468,0.0,0.0,-0.974,11.623,0.00,0.00,767.5,767.5,502.5,0,0.0,1.2,IDLE,0.00,0.00,0.00,0,0.0,1404,0,0.0,0.0
163.0500,171518,0.0,0.0,-0.974,11.623,0.00,0.00,767.5,767.5,502.5,0,0.0,1.2,IDLE,0.00,0.00,0.00,0,0.0,1404,0,0.0,0.0
163.1000,171568,0.0,0.0,-0.974,11.623,0.00,0.00,767.5,767.5,501.9,0,0.0,0.9,IDLE,0.00,0.00,0.00,0,0.0,1404,0,0.0,0.0
163.1500,171618,0.0,0.0,-0.974,11.623,0.00,0.00,767.5,767.5,501.9,0,0.0,0.9,IDLE,0.00,0.00,0.00,0,0.0,1404,0,0.0,0.0
163.2000,171668,0.0,0.0,-0.929,11.623,0.00,0.00,767.5,767.5,501.9,0,0.0,0.9,IDLE,0.00,0.00,0.00,0,0.0,1404,0,0.0,0.0
163.2500,171718,0.0,0.0,-0.929,11.623,0.00,0.00,767.5,767.5,503.1,0,0.0,1.6,IDLE,0.00,0.00,0.00,0,0.0,1404,0,0.0,0.0
163.3000,171768,0.0,0.0,-0.929,11.623,0.00,0.00,767.5,767.5,503.1,0,0.0,1.6,IDLE,0.00,0.00,0.00,0,0.0,1404,0,0.0,0.0
163.3500,171818,0.0,0.0,-0.951,11.623,0.00,0.00,763.4,763.4,503.1,0,0.0,1.6,IDLE,0.00,0.00,0.00,0,0.0,1404,0,0.0,0.0
163.4000,171868,0.0,0.0,-0.951,11.623,0.00,0.00,763.4,763.4,503.6,0,0.0,1.8,IDLE,0.00,0.00,0.00,0,0.0,1404,0,0.0,0.0
163.4500,171918,0.0,0.0,-0.951,11.623,0.00,0.00,763.4,763.4,503.6,0,0.0,1.8,IDLE,0.00,0.00,0.00,0,0.0,1404,0,0.0,0.0
163.5000,171968,0.0,0.0,-1.246,11.623,0.00,0.00,763.1,763.1,503.6,0,0.0,1.8,IDLE,0.00,0.00,0.00,0,0.0,1404,0,0.0,0.0
163.5500,172018,0.0,0.0,-1.246,11.623,0.00,0.00,763.1,763.1,502.8,0,0.0,1.4,IDLE,0.00,0.00,0.00,0,0.0,1404,0,0.0,0.0
163.6000,172068,0.0,0.0,-1.246,11.623,0.00,0.00,763.1,763.1,502.8,0,0.0,1.4,IDLE,0.00,0.00,0.00,0,0.0,1404,0,0.0,0.0
163.6500,172118,0.0,0.0,-1.394,11.623,0.00,0.00,769.1,769.1,502.8,0,0.0,1.4,IDLE,0.00,0.00,0.00,0,0.0,1404,0,0.0,0.0
163.7000,172168,0.0,0.0,-1.394,11.623,0.00,0.00,769.1,769.1,503.2,0,0.0,1.6,IDLE,0.00,0.00,0.00,0,0.0,1404,0,0.0,0.0
163.7500,172218,0.0,0.0,-1.394,11.623,0.00,0.00,769.1,769.1,503.2,0,0.0,1.6,IDLE,0.00,0.00,0.00,0,0.0,1404,0,0.0,0.0
163.8000,172268,0.0,0.0,-1.542,11.623,0.00,0.00,768.8,768.8,503.2,0,0.0,1.6,IDLE,0.00,0.00,0.00,0,0.0,1404,0,0.0,0.0
163.8500,172318,0.0,0.0,-1.542,11.623,0.00,0.00,768.8,768.8,503.2,0,0.0,1.6,IDLE,0.00,0.00,0.00,0,0.0,1404,0,0.0,0.0
163.9000,172368,0.0,0.0,-1.542,11.623,0.00,0.00,768.8,768.8,503.2,0,0.0,1.6,IDLE,0.00,0.00,0.00,0,0.0,1404,0,0.0,0.0
163.9500,172418,0.0,0.0,-1.542,11.623,0.00,0.00,768.8,768.8,503.2,0,0.0,1.6,IDLE,0.00,0.00,0.00,0,0.0,1404,0,0.0,0.0
164.0000,172468,0.0,0.0,-1.446,11.623,0.00,0.00,779.7,779.7,503.2,0,0.0,1.6,IDLE,0.00,0.00,0.00,0,0.0,1404,0,0.0,0.0
164.0500,172518,0.0,0.0,-1.446,11.623,0.00,0.00,779.7,779.7,501.0,0,0.0,0.5,IDLE,0.00,0.00,0.00,0,0.0,1404,0,0.0,0.0
164.1000,172568,0.0,0.0,-1.446,11.623,0.00,0.00,779.7,779.7,501.0,0,0.0,0.5,IDLE,0.00,0.00,0.00,0,0.0,1404,0,0.0,0.0
164.1500,172618,0.0,0.0,-1.195,11.623,0.00,0.00,781.2,781.2,501.0,0,0.0,0.5,IDLE,0.00,0.00,0.00,0,0.0,1404,0,0.0,0.0
164.2000,172668,0.0,0.0,-1.195,11.623,0.00,0.00,781.2,781.2,501.1,0,0.0,0.6,IDLE,0.00,0.00,0.00,0,0.0,1404,0,0.0,0.0
164.2500,172718,0.0,0.0,-1.195,11.623,0.00,0.00,781.2,781.2,501.1,0,0.0,0.6,IDLE,0.00,0.00,0.00,0,0.0,1404,0,0.0,0.0
164.3000,172768,0.0,0.0,-0.981,11.623,0.00,0.00,780.9,780.9,501.1,0,0.0,0.6,IDLE,0.00,0.00,0.00,0,0.0,1404,0,0.0,0.0
164.3500,172818,0.0,0.0,-0.981,11.623,0.00,0.00,780.9,780.9,502.8,0,0.0,1.4,IDLE,0.00,0.00,0.00,0,0.0,1404,0,0.0,0.0
164.4000,172868,0.0,0.0,-0.981,11.623,0.00,0.00,780.9,780.9,502.8,0,0.0,1.4,IDLE,0.00,0.00,0.00,0,0.0,1404,0,0.0,0.0
164.4500,172918,0.0,0.0,-0.819,11.623,0.00,0.00,778.1,778.1,502.8,0,0.0,1.4,IDLE,0.00,0.00,0.00,0,0.0,1404,0,0.0,0.0
164.5000,172968,0.0,0.0,-0.819,11.623,0.00,0.00,778.1,778.1,502.8,0,0.0,1.4,IDLE,0.00,0.00,0.00,0,0.0,1404,0,0.0,0.0
164.5500,173018,0.0,0.0,-0.819,11.623,0.00,0.00,778.1,778.1,501.5,0,0.0,0.8,IDLE,0.00,0.00,0.00,0,0.0,1404,0,0.0,0.0
164.6000,173068,0.0,0.0,-0.819,11.623,0.00,0.00,778.1,778.1,501.5,0,0.0,0.8,IDLE,0.00,0.00,0.00,0,0.0,1404,0,0.0,0.0
164.6500,173118,0.0,0.0,-0.553,11.623,0.00,0.00,779.4,779.4,501.5,0,0.0,0.8,IDLE,0.00,0.00,0.00,0,0.0,1404,0,0.0,0.0
164.7000,173168,0.0,0.0,-0.553,11.623,0.00,0.00,779.4,779.4,501.9,0,0.0,0.9,IDLE,0.00,0.00,0.00,0,0.0,1404,0,0.0,0.0
164.7500,173218,0.0,0.0,-0.553,11.623,0.00,0.00,779.4,779.4,501.9,0,0.0,0.9,IDLE,0.00,0.00,0.00,0,0.0,1404,0,0.0,0.0
164.8000,173268,0.0,0.0,-0.708,11.623,0.00,0.00,760.6,760.6,501.9,0,0.0,0.9,IDLE,0.00,0.00,0.00,0,0.0,1404,0,0.0,0.0
164.8500,173318,0.0,0.0,-0.708,11.623,0.00,0.00,760.6,760.6,502.3,0,0.0,1.1,IDLE,0.00,0.00,0.00,0,0.0,1404,0,0.0,0.0
164.9000,173368,0.0,0.0,-0.708,11.623,0.00,0.00,760.6,760.6,502.3,0,0.0,1.1,IDLE,0.00,0.00,0.00,0,0.0,1404,0,0.0,0.0
164.9500,173418,0.0,0.0,-0.730,11.623,0.00,0.00,762.2,762.2,502.3,0,0.0,1.1,IDLE,0.00,0.00,0.00,0,0.0,1404,0,0.0,0.0
165.0000,173468,0.0,0.0,-0.730,11.623,0.00,0.00,762.2,762.2,503.4,0,0.0,1.7,IDLE,0.00,0.00,0.00,0,0.0,1404,0,0.0,0.0
165.0500,173518,0.0,0.0,-0.730,11.623,0.00,0.00,762.2,762.2,503.4,0,0.0,1.7,IDLE,0.00,0.00,0.00,0,0.0,1404,0,0.0,0.0
165.1000,173568,0.0,0.0,-0.819,11.623,0.00,0.00,759.4,759.4,503.4,0,0.0,1.7,IDLE,0.00,0.00,0.00,0,0.0,1404,0,0.0,0.0
165.1500,173618,0.0,0.0,-0.819,11.623,0.00,0.00,759.4,759.4,503.2,0,0.0,1.6,IDLE,0.00,0.00,0.00,0,0.0,1404,0,0.0,0.0
165.2000,173668,0.0,0.0,-0.819,11.623,0.00,0.00,759.4,759.4,503.2,0,0.0,1.6,IDLE,0.00,0.00,0.00,0,0.0,1404,0,0.0,0.0
165.2500,173718,0.0,0.0,-1.062,11.623,0.00,0.00,757.8,757.8,503.2,0,0.0,1.6,IDLE,0.00,0.00,0.00,0,0.0,1404,0,0.0,0.0
165.3000,173768,0.0,0.0,-1.062,11.623,0.00,0.00,757.8,757.8,503.2,0,0.0,1.6,IDLE,0.00,0.00,0.00,0,0.0,1404,0,0.0,0.0
165.3500,173818,0.0,0.0,-1.062,11.623,0.00,0.00,757.8,757.8,501.1,0,0.0,0.6,IDLE,0.00,0.00,0.00,0,0.0,1404,0,0.0,0.0
165.4000,173868,0.0,0.0,-1.062,11.623,0.00,0.00,757.8,757.8,501.1,0,0.0,0.6,IDLE,0.00,0.00,0.00,0,0.0,1404,0,0.0,0.0
165.4500,173918,0.0,0.0,-0.966,11.623,0.00,0.00,773.1,773.1,501.1,0,0.0,0.6,IDLE,0.00,0.00,0.00,0,0.0,1404,0,0.0,0.0
165.5000,173968,0.0,0.0,-0.966,11.623,0.00,0.00,773.1,773.1,501.9,0,0.0,0.9,IDLE,0.00,0.00,0.00,0,0.0,1404,0,0.0,0.0
165.5500,174018,0.0,0.0,-0.966,11.623,0.00,0.00,773.1,773.1,501.9,0,0.0,0.9,IDLE,0.00,0.00,0.00,0,0.0,1404,0,0.0,0.0
165.6000,174068,0.0,0.0,-1.136,11.623,0.00,0.00,772.2,772.2,501.9,0,0.0,0.9,IDLE,0.00,0.00,0.00,0,0.0,1404,0,0.0,0.0
165.6500,174118,0.0,0.0,-1.136,11.623,0.00,0.00,772.2,772.2,502.1,0,0.0,1.1,IDLE,0.00,0.00,0.00,0,0.0,1404,0,0.0,0.0
165.7000,174168,0.0,0.0,-1.136,11.623,0.00,0.00,772.2,772.2,502.1,0,0.0,1.1,IDLE,0.00,0.00,0.00,0,0.0,1404,0,0.0,0.0
165.7500,174218,0.0,0.0,-1.165,11.623,0.00,0.00,780.0,780.0,502.1,0,0.0,1.1,IDLE,0.00,0.00,0.00,0,0.0,1404,0,0.0,0.0
165.8000,174268,0.0,0.0,-1.165,11.623,0.00,0.00,780.0,780.0,503.1,0,0.0,1.6,IDLE,0.00,0.00,0.00,0,0.0,1404,0,0.0,0.0
165.8500,174318,0.0,0.0,-1.165,11.623,0.00,0.00,780.0,780.0,503.1,0,0.0,1.6,IDLE,0.00,0.00,0.00,0,0.0,1404,0,0.0,0.0
165.9000,174368,0.0,0.0,-1.232,11.623,0.00,0.00,777.8,777.8,503.1,0,0.0,1.6,IDLE,0.00,0.00,0.00,0,0.0,1404,0,0.0,0.0
165.9500,174418,0.0,0.0,-1.232,11.623,0.00,0.00,777.8,777.8,503.1,0,0.0,1.6,IDLE,0.00,0.00,0.00,0,0.0,1404,0,0.0,0.0
166.0000,174468,0.0,0.0,-1.232,11.623,0.00,0.00,777.8,777.8,502.5,0,0.0,1.2,IDLE,0.00,0.00,0.00,0,0.0,1404,0,0.0,0.0
166.0500,174518,0.0,0.0,-1.232,11.623,0.00,0.00,777.8,777.8,502.5,0,0.0,1.2,IDLE,0.00,0.00,0.00,0,0.0,1404,0,0.0,0.0
166.1000,174568,0.0,0.0,-1.372,11.623,0.00,0.00,771.9,771.9,502.5,0,0.0,1.2,IDLE,0.00,0.00,0.00,0,0.0,1404,0,0.0,0.0
166.1500,174618,0.0,0.0,-1.372,11.623,0.00,0.00,771.9,771.9,501.8,0,0.0,0.9,IDLE,0.00,0.00,0.00,0,0.0,1404,0,0.0,0.0
166.2000,174668,0.0,0.0,-1.372,11.623,0.00,0.00,771.9,771.9,501.8,0,0.0,0.9,IDLE,0.00,0.00,0.00,0,0.0,1404,0,0.0,0.0
166.2500,174718,0.0,0.0,-1.497,11.623,0.00,0.00,773.4,773.4,501.8,0,0.0,0.9,IDLE,0.00,0.00,0.00,0,0.0,1404,0,0.0,0.0
166.3000,174768,0.0,0.0,-1.497,11.623,0.00,0.00,773.4,773.4,502.0,0,0.0,1.0,IDLE,0.00,0.00,0.00,0,0.0,1404,0,0.0,0.0
166.3500,174818,0.0,0.0,-1.497,11.623,0.00,0.00,773.4,773.4,502.0,0,0.0,1.0,IDLE,0.00,0.00,0.00,0,0.0,1404,0,0.0,0.0
166.4000,174868,0.0,0.0,-1.328,11.623,0.00,0.00,768.4,768.4,502.0,0,0.0,1.0,IDLE,0.00,0.00,0.00,0,0.0,1404,0,0.0,0.0
166.4500,174918,0.0,0.0,-1.328,11.623,0.00,0.00,768.4,768.4,502.0,0,0.0,1.0,IDLE,0.00,0.00,0.00,0,0.0,1404,0,0.0,0.0
166.5000,174968,0.0,0.0,-1.328,11.623,0.00,0.00,768.4,768.4,502.0,0,0.0,1.0,IDLE,0.00,0.00,0.00,0,0.0,1404,0,0.0,0.0
166.5500,175018,0.0,0.0,-1.217,11.623,0.00,0.00,767.2,767.2,502.0,0,0.0,1.0,IDLE,0.00,0.00,0.00,0,0.0,1404,0,0.0,0.0
166.6000,175068,0.0,0.0,-1.217,11.623,0.00,0.00,767.2,767.2,502.9,0,0.0,1.4,IDLE,0.00,0.00,0.00,0,0.0,1404,0,0.0,0.0
166.6500,175118,0.0,0.0,-1.217,11.623,0.00,0.00,767.2,767.2,502.9,0,0.0,1.4,IDLE,0.00,0.00,0.00,0,0.0,1404,0,0.0,0.0
166.7000,175168,0.0,0.0,-1.025,11.623,0.00,0.00,768.1,768.1,502.9,0,0.0,1.4,IDLE,0.00,0.00,0.00,0,0.0,1404,0,0.0,0.0
166.7500,175218,0.0,0.0,-1.025,11.623,0.00,0.00,768.1,768.1,502.9,0,0.0,1.4,IDLE,0.00,0.00,0.00,0,0.0,1404,0,0.0,0.0
166.8000,175268,0.0,0.0,-1.025,11.623,0.00,0.00,768.1,768.1,502.5,0,0.0,1.2,IDLE,0.00,0.00,0.00,0,0.0,1404,0,0.0,0.0
166.8500,175318,0.0,0.0,-1.025,11.623,0.00,0.00,768.1,768.1,502.5,0,0.0,1.2,IDLE,0.00,0.00,0.00,0,0.0,1404,0,0.0,0.0
166.9000,175368,0.0,0.0,-0.848,11.623,0.00,0.00,765.6,765.6,502.5,0,0.0,1.2,IDLE,0.00,0.00,0.00,0,0.0,1404,0,0.0,0.0
166.9500,175418,0.0,0.0,-0.848,11.623,0.00,0.00,765.6,765.6,503.1,0,0.0,1.6,IDLE,0.00,0.00,0.00,0,0.0,1404,0,0.0,0.0
167.0000,175468,0.0,0.0,-0.848,11.623,0.00,0.00,765.6,765.6,503.1,0,0.0,1.6,IDLE,0.00,0.00,0.00,0,0.0,1404,0,0.0,0.0
167.0500,175518,0.0,0.0,-1.084,11.623,0.00,0.00,762.5,762.5,503.1,0,0.0,1.6,IDLE,0.00,0.00,0.00,0,0.0,1404,0,0.0,0.0
167.1000,175568,0.0,0.0,-1.084,11.623,0.00,0.00,762.5,762.5,502.4,0,0.0,1.2,IDLE,0.00,0.00,0.00,0,0.0,1404,0,0.0,0.0
167.1500,175618,0.0,0.0,-1.084,11.623,0.00,0.00,762.5,762.5,502.4,0,0.0,1.2,IDLE,0.00,0.00,0.00,0,0.0,1404,0,0.0,0.0
167.2000,175668,0.0,0.0,-1.136,11.623,0.00,0.00,770.0,770.0,502.4,0,0.0,1.2,IDLE,0.00,0.00,0.00,0,0.0,1404,0,0.0,0.0
167.2500,175718,0.0,0.0,-1.136,11.623,0.00,0.00,770.0,770.0,501.9,0,0.0,0.9,IDLE,0.00,0.00,0.00,0,0.0,1404,0,0.0,0.0
167.3000,175768,0.0,0.0,-1.136,11.623,0.00,0.00,770.0,770.0,501.9,0,0.0,0.9,IDLE,0.00,0.00,0.00,0,0.0,1404,0,0.0,0.0
167.3500,175818,0.0,0.0,-1.423,11.623,0.00,0.00,766.9,766.9,501.9,0,0.0,0.9,IDLE,0.00,0.00,0.00,0,0.0,1404,0,0.0,0.0
167.4000,175868,0.0,0.0,-1.423,11.623,0.00,0.00,766.9,766.9,501.9,0,0.0,0.9,IDLE,0.00,0.00,0.00,0,0.0,1404,0,0.0,0.0
167.4500,175918,0.0,0.0,-1.423,11.623,0.00,0.00,766.9,766.9,502.9,0,0.0,1.4,IDLE,0.00,0.00,0.00,0,0.0,1404,0,0.0,0.0
167.5000,175968,0.0,0.0,-1.423,11.623,0.00,0.00,766.9,766.9,502.9,0,0.0,1.4,IDLE,0.00,0.00,0.00,0,0.0,1404,0,0.0,0.0
167.5500,176018,0.0,0.0,-1.364,11.623,0.00,0.00,780.6,780.6,502.9,0,0.0,1.4,IDLE,0.00,0.00,0.00,0,0.0,1404,0,0.0,0.0
167.6000,176068,0.0,0.0,-1.364,11.623,0.00,0.00,780.6,780.6,502.3,0,0.0,1.1,IDLE,0.00,0.00,0.00,0,0.0,1404,0,0.0,0.0
167.6500,176118,0.0,0.0,-1.364,11.623,0.00,0.00,780.6,780.6,502.3,0,0.0,1.1,IDLE,0.00,0.00,0.00,0,0.0,1404,0,0.0,0.0
167.7000,176168,0.0,0.0,-1.143,11.623,0.00,0.00,781.9,781.9,502.3,0,0.0,1.1,IDLE,0.00,0.00,0.00,0,0.0,1404,0,0.0,0.0
167.7500,176218,0.0,0.0,-1.143,11.623,0.00,0.00,781.9,781.9,503.2,0,0.0,1.6,IDLE,0.00,0.00,0.00,0,0.0,1404,0,0.0,0.0
167.8000,176268,0.0,0.0,-1.143,11.623,0.00,0.00,781.9,781.9,503.2,0,0.0,1.6,IDLE,0.00,0.00,0.00,0,0.0,1404,0,0.0,0.0
167.8500,176318,0.0,0.0,-1.055,11.623,0.00,0.00,777.2,777.2,503.2,0,0.0,1.6,IDLE,0.00,0.00,0.00,0,0.0,1404,0,0.0,0.0
167.9000,176368,0.0,0.0,-1.055,11.623,0.00,0.00,777.2,777.2,502.0,0,0.0,1.0,IDLE,0.00,0.00,0.00,0,0.0,1404,0,0.0,0.0
192.1000,200568,0.0,817.1,-3.481,11.623,-0.54,1.81,819.4,819.4,500.8,0,0.0,0.4,IDLE,0.00,0.00,0.00,0,0.0,1601,0,817.1,802.2
192.1500,200618,0.0,817.1,-5.709,11.623,-0.89,1.81,694.1,694.1,500.8,0,0.0,0.4,IDLE,0.00,0.00,0.00,0,0.0,1602,0,817.1,802.2
192.2000,200668,0.0,817.1,-5.709,11.623,-0.89,1.81,694.1,694.1,500.6,0,0.0,0.3,IDLE,0.00,0.00,0.00,0,0.0,1604,0,817.1,802.2
192.2500,200718,0.0,817.1,-5.709,11.623,-0.89,1.81,694.1,694.1,500.6,0,0.0,0.3,IDLE,0.00,0.00,0.00,0,0.0,1607,0,817.1,802.2
192.3000,200768,0.0,817.1,-4.861,11.623,-0.76,1.81,772.8,772.8,500.6,0,0.0,0.3,IDLE,0.00,0.00,0.00,0,0.0,1608,0,817.1,802.2
192.3500,200818,0.0,817.1,-4.861,11.623,-0.76,1.81,772.8,772.8,500.6,0,0.0,0.3,IDLE,0.00,0.00,0.00,0,0.0,1610,0,817.1,802.2
192.4000,200868,0.0,817.1,-4.861,11.623,-0.76,1.81,772.8,772.8,500.5,0,0.0,0.3,IDLE,0.00,0.00,0.00,0,0.0,1611,0,817.1,802.2
192.4500,200918,0.0,817.1,-4.861,11.623,-0.76,1.81,772.8,772.8,500.5,0,0.0,0.3,IDLE,0.00,0.00,0.00,0,0.0,1613,0,817.1,802.2
192.5000,200968,0.0,817.1,-7.907,11.623,-1.23,1.81,607.8,607.8,500.5,0,0.0,0.3,IDLE,0.00,0.00,0.00,0,0.0,1615,0,817.1,802.2
192.5500,201018,0.0,817.1,-7.907,11.623,-1.23,1.81,607.8,607.8,501.1,0,0.0,0.6,IDLE,0.00,0.00,0.00,0,0.0,1616,0,817.1,802.2
192.6000,201068,0.0,817.1,-7.907,11.623,-1.23,1.81,607.8,607.8,501.1,0,0.0,0.6,IDLE,0.00,0.00,0.00,0,0.0,1618,0,817.1,802.2
192.6500,201118,0.0,817.1,-15.585,11.623,-2.42,1.81,390.3,390.3,501.1,0,0.0,0.6,IDLE,0.00,0.00,0.00,0,0.0,1620,0,817.1,802.2
192.7000,201168,0.0,817.1,-15.585,11.623,-2.42,1.81,390.3,390.3,500.4,0,0.0,0.2,IDLE,0.00,0.00,0.00,0,0.0,1621,0,817.1,802.2
192.7500,201218,0.0,817.1,-15.585,11.623,-2.42,1.81,390.3,390.3,500.4,0,0.0,0.2,IDLE,0.00,0.00,0.00,0,0.0,1623,0,817.1,802.2
192.8000,201268,0.0,817.1,-13.689,11.623,-2.13,1.81,800.9,800.9,500.4,0,0.0,0.2,IDLE,0.00,0.00,0.00,0,0.0,1625,0,817.1,802.2
192.8500,201318,0.0,817.1,-13.689,11.623,-2.13,1.81,800.9,800.9,501.0,0,0.0,0.5,IDLE,0.00,0.00,0.00,0,0.0,1626,0,817.1,802.2
192.9000,201368,0.0,817.1,-13.689,11.623,-2.13,1.81,800.9,800.9,501.0,0,0.0,0.5,IDLE,0.00,0.00,0.00,0,0.0,1628,0,817.1,802.2
192.9500,201418,0.0,817.1,-16.263,11.623,-2.53,1.81,568.4,568.4,501.0,0,0.0,0.5,IDLE,0.00,0.00,0.00,0,0.0,1630,0,817.1,802.2
193.0000,201468,0.0,817.1,-16.263,11.623,-2.53,1.81,568.4,568.4,501.0,0,0.0,0.5,IDLE,0.00,0.00,0.00,0,0.0,1631,0,817.1,802.2
193.0500,201518,0.0,817.1,-16.263,11.623,-2.53,1.81,568.4,568.4,503.8,0,0.0,1.9,IDLE,0.00,0.00,0.00,0,0.0,1633,0,817.1,802.2
193.1000,201568,0.0,817.1,-16.263,11.623,-2.53,1.81,568.4,568.4,503.8,0,0.0,1.9,IDLE,0.00,0.00,0.00,0,0.0,1635,0,817.1,802.2
193.1500,201618,0.0,817.1,-12.553,11.623,-1.95,1.81,938.8,938.8,503.8,0,0.0,1.9,IDLE,0.00,0.00,0.00,0,0.0,1636,0,817.1,802.2
193.2000,201668,0.0,817.1,-12.553,11.623,-1.95,1.81,938.8,938.8,500.9,0,0.0,0.4,IDLE,0.00,0.00,0.00,0,0.0,1638,0,817.1,802.2
193.2500,201718,0.0,817.1,-12.553,11.623,-1.95,1.81,938.8,938.8,500.9,0,0.0,0.4,IDLE,0.00,0.00,0.00,0,0.0,1640,0,817.1,802.2
193.3000,201768,0.0,817.1,-9.529,11.623,-1.48,1.81,846.2,846.2,500.9,0,0.0,0.4,IDLE,0.00,0.00,0.00,0,0.0,1641,0,817.1,802.2
193.3500,201818,0.0,817.1,-9.529,11.623,-1.48,1.81,846.2,846.2,500.5,0,0.0,0.3,IDLE,0.00,0.00,0.00,0,0.0,1643,0,817.1,802.2
193.4000,201868,0.0,817.1,-9.529,11.623,-1.48,1.81,846.2,846.2,500.5,0,0.0,0.3,IDLE,0.00,0.00,0.00,0,0.0,1645,0,817.1,802.2
193.4500,201918,0.0,817.1,-13.534,11.623,-2.11,1.81,705.9,705.9,500.5,0,0.0,0.3,IDLE,0.00,0.00,0.00,0,0.0,1646,0,817.1,802.2
193.5000,201968,0.0,817.1,-13.534,11.623,-2.11,1.81,705.9,705.9,502.4,0,0.0,1.2,IDLE,0.00,0.00,0.00,0,0.0,1648,0,817.1,802.2
193.5500,202018,0.0,817.1,-13.534,11.623,-2.11,1.81,705.9,705.9,502.4,0,0.0,1.2,IDLE,0.00,0.00,0.00,0,0.0,1649,0,817.1,802.2
193.6000,202068,0.0,817.1,-13.579,11.623,-2.11,1.81,817.2,817.2,502.4,0,0.0,1.2,IDLE,0.00,0.00,0.00,0,0.0,1651,0,817.1,802.2
193.6500,202118,0.0,817.1,-13.579,11.623,-2.11,1.81,817.2,817.2,503.2,0,0.0,1.6,IDLE,0.00,0.00,0.00,0,0.0,1652,0,817.1,802.2
193.7000,202168,0.0,817.1,-13.579,11.623,-2.11,1.81,817.2,817.2,503.2,0,0.0,1.6,IDLE,0.00,0.00,0.00,0,0.0,1654,0,817.1,802.2
193.7500,202218,0.0,817.1,-12.738,11.623,-1.98,1.81,732.2,732.2,503.2,0,0.0,1.6,IDLE,0.00,0.00,0.00,0,0.0,1657,0,817.1,802.2
193.8000,202268,0.0,817.1,-12.738,11.623,-1.98,1.81,732.2,732.2,503.2,0,0.0,1.6,IDLE,0.00,0.00,0.00,0,0.0,1659,0,817.1,802.2
193.8500,202318,0.0,817.1,-12.738,11.623,-1.98,1.81,732.2,732.2,502.4,0,0.0,1.2,IDLE,0.00,0.00,0.00,0,0.0,1660,0,817.1,802.2
193.9000,202368,2000.0,817.1,-12.738,11.623,-1.98,1.81,732.2,732.2,502.4,4,0.8,1.2,HOLD_RPM,0.00,0.00,0.00,0,0.0,1663,0,817.1,802.2
193.9500,202418,2000.0,817.1,-10.813,11.623,-1.68,1.81,859.7,859.7,502.4,19,3.8,1.2,HOLD_RPM,0.00,0.00,0.00,0,0.0,1664,0,817.1,802.2
194.0000,202468,2000.0,817.1,-10.813,11.623,-1.68,1.81,859.7,859.7,501.1,43,8.6,0.6,HOLD_RPM,0.00,0.00,0.00,0,0.0,1666,0,817.1,802.2
194.0500,202518,2000.0,817.1,-10.813,11.623,-1.68,1.81,859.7,859.7,501.1,72,14.4,0.6,HOLD_RPM,0.00,0.00,0.00,0,0.0,1668,0,817.1,802.2
194.1000,202568,2000.0,817.1,-8.843,11.623,-1.38,1.81,696.9,696.9,501.1,91,18.2,0.6,HOLD_RPM,0.00,0.00,0.00,0,0.0,1669,0,817.1,802.2
194.1500,202618,2000.0,817.1,-8.843,11.623,-1.38,1.81,696.9,696.9,500.4,100,20.0,0.2,HOLD_RPM,0.00,0.00,0.00,0,0.0,1671,0,817.1,802.2
194.2000,202668,2000.0,817.1,-8.843,11.623,-1.38,1.81,696.9,696.9,500.4,100,20.0,0.2,HOLD_RPM,0.00,0.00,0.00,0,0.0,1674,0,817.1,802.2
194.2500,202718,2000.0,817.1,1.195,11.623,0.19,1.81,844.1,844.1,500.4,100,20.0,0.2,HOLD_RPM,0.00,0.00,0.00,0,0.0,1675,0,817.1,802.2
194.3000,202768,2000.0,817.1,1.195,11.623,0.19,1.81,844.1,844.1,502.9,100,20.0,1.4,HOLD_RPM,0.00,0.00,0.00,0,0.0,1677,0,817.1,802.2
194.3500,202818,2000.0,817.1,1.195,11.623,0.19,1.81,844.1,844.1,502.9,100,20.0,1.4,HOLD_RPM,0.00,0.00,0.00,0,0.0,1678,0,817.1,802.2
194.4000,202868,2000.0,817.1,0.450,11.623,0.07,1.81,767.2,767.2,502.9,100,20.0,1.4,HOLD_RPM,0.00,0.00,0.00,0,0.0,1680,0,817.1,802.2
194.4500,202918,2000.0,817.1,0.450,11.623,0.07,1.81,767.2,767.2,502.9,100,20.0,1.4,HOLD_RPM,0.00,0.00,0.00,0,0.0,1682,0,817.1,802.2
194.5000,202968,2000.0,817.1,0.450,11.623,0.07,1.81,767.2,767.2,501.9,100,20.0,0.9,HOLD_RPM,0.00,0.00,0.00,0,0.0,1685,0,817.1,802.2
194.5500,203018,2000.0,817.1,0.450,11.623,0.07,1.81,767.2,767.2,501.9,100,20.0,0.9,HOLD_RPM,0.00,0.00,0.00,0,0.0,1686,0,817.1,802.2
194.6000,203068,2000.0,817.1,4.868,11.623,0.76,1.81,768.1,768.1,501.9,100,20.0,0.9,HOLD_RPM,0.00,0.00,0.00,0,0.0,1689,0,817.1,802.2
194.6500,203118,2000.0,817.1,4.868,11.623,0.76,1.81,768.1,768.1,500.3,100,20.0,0.1,HOLD_RPM,0.00,0.00,0.00,0,0.0,1690,0,817.1,802.2
194.7000,203168,2000.0,817.1,4.868,11.623,0.76,1.81,768.1,768.1,500.3,100,20.0,0.1,HOLD_RPM,0.00,0.00,0.00,0,0.0,1692,0,817.1,802.2
194.7500,203218,2000.0,817.1,0.516,11.623,0.08,1.81,742.2,742.2,500.3,100,20.0,0.1,HOLD_RPM,0.00,0.00,0.00,0,0.0,1695,0,817.1,802.2
194.8000,203268,2000.0,817.1,0.516,11.623,0.08,1.81,742.2,742.2,502.0,100,20.0,1.0,HOLD_RPM,0.00,0.00,0.00,0,0.0,1697,0,817.1,802.2
194.8500,203318,2000.0,817.1,0.516,11.623,0.08,1.81,742.2,742.2,502.0,100,20.0,1.0,HOLD_RPM,0.00,0.00,0.00,0,0.0,1699,0,817.1,802.2
194.9000,203368,2000.0,817.1,0.649,11.623,0.10,1.81,852.2,852.2,502.0,100,20.0,1.0,HOLD_RPM,0.00,0.00,0.00,0,0.0,1701,0,817.1,802.2
194.9500,203418,2000.0,817.1,0.649,11.623,0.10,1.81,852.2,852.2,501.9,100,20.0,0.9,HOLD_RPM,0.00,0.00,0.00,0,0.0,1702,0,817.1,802.2
195.0000,203468,2000.0,817.1,0.649,11.623,0.10,1.81,852.2,852.2,501.9,100,20.0,0.9,HOLD_RPM,0.00,0.00,0.00,0,0.0,1704,0,817.1,802.2
195.0500,203518,2000.0,817.1,2.191,11.623,0.34,1.81,775.6,775.6,501.9,100,20.0,0.9,HOLD_RPM,0.00,0.00,0.00,0,0.0,1705,0,817.1,802.2
195.1000,203568,2000.0,817.1,2.191,11.623,0.34,1.81,775.6,775.6,501.4,100,20.0,0.7,HOLD_RPM,0.00,0.00,0.00,0,0.0,1707,0,817.1,802.2
195.1500,203618,2000.0,817.1,2.191,11.623,0.34,1.81,775.6,775.6,501.4,100,20.0,0.7,HOLD_RPM,0.00,0.00,0.00,0,0.0,1708,0,817.1,802.2
195.2000,203668,2000.0,817.1,-0.826,11.623,-0.13,1.81,680.9,680.9,501.4,100,20.0,0.7,HOLD_RPM,0.00,0.00,0.00,0,0.0,1710,0,817.1,802.2
195.2500,203718,2000.0,817.1,-0.826,11.623,-0.13,1.81,680.9,680.9,501.4,100,20.0,0.7,HOLD_RPM,0.00,0.00,0.00,0,0.0,1713,0,817.1,802.2
195.3000,203768,2000.0,817.1,-0.826,11.623,-0.13,1.81,680.9,680.9,503.5,100,20.0,1.8,HOLD_RPM,0.00,0.00,0.00,0,0.0,1714,0,817.1,802.2
195.3500,203818,2000.0,817.1,-0.826,11.623,-0.13,1.81,680.9,680.9,503.5,100,20.0,1.8,HOLD_RPM,0.00,0.00,0.00,0,0.0,1716,0,817.1,802.2
195.4000,203868,2000.0,817.1,-2.832,11.623,-0.44,1.81,641.2,641.2,503.5,100,20.0,1.8,HOLD_RPM,0.00,0.00,0.00,0,0.0,1717,0,817.1,802.2
195.4500,203918,2000.0,817.1,-2.832,11.623,-0.44,1.81,641.2,641.2,502.1,100,20.0,1.1,HOLD_RPM,0.00,0.00,0.00,0,0.0,1719,0,817.1,802.2
195.5000,203968,2000.0,817.1,-2.832,11.623,-0.44,1.81,641.2,641.2,502.1,100,20.0,1.1,HOLD_RPM,0.00,0.00,0.00,0,0.0,1720,0,817.1,802.2
195.5500,204018,2000.0,817.1,-0.538,11.623,-0.08,1.81,963.4,963.4,502.1,100,20.0,1.1,HOLD_RPM,0.00,0.00,0.00,0,0.0,1722,0,817.1,802.2
195.6000,204068,2000.0,817.1,-0.538,11.623,-0.08,1.81,963.4,963.4,502.1,100,20.0,1.1,HOLD_RPM,0.00,0.00,0.00,0,0.0,1724,0,817.1,802.2
195.6500,204118,2000.0,817.1,-0.538,11.623,-0.08,1.81,963.4,963.4,502.1,100,20.0,1.1,HOLD_RPM,0.00,0.00,0.00,0,0.0,1725,0,817.1,802.2
195.7000,204168,2000.0,817.1,2.486,11.623,0.39,1.81,833.4,833.4,502.1,100,20.0,1.1,HOLD_RPM,0.00,0.00,0.00,0,0.0,1727,0,817.1,802.2
195.7500,204218,2000.0,817.1,2.486,11.623,0.39,1.81,833.4,833.4,501.6,100,20.0,0.8,HOLD_RPM,0.00,0.00,0.00,0,0.0,1729,0,817.1,802.2
195.8000,204268,2000.0,817.1,2.486,11.623,0.39,1.81,833.4,833.4,501.6,100,20.0,0.8,HOLD_RPM,0.00,0.00,0.00,0,0.0,1730,0,817.1,802.2
195.8500,204318,2000.0,817.1,0.325,11.623,0.05,1.81,746.6,746.6,501.6,100,20.0,0.8,HOLD_RPM,0.00,0.00,0.00,0,0.0,1732,0,817.1,802.2
195.9000,204368,2000.0,817.1,0.325,11.623,0.05,1.81,746.6,746.6,502.5,100,20.0,1.2,HOLD_RPM,0.00,0.00,0.00,0,0.0,1734,0,817.1,802.2
195.9500,204418,2000.0,817.1,0.325,11.623,0.05,1.81,746.6,746.6,502.5,100,20.0,1.2,HOLD_RPM,0.00,0.00,0.00,0,0.0,1735,0,817.1,802.2
196.0000,204468,2000.0,817.1,-0.243,11.623,-0.04,1.81,741.6,741.6,502.5,100,20.0,1.2,HOLD_RPM,0.00,0.00,0.00,0,0.0,1737,0,817.1,802.2
196.0500,204518,2000.0,817.1,-0.243,11.623,-0.04,1.81,741.6,741.6,502.5,100,20.0,1.2,HOLD_RPM,0.00,0.00,0.00,0,0.0,1739,0,817.1,802.2
196.1000,204568,2000.0,817.1,-0.243,11.623,-0.04,1.81,741.6,741.6,501.1,100,20.0,0.6,HOLD_RPM,0.00,0.00,0.00,0,0.0,1740,0,817.1,802.2
196.1500,204618,2000.0,817.1,-0.243,11.623,-0.04,1.81,741.6,741.6,501.1,100,20.0,0.6,HOLD_RPM,0.00,0.00,0.00,0,0.0,1742,0,817.1,802.2
196.2000,204668,2000.0,817.1,0.752,11.623,0.12,1.81,813.1,813.1,501.1,100,20.0,0.6,HOLD_RPM,0.00,0.00,0.00,0,0.0,1744,0,817.1,802.2
196.2500,204718,2000.0,817.1,0.752,11.623,0.12,1.81,813.1,813.1,500.6,100,20.0,0.3,HOLD_RPM,0.00,0.00,0.00,0,0.0,1746,0,817.1,802.2
196.3000,204768,2000.0,842.9,0.752,11.623,0.12,1.87,813.1,813.1,500.6,100,20.0,0.3,HOLD_RPM,0.00,0.00,0.00,0,0.0,1746,0,842.9,863.7
196.3500,204818,2000.0,842.9,5.856,11.623,0.94,1.87,972.8,972.8,500.6,100,20.0,0.3,HOLD_RPM,0.00,0.00,0.00,0,0.0,1746,0,842.9,984.1
196.4000,204868,2000.0,1023.3,5.856,11.623,1.14,2.26,972.8,972.8,502.8,100,20.0,1.4,HOLD_RPM,0.00,0.00,0.00,0,0.0,1746,0,1023.3,1067.0
196.4500,204918,2000.0,1023.3,5.856,11.623,1.14,2.26,972.8,972.8,502.8,100,20.0,1.4,HOLD_RPM,0.00,0.00,0.00,0,0.0,1746,0,1023.3,1226.3
196.5000,204968,2000.0,1253.8,5.989,11.623,1.43,2.77,858.1,858.1,502.8,100,20.0,1.4,HOLD_RPM,0.00,0.00,0.00,0,0.0,1746,0,1253.8,1325.0
196.5500,205018,2000.0,1253.8,5.989,11.623,1.43,2.77,858.1,858.1,500.4,100,20.0,0.2,HOLD_RPM,0.00,0.00,0.00,0,0.0,1746,0,1253.8,1416.6
196.6000,205068,2000.0,1472.5,5.989,11.623,1.68,3.26,858.1,858.1,500.4,100,20.0,0.2,HOLD_RPM,0.00,0.00,0.00,0,0.0,1747,0,1472.5,1530.3
196.6500,205118,2000.0,1472.5,4.138,11.623,1.16,3.26,691.9,691.9,500.4,100,20.0,0.2,HOLD_RPM,0.00,0.00,0.00,0,0.0,1747,0,1472.5,1621.7
196.7000,205168,2000.0,1653.0,4.138,12.817,1.30,4.03,691.9,691.9,500.4,100,20.0,0.2,HOLD_RPM,0.00,0.00,0.00,0,0.0,1747,0,1653.0,1703.7
196.7500,205218,2000.0,1653.0,4.138,12.817,1.30,4.03,691.9,691.9,500.3,100,20.0,0.1,HOLD_RPM,0.00,0.00,0.00,0,0.0,1747,0,1653.0,1757.4
196.8000,205268,2000.0,1771.9,4.138,12.619,1.40,4.26,691.9,691.9,500.3,100,20.0,0.1,HOLD_RPM,0.00,0.00,0.00,0,0.0,1747,0,1771.9,1793.3
196.8500,205318,2000.0,1771.9,10.798,12.619,3.64,4.26,982.2,982.2,500.3,100,20.0,0.1,HOLD_RPM,0.00,0.00,0.00,0,0.0,1750,0,1771.9,1802.1
196.9000,205368,2000.0,1797.8,10.798,12.510,3.70,4.28,982.2,982.2,502.3,100,20.0,1.1,HOLD_RPM,0.00,0.00,0.00,0,0.0,1750,0,1797.8,1792.2
196.9500,205418,2000.0,1797.8,10.798,12.510,3.70,4.28,982.2,982.2,502.3,100,20.0,1.1,HOLD_RPM,0.00,0.00,0.00,0,0.0,1750,0,1797.8,1784.7
197.0000,205468,2000.0,1777.2,12.000,12.596,4.06,4.26,695.3,695.3,502.3,100,20.0,1.1,HOLD_RPM,0.00,0.00,0.00,0,0.0,1750,0,1777.2,1765.5
197.0500,205518,2000.0,1777.2,12.000,12.596,4.06,4.26,695.3,695.3,501.5,100,20.0,0.8,HOLD_RPM,0.00,0.00,0.00,0,0.0,1751,0,1777.2,1736.0
197.1000,205568,2000.0,1730.7,12.000,12.792,3.95,4.22,695.3,695.3,501.5,100,20.0,0.8,HOLD_RPM,0.00,0.00,0.00,0,0.0,1751,0,1730.7,1712.3
197.1500,205618,2000.0,1730.7,5.923,12.792,1.95,4.22,689.1,689.1,501.5,100,20.0,0.8,HOLD_RPM,0.00,0.00,0.00,0,0.0,1751,0,1730.7,1682.6
197.2000,205668,2000.0,1674.9,5.923,12.866,1.89,4.10,689.1,689.1,499.9,100,20.0,-0.1,HOLD_RPM,0.00,0.00,0.00,0,0.0,1751,0,1674.9,1661.6
197.2500,205718,2000.0,1674.9,5.923,12.866,1.89,4.10,689.1,689.1,499.9,100,20.0,-0.1,HOLD_RPM,0.00,0.00,0.00,0,0.0,1751,0,1674.9,1646.1
197.3000,205768,2000.0,1642.8,0.870,12.794,0.27,4.00,605.0,605.0,499.9,100,20.0,-0.1,HOLD_RPM,0.00,0.00,0.00,0,0.0,1751,0,1642.8,1637.7
197.3500,205818,2000.0,1642.8,0.870,12.794,0.27,4.00,605.0,605.0,501.5,100,20.0,0.8,HOLD_RPM,0.00,0.00,0.00,0,0.0,1751,0,1642.8,1616.5
197.4000,205868,2000.0,1611.8,0.870,12.725,0.27,3.91,605.0,605.0,501.5,100,20.0,0.8,HOLD_RPM,0.00,0.00,0.00,0,0.0,1753,0,1611.8,1601.9
197.4500,205918,2000.0,1611.8,8.467,12.725,2.60,3.91,1090.0,1090.0,501.5,100,20.0,0.8,HOLD_RPM,0.00,0.00,0.00,0,0.0,1754,0,1611.8,1599.3
197.5000,205968,2000.0,1599.0,8.467,12.688,2.58,3.86,1090.0,1090.0,501.5,100,20.0,0.8,HOLD_RPM,0.00,0.00,0.00,0,0.0,1754,0,1599.0,1599.2
197.5500,206018,2000.0,1599.0,8.467,12.688,2.58,3.86,1090.0,1090.0,501.0,100,20.0,0.5,HOLD_RPM,0.00,0.00,0.00,0,0.0,1755,0,1599.0,1596.9
197.6000,206068,2000.0,1602.6,8.467,12.705,2.58,3.88,1090.0,1090.0,501.0,100,20.0,0.5,HOLD_RPM,0.00,0.00,0.00,0,0.0,1755,0,1602.6,1611.0
197.6500,206118,2000.0,1602.6,11.639,12.705,3.55,3.88,884.7,884.7,501.0,100,20.0,0.5,HOLD_RPM,0.00,0.00,0.00,0,0.0,1756,0,1602.6,1631.6
197.7000,206168,2000.0,1641.4,11.639,12.791,3.64,4.00,884.7,884.7,502.3,100,20.0,1.1,HOLD_RPM,0.00,0.00,0.00,0,0.0,1756,0,1641.4,1657.7
197.7500,206218,2000.0,1641.4,11.639,12.791,3.64,4.00,884.7,884.7,502.3,100,20.0,1.1,HOLD_RPM,0.00,0.00,0.00,0,0.0,1757,0,1641.4,1688.1
197.8000,206268,2000.0,1696.0,8.622,12.912,2.78,4.17,676.9,676.9,502.3,100,20.0,1.1,HOLD_RPM,0.00,0.00,0.00,0,0.0,1757,0,1696.0,1712.7
197.8500,206318,2000.0,1696.0,8.622,12.912,2.78,4.17,676.9,676.9,502.0,100,20.0,1.0,HOLD_RPM,0.00,0.00,0.00,0,0.0,1757,0,1696.0,1746.1
197.9000,206368,2000.0,1752.8,8.622,12.699,2.88,4.24,676.9,676.9,502.0,100,20.0,1.0,HOLD_RPM,0.00,0.00,0.00,0,0.0,1758,0,1752.8,1775.1
197.9500,206418,2000.0,1752.8,5.819,12.699,1.94,4.24,846.2,846.2,502.0,100,20.0,1.0,HOLD_RPM,0.00,0.00,0.00,0,0.0,1759,0,1752.8,1789.8
198.0000,206468,2000.0,1797.9,5.819,12.509,1.99,4.28,846.2,846.2,502.5,100,20.0,1.2,HOLD_RPM,0.00,0.00,0.00,0,0.0,1760,0,1797.9,1812.7
198.0500,206518,2000.0,1797.9,5.819,12.509,1.99,4.28,846.2,846.2,502.5,100,20.0,1.2,HOLD_RPM,0.00,0.00,0.00,0,0.0,1760,0,1797.9,1837.7
198.1000,206568,2000.0,1840.1,7.567,13.031,2.65,4.57,936.9,936.9,502.5,100,20.0,1.2,HOLD_RPM,0.00,0.00,0.00,0,0.0,1760,0,1840.1,1849.6
198.1500,206618,2000.0,1840.1,7.567,13.031,2.65,4.57,936.9,936.9,502.5,100,20.0,1.2,HOLD_RPM,0.00,0.00,0.00,0,0.0,1760,0,1840.1,1847.8
198.2000,206668,2000.0,1855.6,7.567,13.237,2.67,4.68,936.9,936.9,499.0,100,20.0,-0.5,HOLD_RPM,0.00,0.00,0.00,0,0.0,1760,0,1855.6,1868.0
198.2500,206718,2000.0,1855.6,7.567,13.237,2.67,4.68,936.9,936.9,499.0,100,20.0,-0.5,HOLD_RPM,0.00,0.00,0.00,0,0.0,1760,0,1855.6,1877.2
198.3000,206768,2000.0,1886.3,12.627,13.643,4.54,4.90,920.6,920.6,499.0,100,20.0,-0.5,HOLD_RPM,0.00,0.00,0.00,0,0.0,1760,0,1886.3,1897.1
198.3500,206818,2000.0,1886.3,12.627,13.643,4.54,4.90,920.6,920.6,501.9,100,20.0,0.9,HOLD_RPM,0.00,0.00,0.00,0,0.0,1760,0,1886.3,1916.7
198.4000,206868,2000.0,1919.8,12.627,13.964,4.62,5.10,920.6,920.6,501.9,100,20.0,0.9,HOLD_RPM,0.00,0.00,0.00,0,0.0,1760,0,1919.8,1931.5
198.4500,206918,2000.0,1919.8,9.124,13.964,3.34,5.10,823.8,823.8,501.9,100,20.0,0.9,HOLD_RPM,0.00,0.00,0.00,0,0.0,1761,0,1919.8,1946.5
198.5000,206968,2000.0,1953.4,9.124,14.201,3.39,5.28,823.8,823.8,501.6,100,20.0,0.8,HOLD_RPM,0.00,0.00,0.00,0,0.0,1761,0,1953.4,1965.8
198.5500,207018,2000.0,1953.4,9.124,14.201,3.39,5.28,823.8,823.8,501.6,100,20.0,0.8,HOLD_RPM,0.00,0.00,0.00,0,0.0,1762,0,1953.4,1989.2
198.6000,207068,2000.0,1995.4,17.547,14.497,6.67,5.51,1076.2,1076.2,501.6,100,20.0,0.8,HOLD_RPM,0.00,0.00,0.00,0,0.0,1762,0,1995.4,2009.6
198.6500,207118,2000.0,1995.4,17.547,14.497,6.67,5.51,1076.2,1076.2,503.2,100,20.0,1.6,HOLD_RPM,0.00,0.00,0.00,0,0.0,1763,0,1995.4,2014.0
198.7000,207168,2000.0,2015.6,17.547,14.565,6.73,5.59,1076.2,1076.2,503.2,100,20.0,1.6,HOLD_RPM,0.00,0.00,0.00,0,0.0,1763,0,2015.6,2016.3
198.7500,207218,2000.0,2015.6,15.533,14.565,5.96,5.59,597.8,597.8,503.2,102,20.4,1.6,HOLD_RPM,2.34,100.08,102.42,0,0.0,1763,0,2015.6,2021.4
198.8000,207268,2000.0,2024.0,15.533,14.585,5.99,5.62,597.8,597.8,497.9,102,20.4,-1.1,HOLD_RPM,2.34,100.16,102.50,0,0.0,1764,0,2024.0,2031.8
198.8500,207318,2000.0,2024.0,15.533,14.585,5.99,5.62,597.8,597.8,497.9,106,21.2,-1.1,HOLD_RPM,3.60,100.28,106.40,0,0.0,1764,0,2024.0,2029.8
198.9000,207368,2000.0,2037.5,22.850,14.616,8.86,5.67,935.9,935.9,497.9,104,20.8,-1.1,HOLD_RPM,3.60,100.40,104.00,0,0.0,1764,0,2037.5,2049.3
198.9500,207418,2000.0,2037.5,22.850,14.616,8.86,5.67,935.9,935.9,497.9,108,21.6,-1.1,HOLD_RPM,5.62,100.58,110.24,0,0.0,1764,0,2037.5,2052.8
199.0000,207468,2000.0,2055.0,22.850,14.657,8.94,5.73,935.9,935.9,505.0,107,21.4,2.5,HOLD_RPM,5.62,100.77,106.39,0,0.0,1764,0,2055.0,2057.1
199.0500,207518,2000.0,2055.0,22.850,14.657,8.94,5.73,935.9,935.9,505.0,110,22.0,2.5,HOLD_RPM,8.25,101.05,114.54,0,0.0,1764,0,2055.0,2067.3
199.1000,207568,2000.0,2067.4,10.606,14.685,4.18,5.78,536.6,536.6,505.0,112,22.4,2.5,HOLD_RPM,8.25,101.32,109.57,0,0.0,1765,0,2067.4,2069.6
199.1500,207618,2000.0,2067.4,10.606,14.685,4.18,5.78,536.6,536.6,498.6,113,22.6,-0.7,HOLD_RPM,10.11,101.66,115.49,0,0.0,1766,0,2067.4,2077.5
199.2000,207668,2000.0,2075.5,10.606,14.704,4.19,5.81,536.6,536.6,498.6,113,22.6,-0.7,HOLD_RPM,10.11,101.99,112.10,0,0.0,1766,0,2075.5,2074.6
199.2500,207718,2000.0,2075.5,16.654,14.704,6.58,5.81,1158.1,1158.1,498.6,116,23.2,-0.7,HOLD_RPM,11.33,102.37,116.15,0,0.0,1766,0,2075.5,2075.0
199.3000,207768,2000.0,2073.5,16.654,14.699,6.58,5.80,1158.1,1158.1,504.5,114,22.8,2.3,HOLD_RPM,11.33,102.75,114.08,0,0.0,1766,0,2073.5,2075.0
199.3500,207818,2000.0,2073.5,16.654,14.699,6.58,5.80,1158.1,1158.1,504.5,113,22.6,2.3,HOLD_RPM,11.03,103.12,113.54,0,0.0,1767,0,2073.5,2089.8
199.4000,207868,2000.0,2092.1,11.882,14.743,4.73,5.87,460.9,460.9,504.5,114,22.8,2.3,HOLD_RPM,11.03,103.49,114.51,0,0.0,1768,0,2092.1,2097.2
199.4500,207918,2000.0,2092.1,11.882,14.743,4.73,5.87,460.9,460.9,496.5,118,23.6,-1.8,HOLD_RPM,13.82,103.95,123.34,0,0.0,1768,0,2092.1,2115.4
199.5000,207968,2000.0,2123.2,11.882,14.474,4.80,5.85,460.9,460.9,496.5,120,24.0,-1.8,HOLD_RPM,13.82,104.41,118.22,0,0.0,1769,0,2123.2,2141.2
199.5500,208018,2000.0,2123.2,15.636,14.474,6.32,5.85,1015.9,1015.9,496.5,121,24.2,-1.8,HOLD_RPM,18.48,105.02,132.82,0,0.0,1769,0,2123.2,2170.5
199.6000,208068,2000.0,2172.1,15.636,13.868,6.47,5.74,1015.9,1015.9,496.5,130,26.0,-1.8,HOLD_RPM,18.48,105.64,124.12,0,0.0,1769,0,2172.1,2184.3
199.6500,208118,2000.0,2172.1,15.636,13.868,6.47,5.74,1015.9,1015.9,504.0,135,27.0,2.0,HOLD_RPM,25.81,106.50,146.97,0,0.0,1769,0,2172.1,2195.6
199.7000,208168,2000.0,2199.5,15.636,13.529,6.55,5.67,1015.9,1015.9,504.0,144,28.8,2.0,HOLD_RPM,25.81,107.36,133.17,0,0.0,1769,0,2199.5,2209.9
199.7500,208218,2000.0,2199.5,13.925,13.529,5.83,5.67,859.7,859.7,504.0,146,29.2,2.0,HOLD_RPM,29.92,108.36,146.50,0,0.0,1770,0,2199.5,2218.9
199.8000,208268,2000.0,2218.1,13.925,13.441,5.88,5.68,859.7,859.7,501.8,142,28.4,0.9,HOLD_RPM,29.92,109.35,139.27,0,0.0,1770,0,2218.1,2216.9
199.8500,208318,2000.0,2218.1,13.925,13.441,5.88,5.68,859.7,859.7,501.8,144,28.8,0.9,HOLD_RPM,32.72,110.44,148.77,0,0.0,1771,0,2218.1,2217.0
199.9000,208368,2000.0,2220.8,12.295,13.428,5.20,5.68,846.9,846.9,501.8,147,29.4,0.9,HOLD_RPM,32.72,111.53,144.26,0,0.0,1771,0,2220.8,2225.5
199.9500,208418,2000.0,2220.8,12.295,13.428,5.20,5.68,846.9,846.9,500.6,146,29.2,0.3,HOLD_RPM,33.11,112.64,146.54,0,0.0,1771,0,2220.8,2216.1
200.0000,208468,2000.0,2216.9,12.295,13.446,5.19,5.68,846.9,846.9,500.6,146,29.2,0.3,HOLD_RPM,33.11,113.74,146.86,0,0.0,1772,0,2216.9,2218.1
200.0500,208518,2000.0,2216.9,9.175,13.446,3.87,5.68,682.8,682.8,500.6,146,29.2,0.3,HOLD_RPM,32.54,114.83,146.21,0,0.0,1773,0,2216.9,2221.9
200.1000,208568,2000.0,2227.4,9.175,13.398,3.89,5.68,682.8,682.8,503.0,148,29.6,1.5,HOLD_RPM,32.54,115.91,148.45,0,0.0,1775,0,2227.4,2236.1
200.1500,208618,2000.0,2227.4,9.175,13.398,3.89,5.68,682.8,682.8,503.0,152,30.4,1.5,HOLD_RPM,34.11,117.05,154.31,0,0.0,1775,0,2227.4,2234.0
200.2000,208668,2000.0,2233.3,-0.472,13.371,-0.20,5.69,640.3,640.3,503.0,152,30.4,1.5,HOLD_RPM,34.11,118.19,152.30,0,0.0,1775,0,2233.3,2228.1
200.2500,208718,2000.0,2233.3,-0.472,13.371,-0.20,5.69,640.3,640.3,502.9,156,31.2,1.4,HOLD_RPM,34.99,119.35,156.10,0,0.0,1775,0,2233.3,2220.8
200.3000,208768,2000.0,2224.0,-0.472,13.414,-0.20,5.68,640.3,640.3,502.9,155,31.0,1.4,HOLD_RPM,34.99,120.52,155.51,0,0.0,1775,0,2224.0,2228.0
200.3500,208818,2000.0,2224.0,1.490,13.414,0.63,5.68,686.2,686.2,502.9,152,30.4,1.4,HOLD_RPM,33.59,121.64,152.43,0,0.0,1775,0,2224.0,2232.1
200.4000,208868,2000.0,2232.9,1.490,13.373,0.63,5.69,686.2,686.2,502.9,156,31.2,1.4,HOLD_RPM,33.59,122.76,156.35,0,0.0,1776,0,2232.9,2238.6
200.4500,208918,2000.0,2232.9,1.490,13.373,0.63,5.69,686.2,686.2,502.8,160,32.0,1.4,HOLD_RPM,34.94,123.92,161.55,0,0.0,1776,0,2232.9,2252.0
200.5000,208968,2000.0,2253.2,1.490,13.281,0.64,5.70,686.2,686.2,502.8,160,32.0,1.4,HOLD_RPM,34.94,125.09,160.02,0,0.0,1777,0,2253.2,2256.1
200.5500,209018,2000.0,2253.2,-2.213,13.281,-0.95,5.70,768.8,768.8,502.8,164,32.8,1.4,HOLD_RPM,37.99,126.35,170.44,0,0.0,1778,0,2253.2,2273.0
200.6000,209068,2000.0,2278.2,-2.213,13.167,-0.96,5.71,768.8,768.8,502.5,170,34.0,1.2,HOLD_RPM,37.99,127.62,165.61,0,0.0,1778,0,2278.2,2288.0
200.6500,209118,2000.0,2278.2,-2.213,13.167,-0.96,5.71,768.8,768.8,502.5,166,33.2,1.2,HOLD_RPM,41.73,129.01,178.24,0,0.0,1778,0,2278.2,2292.7
200.7000,209168,2000.0,2291.8,2.744,13.105,1.20,5.72,760.6,760.6,502.5,171,34.2,1.2,HOLD_RPM,41.73,130.40,172.14,0,0.0,1779,0,2291.8,2287.4
200.7500,209218,2000.0,2291.8,2.744,13.105,1.20,5.72,760.6,760.6,503.6,176,35.2,1.8,HOLD_RPM,43.76,131.86,179.69,0,0.0,1779,0,2291.8,2286.5
200.8000,209268,2000.0,2286.5,2.744,13.129,1.19,5.72,760.6,760.6,503.6,177,35.4,1.8,HOLD_RPM,43.76,133.32,177.08,0,0.0,1779,0,2286.5,2293.1
200.8500,209318,2000.0,2286.5,-5.731,13.129,-2.49,5.72,775.0,775.0,503.6,176,35.2,1.8,HOLD_RPM,42.97,134.75,176.15,0,0.0,1779,0,2286.5,2295.8
200.9000,209368,2000.0,2294.9,-5.731,13.091,-2.50,5.72,775.0,775.0,505.1,179,35.8,2.6,HOLD_RPM,42.97,136.18,179.16,0,0.0,1779,0,2294.9,2297.1
200.9500,209418,2000.0,2294.9,-5.731,13.091,-2.50,5.72,775.0,775.0,505.1,183,36.6,2.6,HOLD_RPM,44.24,137.66,184.42,0,0.0,1780,0,2294.9,2293.6
201.0000,209468,2000.0,2294.8,4.779,13.091,2.09,5.72,935.9,935.9,505.1,183,36.6,2.6,HOLD_RPM,44.24,139.13,183.37,0,0.0,1781,0,2294.8,2297.8
201.0500,209518,2000.0,2294.8,4.779,13.091,2.09,5.72,935.9,935.9,505.1,184,36.8,2.6,HOLD_RPM,44.22,140.61,184.80,0,0.0,1781,0,2294.8,2304.1
201.1000,209568,2000.0,2309.2,4.779,13.324,2.10,5.86,935.9,935.9,498.9,186,37.2,-0.6,HOLD_RPM,44.22,142.08,186.30,0,0.0,1781,0,2309.2,2319.2
201.1500,209618,2000.0,2309.2,4.779,13.324,2.10,5.86,935.9,935.9,498.9,190,38.0,-0.6,HOLD_RPM,46.38,143.63,194.32,0,0.0,1781,0,2309.2,2327.5
201.2000,209668,2000.0,2331.7,2.434,13.952,1.08,6.19,910.0,910.0,498.9,192,38.4,-0.6,HOLD_RPM,46.38,145.17,191.55,0,0.0,1781,0,2331.7,2338.9
201.2500,209718,2000.0,2331.7,2.434,13.952,1.08,6.19,910.0,910.0,500.0,194,38.8,0.0,HOLD_RPM,49.76,146.83,203.37,0,0.0,1781,0,2331.7,2356.5
201.3000,209768,2000.0,2355.1,2.434,14.605,1.09,6.55,910.0,910.0,500.0,202,40.4,0.0,HOLD_RPM,49.76,148.49,198.25,0,0.0,1783,0,2355.1,2360.2
201.3500,209818,2000.0,2355.1,-3.562,14.605,-1.60,6.55,588.8,588.8,500.0,201,40.2,0.0,HOLD_RPM,53.26,150.27,210.52,0,0.0,1783,0,2355.1,2361.0
201.4000,209868,2000.0,2360.4,-3.562,14.753,-1.60,6.63,588.8,588.8,503.0,207,41.4,1.5,HOLD_RPM,53.26,152.04,205.30,0,0.0,1783,0,2360.4,2356.1
201.4500,209918,2000.0,2360.4,-3.562,14.753,-1.60,6.63,588.8,588.8,503.0,206,41.2,1.5,HOLD_RPM,54.05,153.84,209.49,0,0.0,1783,0,2360.4,2353.7
201.5000,209968,2000.0,2357.6,-7.634,14.675,-3.43,6.59,662.8,662.8,503.0,209,41.8,1.5,HOLD_RPM,54.05,155.65,209.70,0,0.0,1784,0,2357.6,2364.3
201.5500,210018,2000.0,2357.6,-7.634,14.675,-3.43,6.59,662.8,662.8,503.8,210,42.0,1.9,HOLD_RPM,53.63,157.43,210.23,0,0.0,1784,0,2357.6,2369.1
201.6000,210068,2000.0,2370.9,-7.634,15.046,-3.45,6.79,662.8,662.8,503.8,212,42.4,1.9,HOLD_RPM,53.63,159.22,212.86,0,0.0,1784,0,2370.9,2374.3
201.6500,210118,2000.0,2370.9,0.133,15.046,0.06,6.79,1033.8,1033.8,503.8,216,43.2,1.9,HOLD_RPM,55.63,161.08,220.69,0,0.0,1784,0,2370.9,2374.7
201.7000,210168,2000.0,2377.6,0.133,15.233,0.06,6.90,1033.8,1033.8,498.0,218,43.6,-1.0,HOLD_RPM,55.63,162.93,218.56,0,0.0,1784,0,2377.6,2382.7
201.7500,210218,2000.0,2377.6,0.133,15.233,0.06,6.90,1033.8,1033.8,498.0,222,44.4,-1.0,HOLD_RPM,56.64,164.82,223.49,0,0.0,1784,0,2377.6,2389.5
201.8000,210268,2000.0,2390.2,5.207,15.584,2.37,7.09,869.7,869.7,498.0,223,44.6,-1.0,HOLD_RPM,56.64,166.71,223.35,0,0.0,1785,0,2390.2,2390.0
201.8500,210318,2000.0,2390.2,5.207,15.584,2.37,7.09,869.7,869.7,498.0,227,45.4,-1.0,HOLD_RPM,58.53,168.66,230.96,0,0.0,1785,0,2390.2,2396.1
201.9000,210368,2000.0,2397.1,5.207,15.777,2.38,7.20,869.7,869.7,506.6,229,45.8,3.3,HOLD_RPM,58.53,170.61,229.14,0,0.0,1785,0,2397.1,2394.3
201.9500,210418,2000.0,2397.1,5.207,15.777,2.38,7.20,869.7,869.7,506.6,233,46.6,3.3,HOLD_RPM,59.57,172.59,234.24,0,0.0,1787,0,2397.1,2399.5
202.0000,210468,2000.0,2403.1,8.755,15.971,4.01,7.31,846.6,846.6,506.6,234,46.8,3.3,HOLD_RPM,59.57,174.58,234.15,0,0.0,1788,0,2403.1,2405.5
202.0500,210518,2000.0,2403.1,8.755,15.971,4.01,7.31,846.6,846.6,500.6,238,47.6,0.3,HOLD_RPM,60.46,176.59,238.83,0,0.0,1788,0,2403.1,2408.9
202.1000,210568,2000.0,2412.1,8.755,16.299,4.02,7.49,846.6,846.6,500.6,239,47.8,0.3,HOLD_RPM,60.46,178.61,239.07,0,0.0,1788,0,2412.1,2415.6
202.1500,210618,2000.0,2412.1,13.409,16.299,6.16,7.49,979.1,979.1,500.6,243,48.6,0.3,HOLD_RPM,61.81,180.67,245.18,0,0.0,1788,0,2412.1,2400.1
202.2000,210668,2000.0,2402.6,13.409,15.953,6.13,7.30,979.1,979.1,510.6,244,48.8,5.3,HOLD_RPM,61.81,182.73,244.54,0,0.0,1788,0,2402.6,2401.4
202.2500,210718,2000.0,2402.6,13.409,15.953,6.13,7.30,979.1,979.1,510.6,242,48.4,5.3,HOLD_RPM,60.39,184.74,242.29,0,0.0,1789,0,2402.6,2385.1
202.3000,210768,2000.0,2385.9,12.649,15.464,5.75,7.03,726.2,726.2,510.6,246,49.2,5.3,HOLD_RPM,60.39,186.76,247.15,0,0.0,1790,0,2385.9,2380.2
202.3500,210818,2000.0,2385.9,12.649,15.464,5.75,7.03,726.2,726.2,503.4,244,48.8,1.7,HOLD_RPM,57.89,188.69,241.58,0,0.0,1790,0,2385.9,2375.8
202.4000,210868,2000.0,2374.9,12.649,15.158,5.72,6.85,726.2,726.2,503.4,244,48.8,1.7,HOLD_RPM,57.89,190.62,248.51,0,0.0,1790,0,2374.9,2371.9
202.4500,210918,2000.0,2374.9,14.375,15.158,6.50,6.85,853.1,853.1,503.4,245,49.0,1.7,HOLD_RPM,56.23,192.49,245.40,0,0.0,1790,0,2374.9,2370.4
202.5000,210968,2000.0,2371.0,14.375,15.049,6.49,6.79,853.1,853.1,503.4,249,49.8,1.7,HOLD_RPM,56.23,194.36,250.60,0,0.0,1791,0,2371.0,2371.4
202.5500,211018,2000.0,2371.0,14.375,15.049,6.49,6.79,853.1,853.1,505.5,250,50.0,2.8,HOLD_RPM,55.65,196.22,250.71,0,0.0,1792,0,2371.0,2381.4
202.6000,211068,2000.0,2378.1,14.375,15.247,6.51,6.90,853.1,853.1,505.5,253,50.6,2.8,HOLD_RPM,55.65,198.07,253.72,0,0.0,1792,0,2378.1,2375.2
202.6500,211118,2000.0,2378.1,13.704,15.247,6.21,6.90,905.6,905.6,505.5,257,51.4,2.8,HOLD_RPM,56.72,199.97,258.82,0,0.0,1793,0,2378.1,2367.1
202.7000,211168,2000.0,2371.0,13.704,15.049,6.19,6.79,905.6,905.6,511.9,258,51.6,5.9,HOLD_RPM,56.72,201.86,258.57,0,0.0,1794,0,2371.0,2373.8
202.7500,211218,2000.0,2371.0,13.704,15.049,6.19,6.79,905.6,905.6,511.9,257,51.4,5.9,HOLD_RPM,55.64,203.71,257.20,0,0.0,1794,0,2371.0,2371.9
202.8000,211268,2000.0,2370.6,5.871,15.038,2.65,6.79,555.9,555.9,511.9,261,52.2,5.9,HOLD_RPM,55.64,205.57,261.21,0,0.0,1795,0,2370.6,2363.5
202.8500,211318,2000.0,2370.6,5.871,15.038,2.65,6.79,555.9,555.9,504.8,262,52.4,2.4,HOLD_RPM,55.59,207.42,262.90,0,0.0,1796,0,2370.6,2365.4
202.9000,211368,2000.0,2363.4,5.871,14.837,2.64,6.68,555.9,555.9,504.8,264,52.8,2.4,HOLD_RPM,55.59,209.27,264.86,0,0.0,1796,0,2363.4,2356.2
202.9500,211418,2000.0,2363.4,9.640,14.837,4.34,6.68,759.1,759.1,504.8,263,52.6,2.4,HOLD_RPM,54.51,211.09,263.43,0,0.0,1796,0,2363.4,2359.3
203.0000,211468,2000.0,2356.8,9.640,14.653,4.33,6.58,759.1,759.1,509.9,267,53.4,4.9,HOLD_RPM,54.51,212.91,267.41,0,0.0,1797,0,2356.8,2357.4
203.0500,211518,2000.0,2356.8,9.640,14.653,4.33,6.58,759.1,759.1,509.9,266,53.2,4.9,HOLD_RPM,53.53,214.69,266.25,0,0.0,1797,0,2356.8,2356.5
203.1000,211568,2000.0,2352.1,14.486,14.521,6.49,6.50,881.9,881.9,509.9,270,54.0,4.9,HOLD_RPM,53.53,216.47,270.00,0,0.0,1797,0,2352.1,2347.7
203.1500,211618,2000.0,2352.1,14.486,14.521,6.49,6.50,881.9,881.9,518.6,269,53.8,9.3,HOLD_RPM,52.81,218.23,269.61,0,0.0,1798,0,2352.1,2342.6
203.2000,211668,2000.0,2334.6,14.486,14.033,6.44,6.24,881.9,881.9,518.6,272,54.4,9.3,HOLD_RPM,52.81,219.99,272.80,0,0.0,1798,0,2334.6,2320.2
203.2500,211718,2000.0,2334.6,10.230,14.033,4.55,6.24,841.2,841.2,518.6,268,53.6,9.3,HOLD_RPM,50.20,221.67,266.64,0,0.0,1798,0,2334.6,2313.5
203.3000,211768,2000.0,2312.2,10.230,13.408,4.50,5.90,841.2,841.2,518.6,270,54.0,9.3,HOLD_RPM,50.20,223.34,273.54,0,0.0,1798,0,2312.2,2309.8
203.3500,211818,2000.0,2312.2,10.230,13.408,4.50,5.90,841.2,841.2,509.6,269,53.8,4.8,HOLD_RPM,46.83,224.90,265.01,0,0.0,1798,0,2312.2,2312.7
203.4000,211868,2000.0,2315.9,10.230,13.511,4.51,5.96,841.2,841.2,509.6,268,53.6,4.8,HOLD_RPM,46.83,226.46,273.30,0,0.0,1798,0,2315.9,2318.5
203.4500,211918,2000.0,2315.9,8.821,13.511,3.89,5.96,806.2,806.2,509.6,274,54.8,4.8,HOLD_RPM,47.38,228.04,276.51,0,0.0,1799,0,2315.9,2320.7
203.5000,211968,2000.0,2319.7,8.821,13.617,3.90,6.01,806.2,806.2,513.1,277,55.4,6.6,HOLD_RPM,47.38,229.62,277.00,0,0.0,1799,0,2319.7,2319.8
203.5500,212018,2000.0,2319.7,8.821,13.617,3.90,6.01,806.2,806.2,513.1,280,56.0,6.6,HOLD_RPM,47.96,231.22,280.33,0,0.0,1801,0,2319.7,2323.2
203.6000,212068,2000.0,2322.2,6.299,13.687,2.79,6.05,732.5,732.5,513.1,280,56.0,6.6,HOLD_RPM,47.96,232.82,280.78,0,0.0,1802,0,2322.2,2324.4
203.6500,212118,2000.0,2322.2,6.299,13.687,2.79,6.05,732.5,732.5,523.9,283,56.6,11.9,HOLD_RPM,48.33,234.43,283.50,0,0.0,1804,0,2322.2,2332.5
203.7000,212168,2000.0,2336.6,6.299,14.089,2.80,6.27,732.5,732.5,523.9,284,56.8,11.9,HOLD_RPM,48.33,236.04,284.37,0,0.0,1805,0,2336.6,2347.1
203.7500,212218,2000.0,2336.6,2.810,14.089,1.25,6.27,821.2,821.2,523.9,288,57.6,11.9,HOLD_RPM,50.49,237.72,292.55,0,0.0,1805,0,2336.6,2357.4
203.8000,212268,2000.0,2355.5,2.810,14.616,1.26,6.56,821.2,821.2,548.5,290,58.0,24.2,HOLD_RPM,50.49,239.41,289.90,0,0.0,1806,0,2355.5,2354.2
203.8500,212318,2000.0,2355.5,2.810,14.616,1.26,6.56,821.2,821.2,548.5,292,58.4,24.2,HOLD_RPM,53.33,241.18,300.19,0,0.0,1807,0,2355.5,2357.7
203.9000,212368,2000.0,2360.9,6.985,14.767,3.14,6.64,915.0,915.0,548.5,299,59.8,24.2,HOLD_RPM,53.33,242.96,296.29,0,0.0,1807,0,2360.9,2367.6
203.9500,212418,2000.0,2360.9,6.985,14.767,3.14,6.64,915.0,915.0,554.5,299,59.8,27.3,HOLD_RPM,54.14,244.77,300.51,0,0.0,1808,0,2360.9,2369.9
204.0000,212468,2000.0,2368.7,6.985,14.985,3.15,6.76,915.0,915.0,554.5,300,60.0,27.3,HOLD_RPM,54.14,246.57,300.71,0,0.0,1808,0,2368.7,2365.7
204.0500,212518,2000.0,2368.7,4.211,14.985,1.90,6.76,727.8,727.8,554.5,304,60.8,27.3,HOLD_RPM,55.31,248.41,306.07,0,0.0,1809,0,2368.7,2353.1
204.1000,212568,2000.0,2355.6,4.211,14.619,1.89,6.56,727.8,727.8,554.5,305,61.0,27.3,HOLD_RPM,55.31,250.26,305.57,0,0.0,1809,0,2355.6,2355.4
204.1500,212618,2000.0,2355.6,4.211,14.619,1.89,6.56,727.8,727.8,579.4,301,60.2,39.7,HOLD_RPM,53.33,252.04,301.42,0,0.0,1810,0,2355.6,2334.6
204.2000,212668,2000.0,2333.8,4.211,14.011,1.87,6.23,727.8,727.8,579.4,305,61.0,39.7,HOLD_RPM,53.33,253.81,307.15,0,0.0,1810,0,2333.8,2327.6
204.2500,212718,2000.0,2333.8,-0.266,14.011,-0.12,6.23,703.4,703.4,579.4,303,60.6,39.7,HOLD_RPM,50.07,255.48,299.02,0,0.0,1811,0,2333.8,2314.5
204.3000,212768,2000.0,2314.4,-0.266,13.470,-0.12,5.94,703.4,703.4,573.5,300,60.0,36.8,HOLD_RPM,50.07,257.15,307.22,0,0.0,1812,0,2314.4,2307.7
204.3500,212818,2000.0,2314.4,-0.266,13.470,-0.12,5.94,703.4,703.4,573.5,306,61.2,36.8,HOLD_RPM,47.16,258.72,300.07,0,0.0,1813,0,2314.4,2298.9
204.4000,212868,2000.0,2297.1,7.302,13.081,3.19,5.72,897.8,897.8,573.5,305,61.0,36.8,HOLD_RPM,47.16,260.30,307.46,0,0.0,1813,0,2297.1,2290.9
204.4500,212918,2000.0,2297.1,7.302,13.081,3.19,5.72,897.8,897.8,564.3,303,60.6,32.1,HOLD_RPM,44.57,261.78,301.16,0,0.0,1814,0,2297.1,2282.1
204.5000,212968,2000.0,2285.7,7.302,13.133,3.18,5.72,897.8,897.8,564.3,304,60.8,32.1,HOLD_RPM,44.57,263.27,307.84,0,0.0,1815,0,2285.7,2285.5
204.5500,213018,2000.0,2285.7,10.001,13.133,4.35,5.72,880.9,880.9,564.3,305,61.0,32.1,HOLD_RPM,42.85,264.70,304.11,0,0.0,1815,0,2285.7,2274.1
204.6000,213068,2000.0,2272.1,10.001,13.195,4.33,5.71,880.9,880.9,558.9,308,61.6,29.4,HOLD_RPM,42.85,266.12,308.97,0,0.0,1815,0,2272.1,2264.7
204.6500,213118,2000.0,2272.1,10.001,13.195,4.33,5.71,880.9,880.9,558.9,304,60.8,29.4,HOLD_RPM,40.82,267.48,304.25,0,0.0,1817,0,2272.1,2260.9
204.7000,213168,2000.0,2263.3,12.996,13.235,5.60,5.70,1017.2,1017.2,558.9,308,61.6,29.4,HOLD_RPM,40.82,268.85,309.67,0,0.0,1817,0,2263.3,2266.8
204.7500,213218,2000.0,2263.3,12.996,13.235,5.60,5.70,1017.2,1017.2,558.9,307,61.4,29.4,HOLD_RPM,39.50,270.16,307.01,0,0.0,1817,0,2263.3,2274.2
204.8000,213268,2000.0,2278.3,12.996,13.167,5.64,5.71,1017.2,1017.2,553.9,310,62.0,26.9,HOLD_RPM,39.50,271.48,310.97,0,0.0,1817,0,2278.3,2288.6
204.8500,213318,2000.0,2278.3,12.996,13.167,5.64,5.71,1017.2,1017.2,553.9,314,62.8,26.9,HOLD_RPM,41.75,272.87,319.12,0,0.0,1817,0,2278.3,2296.7
204.9000,213368,2000.0,2293.5,15.068,13.097,6.58,5.72,935.0,935.0,553.9,316,63.2,26.9,HOLD_RPM,41.75,274.26,316.01,0,0.0,1818,0,2293.5,2289.5
204.9500,213418,2000.0,2293.5,15.068,13.097,6.58,5.72,935.0,935.0,608.9,320,64.0,54.4,HOLD_RPM,44.03,275.73,324.32,0,0.0,1818,0,2293.5,2276.0
205.0000,213468,2000.0,2269.5,15.068,13.207,6.51,5.71,935.0,935.0,608.9,322,64.4,54.4,HOLD_RPM,44.03,277.20,321.23,0,0.0,1818,0,2269.5,2251.2
205.0500,213518,2000.0,2269.5,18.424,13.207,7.96,5.71,958.1,958.1,608.9,318,63.6,54.4,HOLD_RPM,40.42,278.54,311.76,0,0.0,1818,0,2269.5,2227.1
205.1000,213568,2000.0,2219.7,18.424,13.433,7.79,5.68,958.1,958.1,607.1,311,62.2,53.6,HOLD_RPM,40.42,279.89,320.32,0,0.0,1819,0,2219.7,2197.6
205.1500,213618,2000.0,2219.7,18.424,13.433,7.79,5.68,958.1,958.1,607.1,315,63.0,53.6,HOLD_RPM,32.96,280.99,299.02,0,0.0,1819,0,2219.7,2179.9
205.2000,213668,2000.0,2177.6,22.407,13.800,9.29,5.72,912.5,912.5,607.1,311,62.2,53.6,HOLD_RPM,32.96,282.09,315.05,0,0.0,1819,0,2177.6,2168.3
205.2500,213718,2000.0,2177.6,22.407,13.800,9.29,5.72,912.5,912.5,572.6,315,63.0,36.3,HOLD_RPM,26.64,282.98,296.98,0,0.0,1820,0,2177.6,2156.8
205.3000,213768,2000.0,2153.3,22.407,14.101,9.19,5.78,912.5,912.5,572.6,310,62.0,36.3,HOLD_RPM,26.64,283.87,310.51,0,0.0,1820,0,2153.3,2142.6
205.3500,213818,2000.0,2153.3,21.286,14.101,8.73,5.78,770.3,770.3,572.6,306,61.2,36.3,HOLD_RPM,23.00,284.63,300.34,0,0.0,1820,0,2153.3,2143.3
205.4000,213868,2000.0,2143.8,21.286,14.219,8.69,5.80,770.3,770.3,532.4,300,60.0,16.2,HOLD_RPM,23.00,285.40,308.40,0,0.0,1820,0,2143.8,2148.3
205.4500,213918,2000.0,2143.8,21.286,14.219,8.69,5.80,770.3,770.3,532.4,305,61.0,16.2,HOLD_RPM,21.57,286.12,304.82,0,0.0,1820,0,2143.8,2168.6
205.5000,213968,2000.0,2180.7,14.110,13.762,5.86,5.71,590.6,590.6,532.4,305,61.0,16.2,HOLD_RPM,21.57,286.84,308.40,0,0.0,1820,0,2180.7,2202.2
205.5500,214018,2000.0,2180.7,14.110,13.762,5.86,5.71,590.6,590.6,532.4,315,63.0,16.2,HOLD_RPM,27.11,287.74,325.93,0,0.0,1821,0,2180.7,2229.8
205.6000,214068,2000.0,2240.4,14.110,13.339,6.02,5.69,590.6,590.6,565.1,325,65.0,32.6,HOLD_RPM,27.11,288.64,315.75,0,0.0,1821,0,2240.4,2259.4
205.6500,214118,2000.0,2240.4,14.110,13.339,6.02,5.69,590.6,590.6,565.1,329,65.8,32.6,HOLD_RPM,36.06,289.85,343.81,0,0.0,1821,0,2240.4,2227.0
205.7000,214168,2000.0,2220.1,18.100,13.432,7.65,5.68,908.4,908.4,565.1,339,67.8,32.6,HOLD_RPM,36.06,291.05,327.11,0,0.0,1821,0,2220.1,2190.2
205.7500,214218,2000.0,2220.1,18.100,13.432,7.65,5.68,908.4,908.4,694.8,337,67.4,97.4,HOLD_RPM,33.01,292.15,319.07,0,0.0,1821,0,2220.1,2150.2
205.8000,214268,2000.0,2121.3,18.100,14.497,7.31,5.86,908.4,908.4,694.8,325,65.0,97.4,HOLD_RPM,33.01,293.25,326.26,0,0.0,1822,0,2121.3,2067.5
205.8500,214318,2000.0,2121.3,25.918,14.497,10.47,5.86,1056.6,1056.6,694.8,320,64.0,97.4,HOLD_RPM,18.20,293.85,282.42,0,0.0,1822,0,2121.3,2032.4
205.9000,214368,2000.0,2034.6,25.918,14.609,10.04,5.66,1056.6,1056.6,567.5,311,62.2,33.8,HOLD_RPM,18.20,294.46,312.66,0,0.0,1822,0,2034.6,2035.6
205.9500,214418,2000.0,2034.6,25.918,14.609,10.04,5.66,1056.6,1056.6,567.5,305,61.0,33.8,HOLD_RPM,5.19,294.63,273.80,0,0.0,1822,0,2034.6,2059.3
206.0000,214468,2000.0,2068.0,20.792,14.687,8.19,5.78,666.2,666.2,567.5,293,58.6,33.8,HOLD_RPM,5.19,294.81,300.00,0,0.0,1822,0,2068.0,2088.9
206.0500,214518,2000.0,2068.0,20.792,14.687,8.19,5.78,666.2,666.2,507.1,289,57.8,3.6,HOLD_RPM,10.20,295.15,315.37,0,0.0,1822,0,2068.0,2146.9
206.1000,214568,2000.0,2156.6,20.792,14.060,8.54,5.77,666.2,666.2,507.1,298,59.6,3.6,HOLD_RPM,10.20,295.49,305.69,0,0.0,1823,0,2156.6,2196.0
206.1500,214618,2000.0,2156.6,21.677,14.060,8.90,5.77,920.9,920.9,507.1,310,62.0,3.6,HOLD_RPM,23.49,296.27,346.36,0,0.0,1823,0,2156.6,2260.7
206.2000,214668,2000.0,2261.2,21.677,13.244,9.33,5.70,920.9,920.9,507.1,331,66.2,3.6,HOLD_RPM,23.49,297.05,320.55,0,0.0,1823,0,2261.2,2281.7
206.2500,214718,2000.0,2261.2,21.677,13.244,9.33,5.70,920.9,920.9,615.6,346,69.2,57.8,HOLD_RPM,39.18,298.36,368.92,0,0.0,1823,0,2261.2,2257.1
206.3000,214768,2000.0,2240.3,21.677,13.340,9.25,5.69,920.9,920.9,615.6,362,72.4,57.8,HOLD_RPM,39.18,299.67,338.85,0,0.0,1824,0,2240.3,2194.5
206.3500,214818,2000.0,2240.3,17.945,13.340,7.65,5.69,848.4,848.4,615.6,367,73.4,57.8,HOLD_RPM,36.04,300.87,330.62,0,0.0,1824,0,2240.3,2108.2
206.4000,214868,2000.0,2070.6,17.945,14.693,7.07,5.79,848.4,848.4,812.9,357,71.4,156.4,HOLD_RPM,36.04,302.07,338.11,0,0.0,1825,0,2070.6,1993.6
206.4500,214918,2000.0,2070.6,17.945,14.693,7.07,5.79,848.4,848.4,812.9,339,67.8,156.4,HOLD_RPM,10.58,302.42,262.09,0,0.0,1825,0,2070.6,1877.9
206.5000,214968,2000.0,1863.3,15.629,13.339,5.54,4.73,830.3,830.3,812.9,315,63.0,156.4,HOLD_RPM,10.58,302.77,313.36,0,0.0,1826,0,1863.3,1813.2
206.5500,215018,2000.0,1863.3,15.629,13.339,5.54,4.73,830.3,830.3,533.1,296,59.2,16.6,HOLD_RPM,-20.50,302.09,219.42,0,0.0,1827,0,1863.3,1828.2
206.6000,215068,2000.0,1841.6,15.629,13.051,5.48,4.58,830.3,830.3,533.1,271,54.2,16.6,HOLD_RPM,-20.50,301.41,280.91,0,0.0,1827,0,1841.6,1875.7
206.6500,215118,2000.0,1841.6,13.490,13.051,4.73,4.58,861.6,861.6,533.1,254,50.8,16.6,HOLD_RPM,-23.77,300.62,270.32,0,0.0,1827,0,1841.6,1955.7
206.7000,215168,2000.0,1979.1,13.490,14.382,5.08,5.42,861.6,861.6,496.0,247,49.4,-2.0,HOLD_RPM,-23.77,299.82,276.06,0,0.0,1827,0,1979.1,2036.9
206.7500,215218,2000.0,1979.1,13.490,14.382,5.08,5.42,861.6,861.6,496.0,255,51.0,-2.0,HOLD_RPM,-3.14,299.72,337.84,0,0.0,1828,0,1979.1,2105.2
206.8000,215268,2000.0,2119.7,18.712,14.517,7.55,5.86,1148.4,1148.4,496.0,274,54.8,-2.0,HOLD_RPM,-3.14,299.61,296.48,0,0.0,1828,0,2119.7,2177.5
206.8500,215318,2000.0,2119.7,18.712,14.517,7.55,5.86,1148.4,1148.4,555.6,293,58.6,27.8,HOLD_RPM,17.95,300.21,360.35,0,0.0,1829,0,2119.7,2252.6
206.9000,215368,2000.0,2261.3,18.712,13.244,8.06,5.70,1148.4,1148.4,555.6,317,63.4,27.8,HOLD_RPM,17.95,300.81,318.76,0,0.0,1829,0,2261.3,2301.0
206.9500,215418,2000.0,2261.3,23.292,13.244,10.03,5.70,977.2,977.2,555.6,336,67.2,27.8,HOLD_RPM,39.19,302.12,383.79,0,0.0,1829,0,2261.3,2304.0
207.0000,215468,2000.0,2284.8,23.292,13.137,10.13,5.72,977.2,977.2,555.6,360,72.0,27.8,HOLD_RPM,39.19,303.42,342.62,0,0.0,1829,0,2284.8,2245.5
207.0500,215518,2000.0,2284.8,23.292,13.137,10.13,5.72,977.2,977.2,853.8,375,75.0,176.9,HOLD_RPM,42.72,304.85,354.63,0,0.0,1829,0,2284.8,2114.8
207.1000,215568,2000.0,2037.9,23.292,14.617,9.04,5.67,977.2,977.2,853.8,379,75.8,176.9,HOLD_RPM,42.72,306.27,349.00,0,0.0,1829,0,2037.9,1894.2
207.1500,215618,2000.0,2037.9,34.024,14.617,13.20,5.67,1075.9,1075.9,853.8,369,73.8,176.9,HOLD_RPM,5.68,306.46,238.06,0,0.0,1829,0,2037.9,1676.0
207.2000,215668,2000.0,1571.7,34.024,12.394,10.18,3.71,1075.9,1075.9,1034.5,348,69.6,267.2,HOLD_RPM,5.68,306.65,312.33,0,0.0,1829,0,1571.7,1427.6
207.2500,215718,2000.0,1571.7,34.024,12.394,10.18,3.71,1075.9,1075.9,1034.5,323,64.6,267.2,HOLD_RPM,-64.25,304.51,100.40,0,0.0,1829,0,1571.7,1226.5
207.3000,215768,0.0,1197.4,39.909,11.623,9.10,2.65,1174.4,1174.4,1034.5,297,59.4,267.2,IDLE,0.00,0.00,0.00,0,0.0,1830,0,1197.4,1169.6
207.3500,215818,0.0,1197.4,39.909,11.623,9.10,2.65,1174.4,1174.4,525.2,267,53.4,12.6,IDLE,0.00,0.00,0.00,0,0.0,1830,0,1197.4,1212.9
207.4000,215868,0.0,1260.3,39.909,11.623,9.58,2.79,1174.4,1174.4,525.2,227,45.4,12.6,IDLE,0.00,0.00,0.00,0,0.0,1831,0,1260.3,1311.4
207.4500,215918,0.0,1260.3,36.295,11.623,8.71,2.79,893.1,893.1,525.2,187,37.4,12.6,IDLE,0.00,0.00,0.00,0,0.0,1831,0,1260.3,1474.3
207.5000,215968,0.0,1523.6,36.295,11.877,10.53,3.45,893.1,893.1,499.3,148,29.6,-0.4,IDLE,0.00,0.00,0.00,0,0.0,1831,0,1523.6,1621.3
207.5500,216018,0.0,1523.6,36.295,11.877,10.53,3.45,893.1,893.1,499.3,108,21.6,-0.4,IDLE,0.00,0.00,0.00,0,0.0,1831,0,1523.6,1777.5
207.6000,216068,0.0,1842.5,39.327,13.063,13.80,4.58,803.4,803.4,499.3,69,13.8,-0.4,IDLE,0.00,0.00,0.00,0,0.0,1831,0,1842.5,1947.7
207.6500,216118,0.0,1842.5,39.327,13.063,13.80,4.58,803.4,803.4,499.3,37,7.4,-0.4,IDLE,0.00,0.00,0.00,0,0.0,1832,0,1842.5,2066.1
207.7000,216168,0.0,2092.4,39.327,14.743,15.67,5.87,803.4,803.4,499.1,15,3.0,-0.4,IDLE,0.00,0.00,0.00,0,0.0,1832,0,2092.4,2158.7
207.7500,216218,0.0,2092.4,39.327,14.743,15.67,5.87,803.4,803.4,499.1,3,0.6,-0.4,IDLE,0.00,0.00,0.00,0,0.0,1832,0,2092.4,2252.5
207.8000,216268,0.0,2269.4,43.863,13.207,18.95,5.71,1125.6,1125.6,499.1,0,0.0,-0.4,IDLE,0.00,0.00,0.00,0,0.0,1832,0,2269.4,2333.6
207.8500,216318,0.0,2269.4,43.863,13.207,18.95,5.71,1125.6,1125.6,499.4,0,0.0,-0.3,IDLE,0.00,0.00,0.00,0,0.0,1832,0,2269.4,2406.2
207.9000,216368,0.0,2414.9,43.863,16.401,20.17,7.54,1125.6,1125.6,499.4,0,0.0,-0.3,IDLE,0.00,0.00,0.00,0,0.0,1832,0,2414.9,2448.5
207.9500,216418,0.0,2414.9,43.848,16.401,20.16,7.54,847.8,847.8,499.4,0,0.0,-0.3,IDLE,0.00,0.00,0.00,0,0.0,1832,0,2414.9,2493.9
208.0000,216468,0.0,2504.5,43.848,19.534,20.91,9.32,847.8,847.8,501.0,0,0.0,0.5,IDLE,0.00,0.00,0.00,0,0.0,1832,0,2504.5,2533.4
208.0500,216518,0.0,2504.5,43.848,19.534,20.91,9.32,847.8,847.8,501.0,0,0.0,0.5,IDLE,0.00,0.00,0.00,0,0.0,1832,0,2504.5,2577.0
208.1000,216568,0.0,2579.6,41.613,20.033,20.44,9.84,729.4,729.4,501.0,0,0.0,0.5,IDLE,0.00,0.00,0.00,0,0.0,1833,0,2579.6,2599.7
208.1500,216618,0.0,2579.6,41.613,20.033,20.44,9.84,729.4,729.4,500.5,0,0.0,0.3,IDLE,0.00,0.00,0.00,0,0.0,1833,0,2579.6,2620.1
208.2000,216668,0.0,2620.1,41.613,20.301,20.76,10.13,729.4,729.4,500.5,0,0.0,0.3,IDLE,0.00,0.00,0.00,0,0.0,1833,0,2620.1,2626.1
208.2500,216718,0.0,2620.1,50.176,20.301,25.03,10.13,1248.8,1248.8,500.5,0,0.0,0.3,IDLE,0.00,0.00,0.00,0,0.0,1833,0,2620.1,2639.9
208.3000,216768,0.0,2636.1,50.176,20.406,25.18,10.24,1248.8,1248.8,498.3,0,0.0,-0.9,IDLE,0.00,0.00,0.00,0,0.0,1833,0,2636.1,2637.1
208.3500,216818,0.0,2636.1,50.176,20.406,25.18,10.24,1248.8,1248.8,498.3,0,0.0,-0.9,IDLE,0.00,0.00,0.00,0,0.0,1834,0,2636.1,2647.6
208.4000,216868,0.0,2648.6,43.737,20.489,22.06,10.33,857.2,857.2,498.3,0,0.0,-0.9,IDLE,0.00,0.00,0.00,0,0.0,1834,0,2648.6,2656.9
208.4500,216918,0.0,2648.6,43.737,20.489,22.06,10.33,857.2,857.2,498.3,0,0.0,-0.9,IDLE,0.00,0.00,0.00,0,0.0,1834,0,2648.6,2669.2
208.5000,216968,0.0,2670.0,43.737,20.630,22.24,10.49,857.2,857.2,499.3,0,0.0,-0.4,IDLE,0.00,0.00,0.00,0,0.0,1835,0,2670.0,2678.5
208.5500,217018,0.0,2670.0,43.737,20.630,22.24,10.49,857.2,857.2,499.3,0,0.0,-0.4,IDLE,0.00,0.00,0.00,0,0.0,1835,0,2670.0,2691.2
208.6000,217068,0.0,2689.4,45.198,20.758,23.14,10.63,1043.4,1043.4,499.3,0,0.0,-0.4,IDLE,0.00,0.00,0.00,0,0.0,1835,0,2689.4,2693.6
208.6500,217118,0.0,2689.4,45.198,20.758,23.14,10.63,1043.4,1043.4,504.3,0,0.0,2.1,IDLE,0.00,0.00,0.00,0,0.0,1836,0,2689.4,2712.1
208.7000,217168,0.0,2712.3,45.198,21.050,23.34,10.87,1043.4,1043.4,504.3,0,0.0,2.1,IDLE,0.00,0.00,0.00,0,0.0,1836,0,2712.3,2717.6
208.7500,217218,0.0,2712.3,43.538,21.050,22.48,10.87,1000.9,1000.9,504.3,0,0.0,2.1,IDLE,0.00,0.00,0.00,0,0.0,1836,0,2712.3,2730.6
208.8000,217268,0.0,2731.3,43.538,21.393,22.64,11.13,1000.9,1000.9,501.3,0,0.0,0.6,IDLE,0.00,0.00,0.00,0,0.0,1837,0,2731.3,2738.9
208.8500,217318,0.0,2731.3,43.538,21.393,22.64,11.13,1000.9,1000.9,501.3,0,0.0,0.6,IDLE,0.00,0.00,0.00,0,0.0,1837,0,2731.3,2753.4
208.9000,217368,0.0,2755.1,37.099,21.823,19.46,11.45,883.1,883.1,501.3,0,0.0,0.6,IDLE,0.00,0.00,0.00,0,0.0,1837,0,2755.1,2761.0
208.9500,217418,0.0,2755.1,37.099,21.823,19.46,11.45,883.1,883.1,501.3,0,0.0,0.6,IDLE,0.00,0.00,0.00,0,0.0,1837,0,2755.1,2764.1
209.0000,217468,0.0,2761.1,37.099,21.931,19.50,11.53,883.1,883.1,501.3,0,0.0,0.6,IDLE,0.00,0.00,0.00,0,0.0,1837,0,2761.1,2756.5
209.0500,217518,0.0,2761.1,33.183,21.931,17.45,11.53,716.2,716.2,501.3,0,0.0,0.6,IDLE,0.00,0.00,0.00,0,0.0,1837,0,2761.1,2759.6
209.1000,217568,0.0,2759.5,33.183,21.902,17.43,11.51,716.2,716.2,501.3,0,0.0,0.6,IDLE,0.00,0.00,0.00,0,0.0,1838,0,2759.5,2758.4
209.1500,217618,0.0,2759.5,33.183,21.902,17.43,11.51,716.2,716.2,504.4,0,0.0,2.2,IDLE,0.00,0.00,0.00,0,0.0,1838,0,2759.5,2750.1
209.2000,217668,0.0,2747.8,33.183,21.691,17.36,11.35,716.2,716.2,504.4,0,0.0,2.2,IDLE,0.00,0.00,0.00,0,0.0,1838,0,2747.8,2743.2
209.2500,217718,0.0,2747.8,33.072,21.691,17.30,11.35,798.4,798.4,504.4,0,0.0,2.2,IDLE,0.00,0.00,0.00,0,0.0,1838,0,2747.8,2729.9
209.3000,217768,0.0,2727.8,33.072,21.330,17.18,11.08,798.4,798.4,503.1,0,0.0,1.6,IDLE,0.00,0.00,0.00,0,0.0,1839,0,2727.8,2716.2
209.3500,217818,0.0,2727.8,33.072,21.330,17.18,11.08,798.4,798.4,503.1,0,0.0,1.6,IDLE,0.00,0.00,0.00,0,0.0,1839,0,2727.8,2717.6
209.4000,217868,0.0,2713.4,22.031,21.070,11.38,10.89,626.6,626.6,503.1,0,0.0,1.6,IDLE,0.00,0.00,0.00,0,0.0,1840,0,2713.4,2700.9
209.4500,217918,0.0,2713.4,22.031,21.070,11.38,10.89,626.6,626.6,502.5,0,0.0,1.2,IDLE,0.00,0.00,0.00,0,0.0,1840,0,2713.4,2689.1
209.5000,217968,0.0,2684.3,22.031,20.725,11.26,10.59,626.6,626.6,502.5,0,0.0,1.2,IDLE,0.00,0.00,0.00,0,0.0,1841,0,2684.3,2671.2
209.5500,218018,0.0,2684.3,17.687,20.725,9.04,10.59,651.6,651.6,502.5,0,0.0,1.2,IDLE,0.00,0.00,0.00,0,0.0,1841,0,2684.3,2665.4
209.6000,218068,0.0,2658.0,17.687,20.551,8.95,10.40,651.6,651.6,502.8,0,0.0,1.4,IDLE,0.00,0.00,0.00,0,0.0,1843,0,2658.0,2641.7
209.6500,218118,0.0,2658.0,17.687,20.551,8.95,10.40,651.6,651.6,502.8,0,0.0,1.4,IDLE,0.00,0.00,0.00,0,0.0,1844,0,2658.0,2625.4
209.7000,218168,0.0,2622.6,20.917,20.317,10.45,10.15,875.3,875.3,502.8,0,0.0,1.4,IDLE,0.00,0.00,0.00,0,0.0,1844,0,2622.6,2612.1
209.7500,218218,0.0,2622.6,20.917,20.317,10.45,10.15,875.3,875.3,500.3,0,0.0,0.1,IDLE,0.00,0.00,0.00,0,0.0,1844,0,2622.6,2605.0
209.8000,218268,0.0,2601.8,20.917,20.180,10.36,10.00,875.3,875.3,500.3,0,0.0,0.1,IDLE,0.00,0.00,0.00,0,0.0,1845,0,2601.8,2591.2
209.8500,218318,0.0,2601.8,5.392,20.180,2.67,10.00,547.2,547.2,500.3,0,0.0,0.1,IDLE,0.00,0.00,0.00,0,0.0,1845,0,2601.8,2577.9
209.9000,218368,0.0,2574.5,5.392,19.999,2.64,9.80,547.2,547.2,500.3,0,0.0,0.1,IDLE,0.00,0.00,0.00,0,0.0,1846,0,2574.5,2562.1
209.9500,218418,0.0,2574.5,5.392,19.999,2.64,9.80,547.2,547.2,504.1,0,0.0,2.1,IDLE,0.00,0.00,0.00,0,0.0,1846,0,2574.5,2559.4
210.0000,218468,0.0,2553.6,5.392,19.860,2.62,9.66,547.2,547.2,504.1,0,0.0,2.1,IDLE,0.00,0.00,0.00,0,0.0,1847,0,2553.6,2545.8
210.0500,218518,0.0,2553.6,-0.627,19.860,-0.30,9.66,585.0,585.0,504.1,0,0.0,2.1,IDLE,0.00,0.00,0.00,0,0.0,1847,0,2553.6,2533.8
210.1000,218568,0.0,2532.7,-0.627,19.721,-0.30,9.51,585.0,585.0,500.0,0,0.0,0.0,IDLE,0.00,0.00,0.00,0,0.0,1847,0,2532.7,2526.8
210.1500,218618,0.0,2532.7,-0.627,19.721,-0.30,9.51,585.0,585.0,500.0,0,0.0,0.0,IDLE,0.00,0.00,0.00,0,0.0,1849,0,2532.7,2526.3
210.2000,218668,0.0,2522.7,-4.934,19.655,-2.37,9.44,848.8,848.8,500.0,0,0.0,0.0,IDLE,0.00,0.00,0.00,0,0.0,1849,0,2522.7,2518.5
210.2500,218718,0.0,2522.7,-4.934,19.655,-2.37,9.44,848.8,848.8,497.5,0,0.0,-1.2,IDLE,0.00,0.00,0.00,0,0.0,1851,0,2522.7,2514.7
210.3000,218768,0.0,2512.8,-4.934,19.589,-2.36,9.37,848.8,848.8,497.5,0,0.0,-1.2,IDLE,0.00,0.00,0.00,0,0.0,1851,0,2512.8,2505.5
210.3500,218818,0.0,2512.8,-4.352,19.589,-2.08,9.37,1027.5,1027.5,497.5,0,0.0,-1.2,IDLE,0.00,0.00,0.00,0,0.0,1851,0,2512.8,2501.5
210.4000,218868,0.0,2496.2,-4.352,19.366,-2.07,9.20,1027.5,1027.5,502.8,0,0.0,1.4,IDLE,0.00,0.00,0.00,0,0.0,1851,0,2496.2,2486.3
210.4500,218918,0.0,2496.2,-4.352,19.366,-2.07,9.20,1027.5,1027.5,502.8,0,0.0,1.4,IDLE,0.00,0.00,0.00,0,0.0,1852,0,2496.2,2472.6
210.5000,218968,0.0,2471.6,-10.200,18.469,-4.80,8.69,618.8,618.8,502.8,0,0.0,1.4,IDLE,0.00,0.00,0.00,0,0.0,1852,0,2471.6,2467.2
210.5500,219018,0.0,2471.6,-10.200,18.469,-4.80,8.69,618.8,618.8,502.8,0,0.0,1.4,IDLE,0.00,0.00,0.00,0,0.0,1853,0,2471.6,2463.9
210.6000,219068,0.0,2461.8,-10.200,18.111,-4.78,8.49,618.8,618.8,502.6,0,0.0,1.3,IDLE,0.00,0.00,0.00,0,0.0,1853,0,2461.8,2455.2
210.6500,219118,0.0,2461.8,-10.200,18.111,-4.78,8.49,618.8,618.8,502.6,0,0.0,1.3,IDLE,0.00,0.00,0.00,0,0.0,1853,0,2461.8,2441.6
210.7000,219168,0.0,2437.4,-8.231,17.222,-3.82,7.99,805.3,805.3,502.6,0,0.0,1.3,IDLE,0.00,0.00,0.00,0,0.0,1854,0,2437.4,2424.9
210.7500,219218,0.0,2437.4,-8.231,17.222,-3.82,7.99,805.3,805.3,495.0,0,0.0,-2.5,IDLE,0.00,0.00,0.00,0,0.0,1854,0,2437.4,2396.9
210.8000,219268,0.0,2389.2,-8.231,15.557,-3.74,7.08,805.3,805.3,495.0,0,0.0,-2.5,IDLE,0.00,0.00,0.00,0,0.0,1855,0,2389.2,2369.1
210.8500,219318,0.0,2389.2,-7.870,15.557,-3.58,7.08,814.7,814.7,495.0,0,0.0,-2.5,IDLE,0.00,0.00,0.00,0,0.0,1855,0,2389.2,2349.6
210.9000,219368,0.0,2345.0,-7.870,14.323,-3.51,6.40,814.7,814.7,502.6,0,0.0,1.3,IDLE,0.00,0.00,0.00,0,0.0,1856,0,2345.0,2332.3
210.9500,219418,0.0,2345.0,-7.870,14.323,-3.51,6.40,814.7,814.7,502.6,0,0.0,1.3,IDLE,0.00,0.00,0.00,0,0.0,1857,0,2345.0,2319.6
211.0000,219468,0.0,2313.3,-3.939,13.439,-1.73,5.92,804.1,804.1,502.6,0,0.0,1.3,IDLE,0.00,0.00,0.00,0,0.0,1857,0,2313.3,2300.7
211.0500,219518,0.0,2313.3,-3.939,13.439,-1.73,5.92,804.1,804.1,504.9,0,0.0,2.4,IDLE,0.00,0.00,0.00,0,0.0,1857,0,2313.3,2270.1
211.1000,219568,0.0,2266.3,-3.939,13.221,-1.70,5.71,804.1,804.1,504.9,0,0.0,2.4,IDLE,0.00,0.00,0.00,0,0.0,1857,0,2266.3,2250.4
211.1500,219618,0.0,2266.3,0.325,13.221,0.14,5.71,844.4,844.4,504.9,0,0.0,2.4,IDLE,0.00,0.00,0.00,0,0.0,1857,0,2266.3,2239.4
211.2000,219668,0.0,2230.6,0.325,13.384,0.14,5.68,844.4,844.4,502.4,0,0.0,1.2,IDLE,0.00,0.00,0.00,0,0.0,1857,0,2230.6,2212.5
211.2500,219718,0.0,2230.6,0.325,13.384,0.14,5.68,844.4,844.4,502.4,0,0.0,1.2,IDLE,0.00,0.00,0.00,0,0.0,1857,0,2230.6,2203.0
211.3000,219768,0.0,2195.8,0.022,13.575,0.01,5.68,861.6,861.6,502.4,0,0.0,1.2,IDLE,0.00,0.00,0.00,0,0.0,1857,0,2195.8,2184.0
211.3500,219818,0.0,2195.8,0.022,13.575,0.01,5.68,861.6,861.6,502.4,0,0.0,1.2,IDLE,0.00,0.00,0.00,0,0.0,1857,0,2195.8,2166.9
211.4000,219868,0.0,2163.3,0.022,13.977,0.01,5.76,861.6,861.6,503.8,0,0.0,1.9,IDLE,0.00,0.00,0.00,0,0.0,1857,0,2163.3,2150.9
211.4500,219918,0.0,2163.3,0.022,13.977,0.01,5.76,861.6,861.6,503.8,0,0.0,1.9,IDLE,0.00,0.00,0.00,0,0.0,1857,0,2163.3,2121.2
211.5000,219968,0.0,2114.2,1.069,14.585,0.43,5.87,594.7,594.7,503.8,0,0.0,1.9,IDLE,0.00,0.00,0.00,0,0.0,1857,0,2114.2,2093.6
211.5500,220018,0.0,2114.2,1.069,14.585,0.43,5.87,594.7,594.7,504.6,0,0.0,2.3,IDLE,0.00,0.00,0.00,0,0.0,1857,0,2114.2,2068.5
211.6000,220068,0.0,2059.8,1.069,14.668,0.42,5.75,594.7,594.7,504.6,0,0.0,2.3,IDLE,0.00,0.00,0.00,0,0.0,1857,0,2059.8,2039.2
211.6500,220118,0.0,2059.8,9.684,14.668,3.80,5.75,974.1,974.1,504.6,0,0.0,2.3,IDLE,0.00,0.00,0.00,0,0.0,1857,0,2059.8,2015.7
211.7000,220168,0.0,2008.8,9.684,14.549,3.70,5.56,974.1,974.1,499.5,0,0.0,-0.2,IDLE,0.00,0.00,0.00,0,0.0,1857,0,2008.8,1992.2
211.7500,220218,0.0,2008.8,9.684,14.549,3.70,5.56,974.1,974.1,499.5,0,0.0,-0.2,IDLE,0.00,0.00,0.00,0,0.0,1857,0,2008.8,1963.3
211.8000,220268,0.0,1956.0,5.960,14.219,2.22,5.30,680.6,680.6,499.5,0,0.0,-0.2,IDLE,0.00,0.00,0.00,0,0.0,1857,0,1956.0,1937.2
211.8500,220318,0.0,1956.0,5.960,14.219,2.22,5.30,680.6,680.6,503.8,0,0.0,1.9,IDLE,0.00,0.00,0.00,0,0.0,1857,0,1956.0,1910.3
211.9000,220368,0.0,1906.5,5.960,13.871,2.16,5.04,680.6,680.6,503.8,0,0.0,1.9,IDLE,0.00,0.00,0.00,0,0.0,1857,0,1906.5,1897.4
211.9500,220418,0.0,1906.5,-1.881,13.871,-0.68,5.04,673.1,673.1,503.8,0,0.0,1.9,IDLE,0.00,0.00,0.00,0,0.0,1857,0,1906.5,1879.5
212.0000,220468,0.0,1867.8,-1.881,13.398,-0.67,4.76,673.1,673.1,502.9,0,0.0,1.4,IDLE,0.00,0.00,0.00,0,0.0,1857,0,1867.8,1850.3
212.0500,220518,0.0,1867.8,-1.881,13.398,-0.67,4.76,673.1,673.1,502.9,0,0.0,1.4,IDLE,0.00,0.00,0.00,0,0.0,1857,0,1867.8,1824.8
212.1000,220568,0.0,1806.8,-1.601,12.590,-0.55,4.33,631.6,631.6,502.9,0,0.0,1.4,IDLE,0.00,0.00,0.00,0,0.0,1857,0,1806.8,1780.6
212.1500,220618,0.0,1806.8,-1.601,12.590,-0.55,4.33,631.6,631.6,502.9,0,0.0,1.4,IDLE,0.00,0.00,0.00,0,0.0,1857,0,1806.8,1753.0
212.2000,220668,0.0,1731.2,-1.601,12.790,-0.53,4.22,631.6,631.6,502.0,0,0.0,1.0,IDLE,0.00,0.00,0.00,0,0.0,1857,0,1731.2,1701.4
212.2500,220718,0.0,1731.2,-1.601,12.790,-0.53,4.22,631.6,631.6,502.0,0,0.0,1.0,IDLE,0.00,0.00,0.00,0,0.0,1857,0,1731.2,1664.2
212.3000,220768,0.0,1646.1,1.283,12.801,0.40,4.01,935.6,935.6,502.0,0,0.0,1.0,IDLE,0.00,0.00,0.00,0,0.0,1857,0,1646.1,1618.7
212.3500,220818,0.0,1646.1,1.283,12.801,0.40,4.01,935.6,935.6,502.5,0,0.0,1.2,IDLE,0.00,0.00,0.00,0,0.0,1857,0,1646.1,1596.3
212.4000,220868,0.0,1585.1,1.283,12.539,0.39,3.78,935.6,935.6,502.5,0,0.0,1.2,IDLE,0.00,0.00,0.00,0,0.0,1857,0,1585.1,1567.5
212.4500,220918,0.0,1585.1,-7.980,12.539,-2.41,3.78,395.9,395.9,502.5,0,0.0,1.2,IDLE,0.00,0.00,0.00,0,0.0,1857,0,1585.1,1551.6
212.5000,220968,0.0,1548.2,-7.980,12.141,-2.35,3.58,395.9,395.9,502.3,0,0.0,1.1,IDLE,0.00,0.00,0.00,0,0.0,1857,0,1548.2,1541.8
212.5500,221018,0.0,1548.2,-7.980,12.141,-2.35,3.58,395.9,395.9,502.3,0,0.0,1.1,IDLE,0.00,0.00,0.00,0,0.0,1857,0,1548.2,1519.2
212.6000,221068,0.0,1504.9,-16.639,11.676,-4.77,3.35,412.5,412.5,502.3,0,0.0,1.1,IDLE,0.00,0.00,0.00,0,0.0,1857,0,1504.9,1482.4
212.6500,221118,0.0,1504.9,-16.639,11.676,-4.77,3.35,412.5,412.5,501.9,0,0.0,0.9,IDLE,0.00,0.00,0.00,0,0.0,1857,0,1504.9,1448.0
212.7000,221168,0.0,1426.9,-16.639,11.623,-4.52,3.16,412.5,412.5,501.9,0,0.0,0.9,IDLE,0.00,0.00,0.00,0,0.0,1858,0,1426.9,1406.1
212.7500,221218,0.0,1426.9,-12.789,11.623,-3.47,3.16,1018.4,1018.4,501.9,0,0.0,0.9,IDLE,0.00,0.00,0.00,0,0.0,1858,0,1426.9,1367.4
212.8000,221268,0.0,1335.7,-12.789,11.623,-3.25,2.96,1018.4,1018.4,501.9,0,0.0,0.9,IDLE,0.00,0.00,0.00,0,0.0,1858,0,1335.7,1303.7
212.8500,221318,0.0,1335.7,-12.789,11.623,-3.25,2.96,1018.4,1018.4,501.3,0,0.0,0.6,IDLE,0.00,0.00,0.00,0,0.0,1858,0,1335.7,1252.2
212.9000,221368,0.0,1224.1,-12.789,11.623,-2.98,2.71,1018.4,1018.4,501.3,0,0.0,0.6,IDLE,0.00,0.00,0.00,0,0.0,1858,0,1224.1,1197.3
212.9500,221418,0.0,1224.1,-13.092,11.623,-3.05,2.71,848.1,848.1,501.3,0,0.0,0.6,IDLE,0.00,0.00,0.00,0,0.0,1858,0,1224.1,1146.6
213.0000,221468,0.0,1126.0,-13.092,11.623,-2.81,2.49,848.1,848.1,504.4,0,0.0,2.2,IDLE,0.00,0.00,0.00,0,0.0,1858,0,1126.0,1106.8
213.0500,221518,0.0,1126.0,-13.092,11.623,-2.81,2.49,848.1,848.1,504.4,0,0.0,2.2,IDLE,0.00,0.00,0.00,0,0.0,1858,0,1126.0,1041.1
213.1000,221568,0.0,1018.8,-12.804,11.623,-2.48,2.25,607.5,607.5,504.4,0,0.0,2.2,IDLE,0.00,0.00,0.00,0,0.0,1858,0,1018.8,997.1
213.1500,221618,0.0,1018.8,-12.804,11.623,-2.48,2.25,607.5,607.5,500.5,0,0.0,0.3,IDLE,0.00,0.00,0.00,0,0.0,1858,0,1018.8,946.0
213.2000,221668,0.0,922.2,-12.804,11.623,-2.25,2.04,607.5,607.5,500.5,0,0.0,0.3,IDLE,0.00,0.00,0.00,0,0.0,1858,0,922.2,901.0
213.2500,221718,0.0,922.2,-21.316,11.623,-3.74,2.04,589.4,589.4,500.5,0,0.0,0.3,IDLE,0.00,0.00,0.00,0,0.0,1858,0,922.2,841.2
213.3000,221768,0.0,922.2,-21.316,11.623,-3.74,2.04,589.4,589.4,502.3,0,0.0,1.1,IDLE,0.00,0.00,0.00,0,0.0,1859,0,922.2,803.1
213.3500,221818,0.0,922.2,-21.316,11.623,-3.74,2.04,589.4,589.4,502.3,0,0.0,1.1,IDLE,0.00,0.00,0.00,0,0.0,1860,0,922.2,803.1
213.4000,221868,0.0,922.2,-18.033,11.623,-3.17,2.04,829.1,829.1,502.3,0,0.0,1.1,IDLE,0.00,0.00,0.00,0,0.0,1862,0,922.2,803.1
213.4500,221918,0.0,922.2,-18.033,11.623,-3.17,2.04,829.1,829.1,500.8,0,0.0,0.4,IDLE,0.00,0.00,0.00,0,0.0,1863,0,922.2,803.1
213.5000,221968,0.0,922.2,-18.033,11.623,-3.17,2.04,829.1,829.1,500.8,0,0.0,0.4,IDLE,0.00,0.00,0.00,0,0.0,1863,0,922.2,803.1
213.5500,222018,0.0,922.2,-16.816,11.623,-2.95,2.04,728.1,728.1,500.8,0,0.0,0.4,IDLE,0.00,0.00,0.00,0,0.0,1864,0,922.2,803.1
213.6000,222068,0.0,922.2,-16.816,11.623,-2.95,2.04,728.1,728.1,500.8,0,0.0,0.4,IDLE,0.00,0.00,0.00,0,0.0,1865,0,922.2,803.1
213.6500,222118,0.0,922.2,-16.816,11.623,-2.95,2.04,728.1,728.1,502.4,0,0.0,1.2,IDLE,0.00,0.00,0.00,0,0.0,1865,0,922.2,803.1
213.7000,222168,0.0,922.2,-16.816,11.623,-2.95,2.04,728.1,728.1,502.4,0,0.0,1.2,IDLE,0.00,0.00,0.00,0,0.0,1866,0,922.2,803.1
213.7500,222218,0.0,922.2,-12.487,11.623,-2.19,2.04,827.2,827.2,502.4,0,0.0,1.2,IDLE,0.00,0.00,0.00,0,0.0,1866,0,922.2,803.1
213.8000,222268,0.0,0.0,-12.487,11.623,0.00,0.00,827.2,827.2,501.9,0,0.0,0.9,IDLE,0.00,0.00,0.00,0,0.0,1866,0,0.0,803.1
213.8500,222318,0.0,0.0,-12.487,11.623,0.00,0.00,827.2,827.2,501.9,0,0.0,0.9,IDLE,0.00,0.00,0.00,0,0.0,1866,0,0.0,803.1
213.9000,222368,0.0,0.0,-17.392,11.623,0.00,0.00,714.1,714.1,501.9,0,0.0,0.9,IDLE,0.00,0.00,0.00,0,0.0,1866,0,0.0,803.1
213.9500,222418,0.0,0.0,-17.392,11.623,0.00,0.00,714.1,714.1,500.8,0,0.0,0.4,IDLE,0.00,0.00,0.00,0,0.0,1866,0,0.0,803.1
214.0000,222468,0.0,0.0,-17.392,11.623,0.00,0.00,714.1,714.1,500.8,0,0.0,0.4,IDLE,0.00,0.00,0.00,0,0.0,1866,0,0.0,803.1
214.0500,222518,0.0,0.0,-10.370,11.623,0.00,0.00,713.1,713.1,500.8,0,0.0,0.4,IDLE,0.00,0.00,0.00,0,0.0,1866,0,0.0,803.1
214.1000,222568,0.0,0.0,-10.370,11.623,0.00,0.00,713.1,713.1,500.6,0,0.0,0.3,IDLE,0.00,0.00,0.00,0,0.0,1866,0,0.0,803.1
214.1500,222618,0.0,0.0,-10.370,11.623,0.00,0.00,713.1,713.1,500.6,0,0.0,0.3,IDLE,0.00,0.00,0.00,0,0.0,1866,0,0.0,803.1
214.2000,222668,0.0,0.0,-3.592,11.623,0.00,0.00,719.1,719.1,500.6,0,0.0,0.3,IDLE,0.00,0.00,0.00,0,0.0,1866,0,0.0,803.1
214.2500,222718,0.0,0.0,-3.592,11.623,0.00,0.00,719.1,719.1,500.6,0,0.0,0.3,IDLE,0.00,0.00,0.00,0,0.0,1866,0,0.0,803.1
214.3000,222768,0.0,0.0,-3.592,11.623,0.00,0.00,719.1,719.1,503.1,0,0.0,1.6,IDLE,0.00,0.00,0.00,0,0.0,1866,0,0.0,803.1
214.3500,222818,0.0,0.0,-3.592,11.623,0.00,0.00,719.1,719.1,503.1,0,0.0,1.6,IDLE,0.00,0.00,0.00,0,0.0,1866,0,0.0,803.1
214.4000,222868,0.0,0.0,-9.957,11.623,0.00,0.00,730.6,730.6,503.1,0,0.0,1.6,IDLE,0.00,0.00,0.00,0,0.0,1866,0,0.0,803.1
214.4500,222918,0.0,0.0,-9.957,11.623,0.00,0.00,730.6,730.6,502.5,0,0.0,1.2,IDLE,0.00,0.00,0.00,0,0.0,1866,0,0.0,803.1
214.5000,222968,0.0,0.0,-9.957,11.623,0.00,0.00,730.6,730.6,502.5,0,0.0,1.2,IDLE,0.00,0.00,0.00,0,0.0,1866,0,0.0,803.1
214.5500,223018,0.0,0.0,-12.553,11.623,0.00,0.00,730.9,730.9,502.5,0,0.0,1.2,IDLE,0.00,0.00,0.00,0,0.0,1866,0,0.0,803.1
214.6000,223068,0.0,0.0,-12.553,11.623,0.00,0.00,730.9,730.9,501.6,0,0.0,0.8,IDLE,0.00,0.00,0.00,0,0.0,1866,0,0.0,803.1
214.6500,223118,0.0,0.0,-12.553,11.623,0.00,0.00,730.9,730.9,501.6,0,0.0,0.8,IDLE,0.00,0.00,0.00,0,0.0,1866,0,0.0,803.1
214.7000,223168,0.0,0.0,-9.832,11.623,0.00,0.00,730.3,730.3,501.6,0,0.0,0.8,IDLE,0.00,0.00,0.00,0,0.0,1866,0,0.0,803.1
214.7500,223218,0.0,0.0,-9.832,11.623,0.00,0.00,730.3,730.3,501.8,0,0.0,0.9,IDLE,0.00,0.00,0.00,0,0.0,1866,0,0.0,803.1
214.8000,223268,0.0,0.0,-9.832,11.623,0.00,0.00,730.3,730.3,501.8,0,0.0,0.9,IDLE,0.00,0.00,0.00,0,0.0,1866,0,0.0,803.1
214.8500,223318,0.0,0.0,-6.867,11.623,0.00,0.00,723.4,723.4,501.8,0,0.0,0.9,IDLE,0.00,0.00,0.00,0,0.0,1866,0,0.0,803.1
214.9000,223368,0.0,0.0,-6.867,11.623,0.00,0.00,723.4,723.4,502.1,0,0.0,1.1,IDLE,0.00,0.00,0.00,0,0.0,1866,0,0.0,803.1
214.9500,223418,0.0,0.0,-6.867,11.623,0.00,0.00,723.4,723.4,502.1,0,0.0,1.1,IDLE,0.00,0.00,0.00,0,0.0,1866,0,0.0,803.1
215.0000,223468,0.0,0.0,-9.234,11.623,0.00,0.00,721.9,721.9,502.1,0,0.0,1.1,IDLE,0.00,0.00,0.00,0,0.0,1866,0,0.0,803.1
215.0500,223518,0.0,0.0,-9.234,11.623,0.00,0.00,721.9,721.9,502.1,0,0.0,1.1,IDLE,0.00,0.00,0.00,0,0.0,1866,0,0.0,803.1
215.1000,223568,0.0,0.0,-9.234,11.623,0.00,0.00,721.9,721.9,502.0,0,0.0,1.0,IDLE,0.00,0.00,0.00,0,0.0,1866,0,0.0,803.1
215.1500,223618,0.0,0.0,-9.234,11.623,0.00,0.00,721.9,721.9,502.0,0,0.0,1.0,IDLE,0.00,0.00,0.00,0,0.0,1866,0,0.0,803.1
215.2000,223668,0.0,0.0,-9.293,11.623,0.00,0.00,725.6,725.6,502.0,0,0.0,1.0,IDLE,0.00,0.00,0.00,0,0.0,1866,0,0.0,803.1
215.2500,223718,0.0,0.0,-9.293,11.623,0.00,0.00,725.6,725.6,501.5,0,0.0,0.8,IDLE,0.00,0.00,0.00,0,0.0,1866,0,0.0,803.1
215.3000,223768,0.0,0.0,-9.293,11.623,0.00,0.00,725.6,725.6,501.5,0,0.0,0.8,IDLE,0.00,0.00,0.00,0,0.0,1866,0,0.0,803.1
215.3500,223818,0.0,0.0,-11.499,11.623,0.00,0.00,727.5,727.5,501.5,0,0.0,0.8,IDLE,0.00,0.00,0.00,0,0.0,1866,0,0.0,803.1
215.4000,223868,0.0,0.0,-11.499,11.623,0.00,0.00,727.5,727.5,501.4,0,0.0,0.7,IDLE,0.00,0.00,0.00,0,0.0,1866,0,0.0,803.1
215.4500,223918,0.0,0.0,-11.499,11.623,0.00,0.00,727.5,727.5,501.4,0,0.0,0.7,IDLE,0.00,0.00,0.00,0,0.0,1866,0,0.0,803.1
215.5000,223968,0.0,0.0,-11.226,11.623,0.00,0.00,726.2,726.2,501.4,0,0.0,0.7,IDLE,0.00,0.00,0.00,0,0.0,1866,0,0.0,803.1
215.5500,224018,0.0,0.0,-11.226,11.623,0.00,0.00,726.2,726.2,502.5,0,0.0,1.2,IDLE,0.00,0.00,0.00,0,0.0,1866,0,0.0,803.1
215.6000,224068,0.0,0.0,-11.226,11.623,0.00,0.00,726.2,726.2,502.5,0,0.0,1.2,IDLE,0.00,0.00,0.00,0,0.0,1866,0,0.0,803.1
215.6500,224118,0.0,0.0,-10.975,11.623,0.00,0.00,724.7,724.7,502.5,0,0.0,1.2,IDLE,0.00,0.00,0.00,0,0.0,1866,0,0.0,803.1
215.7000,224168,0.0,0.0,-10.975,11.623,0.00,0.00,724.7,724.7,502.5,0,0.0,1.2,IDLE,0.00,0.00,0.00,0,0.0,1866,0,0.0,0.0
215.7500,224218,0.0,0.0,-10.975,11.623,0.00,0.00,724.7,724.7,502.5,0,0.0,1.2,IDLE,0.00,0.00,0.00,0,0.0,1866,0,0.0,0.0
215.8000,224268,0.0,0.0,-10.975,11.623,0.00,0.00,724.7,724.7,502.5,0,0.0,1.2,IDLE,0.00,0.00,0.00,0,0.0,1866,0,0.0,0.0
215.8500,224318,0.0,0.0,-10.997,11.623,0.00,0.00,718.1,718.1,502.5,0,0.0,1.2,IDLE,0.00,0.00,0.00,0,0.0,1866,0,0.0,0.0
215.9000,224368,0.0,0.0,-10.997,11.623,0.00,0.00,718.1,718.1,502.8,0,0.0,1.4,IDLE,0.00,0.00,0.00,0,0.0,1866,0,0.0,0.0
215.9500,224418,0.0,0.0,-10.997,11.623,0.00,0.00,718.1,718.1,502.8,0,0.0,1.4,IDLE,0.00,0.00,0.00,0,0.0,1866,0,0.0,0.0
216.0000,224468,0.0,0.0,-11.204,11.623,0.00,0.00,721.2,721.2,502.8,0,0.0,1.4,IDLE,0.00,0.00,0.00,0,0.0,1866,0,0.0,0.0
216.0500,224518,0.0,0.0,-11.204,11.623,0.00,0.00,721.2,721.2,502.1,0,0.0,1.1,IDLE,0.00,0.00,0.00,0,0.0,1866,0,0.0,0.0
216.1000,224568,0.0,0.0,-11.204,11.623,0.00,0.00,721.2,721.2,502.1,0,0.0,1.1,IDLE,0.00,0.00,0.00,0,0.0,1866,0,0.0,0.0
1274.4500,1282918,0.0,800.6,4.986,11.623,0.76,1.77,842.8,842.8,501.9,0,0.0,0.9,IDLE,0.00,0.00,0.00,0,0.0,2022,0,800.6,807.7
1274.5000,1282968,0.0,800.6,4.986,11.623,0.76,1.77,842.8,842.8,501.9,0,0.0,0.9,IDLE,0.00,0.00,0.00,0,0.0,2025,0,800.6,807.7
1274.5500,1283018,0.0,800.6,0.258,11.623,0.04,1.77,649.4,649.4,501.9,0,0.0,0.9,IDLE,0.00,0.00,0.00,0,0.0,2026,0,800.6,807.7
1274.6000,1283068,0.0,800.6,0.258,11.623,0.04,1.77,649.4,649.4,499.8,0,0.0,-0.1,IDLE,0.00,0.00,0.00,0,0.0,2029,0,800.6,807.7
1274.6500,1283118,0.0,800.6,0.258,11.623,0.04,1.77,649.4,649.4,499.8,0,0.0,-0.1,IDLE,0.00,0.00,0.00,0,0.0,2031,0,800.6,807.7
1274.7000,1283168,0.0,800.6,-0.251,11.623,-0.04,1.77,727.2,727.2,499.8,0,0.0,-0.1,IDLE,0.00,0.00,0.00,0,0.0,2033,0,800.6,807.7
1274.7500,1283218,0.0,800.6,-0.251,11.623,-0.04,1.77,727.2,727.2,499.8,0,0.0,-0.1,IDLE,0.00,0.00,0.00,0,0.0,2035,0,800.6,807.7
1274.8000,1283268,0.0,800.6,-0.251,11.623,-0.04,1.77,727.2,727.2,501.5,0,0.0,0.8,IDLE,0.00,0.00,0.00,0,0.0,2037,0,800.6,807.7
1274.8500,1283318,0.0,800.6,-0.251,11.623,-0.04,1.77,727.2,727.2,501.5,0,0.0,0.8,IDLE,0.00,0.00,0.00,0,0.0,2039,0,800.6,807.7
1274.9000,1283368,0.0,800.6,-5.974,11.623,-0.91,1.77,725.6,725.6,501.5,0,0.0,0.8,IDLE,0.00,0.00,0.00,0,0.0,2040,0,800.6,807.7
1274.9500,1283418,0.0,800.6,-5.974,11.623,-0.91,1.77,725.6,725.6,501.1,0,0.0,0.6,IDLE,0.00,0.00,0.00,0,0.0,2042,0,800.6,807.7
1275.0000,1283468,0.0,800.6,-5.974,11.623,-0.91,1.77,725.6,725.6,501.1,0,0.0,0.6,IDLE,0.00,0.00,0.00,0,0.0,2043,0,800.6,807.7
1275.0500,1283518,0.0,800.6,0.435,11.623,0.07,1.77,972.5,972.5,501.1,0,0.0,0.6,IDLE,0.00,0.00,0.00,0,0.0,2045,0,800.6,807.7
1275.1000,1283568,0.0,800.6,0.435,11.623,0.07,1.77,972.5,972.5,502.0,0,0.0,1.0,IDLE,0.00,0.00,0.00,0,0.0,2046,0,800.6,807.7
1275.1500,1283618,0.0,800.6,0.435,11.623,0.07,1.77,972.5,972.5,502.0,0,0.0,1.0,IDLE,0.00,0.00,0.00,0,0.0,2049,0,800.6,807.7
1275.2000,1283668,0.0,800.6,3.474,11.623,0.53,1.77,920.6,920.6,502.0,0,0.0,1.0,IDLE,0.00,0.00,0.00,0,0.0,2051,0,800.6,807.7
1275.2500,1283718,0.0,800.6,3.474,11.623,0.53,1.77,920.6,920.6,501.4,0,0.0,0.7,IDLE,0.00,0.00,0.00,0,0.0,2053,0,800.6,807.7
1275.3000,1283768,0.0,800.6,3.474,11.623,0.53,1.77,920.6,920.6,501.4,0,0.0,0.7,IDLE,0.00,0.00,0.00,0,0.0,2054,0,800.6,807.7
1275.3500,1283818,0.0,800.6,1.033,11.623,0.16,1.77,671.9,671.9,501.4,0,0.0,0.7,IDLE,0.00,0.00,0.00,0,0.0,2056,0,800.6,807.7
1275.4000,1283868,0.0,800.6,1.033,11.623,0.16,1.77,671.9,671.9,501.4,0,0.0,0.7,IDLE,0.00,0.00,0.00,0,0.0,2058,0,800.6,807.7
1275.4500,1283918,0.0,800.6,1.033,11.623,0.16,1.77,671.9,671.9,501.0,0,0.0,0.5,IDLE,0.00,0.00,0.00,0,0.0,2059,0,800.6,807.7
1275.5000,1283968,0.0,800.6,1.033,11.623,0.16,1.77,671.9,671.9,501.0,0,0.0,0.5,IDLE,0.00,0.00,0.00,0,0.0,2061,0,800.6,807.7
1275.5500,1284018,0.0,800.6,2.987,11.623,0.46,1.77,835.6,835.6,501.0,0,0.0,0.5,IDLE,0.00,0.00,0.00,0,0.0,2063,0,800.6,807.7
1275.6000,1284068,0.0,800.6,2.987,11.623,0.46,1.77,835.6,835.6,502.6,0,0.0,1.3,IDLE,0.00,0.00,0.00,0,0.0,2065,0,800.6,807.7
1275.6500,1284118,0.0,800.6,2.987,11.623,0.46,1.77,835.6,835.6,502.6,0,0.0,1.3,IDLE,0.00,0.00,0.00,0,0.0,2066,0,800.6,807.7
1275.7000,1284168,0.0,800.6,-0.243,11.623,-0.04,1.77,676.2,676.2,502.6,0,0.0,1.3,IDLE,0.00,0.00,0.00,0,0.0,2070,0,800.6,807.7
1275.7500,1284218,0.0,800.6,-0.243,11.623,-0.04,1.77,676.2,676.2,501.3,0,0.0,0.6,IDLE,0.00,0.00,0.00,0,0.0,2072,0,800.6,807.7
1275.8000,1284268,0.0,800.6,-0.243,11.623,-0.04,1.77,676.2,676.2,501.3,0,0.0,0.6,IDLE,0.00,0.00,0.00,0,0.0,2074,0,800.6,807.7
1275.8500,1284318,0.0,800.6,0.384,11.623,0.06,1.77,751.6,751.6,501.3,0,0.0,0.6,IDLE,0.00,0.00,0.00,0,0.0,2075,0,800.6,807.7
1275.9000,1284368,0.0,800.6,0.384,11.623,0.06,1.77,751.6,751.6,501.3,0,0.0,0.6,IDLE,0.00,0.00,0.00,0,0.0,2077,0,800.6,807.7
1275.9500,1284418,0.0,800.6,0.384,11.623,0.06,1.77,751.6,751.6,501.3,0,0.0,0.6,IDLE,0.00,0.00,0.00,0,0.0,2079,0,800.6,807.7
1276.0000,1284468,0.0,800.6,-0.553,11.623,-0.08,1.77,800.6,800.6,501.3,0,0.0,0.6,IDLE,0.00,0.00,0.00,0,0.0,2081,0,800.6,807.7
1276.0500,1284518,0.0,800.6,-0.553,11.623,-0.08,1.77,800.6,800.6,501.5,0,0.0,0.8,IDLE,0.00,0.00,0.00,0,0.0,2082,0,800.6,807.7
1276.1000,1284568,0.0,800.6,-0.553,11.623,-0.08,1.77,800.6,800.6,501.5,0,0.0,0.8,IDLE,0.00,0.00,0.00,0,0.0,2084,0,800.6,807.7
1276.1500,1284618,0.0,800.6,-1.873,11.623,-0.29,1.77,589.7,589.7,501.5,0,0.0,0.8,IDLE,0.00,0.00,0.00,0,0.0,2086,0,800.6,807.7
1276.2000,1284668,0.0,800.6,-1.873,11.623,-0.29,1.77,589.7,589.7,501.5,0,0.0,0.8,IDLE,0.00,0.00,0.00,0,0.0,2090,0,800.6,807.7
1276.2500,1284718,0.0,800.6,-1.873,11.623,-0.29,1.77,589.7,589.7,501.3,0,0.0,0.6,IDLE,0.00,0.00,0.00,0,0.0,2091,0,800.6,807.7
1276.3000,1284768,0.0,800.6,-1.873,11.623,-0.29,1.77,589.7,589.7,501.3,0,0.0,0.6,IDLE,0.00,0.00,0.00,0,0.0,2093,0,800.6,807.7
1276.3500,1284818,2000.0,800.6,1.379,11.623,0.21,1.77,874.1,874.1,501.3,8,1.6,0.6,HOLD_RPM,0.00,0.00,0.00,0,0.0,2095,0,800.6,807.7
1276.4000,1284868,2000.0,800.6,1.379,11.623,0.21,1.77,874.1,874.1,501.1,25,5.0,0.6,HOLD_RPM,0.00,0.00,0.00,0,0.0,2097,0,800.6,807.7
1276.4500,1284918,2000.0,800.6,1.379,11.623,0.21,1.77,874.1,874.1,501.1,53,10.6,0.6,HOLD_RPM,0.00,0.00,0.00,0,0.0,2098,0,800.6,807.7
1276.5000,1284968,2000.0,800.6,4.647,11.623,0.71,1.77,873.4,873.4,501.1,79,15.8,0.6,HOLD_RPM,0.00,0.00,0.00,0,0.0,2100,0,800.6,807.7
1276.5500,1285018,2000.0,800.6,4.647,11.623,0.71,1.77,873.4,873.4,501.9,95,19.0,0.9,HOLD_RPM,0.00,0.00,0.00,0,0.0,2102,0,800.6,807.7
1276.6000,1285068,2000.0,800.6,4.647,11.623,0.71,1.77,873.4,873.4,501.9,100,20.0,0.9,HOLD_RPM,0.00,0.00,0.00,0,0.0,2103,0,800.6,807.7
1276.6500,1285118,2000.0,800.6,1.955,11.623,0.30,1.77,850.6,850.6,501.9,100,20.0,0.9,HOLD_RPM,0.00,0.00,0.00,0,0.0,2105,0,800.6,807.7
1276.7000,1285168,2000.0,800.6,1.955,11.623,0.30,1.77,850.6,850.6,501.5,100,20.0,0.8,HOLD_RPM,0.00,0.00,0.00,0,0.0,2107,0,800.6,807.7
1276.7500,1285218,2000.0,800.6,1.955,11.623,0.30,1.77,850.6,850.6,501.5,100,20.0,0.8,HOLD_RPM,0.00,0.00,0.00,0,0.0,2109,0,800.6,807.7
1276.8000,1285268,2000.0,800.6,-2.058,11.623,-0.31,1.77,739.4,739.4,501.5,100,20.0,0.8,HOLD_RPM,0.00,0.00,0.00,0,0.0,2111,0,800.6,807.7
1276.8500,1285318,2000.0,800.6,-2.058,11.623,-0.31,1.77,739.4,739.4,501.5,100,20.0,0.8,HOLD_RPM,0.00,0.00,0.00,0,0.0,2113,0,800.6,807.7
1276.9000,1285368,2000.0,800.6,-2.058,11.623,-0.31,1.77,739.4,739.4,500.4,100,20.0,0.2,HOLD_RPM,0.00,0.00,0.00,0,0.0,2115,0,800.6,807.7
1276.9500,1285418,2000.0,800.6,-2.058,11.623,-0.31,1.77,739.4,739.4,500.4,100,20.0,0.2,HOLD_RPM,0.00,0.00,0.00,0,0.0,2118,0,800.6,807.7
1277.0000,1285468,2000.0,800.6,-5.111,11.623,-0.78,1.77,534.1,534.1,500.4,100,20.0,0.2,HOLD_RPM,0.00,0.00,0.00,0,0.0,2119,0,800.6,807.7
1277.0500,1285518,2000.0,800.6,-5.111,11.623,-0.78,1.77,534.1,534.1,502.3,100,20.0,1.1,HOLD_RPM,0.00,0.00,0.00,0,0.0,2122,0,800.6,807.7
1277.1000,1285568,2000.0,800.6,-5.111,11.623,-0.78,1.77,534.1,534.1,502.3,100,20.0,1.1,HOLD_RPM,0.00,0.00,0.00,0,0.0,2123,0,800.6,807.7
1277.1500,1285618,2000.0,800.6,-6.542,11.623,-1.00,1.77,770.9,770.9,502.3,100,20.0,1.1,HOLD_RPM,0.00,0.00,0.00,0,0.0,2125,0,800.6,807.7
1277.2000,1285668,2000.0,800.6,-6.542,11.623,-1.00,1.77,770.9,770.9,502.3,100,20.0,1.1,HOLD_RPM,0.00,0.00,0.00,0,0.0,2127,0,800.6,807.7
1277.2500,1285718,2000.0,800.6,-6.542,11.623,-1.00,1.77,770.9,770.9,502.3,100,20.0,1.1,HOLD_RPM,0.00,0.00,0.00,0,0.0,2129,0,800.6,807.7
1277.3000,1285768,2000.0,800.6,-3.024,11.623,-0.46,1.77,835.3,835.3,502.3,100,20.0,1.1,HOLD_RPM,0.00,0.00,0.00,0,0.0,2130,0,800.6,807.7
1277.3500,1285818,2000.0,800.6,-3.024,11.623,-0.46,1.77,835.3,835.3,502.0,100,20.0,1.0,HOLD_RPM,0.00,0.00,0.00,0,0.0,2132,0,800.6,807.7
1277.4000,1285868,2000.0,800.6,-3.024,11.623,-0.46,1.77,835.3,835.3,502.0,100,20.0,1.0,HOLD_RPM,0.00,0.00,0.00,0,0.0,2134,0,800.6,807.7
1277.4500,1285918,2000.0,800.6,-2.567,11.623,-0.39,1.77,772.2,772.2,502.0,100,20.0,1.0,HOLD_RPM,0.00,0.00,0.00,0,0.0,2136,0,800.6,807.7
1277.5000,1285968,2000.0,800.6,-2.567,11.623,-0.39,1.77,772.2,772.2,501.0,100,20.0,0.5,HOLD_RPM,0.00,0.00,0.00,0,0.0,2138,0,800.6,807.7
1277.5500,1286018,2000.0,800.6,-2.567,11.623,-0.39,1.77,772.2,772.2,501.0,100,20.0,0.5,HOLD_RPM,0.00,0.00,0.00,0,0.0,2140,0,800.6,807.7
1277.6000,1286068,2000.0,800.6,-5.303,11.623,-0.81,1.77,676.9,676.9,501.0,100,20.0,0.5,HOLD_RPM,0.00,0.00,0.00,0,0.0,2141,0,800.6,807.7
1277.6500,1286118,2000.0,800.6,-5.303,11.623,-0.81,1.77,676.9,676.9,501.0,100,20.0,0.5,HOLD_RPM,0.00,0.00,0.00,0,0.0,2144,0,800.6,807.7
1277.7000,1286168,2000.0,800.6,-5.303,11.623,-0.81,1.77,676.9,676.9,500.8,100,20.0,0.4,HOLD_RPM,0.00,0.00,0.00,0,0.0,2145,0,800.6,807.7
1277.7500,1286218,2000.0,800.6,-5.303,11.623,-0.81,1.77,676.9,676.9,500.8,100,20.0,0.4,HOLD_RPM,0.00,0.00,0.00,0,0.0,2147,0,800.6,807.7
1277.8000,1286268,2000.0,800.6,2.250,11.623,0.34,1.77,930.9,930.9,500.8,100,20.0,0.4,HOLD_RPM,0.00,0.00,0.00,0,0.0,2150,0,800.6,807.7
1277.8500,1286318,2000.0,800.6,2.250,11.623,0.34,1.77,930.9,930.9,500.8,100,20.0,0.4,HOLD_RPM,0.00,0.00,0.00,0,0.0,2152,0,800.6,807.7
1277.9000,1286368,2000.0,800.6,2.250,11.623,0.34,1.77,930.9,930.9,500.8,100,20.0,0.4,HOLD_RPM,0.00,0.00,0.00,0,0.0,2153,0,800.6,807.7
1277.9500,1286418,2000.0,800.6,-1.689,11.623,-0.26,1.77,696.2,696.2,500.8,100,20.0,0.4,HOLD_RPM,0.00,0.00,0.00,0,0.0,2155,0,800.6,807.7
1278.0000,1286468,2000.0,800.6,-1.689,11.623,-0.26,1.77,696.2,696.2,501.4,100,20.0,0.7,HOLD_RPM,0.00,0.00,0.00,0,0.0,2157,0,800.6,807.7
1278.0500,1286518,2000.0,800.6,-1.689,11.623,-0.26,1.77,696.2,696.2,501.4,100,20.0,0.7,HOLD_RPM,0.00,0.00,0.00,0,0.0,2158,0,800.6,807.7
1278.1000,1286568,2000.0,800.6,-5.569,11.623,-0.85,1.77,698.1,698.1,501.4,100,20.0,0.7,HOLD_RPM,0.00,0.00,0.00,0,0.0,2160,0,800.6,807.7
1278.1500,1286618,2000.0,800.6,-5.569,11.623,-0.85,1.77,698.1,698.1,500.9,100,20.0,0.4,HOLD_RPM,0.00,0.00,0.00,0,0.0,2162,0,800.6,807.7
1278.2000,1286668,2000.0,800.6,-5.569,11.623,-0.85,1.77,698.1,698.1,500.9,100,20.0,0.4,HOLD_RPM,0.00,0.00,0.00,0,0.0,2163,0,800.6,807.7
1278.2500,1286718,2000.0,800.6,-8.526,11.623,-1.30,1.77,716.9,716.9,500.9,100,20.0,0.4,HOLD_RPM,0.00,0.00,0.00,0,0.0,2165,0,800.6,807.7
1278.3000,1286768,2000.0,800.6,-8.526,11.623,-1.30,1.77,716.9,716.9,500.9,100,20.0,0.4,HOLD_RPM,0.00,0.00,0.00,0,0.0,2167,0,800.6,807.7
1278.3500,1286818,2000.0,800.6,-8.526,11.623,-1.30,1.77,716.9,716.9,500.0,100,20.0,0.0,HOLD_RPM,0.00,0.00,0.00,0,0.0,2169,0,800.6,807.7
1278.4000,1286868,2000.0,800.6,-8.526,11.623,-1.30,1.77,716.9,716.9,500.0,100,20.0,0.0,HOLD_RPM,0.00,0.00,0.00,0,0.0,2170,0,800.6,807.7
1278.4500,1286918,2000.0,800.6,-4.064,11.623,-0.62,1.77,940.9,940.9,500.0,100,20.0,0.0,HOLD_RPM,0.00,0.00,0.00,0,0.0,2172,0,800.6,807.7
1278.5000,1286968,2000.0,800.6,-4.064,11.623,-0.62,1.77,940.9,940.9,502.0,100,20.0,1.0,HOLD_RPM,0.00,0.00,0.00,0,0.0,2173,0,800.6,807.7
1278.5500,1287018,2000.0,800.6,-4.064,11.623,-0.62,1.77,940.9,940.9,502.0,100,20.0,1.0,HOLD_RPM,0.00,0.00,0.00,0,0.0,2175,0,800.6,807.7
1278.6000,1287068,2000.0,800.6,0.140,11.623,0.02,1.77,724.1,724.1,502.0,100,20.0,1.0,HOLD_RPM,0.00,0.00,0.00,0,0.0,2177,0,800.6,807.7
1278.6500,1287118,2000.0,800.6,0.140,11.623,0.02,1.77,724.1,724.1,500.9,100,20.0,0.4,HOLD_RPM,0.00,0.00,0.00,0,0.0,2178,0,800.6,807.7
1278.7000,1287168,2000.0,800.6,0.140,11.623,0.02,1.77,724.1,724.1,500.9,100,20.0,0.4,HOLD_RPM,0.00,0.00,0.00,0,0.0,2181,0,800.6,807.7
1278.7500,1287218,2000.0,800.6,0.022,11.623,0.00,1.77,765.6,765.6,500.9,100,20.0,0.4,HOLD_RPM,0.00,0.00,0.00,0,0.0,2183,0,800.6,807.7
1278.8000,1287268,2000.0,800.6,0.022,11.623,0.00,1.77,765.6,765.6,502.0,100,20.0,1.0,HOLD_RPM,0.00,0.00,0.00,0,0.0,2184,0,800.6,807.7
1278.8500,1287318,2000.0,800.6,0.022,11.623,0.00,1.77,765.6,765.6,502.0,100,20.0,1.0,HOLD_RPM,0.00,0.00,0.00,0,0.0,2186,0,800.6,807.7
1278.9000,1287368,2000.0,800.6,-1.881,11.623,-0.29,1.77,749.4,749.4,502.0,100,20.0,1.0,HOLD_RPM,0.00,0.00,0.00,0,0.0,2188,0,800.6,807.7
1278.9500,1287418,2000.0,800.6,-1.881,11.623,-0.29,1.77,749.4,749.4,501.3,100,20.0,0.6,HOLD_RPM,0.00,0.00,0.00,0,0.0,2189,0,800.6,807.7
1279.0000,1287468,2000.0,800.6,-1.881,11.623,-0.29,1.77,749.4,749.4,501.3,100,20.0,0.6,HOLD_RPM,0.00,0.00,0.00,0,0.0,2191,0,800.6,807.7
1279.0500,1287518,2000.0,800.6,-2.508,11.623,-0.38,1.77,743.8,743.8,501.3,100,20.0,0.6,HOLD_RPM,0.00,0.00,0.00,0,0.0,2193,0,800.6,807.7
1279.1000,1287568,2000.0,800.6,-2.508,11.623,-0.38,1.77,743.8,743.8,501.3,100,20.0,0.6,HOLD_RPM,0.00,0.00,0.00,0,0.0,2194,0,800.6,807.7
1279.1500,1287618,2000.0,800.6,-2.508,11.623,-0.38,1.77,743.8,743.8,501.8,100,20.0,0.9,HOLD_RPM,0.00,0.00,0.00,0,0.0,2196,0,800.6,807.7
1279.2000,1287668,2000.0,800.6,-2.508,11.623,-0.38,1.77,743.8,743.8,501.8,100,20.0,0.9,HOLD_RPM,0.00,0.00,0.00,0,0.0,2198,0,800.6,807.7
1279.2500,1287718,2000.0,800.6,-1.460,11.623,-0.22,1.77,724.4,724.4,501.8,100,20.0,0.9,HOLD_RPM,0.00,0.00,0.00,0,0.0,2200,0,800.6,807.7
1279.3000,1287768,2000.0,800.6,-1.460,11.623,-0.22,1.77,724.4,724.4,499.6,100,20.0,-0.2,HOLD_RPM,0.00,0.00,0.00,0,0.0,2201,0,800.6,816.5
1279.3500,1287818,2000.0,800.6,-1.460,11.623,-0.22,1.77,724.4,724.4,499.6,100,20.0,-0.2,HOLD_RPM,0.00,0.00,0.00,0,0.0,2201,0,800.6,898.9
1279.4000,1287868,2000.0,981.4,-5.303,11.623,-0.99,2.17,757.2,757.2,499.6,100,20.0,-0.2,HOLD_RPM,0.00,0.00,0.00,0,0.0,2202,0,981.4,1027.0
1279.4500,1287918,2000.0,981.4,-5.303,11.623,-0.99,2.17,757.2,757.2,500.6,100,20.0,0.3,HOLD_RPM,0.00,0.00,0.00,0,0.0,2203,0,981.4,1149.4
1279.5000,1287968,2000.0,1198.7,-5.303,11.623,-1.21,2.65,757.2,757.2,500.6,100,20.0,0.3,HOLD_RPM,0.00,0.00,0.00,0,0.0,2203,0,1198.7,1252.4
1279.5500,1288018,2000.0,1198.7,6.417,11.623,1.46,2.65,1225.9,1225.9,500.6,100,20.0,0.3,HOLD_RPM,0.00,0.00,0.00,0,0.0,2203,0,1198.7,1381.9
1279.6000,1288068,2000.0,1410.7,6.417,11.623,1.72,3.12,1225.9,1225.9,501.3,100,20.0,0.6,HOLD_RPM,0.00,0.00,0.00,0,0.0,2203,0,1410.7,1477.4
1279.6500,1288118,2000.0,1410.7,6.417,11.623,1.72,3.12,1225.9,1225.9,501.3,100,20.0,0.6,HOLD_RPM,0.00,0.00,0.00,0,0.0,2204,0,1410.7,1584.5
1279.7000,1288168,2000.0,1626.8,19.641,12.759,6.08,3.95,1295.6,1295.6,501.3,100,20.0,0.6,HOLD_RPM,0.00,0.00,0.00,0,0.0,2205,0,1626.8,1695.8
1279.7500,1288218,2000.0,1626.8,19.641,12.759,6.08,3.95,1295.6,1295.6,501.3,100,20.0,0.6,HOLD_RPM,0.00,0.00,0.00,0,0.0,2205,0,1626.8,1765.4
1279.8000,1288268,2000.0,1792.2,19.641,12.533,6.70,4.28,1295.6,1295.6,501.8,100,20.0,0.9,HOLD_RPM,0.00,0.00,0.00,0,0.0,2205,0,1792.2,1832.6
1279.8500,1288318,2000.0,1792.2,19.641,12.533,6.70,4.28,1295.6,1295.6,501.8,100,20.0,0.9,HOLD_RPM,0.00,0.00,0.00,0,0.0,2206,0,1792.2,1869.0
1279.9000,1288368,2000.0,1883.2,20.748,13.602,7.44,4.88,767.2,767.2,501.8,100,20.0,0.9,HOLD_RPM,0.00,0.00,0.00,0,0.0,2207,0,1883.2,1903.3
1279.9500,1288418,2000.0,1883.2,20.748,13.602,7.44,4.88,767.2,767.2,502.6,100,20.0,1.3,HOLD_RPM,0.00,0.00,0.00,0,0.0,2207,0,1883.2,1927.1
1280.0000,1288468,2000.0,1925.4,20.748,14.004,7.61,5.13,767.2,767.2,502.6,100,20.0,1.3,HOLD_RPM,0.00,0.00,0.00,0,0.0,2207,0,1925.4,1929.4
1280.0500,1288518,2000.0,1925.4,21.699,14.004,7.95,5.13,983.8,983.8,502.6,100,20.0,1.3,HOLD_RPM,0.00,0.00,0.00,0,0.0,2207,0,1925.4,1927.8
1280.1000,1288568,2000.0,1926.4,21.699,14.011,7.96,5.14,983.8,983.8,501.8,100,20.0,0.9,HOLD_RPM,0.00,0.00,0.00,0,0.0,2208,0,1926.4,1923.7
1280.1500,1288618,2000.0,1926.4,21.699,14.011,7.96,5.14,983.8,983.8,501.8,100,20.0,0.9,HOLD_RPM,0.00,0.00,0.00,0,0.0,2208,0,1926.4,1920.6
1280.2000,1288668,2000.0,1917.2,25.003,13.946,9.13,5.09,873.4,873.4,501.8,100,20.0,0.9,HOLD_RPM,0.00,0.00,0.00,0,0.0,2208,0,1917.2,1910.5
1280.2500,1288718,2000.0,1917.2,25.003,13.946,9.13,5.09,873.4,873.4,501.6,100,20.0,0.8,HOLD_RPM,0.00,0.00,0.00,0,0.0,2208,0,1917.2,1902.3
1280.3000,1288768,2000.0,1901.8,25.003,13.838,9.05,5.01,873.4,873.4,501.6,100,20.0,0.8,HOLD_RPM,0.00,0.00,0.00,0,0.0,2209,0,1901.8,1899.5
1280.3500,1288818,2000.0,1901.8,30.424,13.838,11.02,5.01,1010.6,1010.6,501.6,100,20.0,0.8,HOLD_RPM,0.00,0.00,0.00,0,0.0,2209,0,1901.8,1892.0
1280.4000,1288868,2000.0,1886.8,30.424,13.650,10.93,4.90,1010.6,1010.6,500.9,100,20.0,0.4,HOLD_RPM,0.00,0.00,0.00,0,0.0,2210,0,1886.8,1878.0
1280.4500,1288918,2000.0,1886.8,30.424,13.650,10.93,4.90,1010.6,1010.6,500.9,100,20.0,0.4,HOLD_RPM,0.00,0.00,0.00,0,0.0,2210,0,1886.8,1874.2
1280.5000,1288968,2000.0,1867.8,31.324,13.398,11.14,4.76,790.0,790.0,500.9,100,20.0,0.4,HOLD_RPM,0.00,0.00,0.00,0,0.0,2210,0,1867.8,1859.6
1280.5500,1289018,2000.0,1867.8,31.324,13.398,11.14,4.76,790.0,790.0,500.9,100,20.0,0.4,HOLD_RPM,0.00,0.00,0.00,0,0.0,2211,0,1867.8,1845.4
1280.6000,1289068,2000.0,1846.0,31.324,13.110,11.01,4.61,790.0,790.0,498.4,100,20.0,-0.8,HOLD_RPM,0.00,0.00,0.00,0,0.0,2211,0,1846.0,1839.3
1280.6500,1289118,2000.0,1846.0,31.324,13.110,11.01,4.61,790.0,790.0,498.4,100,20.0,-0.8,HOLD_RPM,0.00,0.00,0.00,0,0.0,2211,0,1846.0,1837.4
1280.7000,1289168,2000.0,1829.1,37.505,12.886,13.06,4.49,1023.1,1023.1,498.4,100,20.0,-0.8,HOLD_RPM,0.00,0.00,0.00,0,0.0,2212,0,1829.1,1813.6
1280.7500,1289218,2000.0,1829.1,37.505,12.886,13.06,4.49,1023.1,1023.1,502.5,100,20.0,1.2,HOLD_RPM,0.00,0.00,0.00,0,0.0,2212,0,1829.1,1804.5
1280.8000,1289268,2000.0,1800.5,37.505,12.507,12.86,4.29,1023.1,1023.1,502.5,100,20.0,1.2,HOLD_RPM,0.00,0.00,0.00,0,0.0,2212,0,1800.5,1795.1
1280.8500,1289318,2000.0,1800.5,43.044,12.507,14.76,4.29,974.7,974.7,502.5,100,20.0,1.2,HOLD_RPM,0.00,0.00,0.00,0,0.0,2212,0,1800.5,1795.7
1280.9000,1289368,2000.0,1788.1,43.044,12.550,14.65,4.27,974.7,974.7,501.3,100,20.0,0.6,HOLD_RPM,0.00,0.00,0.00,0,0.0,2212,0,1788.1,1776.4
1280.9500,1289418,2000.0,1788.1,43.044,12.550,14.65,4.27,974.7,974.7,501.3,100,20.0,0.6,HOLD_RPM,0.00,0.00,0.00,0,0.0,2212,0,1788.1,1763.3
1281.0000,1289468,2000.0,1762.1,40.035,12.660,13.43,4.25,621.2,621.2,501.3,100,20.0,0.6,HOLD_RPM,0.00,0.00,0.00,0,0.0,2212,0,1762.1,1755.8
1281.0500,1289518,2000.0,1762.1,40.035,12.660,13.43,4.25,621.2,621.2,502.1,100,20.0,1.1,HOLD_RPM,0.00,0.00,0.00,0,0.0,2212,0,1762.1,1743.7
1281.1000,1289568,2000.0,1739.5,40.035,12.755,13.26,4.22,621.2,621.2,502.1,100,20.0,1.1,HOLD_RPM,0.00,0.00,0.00,0,0.0,2212,0,1739.5,1728.0
1281.1500,1289618,2000.0,1739.5,29.997,12.755,9.94,4.22,772.2,772.2,502.1,100,20.0,1.1,HOLD_RPM,0.00,0.00,0.00,0,0.0,2212,0,1739.5,1722.2
1281.2000,1289668,2000.0,1720.8,29.997,12.834,9.83,4.20,772.2,772.2,502.1,100,20.0,1.1,HOLD_RPM,0.00,0.00,0.00,0,0.0,2213,0,1720.8,1719.9
1281.2500,1289718,2000.0,1720.8,29.997,12.834,9.83,4.20,772.2,772.2,501.1,100,20.0,0.6,HOLD_RPM,0.00,0.00,0.00,0,0.0,2216,0,1720.8,1703.1
1281.3000,1289768,2000.0,1698.0,29.997,12.917,9.70,4.18,772.2,772.2,501.1,100,20.0,0.6,HOLD_RPM,0.00,0.00,0.00,0,0.0,2216,0,1698.0,1689.6
1281.3500,1289818,2000.0,1698.0,17.775,12.917,5.75,4.18,743.4,743.4,501.1,100,20.0,0.6,HOLD_RPM,0.00,0.00,0.00,0,0.0,2216,0,1698.0,1681.2
1281.4000,1289868,2000.0,1676.7,17.775,12.870,5.67,4.11,743.4,743.4,502.5,100,20.0,1.2,HOLD_RPM,0.00,0.00,0.00,0,0.0,2216,0,1676.7,1670.9
1281.4500,1289918,2000.0,1676.7,17.775,12.870,5.67,4.11,743.4,743.4,502.5,100,20.0,1.2,HOLD_RPM,0.00,0.00,0.00,0,0.0,2217,0,1676.7,1669.8
1281.5000,1289968,2000.0,1670.6,19.228,12.856,6.12,4.09,832.8,832.8,502.5,100,20.0,1.2,HOLD_RPM,0.00,0.00,0.00,0,0.0,2217,0,1670.6,1670.3
1281.5500,1290018,2000.0,1670.6,19.228,12.856,6.12,4.09,832.8,832.8,501.3,100,20.0,0.6,HOLD_RPM,0.00,0.00,0.00,0,0.0,2217,0,1670.6,1677.9
1281.6000,1290068,2000.0,1682.1,19.228,12.882,6.16,4.13,832.8,832.8,501.3,100,20.0,0.6,HOLD_RPM,0.00,0.00,0.00,0,0.0,2217,0,1682.1,1687.5
1281.6500,1290118,2000.0,1682.1,11.469,12.882,3.67,4.13,633.1,633.1,501.3,100,20.0,0.6,HOLD_RPM,0.00,0.00,0.00,0,0.0,2217,0,1682.1,1695.3
1281.7000,1290168,2000.0,1697.6,11.469,12.916,3.71,4.17,633.1,633.1,501.6,100,20.0,0.8,HOLD_RPM,0.00,0.00,0.00,0,0.0,2217,0,1697.6,1701.6
1281.7500,1290218,2000.0,1697.6,11.469,12.916,3.71,4.17,633.1,633.1,501.6,100,20.0,0.8,HOLD_RPM,0.00,0.00,0.00,0,0.0,2218,0,1697.6,1708.4
1281.8000,1290268,2000.0,1708.1,10.665,12.887,3.47,4.19,836.9,836.9,501.6,100,20.0,0.8,HOLD_RPM,0.00,0.00,0.00,0,0.0,2218,0,1708.1,1710.9
1281.8500,1290318,2000.0,1708.1,10.665,12.887,3.47,4.19,836.9,836.9,502.9,100,20.0,1.4,HOLD_RPM,0.00,0.00,0.00,0,0.0,2219,0,1708.1,1728.6
1281.9000,1290368,2000.0,1726.0,10.665,12.812,3.50,4.21,836.9,836.9,502.9,100,20.0,1.4,HOLD_RPM,0.00,0.00,0.00,0,0.0,2220,0,1726.0,1728.1
1281.9500,1290418,2000.0,1726.0,3.489,12.812,1.15,4.21,686.2,686.2,502.9,100,20.0,1.4,HOLD_RPM,0.00,0.00,0.00,0,0.0,2221,0,1726.0,1735.4
1282.0000,1290468,2000.0,1745.8,3.489,12.729,1.16,4.23,686.2,686.2,502.9,100,20.0,1.4,HOLD_RPM,0.00,0.00,0.00,0,0.0,2221,0,1745.8,1758.9
1282.0500,1290518,2000.0,1745.8,3.489,12.729,1.16,4.23,686.2,686.2,500.6,100,20.0,0.3,HOLD_RPM,0.00,0.00,0.00,0,0.0,2221,0,1745.8,1773.9
1282.1000,1290568,2000.0,1780.9,3.489,12.581,1.18,4.27,686.2,686.2,500.6,100,20.0,0.3,HOLD_RPM,0.00,0.00,0.00,0,0.0,2221,0,1780.9,1790.6
1282.1500,1290618,2000.0,1780.9,2.559,12.581,0.87,4.27,748.1,748.1,500.6,100,20.0,0.3,HOLD_RPM,0.00,0.00,0.00,0,0.0,2221,0,1780.9,1802.9
1282.2000,1290668,2000.0,1812.6,2.559,12.667,0.88,4.37,748.1,748.1,501.6,100,20.0,0.8,HOLD_RPM,0.00,0.00,0.00,0,0.0,2222,0,1812.6,1828.0
1282.2500,1290718,2000.0,1812.6,2.559,12.667,0.88,4.37,748.1,748.1,501.6,100,20.0,0.8,HOLD_RPM,0.00,0.00,0.00,0,0.0,2223,0,1812.6,1845.6
1282.3000,1290768,2000.0,1851.1,1.084,13.177,0.38,4.64,956.6,956.6,501.6,100,20.0,0.8,HOLD_RPM,0.00,0.00,0.00,0,0.0,2223,0,1851.1,1861.2
1282.3500,1290818,2000.0,1851.1,1.084,13.177,0.38,4.64,956.6,956.6,502.3,100,20.0,1.1,HOLD_RPM,0.00,0.00,0.00,0,0.0,2223,0,1851.1,1880.1
1282.4000,1290868,2000.0,1882.7,1.084,13.596,0.39,4.87,956.6,956.6,502.3,100,20.0,1.1,HOLD_RPM,0.00,0.00,0.00,0,0.0,2226,0,1882.7,1893.2
1282.4500,1290918,2000.0,1882.7,-0.103,13.596,-0.04,4.87,920.9,920.9,502.3,100,20.0,1.1,HOLD_RPM,0.00,0.00,0.00,0,0.0,2227,0,1882.7,1904.0
1282.5000,1290968,2000.0,1907.1,-0.103,13.875,-0.04,5.04,920.9,920.9,502.6,100,20.0,1.3,HOLD_RPM,0.00,0.00,0.00,0,0.0,2227,0,1907.1,1912.5
1282.5500,1291018,2000.0,1907.1,-0.103,13.875,-0.04,5.04,920.9,920.9,502.6,100,20.0,1.3,HOLD_RPM,0.00,0.00,0.00,0,0.0,2227,0,1907.1,1933.4
1282.6000,1291068,2000.0,1937.3,2.522,14.087,0.93,5.20,740.0,740.0,502.6,100,20.0,1.3,HOLD_RPM,0.00,0.00,0.00,0,0.0,2227,0,1937.3,1948.1
1282.6500,1291118,2000.0,1937.3,2.522,14.087,0.93,5.20,740.0,740.0,502.8,100,20.0,1.4,HOLD_RPM,0.00,0.00,0.00,0,0.0,2227,0,1937.3,1951.0
1282.7000,1291168,2000.0,1951.0,2.522,14.184,0.94,5.27,740.0,740.0,502.8,100,20.0,1.4,HOLD_RPM,0.00,0.00,0.00,0,0.0,2228,0,1951.0,1952.9
1282.7500,1291218,2000.0,1951.0,-3.916,14.184,-1.45,5.27,481.2,481.2,502.8,100,20.0,1.4,HOLD_RPM,0.00,0.00,0.00,0,0.0,2228,0,1951.0,1964.4
1282.8000,1291268,2000.0,1965.0,-3.916,14.283,-1.47,5.34,481.2,481.2,502.8,100,20.0,1.4,HOLD_RPM,0.00,0.00,0.00,0,0.0,2228,0,1965.0,1970.3
1282.8500,1291318,2000.0,1965.0,-3.916,14.283,-1.47,5.34,481.2,481.2,500.9,100,20.0,0.4,HOLD_RPM,0.00,0.00,0.00,0,0.0,2228,0,1965.0,1973.2
1282.9000,1291368,2000.0,1977.6,-3.916,14.371,-1.47,5.41,481.2,481.2,500.9,100,20.0,0.4,HOLD_RPM,0.00,0.00,0.00,0,0.0,2228,0,1977.6,1986.2
1282.9500,1291418,2000.0,1977.6,3.149,14.371,1.19,5.41,1062.5,1062.5,500.9,100,20.0,0.4,HOLD_RPM,0.00,0.00,0.00,0,0.0,2229,0,1977.6,1986.6
1283.0000,1291468,2000.0,1989.8,3.149,14.457,1.19,5.48,1062.5,1062.5,502.1,100,20.0,1.1,HOLD_RPM,0.00,0.00,0.00,0,0.0,2229,0,1989.8,1996.9
1283.0500,1291518,2000.0,1989.8,3.149,14.457,1.19,5.48,1062.5,1062.5,502.1,100,20.0,1.1,HOLD_RPM,0.00,0.00,0.00,0,0.0,2230,0,1989.8,2001.9
1283.1000,1291568,2000.0,2006.2,8.497,14.543,3.25,5.56,1074.7,1074.7,502.1,100,20.0,1.1,HOLD_RPM,0.00,0.00,0.00,0,0.0,2230,0,2006.2,2013.6
1283.1500,1291618,2000.0,2006.2,8.497,14.543,3.25,5.56,1074.7,1074.7,501.6,100,20.0,0.8,HOLD_RPM,0.93,100.03,100.96,0,0.0,2230,0,2006.2,2021.9
1283.2000,1291668,2000.0,2025.4,8.497,14.588,3.28,5.63,1074.7,1074.7,501.6,100,20.0,0.8,HOLD_RPM,0.93,100.06,101.00,0,0.0,2230,0,2025.4,2032.9
1283.2500,1291718,2000.0,2025.4,3.828,14.588,1.48,5.63,422.2,422.2,501.6,107,21.4,0.8,HOLD_RPM,3.81,100.19,109.75,0,0.0,2231,0,2025.4,2038.9
1283.3000,1291768,2000.0,2038.7,3.828,14.619,1.49,5.67,422.2,422.2,499.6,104,20.8,-0.2,HOLD_RPM,3.81,100.32,104.13,0,0.0,2231,0,2038.7,2040.3
1283.3500,1291818,2000.0,2038.7,3.828,14.619,1.49,5.67,422.2,422.2,499.6,109,21.8,-0.2,HOLD_RPM,5.81,100.51,110.32,0,0.0,2231,0,2038.7,2046.5
1283.4000,1291868,2000.0,2052.9,5.871,14.652,2.29,5.73,929.1,929.1,499.6,106,21.2,-0.2,HOLD_RPM,5.81,100.70,106.51,0,0.0,2232,0,2052.9,2059.4
1283.4500,1291918,2000.0,2052.9,5.871,14.652,2.29,5.73,929.1,929.1,499.6,112,22.4,-0.2,HOLD_RPM,7.93,100.97,113.14,0,0.0,2235,0,2052.9,2069.9
1283.5000,1291968,2000.0,2069.3,5.871,14.690,2.31,5.79,929.1,929.1,504.3,109,21.8,2.1,HOLD_RPM,7.93,101.23,109.16,0,0.0,2235,0,2069.3,2068.8
1283.5500,1292018,2000.0,2069.3,5.871,14.690,2.31,5.79,929.1,929.1,504.3,115,23.0,2.1,HOLD_RPM,10.39,101.58,116.89,0,0.0,2235,0,2069.3,2068.5
1283.6000,1292068,2000.0,2069.0,3.113,14.689,1.23,5.79,561.6,561.6,504.3,112,22.4,2.1,HOLD_RPM,10.39,101.93,112.32,0,0.0,2236,0,2069.0,2069.2
1283.6500,1292118,2000.0,2069.0,3.113,14.689,1.23,5.79,561.6,561.6,500.9,112,22.4,0.4,HOLD_RPM,10.36,102.27,112.56,0,0.0,2236,0,2069.0,2072.0
1283.7000,1292168,2000.0,2072.1,3.113,14.696,1.23,5.80,561.6,561.6,500.9,112,22.4,0.4,HOLD_RPM,10.36,102.62,112.97,0,0.0,2236,0,2072.1,2072.3
1283.7500,1292218,2000.0,2072.1,2.183,14.696,0.86,5.80,706.2,706.2,500.9,114,22.8,0.4,HOLD_RPM,10.82,102.98,114.73,0,0.0,2237,0,2072.1,2080.9
1283.8000,1292268,2000.0,2081.2,2.183,14.717,0.87,5.83,706.2,706.2,503.9,114,22.8,1.9,HOLD_RPM,10.82,103.34,114.16,0,0.0,2237,0,2081.2,2083.6
1283.8500,1292318,2000.0,2081.2,2.183,14.717,0.87,5.83,706.2,706.2,503.9,118,23.6,1.9,HOLD_RPM,12.18,103.74,118.65,0,0.0,2238,0,2081.2,2084.2
1283.9000,1292368,2000.0,2089.6,-6.041,14.737,-2.40,5.86,584.7,584.7,503.9,116,23.2,1.9,HOLD_RPM,12.18,104.15,116.33,0,0.0,2239,0,2089.6,2095.5
1283.9500,1292418,2000.0,2089.6,-6.041,14.737,-2.40,5.86,584.7,584.7,498.4,120,24.0,-0.8,HOLD_RPM,13.44,104.60,120.55,0,0.0,2239,0,2089.6,2101.1
1284.0000,1292468,2000.0,2101.6,-6.041,14.741,-2.42,5.90,584.7,584.7,498.4,118,23.6,-0.8,HOLD_RPM,13.44,105.05,118.49,0,0.0,2239,0,2101.6,2105.5
1284.0500,1292518,2000.0,2101.6,-3.039,14.741,-1.22,5.90,1056.9,1056.9,498.4,124,24.8,-0.8,HOLD_RPM,15.24,105.55,124.40,0,0.0,2239,0,2101.6,2114.0
1284.1000,1292568,2000.0,2112.7,-3.039,14.604,-1.22,5.87,1056.9,1056.9,503.6,121,24.2,1.8,HOLD_RPM,15.24,106.06,121.30,0,0.0,2239,0,2112.7,2113.2
1284.1500,1292618,2000.0,2112.7,-3.039,14.604,-1.22,5.87,1056.9,1056.9,503.6,126,25.2,1.8,HOLD_RPM,16.91,106.63,126.85,0,0.0,2240,0,2112.7,2108.1
1284.2000,1292668,2000.0,2111.7,-6.520,14.616,-2.62,5.88,582.5,582.5,503.6,124,24.8,1.8,HOLD_RPM,16.91,107.19,124.09,0,0.0,2240,0,2111.7,2115.3
1284.2500,1292718,2000.0,2111.7,-6.520,14.616,-2.62,5.88,582.5,582.5,503.6,124,24.8,1.8,HOLD_RPM,16.76,107.75,124.21,0,0.0,2240,0,2111.7,2120.4
1284.3000,1292768,2000.0,2123.2,-6.520,14.474,-2.64,5.85,582.5,582.5,501.9,125,25.0,0.9,HOLD_RPM,16.76,108.31,125.06,0,0.0,2240,0,2123.2,2124.6
1284.3500,1292818,2000.0,2123.2,-6.520,14.474,-2.64,5.85,582.5,582.5,501.9,130,26.0,0.9,HOLD_RPM,18.48,108.92,130.84,0,0.0,2240,0,2123.2,2119.8
1284.4000,1292868,2000.0,2120.7,4.093,14.505,1.65,5.86,960.9,960.9,501.9,128,25.6,0.9,HOLD_RPM,18.48,109.54,128.01,0,0.0,2240,0,2120.7,2121.5
1284.4500,1292918,2000.0,2120.7,4.093,14.505,1.65,5.86,960.9,960.9,501.3,127,25.4,0.6,HOLD_RPM,18.10,110.14,127.49,0,0.0,2240,0,2120.7,2115.0
1284.5000,1292968,2000.0,2115.8,4.093,14.565,1.65,5.87,960.9,960.9,501.3,128,25.6,0.6,HOLD_RPM,18.10,110.74,128.84,0,0.0,2240,0,2115.8,2112.9
1284.5500,1293018,2000.0,2115.8,-0.774,14.565,-0.31,5.87,842.5,842.5,501.3,127,25.4,0.6,HOLD_RPM,17.37,111.32,127.24,0,0.0,2241,0,2115.8,2114.9
1284.6000,1293068,2000.0,2117.1,-0.774,14.549,-0.31,5.86,842.5,842.5,503.2,129,25.8,1.6,HOLD_RPM,17.37,111.90,129.27,0,0.0,2241,0,2117.1,2119.8
1284.6500,1293118,2000.0,2117.1,-0.774,14.549,-0.31,5.86,842.5,842.5,503.2,130,26.0,1.6,HOLD_RPM,17.56,112.49,130.44,0,0.0,2241,0,2117.1,2120.8
1284.7000,1293168,2000.0,2120.6,-8.349,14.506,-3.37,5.86,732.5,732.5,503.2,130,26.0,1.6,HOLD_RPM,17.56,113.07,130.64,0,0.0,2241,0,2120.6,2118.9
1284.7500,1293218,2000.0,2120.6,-8.349,14.506,-3.37,5.86,732.5,732.5,503.8,132,26.4,1.9,HOLD_RPM,18.09,113.68,132.82,0,0.0,2242,0,2120.6,2111.8
1284.8000,1293268,2000.0,2115.1,-8.349,14.574,-3.36,5.87,732.5,732.5,503.8,132,26.4,1.9,HOLD_RPM,18.09,114.28,132.37,0,0.0,2242,0,2115.1,2115.1
1284.8500,1293318,2000.0,2115.1,3.791,14.574,1.53,5.87,970.6,970.6,503.8,130,26.0,1.9,HOLD_RPM,17.27,114.86,130.49,0,0.0,2242,0,2115.1,2112.7
1284.9000,1293368,2000.0,2110.8,3.791,14.627,1.52,5.88,970.6,970.6,503.8,132,26.4,1.9,HOLD_RPM,17.27,115.43,132.70,0,0.0,2243,0,2110.8,2108.1
1284.9500,1293418,2000.0,2110.8,3.791,14.627,1.52,5.88,970.6,970.6,500.1,131,26.2,0.1,HOLD_RPM,16.61,115.98,131.28,0,0.0,2243,0,2110.8,2103.6
1285.0000,1293468,2000.0,2099.7,3.791,14.760,1.52,5.90,970.6,970.6,500.1,133,26.6,0.1,HOLD_RPM,16.61,116.54,133.15,0,0.0,2243,0,2099.7,2094.9
1285.0500,1293518,2000.0,2099.7,-4.234,14.760,-1.69,5.90,566.6,566.6,500.1,128,25.6,0.1,HOLD_RPM,14.96,117.04,128.68,0,0.0,2244,0,2099.7,2092.2
1285.1000,1293568,2000.0,2083.3,-4.234,14.722,-1.68,5.84,566.6,566.6,500.6,132,26.4,0.3,HOLD_RPM,14.96,117.54,132.49,0,0.0,2244,0,2083.3,2071.1
1285.1500,1293618,2000.0,2083.3,-4.234,14.722,-1.68,5.84,566.6,566.6,500.6,126,25.2,0.3,HOLD_RPM,12.49,117.95,125.51,0,0.0,2245,0,2083.3,2077.7
1285.2000,1293668,2000.0,2080.0,-1.453,14.715,-0.58,5.83,687.2,687.2,500.6,130,26.0,0.3,HOLD_RPM,12.49,118.37,130.86,0,0.0,2246,0,2080.0,2084.1
1285.2500,1293718,2000.0,2080.0,-1.453,14.715,-0.58,5.83,687.2,687.2,504.4,129,25.8,2.2,HOLD_RPM,12.00,118.77,129.80,0,0.0,2247,0,2080.0,2084.9
1285.3000,1293768,2000.0,2083.7,-1.453,14.723,-0.58,5.84,687.2,687.2,504.4,131,26.2,2.2,HOLD_RPM,12.00,119.17,131.17,0,0.0,2248,0,2083.7,2080.2
1285.3500,1293818,2000.0,2083.7,-1.896,14.723,-0.75,5.84,686.2,686.2,504.4,133,26.6,2.2,HOLD_RPM,12.56,119.59,133.26,0,0.0,2248,0,2083.7,2081.4
1285.4000,1293868,2000.0,2080.8,-1.896,14.716,-0.75,5.83,686.2,686.2,498.8,132,26.4,-0.6,HOLD_RPM,12.56,120.01,132.56,0,0.0,2248,0,2080.8,2076.9
1285.4500,1293918,2000.0,2080.8,-1.896,14.716,-0.75,5.83,686.2,686.2,498.8,131,26.2,-0.6,HOLD_RPM,12.12,120.41,131.66,0,0.0,2248,0,2080.8,2077.7
1285.5000,1293968,2000.0,2076.6,5.878,14.707,2.32,5.81,935.9,935.9,498.8,132,26.4,-0.6,HOLD_RPM,12.12,120.81,132.94,0,0.0,2249,0,2076.6,2072.8
1285.5500,1294018,2000.0,2076.6,5.878,14.707,2.32,5.81,935.9,935.9,503.6,131,26.2,1.8,HOLD_RPM,11.49,121.20,131.43,0,0.0,2249,0,2076.6,2073.9
1285.6000,1294068,2000.0,2077.9,5.878,14.710,2.33,5.82,935.9,935.9,503.6,133,26.6,1.8,HOLD_RPM,11.49,121.58,133.07,0,0.0,2249,0,2077.9,2082.2
1285.6500,1294118,2000.0,2077.9,4.979,14.710,1.97,5.82,1016.2,1016.2,503.6,134,26.8,1.8,HOLD_RPM,11.68,121.97,134.02,0,0.0,2250,0,2077.9,2092.9
1285.7000,1294168,2000.0,2092.4,4.979,14.743,1.98,5.87,1016.2,1016.2,503.6,134,26.8,1.8,HOLD_RPM,11.68,122.36,134.04,0,0.0,2251,0,2092.4,2091.8
1285.7500,1294218,2000.0,2092.4,4.979,14.743,1.98,5.87,1016.2,1016.2,498.4,140,28.0,-0.8,HOLD_RPM,13.86,122.82,141.03,0,0.0,2251,0,2092.4,2104.0
1285.8000,1294268,2000.0,2108.5,4.979,14.656,2.00,5.88,1016.2,1016.2,498.4,137,27.4,-0.8,HOLD_RPM,13.86,123.28,137.14,0,0.0,2251,0,2108.5,2118.9
1285.8500,1294318,2000.0,2108.5,9.979,14.656,4.01,5.88,808.4,808.4,498.4,143,28.6,-0.8,HOLD_RPM,16.28,123.82,144.95,0,0.0,2251,0,2108.5,2135.6
1285.9000,1294368,2000.0,2138.6,9.979,14.283,4.06,5.82,808.4,808.4,502.0,140,28.0,1.0,HOLD_RPM,16.28,124.37,140.65,0,0.0,2251,0,2138.6,2147.8
1285.9500,1294418,2000.0,2138.6,9.979,14.283,4.06,5.82,808.4,808.4,502.0,148,29.6,1.0,HOLD_RPM,20.79,125.06,154.86,0,0.0,2253,0,2138.6,2169.0
1286.0000,1294468,2000.0,2178.2,10.614,13.793,4.40,5.72,989.7,989.7,502.0,154,30.8,1.0,HOLD_RPM,20.79,125.75,146.54,0,0.0,2254,0,2178.2,2193.1
1286.0500,1294518,2000.0,2178.2,10.614,13.793,4.40,5.72,989.7,989.7,505.3,161,32.2,2.6,HOLD_RPM,26.74,126.64,165.28,0,0.0,2255,0,2178.2,2215.9
1286.1000,1294568,2000.0,2218.4,10.614,13.439,4.48,5.68,989.7,989.7,505.3,163,32.6,2.6,HOLD_RPM,26.74,127.54,154.27,0,0.0,2255,0,2218.4,2227.8
1286.1500,1294618,2000.0,2218.4,12.804,13.439,5.41,5.68,941.6,941.6,505.3,161,32.2,2.6,HOLD_RPM,32.77,128.63,173.45,0,0.0,2256,0,2218.4,2240.0
1286.2000,1294668,2000.0,2239.9,12.804,13.341,5.46,5.69,941.6,941.6,504.4,166,33.2,2.2,HOLD_RPM,32.77,129.72,162.49,0,0.0,2256,0,2239.9,2240.9
1286.2500,1294718,2000.0,2239.9,12.804,13.341,5.46,5.69,941.6,941.6,504.4,166,33.2,2.2,HOLD_RPM,35.99,130.92,173.35,0,0.0,2257,0,2239.9,2252.7
1286.3000,1294768,2000.0,2254.0,20.261,13.277,8.70,5.70,1069.4,1069.4,504.4,173,34.6,2.2,HOLD_RPM,35.99,132.12,168.11,0,0.0,2257,0,2254.0,2259.4
1286.3500,1294818,2000.0,2254.0,20.261,13.277,8.70,5.70,1069.4,1069.4,504.4,175,35.0,2.2,HOLD_RPM,38.10,133.39,175.72,0,0.0,2258,0,2254.0,2275.8
1286.4000,1294868,2000.0,2278.7,20.261,13.165,8.79,5.71,1069.4,1069.4,503.4,172,34.4,1.7,HOLD_RPM,38.10,134.66,172.76,0,0.0,2259,0,2278.7,2288.9
1286.4500,1294918,2000.0,2278.7,20.261,13.165,8.79,5.71,1069.4,1069.4,503.4,179,35.8,1.7,HOLD_RPM,41.81,136.05,185.28,0,0.0,2259,0,2278.7,2300.8
1286.5000,1294968,2000.0,2300.7,21.286,13.087,9.32,5.73,1016.9,1016.9,503.4,184,36.8,1.7,HOLD_RPM,41.81,137.45,179.26,0,0.0,2259,0,2300.7,2303.7
1286.5500,1295018,2000.0,2300.7,21.286,13.087,9.32,5.73,1016.9,1016.9,505.8,185,37.0,2.9,HOLD_RPM,45.11,138.95,190.67,0,0.0,2261,0,2300.7,2299.1
1286.6000,1295068,2000.0,2305.2,21.286,13.213,9.34,5.80,1016.9,1016.9,505.8,190,38.0,2.9,HOLD_RPM,45.11,140.45,185.57,0,0.0,2261,0,2305.2,2314.5
1286.6500,1295118,2000.0,2305.2,26.921,13.213,11.82,5.80,821.2,821.2,505.8,189,37.8,2.9,HOLD_RPM,45.77,141.98,189.08,0,0.0,2261,0,2305.2,2327.6
1286.7000,1295168,2000.0,2331.7,26.921,13.952,11.95,6.19,821.2,821.2,502.9,189,37.8,1.4,HOLD_RPM,45.77,143.51,189.28,0,0.0,2263,0,2331.7,2339.9
1286.7500,1295218,2000.0,2331.7,26.921,13.952,11.95,6.19,821.2,821.2,502.9,196,39.2,1.4,HOLD_RPM,49.76,145.16,202.89,0,0.0,2263,0,2331.7,2334.8
1286.8000,1295268,2000.0,2339.8,28.603,14.178,12.74,6.32,763.1,763.1,502.9,201,40.2,1.4,HOLD_RPM,49.76,146.82,196.58,0,0.0,2264,0,2339.8,2348.2
1286.8500,1295318,2000.0,2339.8,28.603,14.178,12.74,6.32,763.1,763.1,498.9,201,40.2,-0.6,HOLD_RPM,50.97,148.52,201.90,0,0.0,2264,0,2339.8,2351.9
1286.9000,1295368,2000.0,2353.8,28.603,14.569,12.82,6.53,763.1,763.1,498.9,201,40.2,-0.6,HOLD_RPM,50.97,150.22,201.19,0,0.0,2264,0,2353.8,2362.5
1286.9500,1295418,2000.0,2353.8,29.930,14.569,13.41,6.53,746.2,746.2,498.9,208,41.6,-0.6,HOLD_RPM,53.07,151.99,209.28,0,0.0,2264,0,2353.8,2368.2
1287.0000,1295468,2000.0,2372.0,29.930,15.077,13.52,6.81,746.2,746.2,503.6,206,41.2,1.8,HOLD_RPM,53.07,153.76,206.83,0,0.0,2264,0,2372.0,2383.2
1287.0500,1295518,2000.0,2372.0,29.930,15.077,13.52,6.81,746.2,746.2,503.6,212,42.4,1.8,HOLD_RPM,55.81,155.62,216.89,0,0.0,2264,0,2372.0,2386.4
1287.1000,1295568,2000.0,2389.9,28.986,15.576,13.19,7.09,893.4,893.4,503.6,215,43.0,1.8,HOLD_RPM,55.81,157.48,213.28,0,0.0,2264,0,2389.9,2397.1
1287.1500,1295618,2000.0,2389.9,28.986,15.576,13.19,7.09,893.4,893.4,503.6,219,43.8,1.8,HOLD_RPM,58.49,159.43,223.28,0,0.0,2264,0,2389.9,2403.5
1287.2000,1295668,2000.0,2407.4,28.986,16.128,13.29,7.39,893.4,893.4,504.0,221,44.2,2.0,HOLD_RPM,58.49,161.38,219.87,0,0.0,2264,0,2407.4,2418.5
1287.2500,1295718,2000.0,2407.4,28.986,16.128,13.29,7.39,893.4,893.4,504.0,225,45.0,2.0,HOLD_RPM,61.11,163.42,229.77,0,0.0,2264,0,2407.4,2425.3
1287.3000,1295768,2000.0,2428.8,18.033,16.908,8.34,7.82,521.2,521.2,504.0,226,45.2,2.0,HOLD_RPM,61.11,165.45,226.56,0,0.0,2264,0,2428.8,2437.6
1287.3500,1295818,2000.0,2428.8,18.033,16.908,8.34,7.82,521.2,521.2,504.1,233,46.6,2.1,HOLD_RPM,64.31,167.60,238.32,0,0.0,2264,0,2428.8,2451.2
1287.4000,1295868,2000.0,2457.2,18.033,17.944,8.44,8.40,521.2,521.2,504.1,238,47.6,2.1,HOLD_RPM,64.31,169.74,234.05,0,0.0,2264,0,2457.2,2474.9
1287.4500,1295918,2000.0,2457.2,23.041,17.944,10.78,8.40,1034.7,1034.7,504.1,238,47.6,2.1,HOLD_RPM,68.58,172.03,249.13,0,0.0,2265,0,2457.2,2495.1
1287.5000,1295968,2000.0,2498.6,23.041,19.453,10.96,9.25,1034.7,1034.7,499.5,244,48.8,-0.2,HOLD_RPM,68.58,174.31,242.89,0,0.0,2266,0,2498.6,2510.5
1287.5500,1296018,2000.0,2498.6,23.041,19.453,10.96,9.25,1034.7,1034.7,499.5,251,50.2,-0.2,HOLD_RPM,74.79,176.80,264.03,0,0.0,2266,0,2498.6,2517.7
1287.6000,1296068,2000.0,2520.3,14.449,19.639,6.93,9.42,601.6,601.6,499.5,263,52.6,-0.2,HOLD_RPM,74.79,179.30,254.09,0,0.0,2266,0,2520.3,2523.1
1287.6500,1296118,2000.0,2520.3,14.449,19.639,6.93,9.42,601.6,601.6,505.5,269,53.8,2.8,HOLD_RPM,78.05,181.90,266.47,0,0.0,2267,0,2520.3,2524.1
1287.7000,1296168,2000.0,2527.0,14.449,19.683,6.95,9.47,601.6,601.6,505.5,262,52.4,2.8,HOLD_RPM,78.05,184.50,262.55,0,0.0,2269,0,2527.0,2525.7
1287.7500,1296218,2000.0,2527.0,4.226,19.683,2.03,9.47,479.4,479.4,505.5,267,53.4,2.8,HOLD_RPM,79.05,187.14,268.19,0,0.0,2269,0,2527.0,2529.4
1287.8000,1296268,2000.0,2530.0,4.226,19.703,2.04,9.49,479.4,479.4,505.5,268,53.6,2.8,HOLD_RPM,79.05,189.77,268.82,0,0.0,2269,0,2530.0,2533.9
1287.8500,1296318,2000.0,2530.0,4.226,19.703,2.04,9.49,479.4,479.4,504.9,272,54.4,2.4,HOLD_RPM,79.50,192.42,272.82,0,0.0,2270,0,2530.0,2526.2
1287.9000,1296368,2000.0,2527.6,4.226,19.687,2.03,9.47,479.4,479.4,504.9,274,54.8,2.4,HOLD_RPM,79.50,195.07,274.57,0,0.0,2270,0,2527.6,2531.0
1287.9500,1296418,2000.0,2527.6,4.057,19.687,1.95,9.47,1061.9,1061.9,504.9,276,55.2,2.4,HOLD_RPM,79.14,197.71,276.13,0,0.0,2270,0,2527.6,2532.6
1288.0000,1296468,2000.0,2533.1,4.057,19.724,1.96,9.51,1061.9,1061.9,500.6,279,55.8,0.3,HOLD_RPM,79.14,200.35,279.49,0,0.0,2271,0,2533.1,2529.3
1288.0500,1296518,2000.0,2533.1,4.057,19.724,1.96,9.51,1061.9,1061.9,500.6,284,56.8,0.3,HOLD_RPM,79.97,203.01,284.63,0,0.0,2272,0,2533.1,2529.3
1288.1000,1296568,2000.0,2529.9,2.205,19.703,1.06,9.49,933.1,933.1,500.6,285,57.0,0.3,HOLD_RPM,79.97,205.68,285.65,0,0.0,2272,0,2529.9,2530.5
1288.1500,1296618,2000.0,2529.9,2.205,19.703,1.06,9.49,933.1,933.1,500.4,286,57.2,0.2,HOLD_RPM,79.49,208.33,286.85,0,0.0,2273,0,2529.9,2532.2
1288.2000,1296668,2000.0,2533.8,2.205,19.729,1.06,9.52,933.1,933.1,500.4,290,58.0,0.2,HOLD_RPM,79.49,210.98,290.46,0,0.0,2273,0,2533.8,2531.5
1288.2500,1296718,2000.0,2533.8,-3.607,19.729,-1.74,9.52,558.4,558.4,500.4,294,58.8,0.2,HOLD_RPM,80.07,213.65,294.89,0,0.0,2273,0,2533.8,2528.0
1288.3000,1296768,2000.0,2531.2,-3.607,19.711,-1.74,9.50,558.4,558.4,503.5,296,59.2,1.8,HOLD_RPM,80.07,216.32,296.39,0,0.0,2273,0,2531.2,2533.9
1288.3500,1296818,2000.0,2531.2,-3.607,19.711,-1.74,9.50,558.4,558.4,503.5,297,59.4,1.8,HOLD_RPM,79.68,218.97,297.87,0,0.0,2276,0,2531.2,2541.2
1288.4000,1296868,2000.0,2541.3,-5.156,19.778,-2.49,9.57,693.1,693.1,503.5,301,60.2,1.8,HOLD_RPM,79.68,221.63,301.31,0,0.0,2277,0,2541.3,2542.4
1288.4500,1296918,2000.0,2541.3,-5.156,19.778,-2.49,9.57,693.1,693.1,505.4,307,61.4,2.7,HOLD_RPM,81.20,224.34,308.58,0,0.0,2277,0,2541.3,2538.2
1288.5000,1296968,2000.0,2539.3,-5.156,19.765,-2.49,9.56,693.1,693.1,505.4,308,61.6,2.7,HOLD_RPM,81.20,227.04,308.24,0,0.0,2278,0,2539.3,2540.9
1288.5500,1297018,2000.0,2539.3,2.773,19.765,1.34,9.56,1104.7,1104.7,505.4,309,61.8,2.7,HOLD_RPM,80.89,229.74,310.00,0,0.0,2278,0,2539.3,2535.4
1288.6000,1297068,2000.0,2536.3,2.773,19.745,1.34,9.54,1104.7,1104.7,505.4,313,62.6,2.7,HOLD_RPM,80.89,232.43,313.32,0,0.0,2278,0,2536.3,2532.6
1288.6500,1297118,2000.0,2536.3,2.773,19.745,1.34,9.54,1104.7,1104.7,501.0,314,62.8,0.5,HOLD_RPM,80.44,235.12,314.66,0,0.0,2279,0,2536.3,2527.3
1288.7000,1297168,2000.0,2524.9,2.773,19.670,1.33,9.46,1104.7,1104.7,501.0,318,63.6,0.5,HOLD_RPM,80.44,237.80,318.24,0,0.0,2280,0,2524.9,2518.8
1288.7500,1297218,2000.0,2524.9,6.284,19.670,3.02,9.46,1052.0,1052.0,501.0,315,63.0,0.5,HOLD_RPM,78.73,240.42,315.74,0,0.0,2281,0,2524.9,2508.7
1288.8000,1297268,2000.0,2506.4,6.284,19.547,3.00,9.33,1052.0,1052.0,500.4,321,64.2,0.2,HOLD_RPM,78.73,243.05,321.78,0,0.0,2281,0,2506.4,2495.8
1288.8500,1297318,2000.0,2506.4,6.284,19.547,3.00,9.33,1052.0,1052.0,500.4,317,63.4,0.2,HOLD_RPM,75.96,245.58,316.00,0,0.0,2281,0,2506.4,2491.6
1288.9000,1297368,2000.0,2493.0,10.112,19.249,4.80,9.14,694.4,694.4,500.4,321,64.2,0.2,HOLD_RPM,75.96,248.11,324.07,0,0.0,2282,0,2493.0,2490.9
1288.9500,1297418,2000.0,2493.0,10.112,19.249,4.80,9.14,694.4,694.4,499.3,322,64.4,-0.4,HOLD_RPM,73.96,250.58,320.52,0,0.0,2282,0,2493.0,2485.9
1289.0000,1297468,2000.0,2486.6,10.112,19.016,4.79,9.00,694.4,694.4,499.3,322,64.4,-0.4,HOLD_RPM,73.96,253.04,327.00,0,0.0,2283,0,2486.6,2487.7
1289.0500,1297518,2000.0,2486.6,7.862,19.016,3.72,9.00,933.1,933.1,499.3,326,65.2,-0.4,HOLD_RPM,72.99,255.47,326.53,0,0.0,2283,0,2486.6,2491.4
1289.1000,1297568,2000.0,2497.1,7.862,19.399,3.74,9.22,933.1,933.1,506.4,330,66.0,3.2,HOLD_RPM,72.99,257.91,330.90,0,0.0,2285,0,2497.1,2506.8
1289.1500,1297618,2000.0,2497.1,7.862,19.399,3.74,9.22,933.1,933.1,506.4,337,67.4,3.2,HOLD_RPM,74.57,260.39,338.11,0,0.0,2288,0,2497.1,2508.2
1289.2000,1297668,2000.0,2511.6,10.068,19.581,4.81,9.36,701.2,701.2,506.4,337,67.4,3.2,HOLD_RPM,74.57,262.88,337.44,0,0.0,2290,0,2511.6,2517.2
1289.2500,1297718,2000.0,2511.6,10.068,19.581,4.81,9.36,701.2,701.2,506.4,344,68.8,3.2,HOLD_RPM,76.74,265.44,346.52,0,0.0,2291,0,2511.6,2510.8
1289.3000,1297768,2000.0,2511.4,10.068,19.580,4.81,9.36,701.2,701.2,509.0,344,68.8,4.5,HOLD_RPM,76.74,267.99,344.73,0,0.0,2291,0,2511.4,2516.6
1289.3500,1297818,2000.0,2511.4,10.068,19.580,4.81,9.36,701.2,701.2,509.0,347,69.4,4.5,HOLD_RPM,76.72,270.55,347.22,0,0.0,2291,0,2511.4,2514.9
1289.4000,1297868,2000.0,2518.4,10.392,19.626,4.98,9.41,494.1,494.1,509.0,349,69.8,4.5,HOLD_RPM,76.72,273.11,349.83,0,0.0,2291,0,2518.4,2523.3
1289.4500,1297918,2000.0,2518.4,10.392,19.626,4.98,9.41,494.1,494.1,504.9,355,71.0,2.4,HOLD_RPM,77.75,275.70,355.53,0,0.0,2291,0,2518.4,2529.3
1289.5000,1297968,2000.0,2530.6,10.392,19.707,5.01,9.50,494.1,494.1,504.9,356,71.2,2.4,HOLD_RPM,77.75,278.29,356.05,0,0.0,2292,0,2530.6,2536.0
1289.5500,1298018,2000.0,2530.6,12.509,19.707,6.03,9.50,1157.5,1157.5,504.9,363,72.6,2.4,HOLD_RPM,79.58,280.94,364.19,0,0.0,2293,0,2530.6,2543.6
1289.6000,1298068,2000.0,2540.4,12.509,19.772,6.05,9.56,1157.5,1157.5,513.1,363,72.6,6.6,HOLD_RPM,79.58,283.60,363.18,0,0.0,2294,0,2540.4,2534.6
1289.6500,1298118,2000.0,2540.4,12.509,19.772,6.05,9.56,1157.5,1157.5,513.1,369,73.8,6.6,HOLD_RPM,81.06,286.30,370.31,0,0.0,2294,0,2540.4,2538.5
1289.7000,1298168,2000.0,2541.1,10.931,19.777,5.29,9.57,861.6,861.6,513.1,370,74.0,6.6,HOLD_RPM,81.06,289.00,370.06,0,0.0,2295,0,2541.1,2542.8
1289.7500,1298218,2000.0,2541.1,10.931,19.777,5.29,9.57,861.6,861.6,517.4,373,74.6,8.7,HOLD_RPM,81.17,291.71,373.08,0,0.0,2296,0,2541.1,2553.7
1289.8000,1298268,2000.0,2553.6,10.931,19.860,5.31,9.66,861.6,861.6,517.4,375,75.0,8.7,HOLD_RPM,81.17,294.41,375.58,0,0.0,2296,0,2553.6,2559.7
1289.8500,1298318,2000.0,2553.6,12.170,19.860,5.92,9.66,614.7,614.7,517.4,382,76.4,8.7,HOLD_RPM,83.04,297.18,383.97,0,0.0,2296,0,2553.6,2557.3
1289.9000,1298368,2000.0,2555.0,12.170,19.869,5.92,9.67,614.7,614.7,525.0,382,76.4,12.5,HOLD_RPM,83.04,299.95,382.99,0,0.0,2296,0,2555.0,2551.0
1289.9500,1298418,2000.0,2555.0,12.170,19.869,5.92,9.67,614.7,614.7,525.0,386,77.2,12.5,HOLD_RPM,83.25,302.72,386.40,0,0.0,2298,0,2555.0,2547.1
1290.0000,1298468,2000.0,2545.5,12.192,19.806,5.91,9.60,694.1,694.1,525.0,388,77.6,12.5,HOLD_RPM,83.25,305.50,388.75,0,0.0,2298,0,2545.5,2541.4
1290.0500,1298518,2000.0,2545.5,12.192,19.806,5.91,9.60,694.1,694.1,525.0,387,77.4,12.5,HOLD_RPM,81.83,308.23,387.21,0,0.0,2298,0,2545.5,2535.4
1290.1000,1298568,2000.0,2536.9,12.192,19.749,5.89,9.54,694.1,694.1,518.6,392,78.4,9.3,HOLD_RPM,81.83,310.95,392.78,0,0.0,2298,0,2536.9,2538.5
1290.1500,1298618,2000.0,2536.9,12.192,19.749,5.89,9.54,694.1,694.1,518.6,391,78.2,9.3,HOLD_RPM,80.53,313.64,391.58,0,0.0,2299,0,2536.9,2530.5
1290.2000,1298668,2000.0,2526.6,-1.158,19.681,-0.56,9.47,501.2,501.2,518.6,396,79.2,9.3,HOLD_RPM,80.53,316.32,396.86,0,0.0,2301,0,2526.6,2524.1
1290.2500,1298718,2000.0,2526.6,-1.158,19.681,-0.56,9.47,501.2,501.2,521.1,394,78.8,10.6,HOLD_RPM,78.99,318.96,394.87,0,0.0,2301,0,2526.6,2527.1
1290.3000,1298768,2000.0,2526.7,-1.158,19.681,-0.56,9.47,501.2,501.2,521.1,400,80.0,10.6,HOLD_RPM,78.99,321.59,400.58,0,0.0,2301,0,2526.7,2526.4
1290.3500,1298818,2000.0,2526.7,2.427,19.681,1.17,9.47,1214.1,1214.1,521.1,403,80.6,10.6,HOLD_RPM,79.01,324.22,403.27,0,0.0,2302,0,2526.7,2525.0
1290.4000,1298868,2000.0,2523.8,2.427,19.662,1.17,9.45,1214.1,1214.1,533.5,405,81.0,16.8,HOLD_RPM,79.01,326.86,405.87,0,0.0,2304,0,2523.8,2520.2
1290.4500,1298918,2000.0,2523.8,2.427,19.662,1.17,9.45,1214.1,1214.1,533.5,407,81.4,16.8,HOLD_RPM,78.57,329.48,407.18,0,0.0,2304,0,2523.8,2513.6
1290.5000,1298968,2000.0,2511.5,8.283,19.581,3.96,9.36,959.1,959.1,533.5,410,82.0,16.8,HOLD_RPM,78.57,332.09,410.67,0,0.0,2304,0,2511.5,2504.9
1290.5500,1299018,2000.0,2511.5,8.283,19.581,3.96,9.36,959.1,959.1,541.9,407,81.4,20.9,HOLD_RPM,76.73,334.65,407.70,0,0.0,2306,0,2511.5,2501.7
1290.6000,1299068,2000.0,2496.4,8.283,19.373,3.94,9.21,959.1,959.1,541.9,413,82.6,20.9,HOLD_RPM,76.73,337.21,413.94,0,0.0,2306,0,2496.4,2488.8
1290.6500,1299118,2000.0,2496.4,1.387,19.373,0.66,9.21,621.2,621.2,541.9,409,81.8,20.9,HOLD_RPM,74.45,339.69,409.59,0,0.0,2306,0,2496.4,2486.7
1290.7000,1299168,2000.0,2484.0,1.387,18.921,0.66,8.95,621.2,621.2,549.4,415,83.0,24.7,HOLD_RPM,74.45,342.17,416.63,0,0.0,2307,0,2484.0,2475.9
1290.7500,1299218,2000.0,2484.0,1.387,18.921,0.66,8.95,621.2,621.2,549.4,413,82.6,24.7,HOLD_RPM,72.61,344.59,413.50,0,0.0,2307,0,2484.0,2469.2
1290.8000,1299268,2000.0,2469.4,7.258,18.389,3.41,8.65,966.6,966.6,549.4,419,83.8,24.7,HOLD_RPM,72.61,347.01,419.62,0,0.0,2309,0,2469.4,2463.7
1290.8500,1299318,2000.0,2469.4,7.258,18.389,3.41,8.65,966.6,966.6,549.4,415,83.0,24.7,HOLD_RPM,70.42,349.36,415.40,0,0.0,2309,0,2469.4,2453.6
1290.9000,1299368,2000.0,2450.5,7.258,17.699,3.39,8.26,966.6,966.6,560.1,421,84.2,30.1,HOLD_RPM,70.42,351.71,422.12,0,0.0,2310,0,2450.5,2442.4
1290.9500,1299418,2000.0,2450.5,7.258,17.699,3.39,8.26,966.6,966.6,560.1,416,83.2,30.1,HOLD_RPM,67.57,353.96,415.84,0,0.0,2311,0,2450.5,2423.3
1291.0000,1299468,2000.0,2419.8,13.556,16.580,6.25,7.64,778.8,778.8,560.1,421,84.2,30.1,HOLD_RPM,67.57,356.21,423.79,0,0.0,2311,0,2419.8,2409.8
1291.0500,1299518,2000.0,2419.8,13.556,16.580,6.25,7.64,778.8,778.8,567.0,421,84.2,33.5,HOLD_RPM,62.97,358.31,412.09,0,0.0,2313,0,2419.8,2387.8
1291.1000,1299568,2000.0,2383.4,13.556,15.395,6.15,6.99,778.8,778.8,567.0,415,83.0,33.5,HOLD_RPM,62.97,360.41,423.38,0,0.0,2314,0,2383.4,2369.3
1291.1500,1299618,2000.0,2383.4,7.921,15.395,3.59,6.99,902.8,902.8,567.0,409,81.8,33.5,HOLD_RPM,57.52,362.33,408.93,0,0.0,2314,0,2383.4,2366.6
1291.2000,1299668,2000.0,2367.4,7.921,14.948,3.57,6.74,902.8,902.8,537.0,415,83.0,18.5,HOLD_RPM,57.52,364.25,421.76,0,0.0,2314,0,2367.4,2368.4
1291.2500,1299718,2000.0,2367.4,7.921,14.948,3.57,6.74,902.8,902.8,537.0,421,84.2,18.5,HOLD_RPM,55.12,366.08,416.40,0,0.0,2314,0,2367.4,2377.5
1291.3000,1299768,2000.0,2377.6,7.818,15.233,3.54,6.90,857.2,857.2,537.0,421,84.2,18.5,HOLD_RPM,55.12,367.92,423.04,0,0.0,2314,0,2377.6,2381.0
1291.3500,1299818,2000.0,2377.6,7.818,15.233,3.54,6.90,857.2,857.2,568.8,429,85.8,34.4,HOLD_RPM,56.64,369.81,429.51,0,0.0,2315,0,2377.6,2379.0
1291.4000,1299868,2000.0,2371.0,7.818,15.049,3.53,6.79,857.2,857.2,568.8,428,85.6,34.4,HOLD_RPM,56.64,371.70,428.34,0,0.0,2317,0,2371.0,2356.0
1291.4500,1299918,2000.0,2371.0,14.006,15.049,6.32,6.79,894.1,894.1,568.8,427,85.4,34.4,HOLD_RPM,55.66,373.55,427.24,0,0.0,2318,0,2371.0,2329.5
1291.5000,1299968,2000.0,2325.9,14.006,13.790,6.20,6.11,894.1,894.1,568.8,431,86.2,34.4,HOLD_RPM,55.66,375.41,431.06,0,0.0,2320,0,2325.9,2309.3
1291.5500,1300018,2000.0,2325.9,14.006,13.790,6.20,6.11,894.1,894.1,594.0,423,84.6,47.0,HOLD_RPM,48.89,377.04,412.38,0,0.0,2320,0,2325.9,2285.9
1291.6000,1300068,2000.0,2283.5,14.006,13.143,6.09,5.71,894.1,894.1,594.0,414,82.8,47.0,HOLD_RPM,48.89,378.67,427.55,0,0.0,2320,0,2283.5,2273.2
1291.6500,1300118,2000.0,2283.5,16.492,13.143,7.17,5.71,806.6,806.6,594.0,410,82.0,47.0,HOLD_RPM,42.52,380.08,409.87,0,0.0,2320,0,2283.5,2261.1
1291.7000,1300168,2000.0,2268.5,16.492,13.211,7.12,5.71,806.6,806.6,524.5,414,82.8,12.2,HOLD_RPM,42.52,381.50,424.02,0,0.0,2320,0,2268.5,2278.9
1291.7500,1300218,2000.0,2268.5,16.492,13.211,7.12,5.71,806.6,806.6,524.5,422,84.4,12.2,HOLD_RPM,40.27,382.84,418.62,0,0.0,2320,0,2268.5,2303.1
1291.8000,1300268,2000.0,2309.1,25.918,13.322,11.40,5.86,927.2,927.2,524.5,424,84.8,12.2,HOLD_RPM,40.27,384.19,424.45,0,0.0,2321,0,2309.1,2327.1
1291.8500,1300318,2000.0,2309.1,25.918,13.322,11.40,5.86,927.2,927.2,571.2,432,86.4,35.6,HOLD_RPM,46.37,385.73,444.30,0,0.0,2322,0,2309.1,2320.2
1291.9000,1300368,2000.0,2317.9,25.918,13.567,11.44,5.99,927.2,927.2,571.2,442,88.4,35.6,HOLD_RPM,46.37,387.28,433.65,0,0.0,2323,0,2317.9,2311.4
1291.9500,1300418,2000.0,2317.9,21.242,13.567,9.37,5.99,1002.8,1002.8,571.2,439,87.8,35.6,HOLD_RPM,47.69,388.87,439.20,0,0.0,2323,0,2317.9,2274.5
1292.0000,1300468,2000.0,2264.4,21.242,13.230,9.16,5.70,1002.8,1002.8,631.1,438,87.6,65.6,HOLD_RPM,47.69,390.46,438.15,0,0.0,2326,0,2264.4,2233.8
1292.0500,1300518,2000.0,2264.4,21.242,13.230,9.16,5.70,1002.8,1002.8,631.1,430,86.0,65.6,HOLD_RPM,39.66,391.78,415.39,0,0.0,2326,0,2264.4,2186.7
1292.1000,1300568,2000.0,2181.8,19.966,13.748,8.29,5.71,901.2,901.2,631.1,420,84.0,65.6,HOLD_RPM,39.66,393.10,432.76,0,0.0,2326,0,2181.8,2159.4
1292.1500,1300618,2000.0,2181.8,19.966,13.748,8.29,5.71,901.2,901.2,530.0,414,82.8,15.0,HOLD_RPM,27.27,394.01,396.50,0,0.0,2326,0,2181.8,2162.9
1292.2000,1300668,2000.0,2171.8,19.966,13.872,8.26,5.74,901.2,901.2,530.0,406,81.2,15.0,HOLD_RPM,27.27,394.92,422.19,0,0.0,2328,0,2171.8,2192.3
1292.2500,1300718,2000.0,2171.8,21.057,13.872,8.71,5.74,670.6,670.6,530.0,412,82.4,15.0,HOLD_RPM,25.77,395.78,418.53,0,0.0,2329,0,2171.8,2229.6
1292.3000,1300768,2000.0,2238.2,21.057,13.349,8.97,5.69,670.6,670.6,530.0,421,84.2,15.0,HOLD_RPM,25.77,396.64,422.40,0,0.0,2329,0,2238.2,2265.9
1292.3500,1300818,2000.0,2238.2,21.057,13.349,8.97,5.69,670.6,670.6,543.5,427,85.4,21.8,HOLD_RPM,35.73,397.83,453.49,0,0.0,2330,0,2238.2,2290.2
1292.4000,1300868,2000.0,2294.6,21.057,13.092,9.20,5.72,670.6,670.6,543.5,435,87.0,21.8,HOLD_RPM,35.73,399.02,434.75,0,0.0,2332,0,2294.6,2308.8
1292.4500,1300918,2000.0,2294.6,17.347,13.092,7.58,5.72,799.1,799.1,543.5,440,88.0,21.8,HOLD_RPM,44.19,400.49,461.59,0,0.0,2332,0,2294.6,2302.9
1292.5000,1300968,2000.0,2296.3,17.347,13.085,7.58,5.72,799.1,799.1,616.3,447,89.4,58.1,HOLD_RPM,44.19,401.96,446.15,0,0.0,2332,0,2296.3,2283.7
1292.5500,1301018,2000.0,2296.3,17.347,13.085,7.58,5.72,799.1,799.1,616.3,448,89.6,58.1,HOLD_RPM,44.44,403.45,448.39,0,0.0,2333,0,2296.3,2225.4
1292.6000,1301068,2000.0,2216.4,19.804,13.448,8.36,5.68,889.7,889.7,616.3,449,89.8,58.1,HOLD_RPM,44.44,404.93,449.37,0,0.0,2333,0,2216.4,2173.5
1292.6500,1301118,2000.0,2216.4,19.804,13.448,8.36,5.68,889.7,889.7,655.6,441,88.2,77.8,HOLD_RPM,32.45,406.01,414.49,0,0.0,2333,0,2216.4,2116.3
1292.7000,1301168,2000.0,2107.5,19.804,14.668,7.95,5.89,889.7,889.7,655.6,430,86.0,77.8,HOLD_RPM,32.45,407.09,439.54,0,0.0,2333,0,2107.5,2073.7
1292.7500,1301218,2000.0,2107.5,16.470,14.668,6.61,5.89,752.2,752.2,655.6,413,82.6,77.8,HOLD_RPM,16.13,407.63,391.11,0,0.0,2334,0,2107.5,2057.2
1292.8000,1301268,2000.0,2070.8,16.470,14.693,6.49,5.79,752.2,752.2,509.1,397,79.4,4.6,HOLD_RPM,16.13,408.17,424.29,0,0.0,2334,0,2070.8,2093.4
1292.8500,1301318,2000.0,2070.8,16.470,14.693,6.49,5.79,752.2,752.2,509.1,392,78.4,4.6,HOLD_RPM,10.62,408.52,408.13,0,0.0,2334,0,2070.8,2136.1
1292.9000,1301368,2000.0,2143.4,20.984,14.224,8.56,5.80,1061.2,1061.2,509.1,402,80.4,4.6,HOLD_RPM,10.62,408.87,419.50,0,0.0,2335,0,2143.4,2172.3
1292.9500,1301418,2000.0,2143.4,20.984,14.224,8.56,5.80,1061.2,1061.2,509.1,423,84.6,4.6,HOLD_RPM,21.51,409.59,452.87,0,0.0,2336,0,2143.4,2222.9
1293.0000,1301468,2000.0,2225.0,20.984,13.409,8.89,5.68,1061.2,1061.2,553.8,442,88.4,26.9,HOLD_RPM,21.51,410.31,431.82,0,0.0,2337,0,2225.0,2245.5
1293.0500,1301518,2000.0,2225.0,20.984,13.409,8.89,5.68,1061.2,1061.2,553.8,458,91.6,26.9,HOLD_RPM,33.75,411.43,469.67,0,0.0,2338,0,2225.0,2218.9
1293.1000,1301568,2000.0,2201.7,23.086,13.515,9.68,5.67,989.1,989.1,553.8,468,93.6,26.9,HOLD_RPM,33.75,412.56,446.31,0,0.0,2338,0,2201.7,2157.1
1293.1500,1301618,2000.0,2201.7,23.086,13.515,9.68,5.67,989.1,989.1,742.8,462,92.4,121.4,HOLD_RPM,30.25,413.57,436.83,0,0.0,2338,0,2201.7,2082.5
1293.2000,1301668,2000.0,2047.6,23.086,14.639,9.00,5.71,989.1,989.1,742.8,449,89.8,121.4,HOLD_RPM,30.25,414.58,444.83,0,0.0,2338,0,2047.6,1976.7
1293.2500,1301718,2000.0,2047.6,22.798,14.639,8.89,5.71,793.4,793.4,742.8,435,87.0,121.4,HOLD_RPM,7.14,414.81,375.72,0,0.0,2338,0,2047.6,1909.6
1293.3000,1301768,2000.0,1911.7,22.798,13.907,8.30,5.06,793.4,793.4,555.4,414,82.8,27.7,HOLD_RPM,7.14,415.05,422.19,0,0.0,2339,0,1911.7,1906.2
1293.3500,1301818,2000.0,1911.7,22.798,13.907,8.30,5.06,793.4,793.4,555.4,396,79.2,27.7,HOLD_RPM,-13.25,414.61,360.59,0,0.0,2340,0,1911.7,1953.6
1293.4000,1301868,2000.0,1970.1,19.199,14.318,7.20,5.37,764.7,764.7,555.4,375,75.0,27.7,HOLD_RPM,-13.25,414.17,400.92,0,0.0,2341,0,1970.1,2012.1
1293.4500,1301918,2000.0,1970.1,19.199,14.318,7.20,5.37,764.7,764.7,497.4,364,72.8,-1.3,HOLD_RPM,-4.49,414.02,427.04,0,0.0,2341,0,1970.1,2070.3
1293.5000,1301968,2000.0,2088.2,19.199,14.734,7.63,5.86,764.7,764.7,497.4,368,73.6,-1.3,HOLD_RPM,-4.49,413.87,409.38,0,0.0,2341,0,2088.2,2130.5
1293.5500,1302018,2000.0,2088.2,16.809,14.734,6.68,5.86,894.7,894.7,497.4,384,76.8,-1.3,HOLD_RPM,13.23,414.31,462.98,0,0.0,2342,0,2088.2,2204.8
1293.6000,1302068,2000.0,2211.9,16.809,13.469,7.08,5.67,894.7,894.7,555.4,407,81.4,27.7,HOLD_RPM,13.23,414.75,427.98,0,0.0,2342,0,2211.9,2251.7
1293.6500,1302118,2000.0,2211.9,16.809,13.469,7.08,5.67,894.7,894.7,555.4,429,85.8,27.7,HOLD_RPM,31.79,415.81,484.73,0,0.0,2344,0,2211.9,2297.5
1293.7000,1302168,2000.0,2288.2,18.646,13.121,8.12,5.72,984.4,984.4,555.4,454,90.8,27.7,HOLD_RPM,31.79,416.87,448.66,0,0.0,2344,0,2288.2,2281.8
1293.7500,1302218,2000.0,2288.2,18.646,13.121,8.12,5.72,984.4,984.4,555.4,473,94.6,27.7,HOLD_RPM,43.22,418.31,484.40,0,0.0,2344,0,2288.2,2219.5
1293.8000,1302268,2000.0,2151.3,18.646,14.126,7.64,5.79,984.4,984.4,881.9,483,96.6,190.9,HOLD_RPM,43.22,419.75,462.97,0,0.0,2344,0,2151.3,2034.6
1293.8500,1302318,2000.0,2151.3,18.646,14.126,7.64,5.79,984.4,984.4,881.9,477,95.4,190.9,HOLD_RPM,22.70,420.51,402.16,0,0.0,2344,0,2151.3,1857.4
1293.9000,1302368,2000.0,1774.5,30.056,12.608,10.15,4.26,1186.2,1186.2,881.9,460,92.0,190.9,HOLD_RPM,22.70,421.26,443.97,0,0.0,2344,0,1774.5,1656.5
1293.9500,1302418,2000.0,1774.5,30.056,12.608,10.15,4.26,1186.2,1186.2,910.0,439,87.8,205.0,HOLD_RPM,-33.82,420.14,273.28,0,0.0,2344,0,1774.5,1435.7
1294.0000,1302468,2000.0,1400.1,30.056,11.623,8.01,3.10,1186.2,1186.2,910.0,417,83.4,205.0,HOLD_RPM,-33.82,418.99,385.17,0,0.0,2344,0,1400.1,1324.1
1294.0500,1302518,2000.0,1400.1,39.408,11.623,10.51,3.10,1221.6,1221.6,910.0,394,78.8,205.0,HOLD_RPM,-89.98,415.99,213.68,0,0.0,2344,0,1400.1,1318.4
1294.1000,1302568,2000.0,1359.6,39.408,11.623,10.20,3.01,1221.6,1221.6,511.9,367,73.4,5.9,HOLD_RPM,-89.98,412.99,323.01,0,0.0,2344,0,1359.6,1405.0
1294.1500,1302618,2000.0,1359.6,39.408,11.623,10.20,3.01,1221.6,1221.6,511.9,338,67.6,5.9,HOLD_RPM,-96.06,409.79,301.56,0,0.0,2344,0,1359.6,1532.3
1294.2000,1302668,2000.0,1578.7,42.764,12.470,12.85,3.75,1041.6,1041.6,511.9,316,63.2,5.9,HOLD_RPM,-96.06,406.58,310.52,0,0.0,2344,0,1578.7,1663.5
1294.2500,1302718,2000.0,1578.7,42.764,12.470,12.85,3.75,1041.6,1041.6,498.3,304,60.8,-0.9,HOLD_RPM,-63.20,404.48,407.01,0,0.0,2344,0,1578.7,1800.9
1294.3000,1302768,2000.0,1851.2,42.764,13.178,15.07,4.65,1041.6,1041.6,498.3,307,61.4,-0.9,HOLD_RPM,-63.20,402.37,339.17,0,0.0,2344,0,1851.2,1930.6
1294.3500,1302818,2000.0,1851.2,40.308,13.178,14.21,4.65,640.9,640.9,498.3,323,64.6,-0.9,HOLD_RPM,-22.32,401.63,461.07,0,0.0,2344,0,1851.2,2028.7
1294.4000,1302868,2000.0,2060.6,40.308,14.670,15.81,5.76,640.9,640.9,498.3,347,69.4,-0.9,HOLD_RPM,-22.32,400.88,378.56,0,0.0,2346,0,2060.6,2131.2
1294.4500,1302918,2000.0,2060.6,40.308,14.670,15.81,5.76,640.9,640.9,499.9,373,74.6,-0.1,HOLD_RPM,9.09,401.19,473.09,0,0.0,2346,0,2060.6,2197.1
1294.5000,1302968,2000.0,2222.5,40.308,13.421,17.06,5.68,640.9,640.9,499.9,402,80.4,-0.1,HOLD_RPM,9.09,401.49,410.58,0,0.0,2346,0,2222.5,2268.7
1294.5500,1303018,2000.0,2222.5,41.362,13.421,17.50,5.68,1109.1,1109.1,499.9,429,85.8,-0.1,HOLD_RPM,33.38,402.60,484.56,0,0.0,2346,0,2222.5,2255.9
1294.6000,1303068,2000.0,2231.1,41.362,13.382,17.57,5.68,1109.1,1109.1,755.6,457,91.4,127.8,HOLD_RPM,33.38,403.71,437.09,0,0.0,2347,0,2231.1,2182.7
1294.6500,1303118,2000.0,2231.1,41.362,13.382,17.57,5.68,1109.1,1109.1,755.6,474,94.8,127.8,HOLD_RPM,34.67,404.87,442.12,0,0.0,2347,0,2231.1,2010.6
1294.7000,1303168,2000.0,1939.0,45.198,14.099,16.69,5.21,1162.2,1162.2,755.6,481,96.2,127.8,HOLD_RPM,34.67,406.03,440.69,0,0.0,2347,0,1939.0,1786.3
1294.7500,1303218,2000.0,1939.0,45.198,14.099,16.69,5.21,1162.2,1162.2,1124.9,473,94.6,312.4,HOLD_RPM,-9.15,405.72,308.93,0,0.0,2348,0,1939.0,1500.8
1294.8000,1303268,2000.0,1389.0,45.198,11.623,11.95,3.07,1162.2,1162.2,1124.9,457,91.4,312.4,HOLD_RPM,-9.15,405.42,396.26,0,0.0,2349,0,1389.0,1231.9
1294.8500,1303318,2000.0,1389.0,45.463,11.623,12.02,3.07,805.6,805.6,1124.9,435,87.0,312.4,HOLD_RPM,-91.65,402.36,145.73,0,0.0,2349,0,1389.0,1004.3
1294.9000,1303368,0.0,831.4,45.463,11.623,7.20,1.84,805.6,805.6,615.1,398,79.6,57.6,IDLE,0.00,0.00,0.00,0,0.0,2350,0,831.4,882.4
1294.9500,1303418,0.0,831.4,45.463,11.623,7.20,1.84,805.6,805.6,615.1,366,73.2,57.6,IDLE,0.00,0.00,0.00,0,0.0,2352,0,831.4,882.4
1295.0000,1303468,0.0,831.4,48.517,11.623,7.68,1.84,902.5,902.5,615.1,327,65.4,57.6,IDLE,0.00,0.00,0.00,0,0.0,2354,0,831.4,882.4
1295.0500,1303518,0.0,831.4,48.517,11.623,7.68,1.84,902.5,902.5,496.3,287,57.4,-1.9,IDLE,0.00,0.00,0.00,0,0.0,2355,0,831.4,810.1
1295.1000,1303568,0.0,875.6,48.517,11.623,8.09,1.94,902.5,902.5,496.3,247,49.4,-1.9,IDLE,0.00,0.00,0.00,0,0.0,2356,0,875.6,899.5
1295.1500,1303618,0.0,875.6,52.986,11.623,8.83,1.94,1096.9,1096.9,496.3,208,41.6,-1.9,IDLE,0.00,0.00,0.00,0,0.0,2356,0,875.6,1074.3
1295.2000,1303668,0.0,1162.3,52.986,11.623,11.73,2.57,1096.9,1096.9,496.3,168,33.6,-1.9,IDLE,0.00,0.00,0.00,0,0.0,2356,0,1162.3,1265.8
1295.2500,1303718,0.0,1162.3,52.986,11.623,11.73,2.57,1096.9,1096.9,498.1,128,25.6,-0.9,IDLE,0.00,0.00,0.00,0,0.0,2356,0,1162.3,1501.2
1295.3000,1303768,0.0,1567.0,52.986,12.344,15.81,3.68,1096.9,1096.9,498.1,89,17.8,-0.9,IDLE,0.00,0.00,0.00,0,0.0,2356,0,1567.0,1698.4
1295.3500,1303818,0.0,1567.0,58.784,12.344,17.54,3.68,1246.2,1246.2,498.1,52,10.4,-0.9,IDLE,0.00,0.00,0.00,0,0.0,2356,0,1567.0,1911.3
1295.4000,1303868,0.0,1944.1,58.784,14.135,21.76,5.23,1246.2,1246.2,498.5,25,5.0,-0.7,IDLE,0.00,0.00,0.00,0,0.0,2357,0,1944.1,2045.5
1295.4500,1303918,0.0,1944.1,58.784,14.135,21.76,5.23,1246.2,1246.2,498.5,8,1.6,-0.7,IDLE,0.00,0.00,0.00,0,0.0,2357,0,1944.1,2119.2
1295.5000,1303968,0.0,2152.9,56.121,14.106,23.01,5.78,1065.9,1065.9,498.5,1,0.2,-0.7,IDLE,0.00,0.00,0.00,0,0.0,2357,0,2152.9,2225.2
1295.5500,1304018,0.0,2152.9,56.121,14.106,23.01,5.78,1065.9,1065.9,505.3,0,0.0,2.6,IDLE,0.00,0.00,0.00,0,0.0,2357,0,2152.9,2307.7
1295.6000,1304068,0.0,2334.3,56.121,14.025,24.94,6.23,1065.9,1065.9,505.3,0,0.0,2.6,IDLE,0.00,0.00,0.00,0,0.0,2358,0,2334.3,2389.9
1295.6500,1304118,0.0,2334.3,47.351,14.025,21.05,6.23,825.3,825.3,505.3,0,0.0,2.6,IDLE,0.00,0.00,0.00,0,0.0,2358,0,2334.3,2443.1
1295.7000,1304168,0.0,2444.3,47.351,17.473,22.04,8.13,825.3,825.3,503.5,0,0.0,1.8,IDLE,0.00,0.00,0.00,0,0.0,2358,0,2444.3,2456.7
1295.7500,1304218,0.0,2444.3,47.351,17.473,22.04,8.13,825.3,825.3,503.5,0,0.0,1.8,IDLE,0.00,0.00,0.00,0,0.0,2359,0,2444.3,2443.6
1295.8000,1304268,0.0,2422.6,36.192,16.682,16.69,7.69,537.2,537.2,503.5,0,0.0,1.8,IDLE,0.00,0.00,0.00,0,0.0,2359,0,2422.6,2385.4
1295.8500,1304318,0.0,2422.6,36.192,16.682,16.69,7.69,537.2,537.2,503.5,0,0.0,1.8,IDLE,0.00,0.00,0.00,0,0.0,2359,0,2422.6,2326.6
1295.9000,1304368,0.0,2301.3,36.192,13.104,15.86,5.74,537.2,537.2,500.3,0,0.0,0.1,IDLE,0.00,0.00,0.00,0,0.0,2359,0,2301.3,2251.2
1295.9500,1304418,0.0,2301.3,36.192,13.104,15.86,5.74,537.2,537.2,500.3,0,0.0,0.1,IDLE,0.00,0.00,0.00,0,0.0,2359,0,2301.3,2172.7
1296.0000,1304468,0.0,2159.5,41.606,14.024,17.11,5.77,885.6,885.6,500.3,0,0.0,0.1,IDLE,0.00,0.00,0.00,0,0.0,2359,0,2159.5,2109.3
1296.0500,1304518,0.0,2159.5,41.606,14.024,17.11,5.77,885.6,885.6,501.8,0,0.0,0.9,IDLE,0.00,0.00,0.00,0,0.0,2359,0,2159.5,2052.6
1296.1000,1304568,0.0,2036.0,41.606,14.612,16.13,5.66,885.6,885.6,501.8,0,0.0,0.9,IDLE,0.00,0.00,0.00,0,0.0,2359,0,2036.0,2001.0
1296.1500,1304618,0.0,2036.0,27.703,14.612,10.74,5.66,480.6,480.6,501.8,0,0.0,0.9,IDLE,0.00,0.00,0.00,0,0.0,2360,0,2036.0,1958.2
1296.2000,1304668,0.0,1944.6,27.703,14.139,10.26,5.24,480.6,480.6,499.9,0,0.0,-0.1,IDLE,0.00,0.00,0.00,0,0.0,2361,0,1944.6,1908.8
1296.2500,1304718,0.0,1944.6,27.703,14.139,10.26,5.24,480.6,480.6,499.9,0,0.0,-0.1,IDLE,0.00,0.00,0.00,0,0.0,2361,0,1944.6,1878.6
1296.3000,1304768,0.0,1870.7,19.029,13.437,6.78,4.79,770.3,770.3,499.9,0,0.0,-0.1,IDLE,0.00,0.00,0.00,0,0.0,2362,0,1870.7,1855.2
1296.3500,1304818,0.0,1870.7,19.029,13.437,6.78,4.79,770.3,770.3,501.3,0,0.0,0.6,IDLE,0.00,0.00,0.00,0,0.0,2362,0,1870.7,1812.1
1296.4000,1304868,0.0,1805.9,19.029,12.578,6.54,4.33,770.3,770.3,501.3,0,0.0,0.6,IDLE,0.00,0.00,0.00,0,0.0,2362,0,1805.9,1782.2
1296.4500,1304918,0.0,1805.9,13.756,12.578,4.73,4.33,567.2,567.2,501.3,0,0.0,0.6,IDLE,0.00,0.00,0.00,0,0.0,2363,0,1805.9,1764.5
1296.5000,1304968,0.0,1748.5,13.756,12.717,4.58,4.23,567.2,567.2,500.5,0,0.0,0.3,IDLE,0.00,0.00,0.00,0,0.0,2364,0,1748.5,1726.2
1296.5500,1305018,0.0,1748.5,13.756,12.717,4.58,4.23,567.2,567.2,500.5,0,0.0,0.3,IDLE,0.00,0.00,0.00,0,0.0,2364,0,1748.5,1699.2
1296.6000,1305068,0.0,1685.9,15.570,12.890,5.00,4.14,984.7,984.7,500.5,0,0.0,0.3,IDLE,0.00,0.00,0.00,0,0.0,2365,0,1685.9,1667.1
1296.6500,1305118,0.0,1685.9,15.570,12.890,5.00,4.14,984.7,984.7,500.5,0,0.0,0.3,IDLE,0.00,0.00,0.00,0,0.0,2365,0,1685.9,1638.8
1296.7000,1305168,0.0,1628.9,15.570,12.763,4.83,3.96,984.7,984.7,501.6,0,0.0,0.8,IDLE,0.00,0.00,0.00,0,0.0,2365,0,1628.9,1611.4
1296.7500,1305218,0.0,1628.9,15.570,12.763,4.83,3.96,984.7,984.7,501.6,0,0.0,0.8,IDLE,0.00,0.00,0.00,0,0.0,2366,0,1628.9,1587.8
1296.8000,1305268,0.0,1577.8,7.870,12.460,2.36,3.74,748.8,748.8,501.6,0,0.0,0.8,IDLE,0.00,0.00,0.00,0,0.0,2366,0,1577.8,1561.4
1296.8500,1305318,0.0,1577.8,7.870,12.460,2.36,3.74,748.8,748.8,500.6,0,0.0,0.3,IDLE,0.00,0.00,0.00,0,0.0,2366,0,1577.8,1529.1
1296.9000,1305368,0.0,1519.5,7.870,11.833,2.28,3.42,748.8,748.8,500.6,0,0.0,0.3,IDLE,0.00,0.00,0.00,0,0.0,2366,0,1519.5,1505.5
1296.9500,1305418,0.0,1519.5,-11.705,11.833,-3.39,3.42,361.6,361.6,500.6,0,0.0,0.3,IDLE,0.00,0.00,0.00,0,0.0,2366,0,1519.5,1492.7
1297.0000,1305468,0.0,1490.1,-11.705,11.623,-3.32,3.30,361.6,361.6,500.4,0,0.0,0.2,IDLE,0.00,0.00,0.00,0,0.0,2367,0,1490.1,1484.4
1297.0500,1305518,0.0,1490.1,-11.705,11.623,-3.32,3.30,361.6,361.6,500.4,0,0.0,0.2,IDLE,0.00,0.00,0.00,0,0.0,2367,0,1490.1,1469.6
1297.1000,1305568,0.0,1468.6,-23.196,11.623,-6.49,3.25,546.6,546.6,500.4,0,0.0,0.2,IDLE,0.00,0.00,0.00,0,0.0,2367,0,1468.6,1464.0
1297.1500,1305618,0.0,1468.6,-23.196,11.623,-6.49,3.25,546.6,546.6,500.8,0,0.0,0.4,IDLE,0.00,0.00,0.00,0,0.0,2367,0,1468.6,1461.8
1297.2000,1305668,0.0,1458.8,-23.196,11.623,-6.44,3.23,546.6,546.6,500.8,0,0.0,0.4,IDLE,0.00,0.00,0.00,0,0.0,2367,0,1458.8,1454.0
1297.2500,1305718,0.0,1458.8,-30.034,11.623,-8.34,3.23,516.6,516.6,500.8,0,0.0,0.4,IDLE,0.00,0.00,0.00,0,0.0,2367,0,1458.8,1458.8
1297.3000,1305768,0.0,1460.0,-30.034,11.623,-8.35,3.23,516.6,516.6,500.8,0,0.0,0.4,IDLE,0.00,0.00,0.00,0,0.0,2367,0,1460.0,1463.6
1297.3500,1305818,0.0,1460.0,-30.034,11.623,-8.35,3.23,516.6,516.6,498.4,0,0.0,-0.8,IDLE,0.00,0.00,0.00,0,0.0,2367,0,1460.0,1464.5
1297.4000,1305868,0.0,1465.8,-30.034,11.623,-8.38,3.24,516.6,516.6,498.4,0,0.0,-0.8,IDLE,0.00,0.00,0.00,0,0.0,2367,0,1465.8,1468.9
1297.4500,1305918,0.0,1465.8,-20.696,11.623,-5.78,3.24,959.1,959.1,498.4,0,0.0,-0.8,IDLE,0.00,0.00,0.00,0,0.0,2368,0,1465.8,1471.3
1297.5000,1305968,0.0,1467.1,-20.696,11.623,-5.78,3.25,959.1,959.1,500.3,0,0.0,0.1,IDLE,0.00,0.00,0.00,0,0.0,2368,0,1467.1,1463.8
1297.5500,1306018,0.0,1467.1,-20.696,11.623,-5.78,3.25,959.1,959.1,500.3,0,0.0,0.1,IDLE,0.00,0.00,0.00,0,0.0,2368,0,1467.1,1459.3
1297.6000,1306068,0.0,1457.9,-17.178,11.623,-4.77,3.23,1044.7,1044.7,500.3,0,0.0,0.1,IDLE,0.00,0.00,0.00,0,0.0,2368,0,1457.9,1457.1
1297.6500,1306118,0.0,1457.9,-17.178,11.623,-4.77,3.23,1044.7,1044.7,500.3,0,0.0,0.1,IDLE,0.00,0.00,0.00,0,0.0,2368,0,1457.9,1452.5
1297.7000,1306168,0.0,1451.1,-17.178,11.623,-4.75,3.21,1044.7,1044.7,500.3,0,0.0,0.1,IDLE,0.00,0.00,0.00,0,0.0,2368,0,1451.1,1448.6
1297.7500,1306218,0.0,1451.1,-1.003,11.623,-0.28,3.21,1211.6,1211.6,500.3,0,0.0,0.1,IDLE,0.00,0.00,0.00,0,0.0,2368,0,1451.1,1445.9
1297.8000,1306268,0.0,1431.2,-1.003,11.623,-0.27,3.17,1211.6,1211.6,499.8,0,0.0,-0.1,IDLE,0.00,0.00,0.00,0,0.0,2368,0,1431.2,1412.0
1297.8500,1306318,0.0,1431.2,-1.003,11.623,-0.27,3.17,1211.6,1211.6,499.8,0,0.0,-0.1,IDLE,0.00,0.00,0.00,0,0.0,2368,0,1431.2,1392.0
1297.9000,1306368,0.0,1389.8,6.144,11.623,1.63,3.08,1093.4,1093.4,499.8,0,0.0,-0.1,IDLE,0.00,0.00,0.00,0,0.0,2369,0,1389.8,1387.6
1297.9500,1306418,0.0,1389.8,6.144,11.623,1.63,3.08,1093.4,1093.4,500.1,0,0.0,0.1,IDLE,0.00,0.00,0.00,0,0.0,2369,0,1389.8,1373.5
1298.0000,1306468,0.0,1369.6,6.144,11.623,1.60,3.03,1093.4,1093.4,500.1,0,0.0,0.1,IDLE,0.00,0.00,0.00,0,0.0,2369,0,1369.6,1359.5
1298.0500,1306518,0.0,1369.6,-1.114,11.623,-0.29,3.03,239.1,239.1,500.1,0,0.0,0.1,IDLE,0.00,0.00,0.00,0,0.0,2370,0,1369.6,1358.1
1298.1000,1306568,0.0,1350.9,-1.114,11.623,-0.29,2.99,239.1,239.1,500.1,0,0.0,0.1,IDLE,0.00,0.00,0.00,0,0.0,2370,0,1350.9,1343.4
1298.1500,1306618,0.0,1350.9,-1.114,11.623,-0.29,2.99,239.1,239.1,499.8,0,0.0,-0.1,IDLE,0.00,0.00,0.00,0,0.0,2370,0,1350.9,1339.2
1298.2000,1306668,0.0,1341.4,-1.114,11.623,-0.28,2.97,239.1,239.1,499.8,0,0.0,-0.1,IDLE,0.00,0.00,0.00,0,0.0,2370,0,1341.4,1342.7
1298.2500,1306718,0.0,1341.4,-2.036,11.623,-0.52,2.97,943.1,943.1,499.8,0,0.0,-0.1,IDLE,0.00,0.00,0.00,0,0.0,2371,0,1341.4,1346.5
1298.3000,1306768,0.0,1348.1,-2.036,11.623,-0.52,2.98,943.1,943.1,499.0,0,0.0,-0.5,IDLE,0.00,0.00,0.00,0,0.0,2371,0,1348.1,1349.7
1298.3500,1306818,0.0,1348.1,-2.036,11.623,-0.52,2.98,943.1,943.1,499.0,0,0.0,-0.5,IDLE,0.00,0.00,0.00,0,0.0,2372,0,1348.1,1357.9
1298.4000,1306868,0.0,1355.7,-2.323,11.623,-0.60,3.00,735.6,735.6,499.0,0,0.0,-0.5,IDLE,0.00,0.00,0.00,0,0.0,2372,0,1355.7,1353.4
1298.4500,1306918,0.0,1355.7,-2.323,11.623,-0.60,3.00,735.6,735.6,500.3,0,0.0,0.1,IDLE,0.00,0.00,0.00,0,0.0,2373,0,1355.7,1350.7
1298.5000,1306968,0.0,1353.4,-2.323,11.623,-0.60,3.00,735.6,735.6,500.3,0,0.0,0.1,IDLE,0.00,0.00,0.00,0,0.0,2373,0,1353.4,1358.3
1298.5500,1307018,0.0,1353.4,-2.471,11.623,-0.64,3.00,355.0,355.0,500.3,0,0.0,0.1,IDLE,0.00,0.00,0.00,0,0.0,2373,0,1353.4,1363.7
1298.6000,1307068,0.0,1369.4,-2.471,11.623,-0.64,3.03,355.0,355.0,503.5,0,0.0,1.8,IDLE,0.00,0.00,0.00,0,0.0,2373,0,1369.4,1374.4
1298.6500,1307118,0.0,1369.4,-2.471,11.623,-0.64,3.03,355.0,355.0,503.5,0,0.0,1.8,IDLE,0.00,0.00,0.00,0,0.0,2374,0,1369.4,1381.1
1298.7000,1307168,0.0,1373.2,6.586,11.623,1.72,3.04,955.7,955.7,503.5,0,0.0,1.8,IDLE,0.00,0.00,0.00,0,0.0,2374,0,1373.2,1365.0
1298.7500,1307218,0.0,1373.2,6.586,11.623,1.72,3.04,955.7,955.7,500.6,0,0.0,0.3,IDLE,0.00,0.00,0.00,0,0.0,2374,0,1373.2,1368.8
1298.8000,1307268,0.0,1375.3,6.586,11.623,1.72,3.04,955.7,955.7,500.6,0,0.0,0.3,IDLE,0.00,0.00,0.00,0,0.0,2374,0,1375.3,1381.0
1298.8500,1307318,0.0,1375.3,14.028,11.623,3.67,3.04,853.1,853.1,500.6,0,0.0,0.3,IDLE,0.00,0.00,0.00,0,0.0,2374,0,1375.3,1383.2
1298.9000,1307368,0.0,1385.7,14.028,11.623,3.70,3.07,853.1,853.1,500.6,0,0.0,0.3,IDLE,0.00,0.00,0.00,0,0.0,2374,0,1385.7,1386.9
1298.9500,1307418,0.0,1385.7,14.028,11.623,3.70,3.07,853.1,853.1,499.9,0,0.0,-0.1,IDLE,0.00,0.00,0.00,0,0.0,2374,0,1385.7,1382.9
1299.0000,1307468,0.0,1379.5,14.028,11.623,3.68,3.05,853.1,853.1,499.9,0,0.0,-0.1,IDLE,0.00,0.00,0.00,0,0.0,2375,0,1379.5,1376.1
1299.0500,1307518,0.0,1379.5,22.518,11.623,5.91,3.05,1342.5,1342.5,499.9,0,0.0,-0.1,IDLE,0.00,0.00,0.00,0,0.0,2376,0,1379.5,1377.8
1299.1000,1307568,0.0,1378.3,22.518,11.623,5.91,3.05,1342.5,1342.5,501.9,0,0.0,0.9,IDLE,0.00,0.00,0.00,0,0.0,2376,0,1378.3,1380.0
1299.1500,1307618,0.0,1378.3,22.518,11.623,5.91,3.05,1342.5,1342.5,501.9,0,0.0,0.9,IDLE,0.00,0.00,0.00,0,0.0,2376,0,1378.3,1356.2
1299.2000,1307668,0.0,1354.3,4.838,11.623,1.25,3.00,245.6,245.6,501.9,0,0.0,0.9,IDLE,0.00,0.00,0.00,0,0.0,2376,0,1354.3,1345.9
1299.2500,1307718,0.0,1354.3,4.838,11.623,1.25,3.00,245.6,245.6,499.4,0,0.0,-0.3,IDLE,0.00,0.00,0.00,0,0.0,2376,0,1354.3,1341.0
1299.3000,1307768,0.0,1331.9,4.838,11.623,1.23,2.95,245.6,245.6,499.4,0,0.0,-0.3,IDLE,0.00,0.00,0.00,0,0.0,2376,0,1331.9,1322.5
1299.3500,1307818,0.0,1331.9,-3.636,11.623,-0.92,2.95,828.8,828.8,499.4,0,0.0,-0.3,IDLE,0.00,0.00,0.00,0,0.0,2376,0,1331.9,1318.3
1299.4000,1307868,0.0,1312.4,-3.636,11.623,-0.91,2.90,828.8,828.8,500.6,0,0.0,0.3,IDLE,0.00,0.00,0.00,0,0.0,2376,0,1312.4,1306.5
1299.4500,1307918,0.0,1312.4,-3.636,11.623,-0.91,2.90,828.8,828.8,500.6,0,0.0,0.3,IDLE,0.00,0.00,0.00,0,0.0,2376,0,1312.4,1309.5
1299.5000,1307968,0.0,1313.0,-11.521,11.623,-2.88,2.91,737.2,737.2,500.6,0,0.0,0.3,IDLE,0.00,0.00,0.00,0,0.0,2376,0,1313.0,1317.7
1299.5500,1308018,0.0,1313.0,-11.521,11.623,-2.88,2.91,737.2,737.2,500.6,0,0.0,0.3,IDLE,0.00,0.00,0.00,0,0.0,2376,0,1313.0,1303.8
1299.6000,1308068,0.0,1293.7,-11.521,11.623,-2.84,2.86,737.2,737.2,502.6,0,0.0,1.3,IDLE,0.00,0.00,0.00,0,0.0,2376,0,1293.7,1283.8
1299.6500,1308118,0.0,1293.7,-11.521,11.623,-2.84,2.86,737.2,737.2,502.6,0,0.0,1.3,IDLE,0.00,0.00,0.00,0,0.0,2376,0,1293.7,1287.6
1299.7000,1308168,0.0,1283.1,5.377,11.623,1.31,2.84,1002.5,1002.5,502.6,0,0.0,1.3,IDLE,0.00,0.00,0.00,0,0.0,2377,0,1283.1,1280.2
1299.7500,1308218,0.0,1283.1,5.377,11.623,1.31,2.84,1002.5,1002.5,498.6,0,0.0,-0.7,IDLE,0.00,0.00,0.00,0,0.0,2377,0,1283.1,1271.7
1299.8000,1308268,0.0,1270.6,5.377,11.623,1.30,2.81,1002.5,1002.5,498.6,0,0.0,-0.7,IDLE,0.00,0.00,0.00,0,0.0,2377,0,1270.6,1269.5
1299.8500,1308318,0.0,1270.6,-3.452,11.623,-0.84,2.81,544.4,544.4,498.6,0,0.0,-0.7,IDLE,0.00,0.00,0.00,0,0.0,2377,0,1270.6,1262.5
1299.9000,1308368,0.0,1253.4,-3.452,11.623,-0.82,2.77,544.4,544.4,498.4,0,0.0,-0.8,IDLE,0.00,0.00,0.00,0,0.0,2378,0,1253.4,1244.3
1299.9500,1308418,0.0,1253.4,-3.452,11.623,-0.82,2.77,544.4,544.4,498.4,0,0.0,-0.8,IDLE,0.00,0.00,0.00,0,0.0,2378,0,1253.4,1218.9
1300.0000,1308468,0.0,1207.2,-0.332,11.623,-0.08,2.67,876.6,876.6,498.4,0,0.0,-0.8,IDLE,0.00,0.00,0.00,0,0.0,2378,0,1207.2,1195.7
1300.0500,1308518,0.0,1207.2,-0.332,11.623,-0.08,2.67,876.6,876.6,500.4,0,0.0,0.2,IDLE,0.00,0.00,0.00,0,0.0,2378,0,1207.2,1175.4
1300.1000,1308568,0.0,1161.0,-0.332,11.623,-0.07,2.57,876.6,876.6,500.4,0,0.0,0.2,IDLE,0.00,0.00,0.00,0,0.0,2378,0,1161.0,1147.1
1300.1500,1308618,0.0,1161.0,11.034,11.623,2.44,2.57,868.8,868.8,500.4,0,0.0,0.2,IDLE,0.00,0.00,0.00,0,0.0,2378,0,1161.0,1088.5
1300.2000,1308668,0.0,1064.1,11.034,11.623,2.24,2.35,868.8,868.8,500.9,0,0.0,0.4,IDLE,0.00,0.00,0.00,0,0.0,2378,0,1064.1,1042.0
1300.2500,1308718,0.0,1064.1,11.034,11.623,2.24,2.35,868.8,868.8,500.9,0,0.0,0.4,IDLE,0.00,0.00,0.00,0,0.0,2378,0,1064.1,955.5
1300.3000,1308768,0.0,918.1,4.005,11.623,0.70,2.03,637.8,637.8,500.9,0,0.0,0.4,IDLE,0.00,0.00,0.00,0,0.0,2378,0,918.1,886.6
1300.3500,1308818,0.0,918.1,4.005,11.623,0.70,2.03,637.8,637.8,500.9,0,0.0,0.4,IDLE,0.00,0.00,0.00,0,0.0,2379,0,918.1,807.0
1300.4000,1308868,0.0,918.1,4.005,11.623,0.70,2.03,637.8,637.8,500.4,0,0.0,0.2,IDLE,0.00,0.00,0.00,0,0.0,2380,0,918.1,807.0
1300.4500,1308918,0.0,918.1,4.005,11.623,0.70,2.03,637.8,637.8,500.4,0,0.0,0.2,IDLE,0.00,0.00,0.00,0,0.0,2382,0,918.1,807.0
1300.5000,1308968,0.0,918.1,0.184,11.623,0.03,2.03,680.6,680.6,500.4,0,0.0,0.2,IDLE,0.00,0.00,0.00,0,0.0,2383,0,918.1,807.0
1300.5500,1309018,0.0,918.1,0.184,11.623,0.03,2.03,680.6,680.6,500.9,0,0.0,0.4,IDLE,0.00,0.00,0.00,0,0.0,2384,0,918.1,807.0
1300.6000,1309068,0.0,918.1,0.184,11.623,0.03,2.03,680.6,680.6,500.9,0,0.0,0.4,IDLE,0.00,0.00,0.00,0,0.0,2385,0,918.1,807.0
1300.6500,1309118,0.0,918.1,-14.080,11.623,-2.46,2.03,697.8,697.8,500.9,0,0.0,0.4,IDLE,0.00,0.00,0.00,0,0.0,2386,0,918.1,807.0
1300.7000,1309168,0.0,918.1,-14.080,11.623,-2.46,2.03,697.8,697.8,498.3,0,0.0,-0.9,IDLE,0.00,0.00,0.00,0,0.0,2386,0,918.1,807.0
1300.7500,1309218,0.0,918.1,-14.080,11.623,-2.46,2.03,697.8,697.8,498.3,0,0.0,-0.9,IDLE,0.00,0.00,0.00,0,0.0,2387,0,918.1,807.0
1300.8000,1309268,0.0,918.1,-4.573,11.623,-0.80,2.03,675.3,675.3,498.3,0,0.0,-0.9,IDLE,0.00,0.00,0.00,0,0.0,2387,0,918.1,807.0
1300.8500,1309318,0.0,918.1,-4.573,11.623,-0.80,2.03,675.3,675.3,500.3,0,0.0,0.1,IDLE,0.00,0.00,0.00,0,0.0,2388,0,918.1,807.0
1300.9000,1309368,0.0,918.1,-4.573,11.623,-0.80,2.03,675.3,675.3,500.3,0,0.0,0.1,IDLE,0.00,0.00,0.00,0,0.0,2388,0,918.1,807.0
1300.9500,1309418,0.0,918.1,-6.815,11.623,-1.19,2.03,727.2,727.2,500.3,0,0.0,0.1,IDLE,0.00,0.00,0.00,0,0.0,2388,0,918.1,807.0
1301.0000,1309468,0.0,0.0,-6.815,11.623,0.00,0.00,727.2,727.2,500.3,0,0.0,0.1,IDLE,0.00,0.00,0.00,0,0.0,2388,0,0.0,807.0
1301.0500,1309518,0.0,0.0,-6.815,11.623,0.00,0.00,727.2,727.2,500.6,0,0.0,0.3,IDLE,0.00,0.00,0.00,0,0.0,2388,0,0.0,807.0
1301.1000,1309568,0.0,0.0,-6.815,11.623,0.00,0.00,727.2,727.2,500.6,0,0.0,0.3,IDLE,0.00,0.00,0.00,0,0.0,2388,0,0.0,807.0
1301.1500,1309618,0.0,0.0,-6.948,11.623,0.00,0.00,731.2,731.2,500.6,0,0.0,0.3,IDLE,0.00,0.00,0.00,0,0.0,2388,0,0.0,807.0
1301.2000,1309668,0.0,0.0,-6.948,11.623,0.00,0.00,731.2,731.2,499.8,0,0.0,-0.1,IDLE,0.00,0.00,0.00,0,0.0,2388,0,0.0,807.0
1301.2500,1309718,0.0,0.0,-6.948,11.623,0.00,0.00,731.2,731.2,499.8,0,0.0,-0.1,IDLE,0.00,0.00,0.00,0,0.0,2388,0,0.0,807.0
1301.3000,1309768,0.0,0.0,-12.354,11.623,0.00,0.00,758.1,758.1,499.8,0,0.0,-0.1,IDLE,0.00,0.00,0.00,0,0.0,2388,0,0.0,807.0
1301.3500,1309818,0.0,0.0,-12.354,11.623,0.00,0.00,758.1,758.1,500.6,0,0.0,0.3,IDLE,0.00,0.00,0.00,0,0.0,2388,0,0.0,807.0
1301.4000,1309868,0.0,0.0,-12.354,11.623,0.00,0.00,758.1,758.1,500.6,0,0.0,0.3,IDLE,0.00,0.00,0.00,0,0.0,2388,0,0.0,807.0
1301.4500,1309918,0.0,0.0,-8.039,11.623,0.00,0.00,739.4,739.4,500.6,0,0.0,0.3,IDLE,0.00,0.00,0.00,0,0.0,2388,0,0.0,807.0
1301.5000,1309968,0.0,0.0,-8.039,11.623,0.00,0.00,739.4,739.4,500.6,0,0.0,0.3,IDLE,0.00,0.00,0.00,0,0.0,2388,0,0.0,807.0
1301.5500,1310018,0.0,0.0,-8.039,11.623,0.00,0.00,739.4,739.4,500.6,0,0.0,0.3,IDLE,0.00,0.00,0.00,0,0.0,2388,0,0.0,807.0
1301.6000,1310068,0.0,0.0,-10.732,11.623,0.00,0.00,755.0,755.0,500.6,0,0.0,0.3,IDLE,0.00,0.00,0.00,0,0.0,2388,0,0.0,807.0
1301.6500,1310118,0.0,0.0,-10.732,11.623,0.00,0.00,755.0,755.0,500.4,0,0.0,0.2,IDLE,0.00,0.00,0.00,0,0.0,2388,0,0.0,807.0
1301.7000,1310168,0.0,0.0,-10.732,11.623,0.00,0.00,755.0,755.0,500.4,0,0.0,0.2,IDLE,0.00,0.00,0.00,0,0.0,2388,0,0.0,807.0
1301.7500,1310218,0.0,0.0,-13.269,11.623,0.00,0.00,754.1,754.1,500.4,0,0.0,0.2,IDLE,0.00,0.00,0.00,0,0.0,2388,0,0.0,807.0
1301.8000,1310268,0.0,0.0,-13.269,11.623,0.00,0.00,754.1,754.1,500.4,0,0.0,0.2,IDLE,0.00,0.00,0.00,0,0.0,2388,0,0.0,807.0
1301.8500,1310318,0.0,0.0,-13.269,11.623,0.00,0.00,754.1,754.1,500.6,0,0.0,0.3,IDLE,0.00,0.00,0.00,0,0.0,2388,0,0.0,807.0
1301.9000,1310368,0.0,0.0,-13.269,11.623,0.00,0.00,754.1,754.1,500.6,0,0.0,0.3,IDLE,0.00,0.00,0.00,0,0.0,2388,0,0.0,807.0
1301.9500,1310418,0.0,0.0,-10.990,11.623,0.00,0.00,740.8,740.8,500.6,0,0.0,0.3,IDLE,0.00,0.00,0.00,0,0.0,2388,0,0.0,807.0
1302.0000,1310468,0.0,0.0,-10.990,11.623,0.00,0.00,740.8,740.8,500.6,0,0.0,0.3,IDLE,0.00,0.00,0.00,0,0.0,2388,0,0.0,807.0
1302.0500,1310518,0.0,0.0,-10.990,11.623,0.00,0.00,740.8,740.8,500.6,0,0.0,0.3,IDLE,0.00,0.00,0.00,0,0.0,2388,0,0.0,807.0
1302.1000,1310568,0.0,0.0,-9.677,11.623,0.00,0.00,740.0,740.0,500.6,0,0.0,0.3,IDLE,0.00,0.00,0.00,0,0.0,2388,0,0.0,807.0
1302.1500,1310618,0.0,0.0,-9.677,11.623,0.00,0.00,740.0,740.0,501.5,0,0.0,0.8,IDLE,0.00,0.00,0.00,0,0.0,2388,0,0.0,807.0
1302.2000,1310668,0.0,0.0,-9.677,11.623,0.00,0.00,740.0,740.0,501.5,0,0.0,0.8,IDLE,0.00,0.00,0.00,0,0.0,2388,0,0.0,807.0
1302.2500,1310718,0.0,0.0,-8.674,11.623,0.00,0.00,743.1,743.1,501.5,0,0.0,0.8,IDLE,0.00,0.00,0.00,0,0.0,2388,0,0.0,807.0
1302.3000,1310768,0.0,0.0,-8.674,11.623,0.00,0.00,743.1,743.1,500.9,0,0.0,0.4,IDLE,0.00,0.00,0.00,0,0.0,2388,0,0.0,807.0
1302.3500,1310818,0.0,0.0,-8.674,11.623,0.00,0.00,743.1,743.1,500.9,0,0.0,0.4,IDLE,0.00,0.00,0.00,0,0.0,2388,0,0.0,807.0
1302.4000,1310868,0.0,0.0,-6.800,11.623,0.00,0.00,760.0,760.0,500.9,0,0.0,0.4,IDLE,0.00,0.00,0.00,0,0.0,2388,0,0.0,807.0
1302.4500,1310918,0.0,0.0,-6.800,11.623,0.00,0.00,760.0,760.0,500.9,0,0.0,0.4,IDLE,0.00,0.00,0.00,0,0.0,2388,0,0.0,807.0
1302.5000,1310968,0.0,0.0,-6.800,11.623,0.00,0.00,760.0,760.0,500.4,0,0.0,0.2,IDLE,0.00,0.00,0.00,0,0.0,2388,0,0.0,807.0
1302.5500,1311018,0.0,0.0,-6.800,11.623,0.00,0.00,760.0,760.0,500.4,0,0.0,0.2,IDLE,0.00,0.00,0.00,0,0.0,2388,0,0.0,807.0
1302.6000,1311068,0.0,0.0,-6.107,11.623,0.00,0.00,758.4,758.4,500.4,0,0.0,0.2,IDLE,0.00,0.00,0.00,0,0.0,2388,0,0.0,807.0
1302.6500,1311118,0.0,0.0,-6.107,11.623,0.00,0.00,758.4,758.4,499.6,0,0.0,-0.2,IDLE,0.00,0.00,0.00,0,0.0,2388,0,0.0,807.0
1302.7000,1311168,0.0,0.0,-6.107,11.623,0.00,0.00,758.4,758.4,499.6,0,0.0,-0.2,IDLE,0.00,0.00,0.00,0,0.0,2388,0,0.0,807.0
1302.7500,1311218,0.0,0.0,-5.797,11.623,0.00,0.00,745.3,745.3,499.6,0,0.0,-0.2,IDLE,0.00,0.00,0.00,0,0.0,2388,0,0.0,807.0
1302.8000,1311268,0.0,0.0,-5.797,11.623,0.00,0.00,745.3,745.3,500.5,0,0.0,0.3,IDLE,0.00,0.00,0.00,0,0.0,2388,0,0.0,807.0
1302.8500,1311318,0.0,0.0,-5.797,11.623,0.00,0.00,745.3,745.3,500.5,0,0.0,0.3,IDLE,0.00,0.00,0.00,0,0.0,2388,0,0.0,0.0
1302.9000,1311368,0.0,0.0,-6.100,11.623,0.00,0.00,744.4,744.4,500.5,0,0.0,0.3,IDLE,0.00,0.00,0.00,0,0.0,2388,0,0.0,0.0
1302.9500,1311418,0.0,0.0,-6.100,11.623,0.00,0.00,744.4,744.4,500.1,0,0.0,0.1,IDLE,0.00,0.00,0.00,0,0.0,2388,0,0.0,0.0
1303.0000,1311468,0.0,0.0,-6.100,11.623,0.00,0.00,744.4,744.4,500.1,0,0.0,0.1,IDLE,0.00,0.00,0.00,0,0.0,2388,0,0.0,0.0
1303.0500,1311518,0.0,0.0,-5.952,11.623,0.00,0.00,746.2,746.2,500.1,0,0.0,0.1,IDLE,0.00,0.00,0.00,0,0.0,2388,0,0.0,0.0
1303.1000,1311568,0.0,0.0,-5.952,11.623,0.00,0.00,746.2,746.2,501.0,0,0.0,0.5,IDLE,0.00,0.00,0.00,0,0.0,2388,0,0.0,0.0
1303.1500,1311618,0.0,0.0,-5.952,11.623,0.00,0.00,746.2,746.2,501.0,0,0.0,0.5,IDLE,0.00,0.00,0.00,0,0.0,2388,0,0.0,0.0
1303.2000,1311668,0.0,0.0,-6.122,11.623,0.00,0.00,747.2,747.2,501.0,0,0.0,0.5,IDLE,0.00,0.00,0.00,0,0.0,2388,0,0.0,0.0
1303.2500,1311718,0.0,0.0,-6.122,11.623,0.00,0.00,747.2,747.2,501.0,0,0.0,0.5,IDLE,0.00,0.00,0.00,0,0.0,2388,0,0.0,0.0
1303.3000,1311768,0.0,0.0,-6.122,11.623,0.00,0.00,747.2,747.2,502.1,0,0.0,1.1,IDLE,0.00,0.00,0.00,0,0.0,2388,0,0.0,0.0
1303.3500,1311818,0.0,0.0,-6.122,11.623,0.00,0.00,747.2,747.2,502.1,0,0.0,1.1,IDLE,0.00,0.00,0.00,0,0.0,2388,0,0.0,0.0
1303.4000,1311868,0.0,0.0,-6.078,11.623,0.00,0.00,756.2,756.2,502.1,0,0.0,1.1,IDLE,0.00,0.00,0.00,0,0.0,2388,0,0.0,0.0
1303.4500,1311918,0.0,0.0,-6.078,11.623,0.00,0.00,756.2,756.2,500.8,0,0.0,0.4,IDLE,0.00,0.00,0.00,0,0.0,2388,0,0.0,0.0
1303.5000,1311968,0.0,0.0,-6.078,11.623,0.00,0.00,756.2,756.2,500.8,0,0.0,0.4,IDLE,0.00,0.00,0.00,0,0.0,2388,0,0.0,0.0
1431.6500,1440118,0.0,0.0,-5.045,11.623,0.00,0.00,751.2,751.2,500.6,0,0.0,0.3,IDLE,0.00,0.00,0.00,0,0.0,2388,0,0.0,0.0
1431.7000,1440168,0.0,0.0,-5.251,11.623,0.00,0.00,753.1,753.1,500.6,0,0.0,0.3,IDLE,0.00,0.00,0.00,0,0.0,2388,0,0.0,0.0
1431.7500,1440218,0.0,0.0,-5.251,11.623,0.00,0.00,753.1,753.1,501.9,0,0.0,0.9,IDLE,0.00,0.00,0.00,0,0.0,2388,0,0.0,0.0
1431.8000,1440268,0.0,0.0,-5.251,11.623,0.00,0.00,753.1,753.1,501.9,0,0.0,0.9,IDLE,0.00,0.00,0.00,0,0.0,2388,0,0.0,0.0
1431.8500,1440318,0.0,0.0,-5.104,11.623,0.00,0.00,751.9,751.9,501.9,0,0.0,0.9,IDLE,0.00,0.00,0.00,0,0.0,2388,0,0.0,0.0
1431.9000,1440368,0.0,0.0,-5.104,11.623,0.00,0.00,751.9,751.9,500.5,0,0.0,0.3,IDLE,0.00,0.00,0.00,0,0.0,2388,0,0.0,0.0
1431.9500,1440418,0.0,0.0,-5.104,11.623,0.00,0.00,751.9,751.9,500.5,0,0.0,0.3,IDLE,0.00,0.00,0.00,0,0.0,2388,0,0.0,0.0
1432.0000,1440468,0.0,0.0,-4.890,11.623,0.00,0.00,753.1,753.1,500.5,0,0.0,0.3,IDLE,0.00,0.00,0.00,0,0.0,2388,0,0.0,0.0
1432.0500,1440518,0.0,0.0,-4.890,11.623,0.00,0.00,753.1,753.1,500.5,0,0.0,0.3,IDLE,0.00,0.00,0.00,0,0.0,2388,0,0.0,0.0
1432.1000,1440568,0.0,0.0,-4.890,11.623,0.00,0.00,753.1,753.1,501.5,0,0.0,0.8,IDLE,0.00,0.00,0.00,0,0.0,2388,0,0.0,0.0
1432.1500,1440618,0.0,0.0,-4.890,11.623,0.00,0.00,753.1,753.1,501.5,0,0.0,0.8,IDLE,0.00,0.00,0.00,0,0.0,2388,0,0.0,0.0
1432.2000,1440668,0.0,0.0,-4.654,11.623,0.00,0.00,752.5,752.5,501.5,0,0.0,0.8,IDLE,0.00,0.00,0.00,0,0.0,2388,0,0.0,0.0
1432.2500,1440718,0.0,0.0,-4.654,11.623,0.00,0.00,752.5,752.5,500.4,0,0.0,0.2,IDLE,0.00,0.00,0.00,0,0.0,2388,0,0.0,0.0
1432.3000,1440768,0.0,0.0,-4.654,11.623,0.00,0.00,752.5,752.5,500.4,0,0.0,0.2,IDLE,0.00,0.00,0.00,0,0.0,2388,0,0.0,0.0
1432.3500,1440818,0.0,0.0,-4.433,11.623,0.00,0.00,753.1,753.1,500.4,0,0.0,0.2,IDLE,0.00,0.00,0.00,0,0.0,2388,0,0.0,0.0
1432.4000,1440868,0.0,0.0,-4.433,11.623,0.00,0.00,753.1,753.1,501.0,0,0.0,0.5,IDLE,0.00,0.00,0.00,0,0.0,2388,0,0.0,0.0
1432.4500,1440918,0.0,0.0,-4.433,11.623,0.00,0.00,753.1,753.1,501.0,0,0.0,0.5,IDLE,0.00,0.00,0.00,0,0.0,2388,0,0.0,0.0
1432.5000,1440968,0.0,0.0,-4.602,11.623,0.00,0.00,753.8,753.8,501.0,0,0.0,0.5,IDLE,0.00,0.00,0.00,0,0.0,2388,0,0.0,0.0
1432.5500,1441018,0.0,0.0,-4.602,11.623,0.00,0.00,753.8,753.8,500.9,0,0.0,0.4,IDLE,0.00,0.00,0.00,0,0.0,2388,0,0.0,0.0
1432.6000,1441068,0.0,0.0,-4.602,11.623,0.00,0.00,753.8,753.8,500.9,0,0.0,0.4,IDLE,0.00,0.00,0.00,0,0.0,2388,0,0.0,0.0
1432.6500,1441118,0.0,0.0,-4.484,11.623,0.00,0.00,765.9,765.9,500.9,0,0.0,0.4,IDLE,0.00,0.00,0.00,0,0.0,2388,0,0.0,0.0
1432.7000,1441168,0.0,0.0,-4.484,11.623,0.00,0.00,765.9,765.9,500.9,0,0.0,0.4,IDLE,0.00,0.00,0.00,0,0.0,2388,0,0.0,0.0
1432.7500,1441218,0.0,0.0,-4.484,11.623,0.00,0.00,765.9,765.9,500.8,0,0.0,0.4,IDLE,0.00,0.00,0.00,0,0.0,2388,0,0.0,0.0
1432.8000,1441268,0.0,0.0,-4.484,11.623,0.00,0.00,765.9,765.9,500.8,0,0.0,0.4,IDLE,0.00,0.00,0.00,0,0.0,2388,0,0.0,0.0
1432.8500,1441318,0.0,0.0,-4.344,11.623,0.00,0.00,766.9,766.9,500.8,0,0.0,0.4,IDLE,0.00,0.00,0.00,0,0.0,2388,0,0.0,0.0
1432.9000,1441368,0.0,0.0,-4.344,11.623,0.00,0.00,766.9,766.9,501.9,0,0.0,0.9,IDLE,0.00,0.00,0.00,0,0.0,2388,0,0.0,0.0
1432.9500,1441418,0.0,0.0,-4.344,11.623,0.00,0.00,766.9,766.9,501.9,0,0.0,0.9,IDLE,0.00,0.00,0.00,0,0.0,2388,0,0.0,0.0
1433.0000,1441468,0.0,0.0,-4.507,11.623,0.00,0.00,750.9,750.9,501.9,0,0.0,0.9,IDLE,0.00,0.00,0.00,0,0.0,2388,0,0.0,0.0
1433.0500,1441518,0.0,0.0,-4.507,11.623,0.00,0.00,750.9,750.9,501.6,0,0.0,0.8,IDLE,0.00,0.00,0.00,0,0.0,2388,0,0.0,0.0
1433.1000,1441568,0.0,0.0,-4.507,11.623,0.00,0.00,750.9,750.9,501.6,0,0.0,0.8,IDLE,0.00,0.00,0.00,0,0.0,2388,0,0.0,0.0
1433.1500,1441618,0.0,0.0,-4.514,11.623,0.00,0.00,750.9,750.9,501.6,0,0.0,0.8,IDLE,0.00,0.00,0.00,0,0.0,2388,0,0.0,0.0
1433.2000,1441668,0.0,0.0,-4.514,11.623,0.00,0.00,750.9,750.9,501.6,0,0.0,0.8,IDLE,0.00,0.00,0.00,0,0.0,2388,0,0.0,0.0
1433.2500,1441718,0.0,0.0,-4.514,11.623,0.00,0.00,750.9,750.9,501.6,0,0.0,0.8,IDLE,0.00,0.00,0.00,0,0.0,2388,0,0.0,0.0
1433.3000,1441768,0.0,0.0,-4.809,11.623,0.00,0.00,740.0,740.0,501.6,0,0.0,0.8,IDLE,0.00,0.00,0.00,0,0.0,2388,0,0.0,0.0
1433.3500,1441818,0.0,0.0,-4.809,11.623,0.00,0.00,740.0,740.0,500.9,0,0.0,0.4,IDLE,0.00,0.00,0.00,0,0.0,2388,0,0.0,0.0
1433.4000,1441868,0.0,0.0,-4.809,11.623,0.00,0.00,740.0,740.0,500.9,0,0.0,0.4,IDLE,0.00,0.00,0.00,0,0.0,2388,0,0.0,0.0
1433.4500,1441918,0.0,0.0,-5.023,11.623,0.00,0.00,742.2,742.2,500.9,0,0.0,0.4,IDLE,0.00,0.00,0.00,0,0.0,2388,0,0.0,0.0
1433.5000,1441968,0.0,0.0,-5.023,11.623,0.00,0.00,742.2,742.2,500.9,0,0.0,0.4,IDLE,0.00,0.00,0.00,0,0.0,2388,0,0.0,0.0
1433.5500,1442018,0.0,0.0,-5.023,11.623,0.00,0.00,742.2,742.2,501.6,0,0.0,0.8,IDLE,0.00,0.00,0.00,0,0.0,2388,0,0.0,0.0
1433.6000,1442068,0.0,0.0,-5.023,11.623,0.00,0.00,742.2,742.2,501.6,0,0.0,0.8,IDLE,0.00,0.00,0.00,0,0.0,2388,0,0.0,0.0
1433.6500,1442118,0.0,0.0,-4.979,11.623,0.00,0.00,755.0,755.0,501.6,0,0.0,0.8,IDLE,0.00,0.00,0.00,0,0.0,2388,0,0.0,0.0
1433.7000,1442168,0.0,0.0,-4.979,11.623,0.00,0.00,755.0,755.0,501.1,0,0.0,0.6,IDLE,0.00,0.00,0.00,0,0.0,2388,0,0.0,0.0
1433.7500,1442218,0.0,0.0,-4.979,11.623,0.00,0.00,755.0,755.0,501.1,0,0.0,0.6,IDLE,0.00,0.00,0.00,0,0.0,2388,0,0.0,0.0
1433.8000,1442268,0.0,0.0,-4.920,11.623,0.00,0.00,755.0,755.0,501.1,0,0.0,0.6,IDLE,0.00,0.00,0.00,0,0.0,2388,0,0.0,0.0
1433.8500,1442318,0.0,0.0,-4.920,11.623,0.00,0.00,755.0,755.0,501.1,0,0.0,0.6,IDLE,0.00,0.00,0.00,0,0.0,2388,0,0.0,0.0
1433.9000,1442368,0.0,0.0,-4.920,11.623,0.00,0.00,755.0,755.0,501.1,0,0.0,0.6,IDLE,0.00,0.00,0.00,0,0.0,2388,0,0.0,0.0
1433.9500,1442418,0.0,0.0,-4.824,11.623,0.00,0.00,757.5,757.5,501.1,0,0.0,0.6,IDLE,0.00,0.00,0.00,0,0.0,2388,0,0.0,0.0
1434.0000,1442468,0.0,0.0,-4.824,11.623,0.00,0.00,757.5,757.5,501.1,0,0.0,0.6,IDLE,0.00,0.00,0.00,0,0.0,2388,0,0.0,0.0
1434.0500,1442518,0.0,0.0,-4.824,11.623,0.00,0.00,757.5,757.5,501.1,0,0.0,0.6,IDLE,0.00,0.00,0.00,0,0.0,2388,0,0.0,0.0
1434.1000,1442568,0.0,0.0,-4.816,11.623,0.00,0.00,754.1,754.1,501.1,0,0.0,0.6,IDLE,0.00,0.00,0.00,0,0.0,2388,0,0.0,0.0
1434.1500,1442618,0.0,0.0,-4.816,11.623,0.00,0.00,754.1,754.1,501.1,0,0.0,0.6,IDLE,0.00,0.00,0.00,0,0.0,2388,0,0.0,0.0
1434.2000,1442668,0.0,0.0,-4.816,11.623,0.00,0.00,754.1,754.1,500.5,0,0.0,0.3,IDLE,0.00,0.00,0.00,0,0.0,2388,0,0.0,0.0
1434.2500,1442718,0.0,0.0,-4.816,11.623,0.00,0.00,754.1,754.1,500.5,0,0.0,0.3,IDLE,0.00,0.00,0.00,0,0.0,2388,0,0.0,0.0
1434.3000,1442768,0.0,0.0,-5.082,11.623,0.00,0.00,754.1,754.1,500.5,0,0.0,0.3,IDLE,0.00,0.00,0.00,0,0.0,2388,0,0.0,0.0
1434.3500,1442818,0.0,0.0,-5.082,11.623,0.00,0.00,754.1,754.1,500.5,0,0.0,0.3,IDLE,0.00,0.00,0.00,0,0.0,2388,0,0.0,0.0
1434.4000,1442868,0.0,0.0,-5.082,11.623,0.00,0.00,754.1,754.1,500.5,0,0.0,0.3,IDLE,0.00,0.00,0.00,0,0.0,2388,0,0.0,0.0
1434.4500,1442918,0.0,0.0,-5.340,11.623,0.00,0.00,755.3,755.3,500.5,0,0.0,0.3,IDLE,0.00,0.00,0.00,0,0.0,2388,0,0.0,0.0
1434.5000,1442968,0.0,0.0,-5.340,11.623,0.00,0.00,755.3,755.3,501.6,0,0.0,0.8,IDLE,0.00,0.00,0.00,0,0.0,2388,0,0.0,0.0
1434.5500,1443018,0.0,0.0,-5.340,11.623,0.00,0.00,755.3,755.3,501.6,0,0.0,0.8,IDLE,0.00,0.00,0.00,0,0.0,2388,0,0.0,0.0
1434.6000,1443068,0.0,0.0,-5.237,11.623,0.00,0.00,755.6,755.6,501.6,0,0.0,0.8,IDLE,0.00,0.00,0.00,0,0.0,2388,0,0.0,0.0
1434.6500,1443118,0.0,0.0,-5.237,11.623,0.00,0.00,755.6,755.6,501.9,0,0.0,0.9,IDLE,0.00,0.00,0.00,0,0.0,2388,0,0.0,0.0
1434.7000,1443168,0.0,0.0,-5.237,11.623,0.00,0.00,755.6,755.6,501.9,0,0.0,0.9,IDLE,0.00,0.00,0.00,0,0.0,2388,0,0.0,0.0
1434.7500,1443218,0.0,0.0,-5.082,11.623,0.00,0.00,757.8,757.8,501.9,0,0.0,0.9,IDLE,0.00,0.00,0.00,0,0.0,2388,0,0.0,0.0
1434.8000,1443268,0.0,0.0,-5.082,11.623,0.00,0.00,757.8,757.8,502.1,0,0.0,1.1,IDLE,0.00,0.00,0.00,0,0.0,2388,0,0.0,0.0
1434.8500,1443318,0.0,0.0,-5.082,11.623,0.00,0.00,757.8,757.8,502.1,0,0.0,1.1,IDLE,0.00,0.00,0.00,0,0.0,2388,0,0.0,0.0
1434.9000,1443368,0.0,0.0,-4.986,11.623,0.00,0.00,744.4,744.4,502.1,0,0.0,1.1,IDLE,0.00,0.00,0.00,0,0.0,2388,0,0.0,0.0
1434.9500,1443418,0.0,0.0,-4.986,11.623,0.00,0.00,744.4,744.4,502.1,0,0.0,1.1,IDLE,0.00,0.00,0.00,0,0.0,2388,0,0.0,0.0
1435.0000,1443468,0.0,0.0,-4.986,11.623,0.00,0.00,744.4,744.4,501.0,0,0.0,0.5,IDLE,0.00,0.00,0.00,0,0.0,2388,0,0.0,0.0
1435.0500,1443518,0.0,0.0,-4.986,11.623,0.00,0.00,744.4,744.4,501.0,0,0.0,0.5,IDLE,0.00,0.00,0.00,0,0.0,2388,0,0.0,0.0
1435.1000,1443568,0.0,0.0,-5.008,11.623,0.00,0.00,741.2,741.2,501.0,0,0.0,0.5,IDLE,0.00,0.00,0.00,0,0.0,2388,0,0.0,0.0
1435.1500,1443618,0.0,0.0,-5.008,11.623,0.00,0.00,741.2,741.2,501.4,0,0.0,0.7,IDLE,0.00,0.00,0.00,0,0.0,2388,0,0.0,0.0
1435.2000,1443668,0.0,0.0,-5.008,11.623,0.00,0.00,741.2,741.2,501.4,0,0.0,0.7,IDLE,0.00,0.00,0.00,0,0.0,2388,0,0.0,0.0
1435.2500,1443718,0.0,0.0,-5.229,11.623,0.00,0.00,745.0,745.0,501.4,0,0.0,0.7,IDLE,0.00,0.00,0.00,0,0.0,2388,0,0.0,0.0
1435.3000,1443768,0.0,0.0,-5.229,11.623,0.00,0.00,745.0,745.0,500.8,0,0.0,0.4,IDLE,0.00,0.00,0.00,0,0.0,2388,0,0.0,0.0
1435.3500,1443818,0.0,0.0,-5.229,11.623,0.00,0.00,745.0,745.0,500.8,0,0.0,0.4,IDLE,0.00,0.00,0.00,0,0.0,2388,0,0.0,0.0
1435.4000,1443868,0.0,0.0,-5.436,11.623,0.00,0.00,745.6,745.6,500.8,0,0.0,0.4,IDLE,0.00,0.00,0.00,0,0.0,2388,0,0.0,0.0
1435.4500,1443918,0.0,0.0,-5.436,11.623,0.00,0.00,745.6,745.6,501.4,0,0.0,0.7,IDLE,0.00,0.00,0.00,0,0.0,2388,0,0.0,0.0
1435.5000,1443968,0.0,0.0,-5.436,11.623,0.00,0.00,745.6,745.6,501.4,0,0.0,0.7,IDLE,0.00,0.00,0.00,0,0.0,2388,0,0.0,0.0
1435.5500,1444018,0.0,0.0,-5.222,11.623,0.00,0.00,767.2,767.2,501.4,0,0.0,0.7,IDLE,0.00,0.00,0.00,0,0.0,2388,0,0.0,0.0
1435.6000,1444068,0.0,0.0,-5.222,11.623,0.00,0.00,767.2,767.2,500.4,0,0.0,0.2,IDLE,0.00,0.00,0.00,0,0.0,2388,0,0.0,0.0
1435.6500,1444118,0.0,0.0,-5.222,11.623,0.00,0.00,767.2,767.2,500.4,0,0.0,0.2,IDLE,0.00,0.00,0.00,0,0.0,2388,0,0.0,0.0
1435.7000,1444168,0.0,0.0,-5.185,11.623,0.00,0.00,755.6,755.6,500.4,0,0.0,0.2,IDLE,0.00,0.00,0.00,0,0.0,2388,0,0.0,0.0
1435.7500,1444218,0.0,0.0,-5.185,11.623,0.00,0.00,755.6,755.6,500.4,0,0.0,0.2,IDLE,0.00,0.00,0.00,0,0.0,2388,0,0.0,0.0
1435.8000,1444268,0.0,0.0,-5.185,11.623,0.00,0.00,755.6,755.6,500.9,0,0.0,0.4,IDLE,0.00,0.00,0.00,0,0.0,2388,0,0.0,0.0
1435.8500,1444318,0.0,0.0,-5.185,11.623,0.00,0.00,755.6,755.6,500.9,0,0.0,0.4,IDLE,0.00,0.00,0.00,0,0.0,2388,0,0.0,0.0
1435.9000,1444368,0.0,0.0,-5.178,11.623,0.00,0.00,754.4,754.4,500.9,0,0.0,0.4,IDLE,0.00,0.00,0.00,0,0.0,2388,0,0.0,0.0
1435.9500,1444418,0.0,0.0,-5.178,11.623,0.00,0.00,754.4,754.4,501.5,0,0.0,0.8,IDLE,0.00,0.00,0.00,0,0.0,2388,0,0.0,0.0
1436.0000,1444468,0.0,0.0,-5.178,11.623,0.00,0.00,754.4,754.4,501.5,0,0.0,0.8,IDLE,0.00,0.00,0.00,0,0.0,2388,0,0.0,0.0
1436.0500,1444518,0.0,0.0,-5.480,11.623,0.00,0.00,741.6,741.6,501.5,0,0.0,0.8,IDLE,0.00,0.00,0.00,0,0.0,2388,0,0.0,0.0
1436.1000,1444568,0.0,0.0,-5.480,11.623,0.00,0.00,741.6,741.6,501.1,0,0.0,0.6,IDLE,0.00,0.00,0.00,0,0.0,2388,0,0.0,0.0
1436.1500,1444618,0.0,0.0,-5.480,11.623,0.00,0.00,741.6,741.6,501.1,0,0.0,0.6,IDLE,0.00,0.00,0.00,0,0.0,2388,0,0.0,0.0
1436.2000,1444668,0.0,0.0,-5.731,11.623,0.00,0.00,744.4,744.4,501.1,0,0.0,0.6,IDLE,0.00,0.00,0.00,0,0.0,2388,0,0.0,0.0
1436.2500,1444718,0.0,0.0,-5.731,11.623,0.00,0.00,744.4,744.4,501.0,0,0.0,0.5,IDLE,0.00,0.00,0.00,0,0.0,2388,0,0.0,0.0
1436.3000,1444768,0.0,0.0,-5.731,11.623,0.00,0.00,744.4,744.4,501.0,0,0.0,0.5,IDLE,0.00,0.00,0.00,0,0.0,2388,0,0.0,0.0
1436.3500,1444818,0.0,0.0,-5.856,11.623,0.00,0.00,752.2,752.2,501.0,0,0.0,0.5,IDLE,0.00,0.00,0.00,0,0.0,2388,0,0.0,0.0
1436.4000,1444868,0.0,0.0,-5.856,11.623,0.00,0.00,752.2,752.2,501.0,0,0.0,0.5,IDLE,0.00,0.00,0.00,0,0.0,2388,0,0.0,0.0
1436.4500,1444918,0.0,0.0,-5.856,11.623,0.00,0.00,752.2,752.2,501.0,0,0.0,0.5,IDLE,0.00,0.00,0.00,0,0.0,2388,0,0.0,0.0
1436.5000,1444968,0.0,0.0,-5.856,11.623,0.00,0.00,752.2,752.2,501.0,0,0.0,0.5,IDLE,0.00,0.00,0.00,0,0.0,2388,0,0.0,0.0
1436.5500,1445018,0.0,0.0,-5.701,11.623,0.00,0.00,751.2,751.2,501.0,0,0.0,0.5,IDLE,0.00,0.00,0.00,0,0.0,2388,0,0.0,0.0
1436.6000,1445068,0.0,0.0,-5.701,11.623,0.00,0.00,751.2,751.2,499.9,0,0.0,-0.1,IDLE,0.00,0.00,0.00,0,0.0,2388,0,0.0,0.0
1436.6500,1445118,0.0,0.0,-5.701,11.623,0.00,0.00,751.2,751.2,499.9,0,0.0,-0.1,IDLE,0.00,0.00,0.00,0,0.0,2388,0,0.0,0.0
1436.7000,1445168,0.0,0.0,-5.421,11.623,0.00,0.00,754.1,754.1,499.9,0,0.0,-0.1,IDLE,0.00,0.00,0.00,0,0.0,2388,0,0.0,0.0
1436.7500,1445218,0.0,0.0,-5.421,11.623,0.00,0.00,754.1,754.1,501.5,0,0.0,0.8,IDLE,0.00,0.00,0.00,0,0.0,2388,0,0.0,0.0
1436.8000,1445268,0.0,0.0,-5.421,11.623,0.00,0.00,754.1,754.1,501.5,0,0.0,0.8,IDLE,0.00,0.00,0.00,0,0.0,2388,0,0.0,0.0
1436.8500,1445318,0.0,0.0,-5.266,11.623,0.00,0.00,751.9,751.9,501.5,0,0.0,0.8,IDLE,0.00,0.00,0.00,0,0.0,2388,0,0.0,0.0
1436.9000,1445368,0.0,0.0,-5.266,11.623,0.00,0.00,751.9,751.9,501.8,0,0.0,0.9,IDLE,0.00,0.00,0.00,0,0.0,2388,0,0.0,0.0
1436.9500,1445418,0.0,0.0,-5.266,11.623,0.00,0.00,751.9,751.9,501.8,0,0.0,0.9,IDLE,0.00,0.00,0.00,0,0.0,2388,0,0.0,0.0
1437.0000,1445468,0.0,0.0,-5.030,11.623,0.00,0.00,756.2,756.2,501.8,0,0.0,0.9,IDLE,0.00,0.00,0.00,0,0.0,2388,0,0.0,0.0
1437.0500,1445518,0.0,0.0,-5.030,11.623,0.00,0.00,756.2,756.2,501.9,0,0.0,0.9,IDLE,0.00,0.00,0.00,0,0.0,2388,0,0.0,0.0
1437.1000,1445568,0.0,0.0,-5.030,11.623,0.00,0.00,756.2,756.2,501.9,0,0.0,0.9,IDLE,0.00,0.00,0.00,0,0.0,2388,0,0.0,0.0
1437.1500,1445618,0.0,0.0,-5.274,11.623,0.00,0.00,756.2,756.2,501.9,0,0.0,0.9,IDLE,0.00,0.00,0.00,0,0.0,2388,0,0.0,0.0
1437.2000,1445668,0.0,0.0,-5.274,11.623,0.00,0.00,756.2,756.2,501.9,0,0.0,0.9,IDLE,0.00,0.00,0.00,0,0.0,2388,0,0.0,0.0
1437.2500,1445718,0.0,0.0,-5.274,11.623,0.00,0.00,756.2,756.2,501.9,0,0.0,0.9,IDLE,0.00,0.00,0.00,0,0.0,2388,0,0.0,0.0
1437.3000,1445768,0.0,0.0,-5.274,11.623,0.00,0.00,756.2,756.2,501.9,0,0.0,0.9,IDLE,0.00,0.00,0.00,0,0.0,2388,0,0.0,0.0
1437.3500,1445818,0.0,0.0,-4.875,11.623,0.00,0.00,773.8,773.8,501.9,0,0.0,0.9,IDLE,0.00,0.00,0.00,0,0.0,2388,0,0.0,0.0
1437.4000,1445868,0.0,0.0,-4.875,11.623,0.00,0.00,773.8,773.8,501.6,0,0.0,0.8,IDLE,0.00,0.00,0.00,0,0.0,2389,0,0.0,0.0
1437.4500,1445918,0.0,0.0,-4.875,11.623,0.00,0.00,773.8,773.8,501.6,0,0.0,0.8,IDLE,0.00,0.00,0.00,0,0.0,2389,0,0.0,0.0
1437.5000,1445968,0.0,0.0,-2.139,11.623,0.00,0.00,878.1,878.1,501.6,0,0.0,0.8,IDLE,0.00,0.00,0.00,0,0.0,2389,0,0.0,0.0
1437.5500,1446018,0.0,0.0,-2.139,11.623,0.00,0.00,878.1,878.1,501.5,0,0.0,0.8,IDLE,0.00,0.00,0.00,0,0.0,2389,0,0.0,0.0
1437.6000,1446068,0.0,0.0,-2.139,11.623,0.00,0.00,878.1,878.1,501.5,0,0.0,0.8,IDLE,0.00,0.00,0.00,0,0.0,2390,0,0.0,0.0
1437.6500,1446118,0.0,0.0,-3.363,11.623,0.00,0.00,686.2,686.2,501.5,0,0.0,0.8,IDLE,0.00,0.00,0.00,0,0.0,2390,0,0.0,0.0
1437.7000,1446168,0.0,0.0,-3.363,11.623,0.00,0.00,686.2,686.2,500.0,0,0.0,0.0,IDLE,0.00,0.00,0.00,0,0.0,2390,0,0.0,0.0
1437.7500,1446218,0.0,0.0,-3.363,11.623,0.00,0.00,686.2,686.2,500.0,0,0.0,0.0,IDLE,0.00,0.00,0.00,0,0.0,2391,0,0.0,0.0
1437.8000,1446268,0.0,0.0,-2.589,11.623,0.00,0.00,779.4,779.4,500.0,0,0.0,0.0,IDLE,0.00,0.00,0.00,0,0.0,2391,0,0.0,0.0
1437.8500,1446318,0.0,0.0,-2.589,11.623,0.00,0.00,779.4,779.4,500.0,0,0.0,0.0,IDLE,0.00,0.00,0.00,0,0.0,2392,0,0.0,0.0
1437.9000,1446368,0.0,0.0,-2.589,11.623,0.00,0.00,779.4,779.4,502.4,0,0.0,1.2,IDLE,0.00,0.00,0.00,0,0.0,2392,0,0.0,0.0
1437.9500,1446418,0.0,0.0,-2.589,11.623,0.00,0.00,779.4,779.4,502.4,0,0.0,1.2,IDLE,0.00,0.00,0.00,0,0.0,2393,0,0.0,0.0
1438.0000,1446468,0.0,0.0,4.765,11.623,0.00,0.00,1084.4,1084.4,502.4,0,0.0,1.2,IDLE,0.00,0.00,0.00,0,0.0,2395,0,0.0,0.0
1438.0500,1446518,0.0,0.0,4.765,11.623,0.00,0.00,1084.4,1084.4,500.1,0,0.0,0.1,IDLE,0.00,0.00,0.00,0,0.0,2397,0,0.0,0.0
1438.1000,1446568,0.0,0.0,4.765,11.623,0.00,0.00,1084.4,1084.4,500.1,0,0.0,0.1,IDLE,0.00,0.00,0.00,0,0.0,2398,0,0.0,854.6
1438.1500,1446618,0.0,0.0,10.245,11.623,0.00,0.00,999.1,999.1,500.1,0,0.0,0.1,IDLE,0.00,0.00,0.00,0,0.0,2399,0,0.0,918.1
1438.2000,1446668,0.0,941.1,10.245,11.623,1.84,2.08,999.1,999.1,499.5,0,0.0,-0.2,IDLE,0.00,0.00,0.00,0,0.0,2399,0,941.1,956.2
1438.2500,1446718,0.0,941.1,10.245,11.623,1.84,2.08,999.1,999.1,499.5,0,0.0,-0.2,IDLE,0.00,0.00,0.00,0,0.0,2399,0,941.1,984.1
1438.3000,1446768,0.0,990.1,9.692,11.623,1.83,2.19,729.1,729.1,499.5,0,0.0,-0.2,IDLE,0.00,0.00,0.00,0,0.0,2399,0,990.1,987.7
1438.3500,1446818,0.0,990.1,9.692,11.623,1.83,2.19,729.1,729.1,502.3,0,0.0,1.1,IDLE,0.00,0.00,0.00,0,0.0,2399,0,990.1,963.1
1438.4000,1446868,0.0,942.6,9.692,11.623,1.74,2.09,729.1,729.1,502.3,0,0.0,1.1,IDLE,0.00,0.00,0.00,0,0.0,2399,0,942.6,935.4
1438.4500,1446918,0.0,942.6,7.966,11.623,1.43,2.09,673.8,673.8,502.3,0,0.0,1.1,IDLE,0.00,0.00,0.00,0,0.0,2399,0,942.6,915.1
1438.5000,1446968,0.0,893.6,7.966,11.623,1.36,1.98,673.8,673.8,499.1,0,0.0,-0.4,IDLE,0.00,0.00,0.00,0,0.0,2399,0,893.6,883.6
1438.5500,1447018,0.0,893.6,7.966,11.623,1.36,1.98,673.8,673.8,499.1,0,0.0,-0.4,IDLE,0.00,0.00,0.00,0,0.0,2399,0,893.6,847.2
1438.6000,1447068,0.0,820.3,9.603,11.623,1.50,1.82,830.3,830.3,499.1,0,0.0,-0.4,IDLE,0.00,0.00,0.00,0,0.0,2400,0,820.3,810.6
1438.6500,1447118,0.0,820.3,9.603,11.623,1.50,1.82,830.3,830.3,499.1,0,0.0,-0.4,IDLE,0.00,0.00,0.00,0,0.0,2401,0,820.3,810.6
1438.7000,1447168,0.0,820.3,9.603,11.623,1.50,1.82,830.3,830.3,503.2,0,0.0,1.6,IDLE,0.00,0.00,0.00,0,0.0,2403,0,820.3,810.6
1438.7500,1447218,0.0,820.3,9.603,11.623,1.50,1.82,830.3,830.3,503.2,0,0.0,1.6,IDLE,0.00,0.00,0.00,0,0.0,2404,0,820.3,810.6
1438.8000,1447268,0.0,820.3,8.047,11.623,1.26,1.82,685.9,685.9,503.2,0,0.0,1.6,IDLE,0.00,0.00,0.00,0,0.0,2406,0,820.3,810.6
1438.8500,1447318,0.0,820.3,8.047,11.623,1.26,1.82,685.9,685.9,502.3,0,0.0,1.1,IDLE,0.00,0.00,0.00,0,0.0,2408,0,820.3,810.6
1438.9000,1447368,0.0,820.3,8.047,11.623,1.26,1.82,685.9,685.9,502.3,0,0.0,1.1,IDLE,0.00,0.00,0.00,0,0.0,2410,0,820.3,810.6
1438.9500,1447418,0.0,820.3,7.921,11.623,1.24,1.82,768.1,768.1,502.3,0,0.0,1.1,IDLE,0.00,0.00,0.00,0,0.0,2411,0,820.3,810.6
1439.0000,1447468,0.0,820.3,7.921,11.623,1.24,1.82,768.1,768.1,502.0,0,0.0,1.0,IDLE,0.00,0.00,0.00,0,0.0,2413,0,820.3,810.6
1439.0500,1447518,0.0,820.3,7.921,11.623,1.24,1.82,768.1,768.1,502.0,0,0.0,1.0,IDLE,0.00,0.00,0.00,0,0.0,2415,0,820.3,810.6
1439.1000,1447568,0.0,820.3,5.613,11.623,0.88,1.82,773.8,773.8,502.0,0,0.0,1.0,IDLE,0.00,0.00,0.00,0,0.0,2416,0,820.3,810.6
1439.1500,1447618,0.0,820.3,5.613,11.623,0.88,1.82,773.8,773.8,501.3,0,0.0,0.6,IDLE,0.00,0.00,0.00,0,0.0,2418,0,820.3,810.6
1439.2000,1447668,0.0,820.3,5.613,11.623,0.88,1.82,773.8,773.8,501.3,0,0.0,0.6,IDLE,0.00,0.00,0.00,0,0.0,2420,0,820.3,810.6
1439.2500,1447718,0.0,820.3,7.479,11.623,1.17,1.82,770.6,770.6,501.3,0,0.0,0.6,IDLE,0.00,0.00,0.00,0,0.0,2422,0,820.3,810.6
1439.3000,1447768,0.0,820.3,7.479,11.623,1.17,1.82,770.6,770.6,501.3,0,0.0,0.6,IDLE,0.00,0.00,0.00,0,0.0,2425,0,820.3,810.6
1439.3500,1447818,0.0,820.3,7.479,11.623,1.17,1.82,770.6,770.6,501.3,0,0.0,0.6,IDLE,0.00,0.00,0.00,0,0.0,2427,0,820.3,810.6
1439.4000,1447868,0.0,820.3,7.479,11.623,1.17,1.82,770.6,770.6,501.3,0,0.0,0.6,IDLE,0.00,0.00,0.00,0,0.0,2429,0,820.3,810.6
1439.4500,1447918,0.0,820.3,7.472,11.623,1.17,1.82,779.1,779.1,501.3,0,0.0,0.6,IDLE,0.00,0.00,0.00,0,0.0,2431,0,820.3,810.6
1439.5000,1447968,0.0,820.3,7.472,11.623,1.17,1.82,779.1,779.1,502.5,0,0.0,1.2,IDLE,0.00,0.00,0.00,0,0.0,2434,0,820.3,810.6
1439.5500,1448018,0.0,820.3,7.472,11.623,1.17,1.82,779.1,779.1,502.5,0,0.0,1.2,IDLE,0.00,0.00,0.00,0,0.0,2436,0,820.3,810.6
1439.6000,1448068,0.0,820.3,-0.288,11.623,-0.04,1.82,733.4,733.4,502.5,0,0.0,1.2,IDLE,0.00,0.00,0.00,0,0.0,2438,0,820.3,810.6
1439.6500,1448118,0.0,820.3,-0.288,11.623,-0.04,1.82,733.4,733.4,502.3,0,0.0,1.1,IDLE,0.00,0.00,0.00,0,0.0,2441,0,820.3,810.6
1439.7000,1448168,0.0,820.3,-0.288,11.623,-0.04,1.82,733.4,733.4,502.3,0,0.0,1.1,IDLE,0.00,0.00,0.00,0,0.0,2443,0,820.3,810.6
1439.7500,1448218,0.0,820.3,-2.876,11.623,-0.45,1.82,882.2,882.2,502.3,0,0.0,1.1,IDLE,0.00,0.00,0.00,0,0.0,2445,0,820.3,810.6
1439.8000,1448268,0.0,820.3,-2.876,11.623,-0.45,1.82,882.2,882.2,503.0,0,0.0,1.5,IDLE,0.00,0.00,0.00,0,0.0,2447,0,820.3,810.6
1439.8500,1448318,0.0,820.3,-2.876,11.623,-0.45,1.82,882.2,882.2,503.0,0,0.0,1.5,IDLE,0.00,0.00,0.00,0,0.0,2448,0,820.3,810.6
1439.9000,1448368,0.0,820.3,-3.880,11.623,-0.61,1.82,683.8,683.8,503.0,0,0.0,1.5,IDLE,0.00,0.00,0.00,0,0.0,2450,0,820.3,810.6
1439.9500,1448418,0.0,820.3,-3.880,11.623,-0.61,1.82,683.8,683.8,502.1,0,0.0,1.1,IDLE,0.00,0.00,0.00,0,0.0,2453,0,820.3,810.6
1440.0000,1448468,0.0,820.3,-3.880,11.623,-0.61,1.82,683.8,683.8,502.1,0,0.0,1.1,IDLE,0.00,0.00,0.00,0,0.0,2455,0,820.3,810.6
1440.0500,1448518,0.0,820.3,-2.176,11.623,-0.34,1.82,750.6,750.6,502.1,0,0.0,1.1,IDLE,0.00,0.00,0.00,0,0.0,2456,0,820.3,810.6
1440.1000,1448568,0.0,820.3,-2.176,11.623,-0.34,1.82,750.6,750.6,502.1,0,0.0,1.1,IDLE,0.00,0.00,0.00,0,0.0,2458,0,820.3,810.6
1440.1500,1448618,0.0,820.3,-2.176,11.623,-0.34,1.82,750.6,750.6,501.5,0,0.0,0.8,IDLE,0.00,0.00,0.00,0,0.0,2460,0,820.3,810.6
1440.2000,1448668,0.0,820.3,-2.176,11.623,-0.34,1.82,750.6,750.6,501.5,0,0.0,0.8,IDLE,0.00,0.00,0.00,0,0.0,2462,0,820.3,810.6
1440.2500,1448718,0.0,820.3,-2.899,11.623,-0.45,1.82,797.8,797.8,501.5,0,0.0,0.8,IDLE,0.00,0.00,0.00,0,0.0,2463,0,820.3,810.6
1440.3000,1448768,0.0,820.3,-2.899,11.623,-0.45,1.82,797.8,797.8,502.1,0,0.0,1.1,IDLE,0.00,0.00,0.00,0,0.0,2465,0,820.3,810.6
1440.3500,1448818,0.0,820.3,-2.899,11.623,-0.45,1.82,797.8,797.8,502.1,0,0.0,1.1,IDLE,0.00,0.00,0.00,0,0.0,2467,0,820.3,810.6
1440.4000,1448868,0.0,820.3,-0.693,11.623,-0.11,1.82,785.6,785.6,502.1,0,0.0,1.1,IDLE,0.00,0.00,0.00,0,0.0,2468,0,820.3,810.6
1440.4500,1448918,0.0,820.3,-0.693,11.623,-0.11,1.82,785.6,785.6,499.8,0,0.0,-0.1,IDLE,0.00,0.00,0.00,0,0.0,2470,0,820.3,810.6
1440.5000,1448968,0.0,820.3,-0.693,11.623,-0.11,1.82,785.6,785.6,499.8,0,0.0,-0.1,IDLE,0.00,0.00,0.00,0,0.0,2473,0,820.3,810.6
1440.5500,1449018,0.0,820.3,0.332,11.623,0.05,1.82,814.4,814.4,499.8,0,0.0,-0.1,IDLE,0.00,0.00,0.00,0,0.0,2474,0,820.3,810.6
1440.6000,1449068,0.0,820.3,0.332,11.623,0.05,1.82,814.4,814.4,501.0,0,0.0,0.5,IDLE,0.00,0.00,0.00,0,0.0,2476,0,820.3,810.6
1440.6500,1449118,0.0,820.3,0.332,11.623,0.05,1.82,814.4,814.4,501.0,0,0.0,0.5,IDLE,0.00,0.00,0.00,0,0.0,2478,0,820.3,810.6
1440.7000,1449168,0.0,820.3,-0.516,11.623,-0.08,1.82,735.3,735.3,501.0,0,0.0,0.5,IDLE,0.00,0.00,0.00,0,0.0,2479,0,820.3,810.6
1440.7500,1449218,0.0,820.3,-0.516,11.623,-0.08,1.82,735.3,735.3,501.0,0,0.0,0.5,IDLE,0.00,0.00,0.00,0,0.0,2482,0,820.3,810.6
1440.8000,1449268,0.0,820.3,-0.516,11.623,-0.08,1.82,735.3,735.3,502.1,0,0.0,1.1,IDLE,0.00,0.00,0.00,0,0.0,2484,0,820.3,810.6
1440.8500,1449318,0.0,820.3,-0.516,11.623,-0.08,1.82,735.3,735.3,502.1,0,0.0,1.1,IDLE,0.00,0.00,0.00,0,0.0,2485,0,820.3,810.6
1440.9000,1449368,0.0,820.3,1.128,11.623,0.18,1.82,845.0,845.0,502.1,0,0.0,1.1,IDLE,0.00,0.00,0.00,0,0.0,2487,0,820.3,810.6
1440.9500,1449418,0.0,820.3,1.128,11.623,0.18,1.82,845.0,845.0,502.5,0,0.0,1.2,IDLE,0.00,0.00,0.00,0,0.0,2489,0,820.3,810.6
1441.0000,1449468,0.0,820.3,1.128,11.623,0.18,1.82,845.0,845.0,502.5,0,0.0,1.2,IDLE,0.00,0.00,0.00,0,0.0,2490,0,820.3,810.6
1441.0500,1449518,0.0,820.3,3.408,11.623,0.53,1.82,882.2,882.2,502.5,0,0.0,1.2,IDLE,0.00,0.00,0.00,0,0.0,2492,0,820.3,810.6
1441.1000,1449568,0.0,820.3,3.408,11.623,0.53,1.82,882.2,882.2,501.9,0,0.0,0.9,IDLE,0.00,0.00,0.00,0,0.0,2494,0,820.3,810.6
1441.1500,1449618,0.0,820.3,3.408,11.623,0.53,1.82,882.2,882.2,501.9,0,0.0,0.9,IDLE,0.00,0.00,0.00,0,0.0,2495,0,820.3,810.6
1441.2000,1449668,0.0,820.3,4.942,11.623,0.77,1.82,802.8,802.8,501.9,0,0.0,0.9,IDLE,0.00,0.00,0.00,0,0.0,2497,0,820.3,810.6
1441.2500,1449718,0.0,820.3,4.942,11.623,0.77,1.82,802.8,802.8,502.8,0,0.0,1.4,IDLE,0.00,0.00,0.00,0,0.0,2498,0,820.3,810.6
1441.3000,1449768,0.0,820.3,4.942,11.623,0.77,1.82,802.8,802.8,502.8,0,0.0,1.4,IDLE,0.00,0.00,0.00,0,0.0,2500,0,820.3,810.6
1441.3500,1449818,0.0,820.3,1.173,11.623,0.18,1.82,711.9,711.9,502.8,0,0.0,1.4,IDLE,0.00,0.00,0.00,0,0.0,2501,0,820.3,810.6
1441.4000,1449868,0.0,820.3,1.173,11.623,0.18,1.82,711.9,711.9,502.6,0,0.0,1.3,IDLE,0.00,0.00,0.00,0,0.0,2503,0,820.3,810.6
1441.4500,1449918,0.0,820.3,1.173,11.623,0.18,1.82,711.9,711.9,502.6,0,0.0,1.3,IDLE,0.00,0.00,0.00,0,0.0,2505,0,820.3,810.6
1441.5000,1449968,0.0,820.3,6.033,11.623,0.94,1.82,903.1,903.1,502.6,0,0.0,1.3,IDLE,0.00,0.00,0.00,0,0.0,2506,0,820.3,810.6
1441.5500,1450018,0.0,820.3,6.033,11.623,0.94,1.82,903.1,903.1,502.6,0,0.0,1.3,IDLE,0.00,0.00,0.00,0,0.0,2508,0,820.3,810.6
1441.6000,1450068,0.0,820.3,6.033,11.623,0.94,1.82,903.1,903.1,503.6,0,0.0,1.8,IDLE,0.00,0.00,0.00,0,0.0,2510,0,820.3,810.6
1441.6500,1450118,0.0,820.3,6.033,11.623,0.94,1.82,903.1,903.1,503.6,0,0.0,1.8,IDLE,0.00,0.00,0.00,0,0.0,2511,0,820.3,810.6
1441.7000,1450168,0.0,820.3,6.697,11.623,1.05,1.82,780.6,780.6,503.6,0,0.0,1.8,IDLE,0.00,0.00,0.00,0,0.0,2513,0,820.3,810.6
1441.7500,1450218,0.0,820.3,6.697,11.623,1.05,1.82,780.6,780.6,503.8,0,0.0,1.9,IDLE,0.00,0.00,0.00,0,0.0,2515,0,820.3,810.6
1441.8000,1450268,0.0,820.3,6.697,11.623,1.05,1.82,780.6,780.6,503.8,0,0.0,1.9,IDLE,0.00,0.00,0.00,0,0.0,2516,0,820.3,810.6
1441.8500,1450318,0.0,820.3,6.004,11.623,0.94,1.82,766.6,766.6,503.8,0,0.0,1.9,IDLE,0.00,0.00,0.00,0,0.0,2518,0,820.3,810.6
1441.9000,1450368,0.0,820.3,6.004,11.623,0.94,1.82,766.6,766.6,502.5,0,0.0,1.2,IDLE,0.00,0.00,0.00,0,0.0,2520,0,820.3,810.6
1441.9500,1450418,0.0,820.3,6.004,11.623,0.94,1.82,766.6,766.6,502.5,0,0.0,1.2,IDLE,0.00,0.00,0.00,0,0.0,2521,0,820.3,810.6
1442.0000,1450468,0.0,820.3,3.636,11.623,0.57,1.82,678.8,678.8,502.5,0,0.0,1.2,IDLE,0.00,0.00,0.00,0,0.0,2523,0,820.3,810.6
1442.0500,1450518,0.0,820.3,3.636,11.623,0.57,1.82,678.8,678.8,501.8,0,0.0,0.9,IDLE,0.00,0.00,0.00,0,0.0,2525,0,820.3,810.6
1442.1000,1450568,0.0,820.3,3.636,11.623,0.57,1.82,678.8,678.8,501.8,0,0.0,0.9,IDLE,0.00,0.00,0.00,0,0.0,2526,0,820.3,810.6
1442.1500,1450618,0.0,820.3,0.184,11.623,0.03,1.82,658.4,658.4,501.8,0,0.0,0.9,IDLE,0.00,0.00,0.00,0,0.0,2529,0,820.3,810.6
1442.2000,1450668,0.0,820.3,0.184,11.623,0.03,1.82,658.4,658.4,501.8,0,0.0,0.9,IDLE,0.00,0.00,0.00,0,0.0,2530,0,820.3,810.6
1442.2500,1450718,0.0,820.3,0.184,11.623,0.03,1.82,658.4,658.4,500.9,0,0.0,0.4,IDLE,0.00,0.00,0.00,0,0.0,2532,0,820.3,810.6
1442.3000,1450768,0.0,820.3,0.184,11.623,0.03,1.82,658.4,658.4,500.9,0,0.0,0.4,IDLE,0.00,0.00,0.00,0,0.0,2534,0,820.3,810.6
1442.3500,1450818,0.0,820.3,2.604,11.623,0.41,1.82,844.4,844.4,500.9,0,0.0,0.4,IDLE,0.00,0.00,0.00,0,0.0,2536,0,820.3,810.6
1442.4000,1450868,0.0,820.3,2.604,11.623,0.41,1.82,844.4,844.4,502.5,0,0.0,1.2,IDLE,0.00,0.00,0.00,0,0.0,2538,0,820.3,810.6
1442.4500,1450918,0.0,820.3,2.604,11.623,0.41,1.82,844.4,844.4,502.5,0,0.0,1.2,IDLE,0.00,0.00,0.00,0,0.0,2540,0,820.3,810.6
1442.5000,1450968,0.0,820.3,1.313,11.623,0.21,1.82,786.9,786.9,502.5,0,0.0,1.2,IDLE,0.00,0.00,0.00,0,0.0,2542,0,820.3,810.6
1442.5500,1451018,0.0,820.3,1.313,11.623,0.21,1.82,786.9,786.9,502.0,0,0.0,1.0,IDLE,0.00,0.00,0.00,0,0.0,2543,0,820.3,810.6
1442.6000,1451068,0.0,820.3,1.313,11.623,0.21,1.82,786.9,786.9,502.0,0,0.0,1.0,IDLE,0.00,0.00,0.00,0,0.0,2545,0,820.3,810.6
1442.6500,1451118,0.0,820.3,1.689,11.623,0.26,1.82,899.1,899.1,502.0,0,0.0,1.0,IDLE,0.00,0.00,0.00,0,0.0,2547,0,820.3,810.6
1442.7000,1451168,0.0,820.3,1.689,11.623,0.26,1.82,899.1,899.1,501.0,0,0.0,0.5,IDLE,0.00,0.00,0.00,0,0.0,2548,0,820.3,810.6
1442.7500,1451218,0.0,820.3,1.689,11.623,0.26,1.82,899.1,899.1,501.0,0,0.0,0.5,IDLE,0.00,0.00,0.00,0,0.0,2550,0,820.3,810.6
1442.8000,1451268,0.0,820.3,1.497,11.623,0.23,1.82,794.4,794.4,501.0,0,0.0,0.5,IDLE,0.00,0.00,0.00,0,0.0,2552,0,820.3,810.6
1442.8500,1451318,0.0,820.3,1.497,11.623,0.23,1.82,794.4,794.4,501.6,0,0.0,0.8,IDLE,0.00,0.00,0.00,0,0.0,2554,0,820.3,810.6
1442.9000,1451368,0.0,820.3,1.497,11.623,0.23,1.82,794.4,794.4,501.6,0,0.0,0.8,IDLE,0.00,0.00,0.00,0,0.0,2555,0,820.3,810.6
1442.9500,1451418,0.0,820.3,2.264,11.623,0.35,1.82,746.2,746.2,501.6,0,0.0,0.8,IDLE,0.00,0.00,0.00,0,0.0,2557,0,820.3,810.6
1443.0000,1451468,0.0,820.3,2.264,11.623,0.35,1.82,746.2,746.2,501.6,0,0.0,0.8,IDLE,0.00,0.00,0.00,0,0.0,2561,0,820.3,810.6
1443.0500,1451518,0.0,820.3,2.264,11.623,0.35,1.82,746.2,746.2,501.6,0,0.0,0.8,IDLE,0.00,0.00,0.00,0,0.0,2562,0,820.3,810.6
1443.1000,1451568,0.0,820.3,2.264,11.623,0.35,1.82,746.2,746.2,501.6,0,0.0,0.8,IDLE,0.00,0.00,0.00,0,0.0,2564,0,820.3,810.6
1443.1500,1451618,0.0,820.3,-0.384,11.623,-0.06,1.82,783.8,783.8,501.6,0,0.0,0.8,IDLE,0.00,0.00,0.00,0,0.0,2566,0,820.3,810.6
1443.2000,1451668,0.0,820.3,-0.384,11.623,-0.06,1.82,783.8,783.8,503.0,0,0.0,1.5,IDLE,0.00,0.00,0.00,0,0.0,2568,0,820.3,810.6
1443.2500,1451718,0.0,820.3,-0.384,11.623,-0.06,1.82,783.8,783.8,503.0,0,0.0,1.5,IDLE,0.00,0.00,0.00,0,0.0,2571,0,820.3,810.6
1443.3000,1451768,0.0,820.3,-1.903,11.623,-0.30,1.82,711.9,711.9,503.0,0,0.0,1.5,IDLE,0.00,0.00,0.00,0,0.0,2573,0,820.3,810.6
1443.3500,1451818,0.0,820.3,-1.903,11.623,-0.30,1.82,711.9,711.9,500.9,0,0.0,0.4,IDLE,0.00,0.00,0.00,0,0.0,2576,0,820.3,810.6
1443.4000,1451868,0.0,820.3,-1.903,11.623,-0.30,1.82,711.9,711.9,500.9,0,0.0,0.4,IDLE,0.00,0.00,0.00,0,0.0,2577,0,820.3,810.6
1443.4500,1451918,0.0,820.3,-1.158,11.623,-0.18,1.82,800.0,800.0,500.9,0,0.0,0.4,IDLE,0.00,0.00,0.00,0,0.0,2579,0,820.3,810.6
1443.5000,1451968,0.0,820.3,-1.158,11.623,-0.18,1.82,800.0,800.0,500.1,0,0.0,0.1,IDLE,0.00,0.00,0.00,0,0.0,2581,0,820.3,810.6
1443.5500,1452018,0.0,820.3,-1.158,11.623,-0.18,1.82,800.0,800.0,500.1,0,0.0,0.1,IDLE,0.00,0.00,0.00,0,0.0,2582,0,820.3,810.6
1443.6000,1452068,0.0,820.3,4.757,11.623,0.74,1.82,946.2,946.2,500.1,0,0.0,0.1,IDLE,0.00,0.00,0.00,0,0.0,2584,0,820.3,810.6
1443.6500,1452118,0.0,820.3,4.757,11.623,0.74,1.82,946.2,946.2,502.1,0,0.0,1.1,IDLE,0.00,0.00,0.00,0,0.0,2586,0,820.3,810.6
1443.7000,1452168,0.0,820.3,4.757,11.623,0.74,1.82,946.2,946.2,502.1,0,0.0,1.1,IDLE,0.00,0.00,0.00,0,0.0,2589,0,820.3,810.6
1443.7500,1452218,0.0,820.3,6.196,11.623,0.97,1.82,723.4,723.4,502.1,0,0.0,1.1,IDLE,0.00,0.00,0.00,0,0.0,2590,0,820.3,810.6
1443.8000,1452268,0.0,820.3,6.196,11.623,0.97,1.82,723.4,723.4,502.1,0,0.0,1.1,IDLE,0.00,0.00,0.00,0,0.0,2592,0,820.3,810.6
1443.8500,1452318,0.0,820.3,6.196,11.623,0.97,1.82,723.4,723.4,501.0,0,0.0,0.5,IDLE,0.00,0.00,0.00,0,0.0,2593,0,820.3,810.6
1443.9000,1452368,0.0,820.3,6.196,11.623,0.97,1.82,723.4,723.4,501.0,0,0.0,0.5,IDLE,0.00,0.00,0.00,0,0.0,2596,0,820.3,810.6
1443.9500,1452418,0.0,820.3,5.945,11.623,0.93,1.82,833.1,833.1,501.0,0,0.0,0.5,IDLE,0.00,0.00,0.00,0,0.0,2598,0,820.3,810.6
1444.0000,1452468,0.0,820.3,5.945,11.623,0.93,1.82,833.1,833.1,501.5,0,0.0,0.8,IDLE,0.00,0.00,0.00,0,0.0,2599,0,820.3,810.6
1444.0500,1452518,2000.0,820.3,5.945,11.623,0.93,1.82,833.1,833.1,501.5,2,0.4,0.8,HOLD_RPM,0.00,0.00,0.00,0,0.0,2601,0,820.3,810.6
1444.1000,1452568,2000.0,820.3,-0.428,11.623,-0.07,1.82,498.8,498.8,501.5,14,2.8,0.8,HOLD_RPM,0.00,0.00,0.00,0,0.0,2603,0,820.3,810.6
1444.1500,1452618,2000.0,820.3,-0.428,11.623,-0.07,1.82,498.8,498.8,501.4,36,7.2,0.7,HOLD_RPM,0.00,0.00,0.00,0,0.0,2604,0,820.3,810.6
1444.2000,1452668,2000.0,820.3,-0.428,11.623,-0.07,1.82,498.8,498.8,501.4,65,13.0,0.7,HOLD_RPM,0.00,0.00,0.00,0,0.0,2606,0,820.3,810.6
1444.2500,1452718,2000.0,820.3,-3.349,11.623,-0.52,1.82,767.2,767.2,501.4,87,17.4,0.7,HOLD_RPM,0.00,0.00,0.00,0,0.0,2608,0,820.3,810.6
1444.3000,1452768,2000.0,820.3,-3.349,11.623,-0.52,1.82,767.2,767.2,502.4,98,19.6,1.2,HOLD_RPM,0.00,0.00,0.00,0,0.0,2610,0,820.3,810.6
1444.3500,1452818,2000.0,820.3,-3.349,11.623,-0.52,1.82,767.2,767.2,502.4,100,20.0,1.2,HOLD_RPM,0.00,0.00,0.00,0,0.0,2612,0,820.3,810.6
1444.4000,1452868,2000.0,820.3,-2.965,11.623,-0.46,1.82,811.6,811.6,502.4,100,20.0,1.2,HOLD_RPM,0.00,0.00,0.00,0,0.0,2614,0,820.3,810.6
1444.4500,1452918,2000.0,820.3,-2.965,11.623,-0.46,1.82,811.6,811.6,502.4,100,20.0,1.2,HOLD_RPM,0.00,0.00,0.00,0,0.0,2615,0,820.3,810.6
1444.5000,1452968,2000.0,820.3,-2.965,11.623,-0.46,1.82,811.6,811.6,500.6,100,20.0,0.3,HOLD_RPM,0.00,0.00,0.00,0,0.0,2617,0,820.3,810.6
1444.5500,1453018,2000.0,820.3,-2.965,11.623,-0.46,1.82,811.6,811.6,500.6,100,20.0,0.3,HOLD_RPM,0.00,0.00,0.00,0,0.0,2619,0,820.3,810.6
1444.6000,1453068,2000.0,820.3,-0.767,11.623,-0.12,1.82,845.6,845.6,500.6,100,20.0,0.3,HOLD_RPM,0.00,0.00,0.00,0,0.0,2620,0,820.3,810.6
1444.6500,1453118,2000.0,820.3,-0.767,11.623,-0.12,1.82,845.6,845.6,501.8,100,20.0,0.9,HOLD_RPM,0.00,0.00,0.00,0,0.0,2622,0,820.3,810.6
1444.7000,1453168,2000.0,820.3,-0.767,11.623,-0.12,1.82,845.6,845.6,501.8,100,20.0,0.9,HOLD_RPM,0.00,0.00,0.00,0,0.0,2624,0,820.3,810.6
1444.7500,1453218,2000.0,820.3,-1.291,11.623,-0.20,1.82,760.0,760.0,501.8,100,20.0,0.9,HOLD_RPM,0.00,0.00,0.00,0,0.0,2625,0,820.3,810.6
1444.8000,1453268,2000.0,820.3,-1.291,11.623,-0.20,1.82,760.0,760.0,500.8,100,20.0,0.4,HOLD_RPM,0.00,0.00,0.00,0,0.0,2627,0,820.3,810.6
1444.8500,1453318,2000.0,820.3,-1.291,11.623,-0.20,1.82,760.0,760.0,500.8,100,20.0,0.4,HOLD_RPM,0.00,0.00,0.00,0,0.0,2628,0,820.3,810.6
1444.9000,1453368,2000.0,820.3,2.404,11.623,0.38,1.82,879.1,879.1,500.8,100,20.0,0.4,HOLD_RPM,0.00,0.00,0.00,0,0.0,2630,0,820.3,810.6
1444.9500,1453418,2000.0,820.3,2.404,11.623,0.38,1.82,879.1,879.1,501.8,100,20.0,0.9,HOLD_RPM,0.00,0.00,0.00,0,0.0,2632,0,820.3,810.6
1445.0000,1453468,2000.0,820.3,2.404,11.623,0.38,1.82,879.1,879.1,501.8,100,20.0,0.9,HOLD_RPM,0.00,0.00,0.00,0,0.0,2633,0,820.3,810.6
1445.0500,1453518,2000.0,820.3,0.878,11.623,0.14,1.82,730.9,730.9,501.8,100,20.0,0.9,HOLD_RPM,0.00,0.00,0.00,0,0.0,2635,0,820.3,810.6
1445.1000,1453568,2000.0,820.3,0.878,11.623,0.14,1.82,730.9,730.9,502.0,100,20.0,1.0,HOLD_RPM,0.00,0.00,0.00,0,0.0,2637,0,820.3,810.6
1445.1500,1453618,2000.0,820.3,0.878,11.623,0.14,1.82,730.9,730.9,502.0,100,20.0,1.0,HOLD_RPM,0.00,0.00,0.00,0,0.0,2638,0,820.3,810.6
1445.2000,1453668,2000.0,820.3,1.372,11.623,0.21,1.82,968.4,968.4,502.0,100,20.0,1.0,HOLD_RPM,0.00,0.00,0.00,0,0.0,2641,0,820.3,810.6
1445.2500,1453718,2000.0,820.3,1.372,11.623,0.21,1.82,968.4,968.4,502.0,100,20.0,1.0,HOLD_RPM,0.00,0.00,0.00,0,0.0,2643,0,820.3,810.6
1445.3000,1453768,2000.0,820.3,1.372,11.623,0.21,1.82,968.4,968.4,501.6,100,20.0,0.8,HOLD_RPM,0.00,0.00,0.00,0,0.0,2644,0,820.3,810.6
1445.3500,1453818,2000.0,820.3,1.372,11.623,0.21,1.82,968.4,968.4,501.6,100,20.0,0.8,HOLD_RPM,0.00,0.00,0.00,0,0.0,2646,0,820.3,810.6
1445.4000,1453868,2000.0,820.3,2.050,11.623,0.32,1.82,754.4,754.4,501.6,100,20.0,0.8,HOLD_RPM,0.00,0.00,0.00,0,0.0,2647,0,820.3,810.6
1445.4500,1453918,2000.0,820.3,2.050,11.623,0.32,1.82,754.4,754.4,501.1,100,20.0,0.6,HOLD_RPM,0.00,0.00,0.00,0,0.0,2649,0,820.3,810.6
1445.5000,1453968,2000.0,820.3,2.050,11.623,0.32,1.82,754.4,754.4,501.1,100,20.0,0.6,HOLD_RPM,0.00,0.00,0.00,0,0.0,2652,0,820.3,810.6
1445.5500,1454018,2000.0,820.3,2.368,11.623,0.37,1.82,847.2,847.2,501.1,100,20.0,0.6,HOLD_RPM,0.00,0.00,0.00,0,0.0,2653,0,820.3,810.6
1445.6000,1454068,2000.0,820.3,2.368,11.623,0.37,1.82,847.2,847.2,500.9,100,20.0,0.4,HOLD_RPM,0.00,0.00,0.00,0,0.0,2655,0,820.3,810.6
1445.6500,1454118,2000.0,820.3,2.368,11.623,0.37,1.82,847.2,847.2,500.9,100,20.0,0.4,HOLD_RPM,0.00,0.00,0.00,0,0.0,2657,0,820.3,810.6
1445.7000,1454168,2000.0,820.3,10.577,11.623,1.65,1.82,869.8,869.8,500.9,100,20.0,0.4,HOLD_RPM,0.00,0.00,0.00,0,0.0,2659,0,820.3,810.6
1445.7500,1454218,2000.0,820.3,10.577,11.623,1.65,1.82,869.8,869.8,501.0,100,20.0,0.5,HOLD_RPM,0.00,0.00,0.00,0,0.0,2659,0,820.3,830.3
1445.8000,1454268,2000.0,880.6,10.577,11.623,1.77,1.95,869.8,869.8,501.0,100,20.0,0.5,HOLD_RPM,0.00,0.00,0.00,0,0.0,2659,0,880.6,899.7
1445.8500,1454318,2000.0,880.6,14.582,11.623,2.44,1.95,948.1,948.1,501.0,100,20.0,0.5,HOLD_RPM,0.00,0.00,0.00,0,0.0,2659,0,880.6,1017.4
1445.9000,1454368,2000.0,1070.3,14.582,11.623,2.97,2.37,948.1,948.1,501.0,100,20.0,0.5,HOLD_RPM,0.00,0.00,0.00,0,0.0,2659,0,1070.3,1129.1
1445.9500,1454418,2000.0,1070.3,14.582,11.623,2.97,2.37,948.1,948.1,502.9,100,20.0,1.4,HOLD_RPM,0.00,0.00,0.00,0,0.0,2659,0,1070.3,1232.2
1446.0000,1454468,2000.0,1277.5,14.582,11.623,3.55,2.83,948.1,948.1,502.9,100,20.0,1.4,HOLD_RPM,0.00,0.00,0.00,0,0.0,2659,0,1277.5,1326.2
1446.0500,1454518,2000.0,1277.5,15.061,11.623,3.66,2.83,833.4,833.4,502.9,100,20.0,1.4,HOLD_RPM,0.00,0.00,0.00,0,0.0,2660,0,1277.5,1432.1
1446.1000,1454568,2000.0,1459.6,15.061,11.623,4.19,3.23,833.4,833.4,502.5,100,20.0,1.2,HOLD_RPM,0.00,0.00,0.00,0,0.0,2660,0,1459.6,1512.4
1446.1500,1454618,2000.0,1459.6,15.061,11.623,4.19,3.23,833.4,833.4,502.5,100,20.0,1.2,HOLD_RPM,0.00,0.00,0.00,0,0.0,2660,0,1459.6,1569.6
1446.2000,1454668,2000.0,1591.0,4.617,12.602,1.40,3.82,373.4,373.4,502.5,100,20.0,1.2,HOLD_RPM,0.00,0.00,0.00,0,0.0,2660,0,1591.0,1628.8
1446.2500,1454718,2000.0,1591.0,4.617,12.602,1.40,3.82,373.4,373.4,499.8,100,20.0,-0.1,HOLD_RPM,0.00,0.00,0.00,0,0.0,2660,0,1591.0,1670.0
1446.3000,1454768,2000.0,1679.3,4.617,12.875,1.48,4.12,373.4,373.4,499.8,100,20.0,-0.1,HOLD_RPM,0.00,0.00,0.00,0,0.0,2660,0,1679.3,1697.4
1446.3500,1454818,2000.0,1679.3,11.602,12.875,3.71,4.12,1075.9,1075.9,499.8,100,20.0,-0.1,HOLD_RPM,0.00,0.00,0.00,0,0.0,2660,0,1679.3,1711.8
1446.4000,1454868,2000.0,1707.7,11.602,12.889,3.77,4.19,1075.9,1075.9,500.4,100,20.0,0.2,HOLD_RPM,0.00,0.00,0.00,0,0.0,2660,0,1707.7,1701.1
1446.4500,1454918,2000.0,1707.7,11.602,12.889,3.77,4.19,1075.9,1075.9,500.4,100,20.0,0.2,HOLD_RPM,0.00,0.00,0.00,0,0.0,2660,0,1707.7,1692.0
1446.5000,1454968,2000.0,1681.7,5.303,12.881,1.70,4.12,594.4,594.4,500.4,100,20.0,0.2,HOLD_RPM,0.00,0.00,0.00,0,0.0,2661,0,1681.7,1667.7
1446.5500,1455018,2000.0,1681.7,5.303,12.881,1.70,4.12,594.4,594.4,501.1,100,20.0,0.6,HOLD_RPM,0.00,0.00,0.00,0,0.0,2661,0,1681.7,1649.8
1446.6000,1455068,2000.0,1652.2,5.303,12.815,1.67,4.03,594.4,594.4,501.1,100,20.0,0.6,HOLD_RPM,0.00,0.00,0.00,0,0.0,2662,0,1652.2,1655.3
1446.6500,1455118,2000.0,1652.2,11.602,12.815,3.65,4.03,1015.6,1015.6,501.1,100,20.0,0.6,HOLD_RPM,0.00,0.00,0.00,0,0.0,2662,0,1652.2,1651.5
1446.7000,1455168,2000.0,1648.6,11.602,12.807,3.64,4.02,1015.6,1015.6,501.1,100,20.0,0.6,HOLD_RPM,0.00,0.00,0.00,0,0.0,2663,0,1648.6,1646.2
1446.7500,1455218,2000.0,1648.6,11.602,12.807,3.64,4.02,1015.6,1015.6,503.4,100,20.0,1.7,HOLD_RPM,0.00,0.00,0.00,0,0.0,2664,0,1648.6,1655.4
1446.8000,1455268,2000.0,1659.7,11.602,12.832,3.67,4.05,1015.6,1015.6,503.4,100,20.0,1.7,HOLD_RPM,0.00,0.00,0.00,0,0.0,2664,0,1659.7,1667.7
1446.8500,1455318,2000.0,1659.7,9.492,12.832,3.00,4.05,873.1,873.1,503.4,100,20.0,1.7,HOLD_RPM,0.00,0.00,0.00,0,0.0,2665,0,1659.7,1675.7
1446.9000,1455368,2000.0,1677.5,9.492,12.871,3.03,4.11,873.1,873.1,502.5,100,20.0,1.2,HOLD_RPM,0.00,0.00,0.00,0,0.0,2665,0,1677.5,1680.7
1446.9500,1455418,2000.0,1677.5,9.492,12.871,3.03,4.11,873.1,873.1,502.5,100,20.0,1.2,HOLD_RPM,0.00,0.00,0.00,0,0.0,2665,0,1677.5,1694.6
1447.0000,1455468,2000.0,1704.4,10.186,12.903,3.31,4.19,785.6,785.6,502.5,100,20.0,1.2,HOLD_RPM,0.00,0.00,0.00,0,0.0,2666,0,1704.4,1720.8
1447.0500,1455518,2000.0,1704.4,10.186,12.903,3.31,4.19,785.6,785.6,501.8,100,20.0,0.9,HOLD_RPM,0.00,0.00,0.00,0,0.0,2666,0,1704.4,1736.7
1447.1000,1455568,2000.0,1741.5,10.186,12.747,3.38,4.23,785.6,785.6,501.8,100,20.0,0.9,HOLD_RPM,0.00,0.00,0.00,0,0.0,2666,0,1741.5,1749.8
1447.1500,1455618,2000.0,1741.5,8.851,12.747,2.93,4.23,786.9,786.9,501.8,100,20.0,0.9,HOLD_RPM,0.00,0.00,0.00,0,0.0,2667,0,1741.5,1757.2
1447.2000,1455668,2000.0,1756.3,8.851,12.684,2.96,4.24,786.9,786.9,501.1,100,20.0,0.6,HOLD_RPM,0.00,0.00,0.00,0,0.0,2667,0,1756.3,1755.7
1447.2500,1455718,2000.0,1756.3,8.851,12.684,2.96,4.24,786.9,786.9,501.1,100,20.0,0.6,HOLD_RPM,0.00,0.00,0.00,0,0.0,2667,0,1756.3,1775.6
1447.3000,1455768,2000.0,1781.1,10.643,12.580,3.61,4.27,950.6,950.6,501.1,100,20.0,0.6,HOLD_RPM,0.00,0.00,0.00,0,0.0,2667,0,1781.1,1796.1
1447.3500,1455818,2000.0,1781.1,10.643,12.580,3.61,4.27,950.6,950.6,501.1,100,20.0,0.6,HOLD_RPM,0.00,0.00,0.00,0,0.0,2667,0,1781.1,1803.0
1447.4000,1455868,2000.0,1804.3,10.643,12.557,3.66,4.31,950.6,950.6,502.6,100,20.0,1.3,HOLD_RPM,0.00,0.00,0.00,0,0.0,2667,0,1804.3,1810.7
1447.4500,1455918,2000.0,1804.3,10.643,12.557,3.66,4.31,950.6,950.6,502.6,100,20.0,1.3,HOLD_RPM,0.00,0.00,0.00,0,0.0,2667,0,1804.3,1823.9
1447.5000,1455968,2000.0,1823.5,8.629,12.812,3.00,4.45,857.2,857.2,502.6,100,20.0,1.3,HOLD_RPM,0.00,0.00,0.00,0,0.0,2667,0,1823.5,1825.8
1447.5500,1456018,2000.0,1823.5,8.629,12.812,3.00,4.45,857.2,857.2,501.9,100,20.0,0.9,HOLD_RPM,0.00,0.00,0.00,0,0.0,2667,0,1823.5,1831.7
1447.6000,1456068,2000.0,1835.8,8.629,12.974,3.02,4.54,857.2,857.2,501.9,100,20.0,0.9,HOLD_RPM,0.00,0.00,0.00,0,0.0,2668,0,1835.8,1844.3
1447.6500,1456118,2000.0,1835.8,12.406,12.974,4.34,4.54,1004.1,1004.1,501.9,100,20.0,0.9,HOLD_RPM,0.00,0.00,0.00,0,0.0,2668,0,1835.8,1850.0
1447.7000,1456168,2000.0,1853.7,12.406,13.212,4.38,4.66,1004.1,1004.1,501.4,100,20.0,0.7,HOLD_RPM,0.00,0.00,0.00,0,0.0,2669,0,1853.7,1858.8
1447.7500,1456218,2000.0,1853.7,12.406,13.212,4.38,4.66,1004.1,1004.1,501.4,100,20.0,0.7,HOLD_RPM,0.00,0.00,0.00,0,0.0,2669,0,1853.7,1864.9
1447.8000,1456268,2000.0,1869.1,21.301,13.416,7.58,4.77,775.3,775.3,501.4,100,20.0,0.7,HOLD_RPM,0.00,0.00,0.00,0,0.0,2670,0,1869.1,1874.5
1447.8500,1456318,2000.0,1869.1,21.301,13.416,7.58,4.77,775.3,775.3,503.6,100,20.0,1.8,HOLD_RPM,0.00,0.00,0.00,0,0.0,2671,0,1869.1,1863.6
1447.9000,1456368,2000.0,1869.4,21.301,13.420,7.58,4.78,775.3,775.3,503.6,100,20.0,1.8,HOLD_RPM,0.00,0.00,0.00,0,0.0,2673,0,1869.4,1875.9
1447.9500,1456418,2000.0,1869.4,15.931,13.420,5.67,4.78,833.4,833.4,503.6,100,20.0,1.8,HOLD_RPM,0.00,0.00,0.00,0,0.0,2673,0,1869.4,1873.6
1448.0000,1456468,2000.0,1874.2,15.931,13.483,5.69,4.81,833.4,833.4,502.6,100,20.0,1.3,HOLD_RPM,0.00,0.00,0.00,0,0.0,2673,0,1874.2,1877.6
1448.0500,1456518,2000.0,1874.2,15.931,13.483,5.69,4.81,833.4,833.4,502.6,100,20.0,1.3,HOLD_RPM,0.00,0.00,0.00,0,0.0,2673,0,1874.2,1904.3
1448.1000,1456568,2000.0,1903.7,19.833,13.851,7.19,5.02,770.6,770.6,502.6,100,20.0,1.3,HOLD_RPM,0.00,0.00,0.00,0,0.0,2673,0,1903.7,1908.0
1448.1500,1456618,2000.0,1903.7,19.833,13.851,7.19,5.02,770.6,770.6,502.6,100,20.0,1.3,HOLD_RPM,0.00,0.00,0.00,0,0.0,2674,0,1903.7,1910.2
1448.2000,1456668,2000.0,1918.4,19.833,13.954,7.24,5.10,770.6,770.6,501.8,100,20.0,0.9,HOLD_RPM,0.00,0.00,0.00,0,0.0,2675,0,1918.4,1930.9
1448.2500,1456718,2000.0,1918.4,19.833,13.954,7.24,5.10,770.6,770.6,501.8,100,20.0,0.9,HOLD_RPM,0.00,0.00,0.00,0,0.0,2675,0,1918.4,1930.4
1448.3000,1456768,2000.0,1933.5,19.634,14.061,7.23,5.18,1006.6,1006.6,501.8,100,20.0,0.9,HOLD_RPM,0.00,0.00,0.00,0,0.0,2675,0,1933.5,1939.4
1448.3500,1456818,2000.0,1933.5,19.634,14.061,7.23,5.18,1006.6,1006.6,502.9,100,20.0,1.4,HOLD_RPM,0.00,0.00,0.00,0,0.0,2675,0,1933.5,1950.6
1448.4000,1456868,2000.0,1952.2,19.634,14.192,7.30,5.28,1006.6,1006.6,502.9,100,20.0,1.4,HOLD_RPM,0.00,0.00,0.00,0,0.0,2676,0,1952.2,1956.9
1448.4500,1456918,2000.0,1952.2,20.866,14.192,7.76,5.28,929.1,929.1,502.9,100,20.0,1.4,HOLD_RPM,0.00,0.00,0.00,0,0.0,2676,0,1952.2,1959.3
1448.5000,1456968,2000.0,1967.2,20.866,14.298,7.82,5.36,929.1,929.1,500.6,100,20.0,0.3,HOLD_RPM,0.00,0.00,0.00,0,0.0,2676,0,1967.2,1979.7
1448.5500,1457018,2000.0,1967.2,20.866,14.298,7.82,5.36,929.1,929.1,500.6,100,20.0,0.3,HOLD_RPM,0.00,0.00,0.00,0,0.0,2677,0,1967.2,1980.3
1448.6000,1457068,2000.0,1987.7,18.668,14.442,7.07,5.47,686.2,686.2,500.6,100,20.0,0.3,HOLD_RPM,0.00,0.00,0.00,0,0.0,2678,0,1987.7,1999.9
1448.6500,1457118,2000.0,1987.7,18.668,14.442,7.07,5.47,686.2,686.2,503.5,100,20.0,1.8,HOLD_RPM,0.00,0.00,0.00,0,0.0,2678,0,1987.7,2010.0
1448.7000,1457168,2000.0,2009.0,18.668,14.550,7.14,5.57,686.2,686.2,503.5,100,20.0,1.8,HOLD_RPM,0.00,0.00,0.00,0,0.0,2680,0,2009.0,2008.4
1448.7500,1457218,2000.0,2009.0,15.238,14.550,5.83,5.57,631.9,631.9,503.5,102,20.4,1.8,HOLD_RPM,2.71,100.09,102.80,0,0.0,2680,0,2009.0,2015.4
1448.8000,1457268,2000.0,2021.7,15.238,14.579,5.87,5.61,631.9,631.9,503.5,102,20.4,1.8,HOLD_RPM,2.71,100.18,102.89,0,0.0,2681,0,2021.7,2033.1
1448.8500,1457318,2000.0,2021.7,15.238,14.579,5.87,5.61,631.9,631.9,503.6,104,20.8,1.8,HOLD_RPM,6.51,100.40,109.44,0,0.0,2681,0,2021.7,2026.8
1448.9000,1457368,2000.0,2035.3,15.238,14.611,5.91,5.66,631.9,631.9,503.6,107,21.4,1.8,HOLD_RPM,6.51,100.61,107.12,0,0.0,2682,0,2035.3,2045.2
1448.9500,1457418,2000.0,2035.3,17.694,14.611,6.86,5.66,1061.4,1061.4,503.6,109,21.8,1.8,HOLD_RPM,10.58,100.97,114.26,0,0.0,2682,0,2035.3,2054.4
1449.0000,1457468,2000.0,2059.1,17.694,14.666,6.94,5.75,1061.4,1061.4,499.5,111,22.2,-0.2,HOLD_RPM,10.58,101.32,111.90,0,0.0,2683,0,2059.1,2067.4
1449.0500,1457518,2000.0,2059.1,17.694,14.666,6.94,5.75,1061.4,1061.4,499.5,113,22.6,-0.2,HOLD_RPM,17.74,101.91,124.43,0,0.0,2684,0,2059.1,2073.8
1449.1000,1457568,2000.0,2072.2,19.044,14.696,7.51,5.80,918.4,918.4,499.5,122,24.4,-0.2,HOLD_RPM,17.74,102.50,120.24,0,0.0,2684,0,2072.2,2069.8
1449.1500,1457618,2000.0,2072.2,19.044,14.696,7.51,5.80,918.4,918.4,503.2,121,24.2,1.6,HOLD_RPM,21.65,103.22,127.48,0,0.0,2685,0,2072.2,2070.5
1449.2000,1457668,2000.0,2073.4,19.044,14.699,7.52,5.80,918.4,918.4,503.2,126,25.2,1.6,HOLD_RPM,21.65,103.95,125.60,0,0.0,2686,0,2073.4,2077.1
1449.2500,1457718,2000.0,2073.4,17.473,14.699,6.90,5.80,932.8,932.8,503.2,126,25.2,1.6,HOLD_RPM,22.01,104.68,126.92,0,0.0,2686,0,2073.4,2075.4
1449.3000,1457768,2000.0,2073.0,17.473,14.698,6.90,5.80,932.8,932.8,500.5,127,25.4,0.3,HOLD_RPM,22.01,105.41,127.42,0,0.0,2686,0,2073.0,2068.6
1449.3500,1457818,2000.0,2073.0,17.473,14.698,6.90,5.80,932.8,932.8,500.5,127,25.4,0.3,HOLD_RPM,21.90,106.14,127.98,0,0.0,2686,0,2073.0,2070.0
1449.4000,1457868,2000.0,2071.0,11.720,14.694,4.62,5.79,515.3,515.3,500.5,128,25.6,0.3,HOLD_RPM,21.90,106.87,128.78,0,0.0,2686,0,2071.0,2077.1
1449.4500,1457918,2000.0,2071.0,11.720,14.694,4.62,5.79,515.3,515.3,502.8,128,25.6,1.4,HOLD_RPM,21.30,107.58,128.49,0,0.0,2686,0,2071.0,2075.3
1449.5000,1457968,2000.0,2078.3,11.720,14.711,4.64,5.82,515.3,515.3,502.8,129,25.8,1.4,HOLD_RPM,21.30,108.29,129.60,0,0.0,2687,0,2078.3,2077.5
1449.5500,1458018,2000.0,2078.3,18.439,14.711,7.30,5.82,1137.2,1137.2,502.8,131,26.2,1.4,HOLD_RPM,23.50,109.08,134.04,0,0.0,2687,0,2078.3,2076.3
1449.6000,1458068,2000.0,2076.3,18.439,14.706,7.29,5.81,1137.2,1137.2,502.8,133,26.6,1.4,HOLD_RPM,23.50,109.86,133.36,0,0.0,2687,0,2076.3,2075.6
1449.6500,1458118,2000.0,2076.3,18.439,14.706,7.29,5.81,1137.2,1137.2,501.5,133,26.6,0.8,HOLD_RPM,22.90,110.62,133.12,0,0.0,2689,0,2076.3,2075.6
1449.7000,1458168,2000.0,2077.3,18.439,14.708,7.29,5.82,1137.2,1137.2,501.5,134,26.8,0.8,HOLD_RPM,22.90,111.39,134.28,0,0.0,2689,0,2077.3,2082.2
1449.7500,1458218,2000.0,2077.3,11.882,14.708,4.70,5.82,474.4,474.4,501.5,135,27.0,0.8,HOLD_RPM,23.19,112.16,135.54,0,0.0,2689,0,2077.3,2085.2
1449.8000,1458268,2000.0,2090.2,11.882,14.738,4.73,5.87,474.4,474.4,501.1,136,27.2,0.6,HOLD_RPM,23.19,112.93,136.12,0,0.0,2689,0,2090.2,2100.7
1449.8500,1458318,2000.0,2090.2,11.882,14.738,4.73,5.87,474.4,474.4,501.1,138,27.6,0.6,HOLD_RPM,27.07,113.83,143.49,0,0.0,2689,0,2090.2,2114.3
1449.9000,1458368,2000.0,2123.0,13.866,14.476,5.61,5.85,1096.2,1096.2,501.1,141,28.2,0.6,HOLD_RPM,27.07,114.74,141.80,0,0.0,2689,0,2123.0,2136.9
1449.9500,1458418,2000.0,2123.0,13.866,14.476,5.61,5.85,1096.2,1096.2,504.4,143,28.6,2.2,HOLD_RPM,36.91,115.97,159.44,0,0.0,2689,0,2123.0,2151.5
1450.0000,1458468,2000.0,2154.7,13.866,14.084,5.69,5.78,1096.2,1096.2,504.4,154,30.8,2.2,HOLD_RPM,36.91,117.20,154.11,0,0.0,2689,0,2154.7,2167.6
1450.0500,1458518,2000.0,2154.7,9.079,14.084,3.72,5.78,712.8,712.8,504.4,160,32.0,2.2,HOLD_RPM,46.40,118.74,171.47,0,0.0,2690,0,2154.7,2182.1
1450.1000,1458568,2000.0,2182.4,9.079,13.741,3.77,5.71,712.8,712.8,501.4,168,33.6,0.7,HOLD_RPM,46.40,120.29,166.69,0,0.0,2691,0,2182.4,2184.6
1450.1500,1458618,2000.0,2182.4,9.079,13.741,3.77,5.71,712.8,712.8,501.4,168,33.6,0.7,HOLD_RPM,54.71,122.11,182.37,0,0.0,2691,0,2182.4,2203.9
1450.2000,1458668,2000.0,2200.8,10.355,13.520,4.34,5.67,743.8,743.8,501.4,174,34.8,0.7,HOLD_RPM,54.71,123.94,178.65,0,0.0,2691,0,2200.8,2203.2
1450.2500,1458718,2000.0,2200.8,10.355,13.520,4.34,5.67,743.8,743.8,501.4,179,35.8,0.7,HOLD_RPM,60.23,125.95,189.86,0,0.0,2692,0,2200.8,2202.4
1450.3000,1458768,2000.0,2202.1,10.355,13.514,4.34,5.67,743.8,743.8,498.5,186,37.2,-0.7,HOLD_RPM,60.23,127.95,188.18,0,0.0,2692,0,2202.1,2204.7
1450.3500,1458818,2000.0,2202.1,10.355,13.514,4.34,5.67,743.8,743.8,498.5,190,38.0,-0.7,HOLD_RPM,60.62,129.97,190.86,0,0.0,2692,0,2202.1,2197.4
1450.4000,1458868,2000.0,2198.7,12.111,13.539,5.07,5.67,711.2,711.2,498.5,192,38.4,-0.7,HOLD_RPM,60.62,132.00,192.62,0,0.0,2693,0,2198.7,2203.5
1450.4500,1458918,2000.0,2198.7,12.111,13.539,5.07,5.67,711.2,711.2,500.0,192,38.4,0.0,HOLD_RPM,59.61,133.98,192.92,0,0.0,2694,0,2198.7,2202.0
1450.5000,1458968,2000.0,2199.1,12.111,13.534,5.07,5.67,711.2,711.2,500.0,194,38.8,0.0,HOLD_RPM,59.61,135.97,195.58,0,0.0,2694,0,2199.1,2194.5
1450.5500,1459018,2000.0,2199.1,8.578,13.534,3.59,5.67,901.9,901.9,500.0,197,39.4,0.0,HOLD_RPM,59.72,137.96,197.75,0,0.0,2695,0,2199.1,2196.8
1450.6000,1459068,2000.0,2198.3,8.578,13.544,3.59,5.67,901.9,901.9,500.5,199,39.8,0.3,HOLD_RPM,59.72,139.95,199.67,0,0.0,2695,0,2198.3,2200.5
1450.6500,1459118,2000.0,2198.3,8.578,13.544,3.59,5.67,901.9,901.9,500.5,201,40.2,0.3,HOLD_RPM,59.48,141.93,201.25,0,0.0,2696,0,2198.3,2196.5
1450.7000,1459168,2000.0,2195.7,10.134,13.576,4.24,5.68,988.8,988.8,500.5,203,40.6,0.3,HOLD_RPM,59.48,143.92,203.39,0,0.0,2697,0,2195.7,2196.2
1450.7500,1459218,2000.0,2195.7,10.134,13.576,4.24,5.68,988.8,988.8,503.9,204,40.8,1.9,HOLD_RPM,58.71,145.87,204.07,0,0.0,2698,0,2195.7,2206.7
1450.8000,1459268,2000.0,2208.4,10.134,13.485,4.26,5.67,988.8,988.8,503.9,206,41.2,1.9,HOLD_RPM,58.71,147.83,206.54,0,0.0,2698,0,2208.4,2217.7
1450.8500,1459318,2000.0,2208.4,10.960,13.485,4.61,5.67,970.0,970.0,503.9,208,41.6,1.9,HOLD_RPM,62.51,149.91,214.96,0,0.0,2698,0,2208.4,2218.9
1450.9000,1459368,2000.0,2216.2,10.960,13.449,4.62,5.68,970.0,970.0,505.0,214,42.8,2.5,HOLD_RPM,62.51,152.00,214.51,0,0.0,2698,0,2216.2,2208.6
1450.9500,1459418,2000.0,2216.2,10.960,13.449,4.62,5.68,970.0,970.0,505.0,216,43.2,2.5,HOLD_RPM,64.87,154.16,220.60,0,0.0,2698,0,2216.2,2216.1
1451.0000,1459468,2000.0,2214.8,18.144,13.456,7.65,5.67,840.0,840.0,505.0,221,44.2,2.5,HOLD_RPM,64.87,156.32,221.19,0,0.0,2699,0,2214.8,2213.9
1451.0500,1459518,2000.0,2214.8,18.144,13.456,7.65,5.67,840.0,840.0,505.0,222,44.4,2.5,HOLD_RPM,64.44,158.47,222.62,0,0.0,2699,0,2214.8,2223.0
1451.1000,1459568,2000.0,2217.4,18.144,13.444,7.66,5.68,840.0,840.0,505.9,224,44.8,2.9,HOLD_RPM,64.44,160.62,225.06,0,0.0,2701,0,2217.4,2214.9
1451.1500,1459618,2000.0,2217.4,18.144,13.444,7.66,5.68,840.0,840.0,505.9,227,45.4,2.9,HOLD_RPM,65.23,162.79,228.55,0,0.0,2702,0,2217.4,2225.5
1451.2000,1459668,2000.0,2229.1,9.131,13.391,3.88,5.68,729.7,729.7,505.9,230,46.0,2.9,HOLD_RPM,65.23,164.97,230.20,0,0.0,2702,0,2229.1,2238.7
1451.2500,1459718,2000.0,2229.1,9.131,13.391,3.88,5.68,729.7,729.7,504.5,232,46.4,2.3,HOLD_RPM,68.72,167.26,238.30,0,0.0,2703,0,2229.1,2234.4
1451.3000,1459768,2000.0,2237.7,9.131,13.351,3.89,5.69,729.7,729.7,504.5,238,47.6,2.3,HOLD_RPM,68.72,169.55,238.27,0,0.0,2703,0,2237.7,2243.9
1451.3500,1459818,2000.0,2237.7,17.827,13.351,7.60,5.69,867.5,867.5,504.5,240,48.0,2.3,HOLD_RPM,71.30,171.92,244.95,0,0.0,2703,0,2237.7,2249.6
1451.4000,1459868,2000.0,2256.5,17.827,13.266,7.66,5.70,867.5,867.5,504.6,245,49.0,2.3,HOLD_RPM,71.30,174.30,245.61,0,0.0,2703,0,2256.5,2264.2
1451.4500,1459918,2000.0,2256.5,17.827,13.266,7.66,5.70,867.5,867.5,504.6,247,49.4,2.3,HOLD_RPM,76.96,176.87,257.60,0,0.0,2703,0,2256.5,2275.8
1451.5000,1459968,2000.0,2282.1,8.312,13.149,3.61,5.71,666.2,666.2,504.6,256,51.2,2.3,HOLD_RPM,76.96,179.43,256.40,0,0.0,2703,0,2282.1,2297.0
1451.5500,1460018,2000.0,2282.1,8.312,13.149,3.61,5.71,666.2,666.2,505.1,258,51.6,2.6,HOLD_RPM,84.63,182.25,271.99,0,0.0,2705,0,2282.1,2297.8
1451.6000,1460068,2000.0,2296.8,8.312,13.082,3.64,5.72,666.2,666.2,505.1,268,53.6,2.6,HOLD_RPM,84.63,185.07,269.70,0,0.0,2707,0,2296.8,2298.9
1451.6500,1460118,2000.0,2296.8,13.822,13.082,6.04,5.72,961.9,961.9,505.1,271,54.2,2.6,HOLD_RPM,89.03,188.04,280.01,0,0.0,2708,0,2296.8,2307.2
1451.7000,1460168,2000.0,2308.6,13.822,13.308,6.08,5.85,961.9,961.9,500.9,279,55.8,0.4,HOLD_RPM,89.03,191.01,280.04,0,0.0,2708,0,2308.6,2314.7
1451.7500,1460218,2000.0,2308.6,13.822,13.308,6.08,5.85,961.9,961.9,500.9,282,56.4,0.4,HOLD_RPM,92.57,194.09,289.02,0,0.0,2709,0,2308.6,2314.5
1451.8000,1460268,2000.0,2312.4,19.538,13.414,8.60,5.91,1001.9,1001.9,500.9,288,57.6,0.4,HOLD_RPM,92.57,197.18,289.75,0,0.0,2710,0,2312.4,2309.9
1451.8500,1460318,2000.0,2312.4,19.538,13.414,8.60,5.91,1001.9,1001.9,500.9,291,58.2,0.4,HOLD_RPM,93.73,200.30,294.81,0,0.0,2710,0,2312.4,2317.0
1451.9000,1460368,2000.0,2319.7,19.538,13.617,8.63,6.01,1001.9,1001.9,499.3,295,59.0,-0.4,HOLD_RPM,93.73,203.43,297.16,0,0.0,2712,0,2319.7,2325.6
1451.9500,1460418,2000.0,2319.7,19.538,13.617,8.63,6.01,1001.9,1001.9,499.3,299,59.8,-0.4,HOLD_RPM,95.91,206.63,304.00,0,0.0,2712,0,2319.7,2323.3
1452.0000,1460468,2000.0,2325.4,20.047,13.776,8.88,6.10,734.4,734.4,499.3,305,61.0,-0.4,HOLD_RPM,95.91,209.82,305.74,0,0.0,2714,0,2325.4,2324.4
1452.0500,1460518,2000.0,2325.4,20.047,13.776,8.88,6.10,734.4,734.4,503.5,307,61.4,1.8,HOLD_RPM,97.61,213.08,311.81,0,0.0,2715,0,2325.4,2341.9
1452.1000,1460568,2000.0,2341.6,20.047,14.228,8.94,6.34,734.4,734.4,503.5,313,62.6,1.8,HOLD_RPM,97.61,216.33,313.94,0,0.0,2715,0,2341.6,2343.8
1452.1500,1460618,2000.0,2341.6,16.580,14.228,7.39,6.34,745.3,745.3,503.5,315,63.0,1.8,HOLD_RPM,102.48,219.75,325.47,0,0.0,2716,0,2341.6,2353.8
1452.2000,1460668,2000.0,2350.5,16.580,14.477,7.42,6.48,745.3,745.3,504.1,324,64.8,2.1,HOLD_RPM,102.48,223.16,325.64,0,0.0,2716,0,2350.5,2348.2
1452.2500,1460718,2000.0,2350.5,16.580,14.477,7.42,6.48,745.3,745.3,504.1,327,65.4,2.1,HOLD_RPM,105.16,226.67,333.61,0,0.0,2716,0,2350.5,2338.8
1452.3000,1460768,2000.0,2339.9,11.034,14.181,4.92,6.32,738.1,738.1,504.1,333,66.6,2.1,HOLD_RPM,105.16,230.17,335.33,0,0.0,2716,0,2339.9,2341.6
1452.3500,1460818,2000.0,2339.9,11.034,14.181,4.92,6.32,738.1,738.1,506.1,333,66.6,3.1,HOLD_RPM,101.97,233.57,333.41,0,0.0,2717,0,2339.9,2348.4
1452.4000,1460868,2000.0,2349.0,11.034,14.435,4.94,6.46,738.1,738.1,506.1,335,67.0,3.1,HOLD_RPM,101.97,236.97,338.94,0,0.0,2718,0,2349.0,2353.0
1452.4500,1460918,2000.0,2349.0,6.800,14.435,3.04,6.46,778.4,778.4,506.1,339,67.8,3.1,HOLD_RPM,104.71,240.46,346.99,0,0.0,2719,0,2349.0,2350.5
1452.5000,1460968,2000.0,2350.7,6.800,14.482,3.04,6.48,778.4,778.4,506.1,347,69.4,3.1,HOLD_RPM,104.71,243.95,348.66,0,0.0,2719,0,2350.7,2352.0
1452.5500,1461018,2000.0,2350.7,6.800,14.482,3.04,6.48,778.4,778.4,509.1,351,70.2,4.6,HOLD_RPM,105.21,247.46,353.01,0,0.0,2719,0,2350.7,2375.0
1452.6000,1461068,2000.0,2367.8,6.800,14.959,3.07,6.74,778.4,778.4,509.1,355,71.0,4.6,HOLD_RPM,105.21,250.97,356.18,0,0.0,2719,0,2367.8,2363.2
1452.6500,1461118,2000.0,2367.8,9.411,14.959,4.24,6.74,958.1,958.1,509.1,358,71.6,4.6,HOLD_RPM,110.33,254.64,368.39,0,0.0,2719,0,2367.8,2374.2
1452.7000,1461168,2000.0,2374.7,9.411,15.152,4.26,6.85,958.1,958.1,512.9,367,73.4,6.4,HOLD_RPM,110.33,258.32,368.65,0,0.0,2720,0,2374.7,2381.5
1452.7500,1461218,2000.0,2374.7,9.411,15.152,4.26,6.85,958.1,958.1,512.9,370,74.0,6.4,HOLD_RPM,112.41,262.07,375.86,0,0.0,2720,0,2374.7,2382.6
1452.8000,1461268,2000.0,2386.7,9.728,15.487,4.42,7.04,744.1,744.1,512.9,376,75.2,6.4,HOLD_RPM,112.41,265.81,378.22,0,0.0,2720,0,2386.7,2388.1
1452.8500,1461318,2000.0,2386.7,9.728,15.487,4.42,7.04,744.1,744.1,518.6,380,76.0,9.3,HOLD_RPM,116.02,269.68,388.11,0,0.0,2720,0,2386.7,2378.8
1452.9000,1461368,2000.0,2375.2,9.728,15.166,4.40,6.86,744.1,744.1,518.6,389,77.8,9.3,HOLD_RPM,116.02,273.55,389.57,0,0.0,2721,0,2375.2,2365.7
1452.9500,1461418,2000.0,2375.2,7.346,15.166,3.32,6.86,759.7,759.7,518.6,389,77.8,9.3,HOLD_RPM,112.58,277.30,387.58,0,0.0,2723,0,2375.2,2354.4
1453.0000,1461468,2000.0,2351.4,7.346,14.502,3.29,6.49,759.7,759.7,538.2,389,77.8,19.1,HOLD_RPM,112.58,281.05,393.63,0,0.0,2723,0,2351.4,2348.0
1453.0500,1461518,2000.0,2351.4,7.346,14.502,3.29,6.49,759.7,759.7,538.2,391,78.2,19.1,HOLD_RPM,105.42,284.57,385.22,0,0.0,2724,0,2351.4,2334.2
1453.1000,1461568,2000.0,2330.1,12.303,13.908,5.46,6.17,890.3,890.3,538.2,385,77.0,19.1,HOLD_RPM,105.42,288.08,393.50,0,0.0,2725,0,2330.1,2323.7
1453.1500,1461618,2000.0,2330.1,12.303,13.908,5.46,6.17,890.3,890.3,533.8,391,78.2,16.9,HOLD_RPM,99.04,291.38,386.16,0,0.0,2725,0,2330.1,2330.3
1453.2000,1461668,2000.0,2332.2,12.303,13.966,5.46,6.20,890.3,890.3,533.8,391,78.2,16.9,HOLD_RPM,99.04,294.68,393.72,0,0.0,2726,0,2332.2,2337.4
1453.2500,1461718,2000.0,2332.2,9.625,13.966,4.27,6.20,840.9,840.9,533.8,395,79.0,16.9,HOLD_RPM,99.67,298.01,398.11,0,0.0,2727,0,2332.2,2333.1
1453.3000,1461768,2000.0,2337.5,9.625,14.114,4.28,6.28,840.9,840.9,533.8,399,79.8,16.9,HOLD_RPM,99.67,301.33,401.00,0,0.0,2728,0,2337.5,2342.2
1453.3500,1461818,2000.0,2337.5,9.625,14.114,4.28,6.28,840.9,840.9,543.4,403,80.6,21.7,HOLD_RPM,101.24,304.70,406.99,0,0.0,2729,0,2337.5,2349.7
1453.4000,1461868,2000.0,2349.1,9.625,14.438,4.31,6.46,840.9,840.9,543.4,407,81.4,21.7,HOLD_RPM,101.24,308.08,409.32,0,0.0,2732,0,2349.1,2349.5
1453.4500,1461918,2000.0,2349.1,5.635,14.438,2.52,6.46,821.6,821.6,543.4,411,82.2,21.7,HOLD_RPM,104.74,311.57,418.64,0,0.0,2732,0,2349.1,2331.1
1453.5000,1461968,2000.0,2326.5,5.635,13.807,2.50,6.12,821.6,821.6,579.6,417,83.4,39.8,HOLD_RPM,104.74,315.06,419.80,0,0.0,2734,0,2326.5,2310.4
1453.5500,1462018,2000.0,2326.5,5.635,13.807,2.50,6.12,821.6,821.6,579.6,417,83.4,39.8,HOLD_RPM,97.95,318.33,411.76,0,0.0,2734,0,2326.5,2279.4
1453.6000,1462068,2000.0,2267.8,7.973,13.214,3.44,5.71,840.0,840.0,579.6,412,82.4,39.8,HOLD_RPM,97.95,321.59,419.54,0,0.0,2734,0,2267.8,2246.3
1453.6500,1462118,2000.0,2267.8,7.973,13.214,3.44,5.71,840.0,840.0,589.4,416,83.2,44.7,HOLD_RPM,80.34,324.27,392.87,0,0.0,2735,0,2267.8,2216.8
1453.7000,1462168,2000.0,2211.5,7.973,13.471,3.36,5.67,840.0,840.0,589.4,413,82.6,44.7,HOLD_RPM,80.34,326.95,407.29,0,0.0,2735,0,2211.5,2191.5
1453.7500,1462218,2000.0,2211.5,7.449,13.471,3.14,5.67,721.6,721.6,589.4,407,81.4,44.7,HOLD_RPM,63.44,329.06,381.24,0,0.0,2735,0,2211.5,2159.1
1453.8000,1462268,2000.0,2158.6,7.449,14.036,3.06,5.77,721.6,721.6,542.8,397,79.4,21.4,HOLD_RPM,63.44,331.18,394.62,0,0.0,2735,0,2158.6,2152.9
1453.8500,1462318,2000.0,2158.6,7.449,14.036,3.06,5.77,721.6,721.6,542.8,391,78.2,21.4,HOLD_RPM,47.58,332.76,369.77,0,0.0,2735,0,2158.6,2169.3
1453.9000,1462368,2000.0,2181.3,12.775,13.755,5.31,5.71,978.8,978.8,542.8,381,76.2,21.4,HOLD_RPM,47.58,334.35,381.93,0,0.0,2735,0,2181.3,2206.2
1453.9500,1462418,2000.0,2181.3,12.775,13.755,5.31,5.71,978.8,978.8,542.8,377,75.4,21.4,HOLD_RPM,54.40,336.16,395.11,0,0.0,2736,0,2181.3,2231.9
1454.0000,1462468,2000.0,2235.9,12.775,13.360,5.44,5.69,978.8,978.8,504.6,387,77.4,2.3,HOLD_RPM,54.40,337.98,392.37,0,0.0,2736,0,2235.9,2251.2
1454.0500,1462518,2000.0,2235.9,12.775,13.360,5.44,5.69,978.8,978.8,504.6,392,78.4,2.3,HOLD_RPM,70.78,340.33,422.03,0,0.0,2736,0,2235.9,2274.5
1454.1000,1462568,2000.0,2275.9,14.545,13.177,6.30,5.71,858.4,858.4,504.6,404,80.8,2.3,HOLD_RPM,70.78,342.69,413.47,0,0.0,2736,0,2275.9,2285.0
1454.1500,1462618,2000.0,2275.9,14.545,13.177,6.30,5.71,858.4,858.4,539.4,414,82.8,19.7,HOLD_RPM,82.76,345.45,436.21,0,0.0,2737,0,2275.9,2297.3
1454.2000,1462668,2000.0,2293.7,14.545,13.096,6.35,5.72,858.4,858.4,539.4,430,86.0,19.7,HOLD_RPM,82.76,348.21,430.98,0,0.0,2738,0,2293.7,2288.1
1454.2500,1462718,2000.0,2293.7,10.274,13.096,4.49,5.72,765.3,765.3,539.4,437,87.4,19.7,HOLD_RPM,88.11,351.15,442.83,0,0.0,2739,0,2293.7,2243.9
1454.3000,1462768,2000.0,2214.5,10.274,13.457,4.33,5.67,765.3,765.3,687.1,442,88.4,93.6,HOLD_RPM,88.11,354.09,442.20,0,0.0,2739,0,2214.5,2161.9
1454.3500,1462818,2000.0,2214.5,10.274,13.457,4.33,5.67,765.3,765.3,687.1,440,88.0,93.6,HOLD_RPM,64.36,356.23,404.76,0,0.0,2739,0,2214.5,2075.5
1454.4000,1462868,2000.0,2047.4,13.667,14.639,5.33,5.71,897.5,897.5,687.1,429,85.8,93.6,HOLD_RPM,64.36,358.38,422.74,0,0.0,2739,0,2047.4,1985.4
1454.4500,1462918,2000.0,2047.4,13.667,14.639,5.33,5.71,897.5,897.5,609.5,422,84.4,54.8,HOLD_RPM,14.23,358.85,339.66,0,0.0,2739,0,2047.4,1915.0
1454.5000,1462968,2000.0,1916.9,13.667,13.944,4.99,5.09,897.5,897.5,609.5,412,82.4,54.8,HOLD_RPM,14.23,359.33,373.56,0,0.0,2740,0,1916.9,1907.5
1454.5500,1463018,2000.0,1916.9,13.711,13.944,5.00,5.09,761.6,761.6,609.5,392,78.4,54.8,HOLD_RPM,-24.93,358.49,307.46,0,0.0,2740,0,1916.9,1910.8
1454.6000,1463068,2000.0,1920.6,13.711,13.970,5.01,5.11,761.6,761.6,505.9,362,72.4,2.9,HOLD_RPM,-24.93,357.66,332.73,0,0.0,2740,0,1920.6,1937.4
1454.6500,1463118,2000.0,1920.6,13.711,13.970,5.01,5.11,761.6,761.6,505.9,338,67.6,2.9,HOLD_RPM,-23.83,356.87,333.78,0,0.0,2741,0,1920.6,1976.3
1454.7000,1463168,2000.0,1990.7,12.553,14.463,4.76,5.48,837.8,837.8,505.9,324,64.8,2.9,HOLD_RPM,-23.83,356.08,332.25,0,0.0,2742,0,1990.7,2023.7
1454.7500,1463218,2000.0,1990.7,12.553,14.463,4.76,5.48,837.8,837.8,505.9,321,64.2,2.9,HOLD_RPM,-2.79,355.98,367.21,0,0.0,2742,0,1990.7,2071.7
1454.8000,1463268,2000.0,2085.9,12.553,14.728,4.99,5.85,837.8,837.8,499.3,334,66.8,-0.4,HOLD_RPM,-2.79,355.89,353.09,0,0.0,2743,0,2085.9,2122.2
1454.8500,1463318,2000.0,2085.9,12.553,14.728,4.99,5.85,837.8,837.8,499.3,350,70.0,-0.4,HOLD_RPM,25.76,356.75,401.54,0,0.0,2743,0,2085.9,2168.8
1454.9000,1463368,2000.0,2185.8,17.281,13.699,7.19,5.70,1054.7,1054.7,499.3,371,74.2,-0.4,HOLD_RPM,25.76,357.61,383.36,0,0.0,2743,0,2185.8,2218.9
1454.9500,1463418,2000.0,2185.8,17.281,13.699,7.19,5.70,1054.7,1054.7,554.5,389,77.8,27.3,HOLD_RPM,55.74,359.46,435.20,0,0.0,2743,0,2185.8,2234.9
1455.0000,1463468,2000.0,2223.2,17.281,13.417,7.32,5.68,1054.7,1054.7,554.5,412,82.4,27.3,HOLD_RPM,55.74,361.32,417.07,0,0.0,2744,0,2223.2,2206.7
1455.0500,1463518,2000.0,2223.2,18.675,13.417,7.91,5.68,884.7,884.7,554.5,429,85.8,27.3,HOLD_RPM,66.97,363.55,438.01,0,0.0,2744,0,2223.2,2154.6
1455.1000,1463568,2000.0,2121.3,18.675,14.497,7.54,5.86,884.7,884.7,776.9,437,87.4,138.4,HOLD_RPM,66.97,365.79,432.76,0,0.0,2745,0,2121.3,2056.6
1455.1500,1463618,2000.0,2121.3,18.675,14.497,7.54,5.86,884.7,884.7,776.9,433,86.6,138.4,HOLD_RPM,36.38,367.00,382.99,0,0.0,2745,0,2121.3,1936.5
1455.2000,1463668,2000.0,1884.4,16.558,13.618,5.94,4.89,744.4,744.4,776.9,417,83.4,138.4,HOLD_RPM,36.38,368.21,404.59,0,0.0,2745,0,1884.4,1784.4
1455.2500,1463718,2000.0,1884.4,16.558,13.618,5.94,4.89,744.4,744.4,674.4,404,80.8,87.2,HOLD_RPM,-34.69,367.06,284.98,0,0.0,2746,0,1884.4,1676.7
1455.3000,1463768,2000.0,1650.8,16.558,12.812,5.20,4.03,744.4,744.4,674.4,382,76.4,87.2,HOLD_RPM,-34.69,365.90,331.21,0,0.0,2746,0,1650.8,1604.3
1455.3500,1463818,2000.0,1650.8,24.207,12.812,7.61,4.03,1067.2,1067.2,674.4,355,71.0,87.2,HOLD_RPM,-104.75,362.41,210.95,0,0.0,2746,0,1650.8,1595.4
1455.4000,1463868,2000.0,1610.7,24.207,12.723,7.42,3.90,1067.2,1067.2,674.4,329,65.8,87.2,HOLD_RPM,-104.75,358.92,254.16,0,0.0,2746,0,1610.7,1632.7
1455.4500,1463918,2000.0,1610.7,24.207,12.723,7.42,3.90,1067.2,1067.2,499.1,301,60.2,-0.4,HOLD_RPM,-116.80,355.02,230.20,0,0.0,2747,0,1610.7,1703.1
1455.5000,1463968,2000.0,1742.8,24.207,12.741,8.03,4.23,1067.2,1067.2,499.1,274,54.8,-0.4,HOLD_RPM,-116.80,351.13,234.33,0,0.0,2747,0,1742.8,1806.2
1455.5500,1464018,2000.0,1742.8,18.203,12.741,6.04,4.23,707.5,707.5,499.1,254,50.8,-0.4,HOLD_RPM,-77.15,348.56,297.83,0,0.0,2747,0,1742.8,1877.5
1455.6000,1464068,2000.0,1899.8,18.203,13.822,6.58,5.00,707.5,707.5,499.3,240,48.0,-0.4,HOLD_RPM,-77.15,345.99,268.83,0,0.0,2747,0,1899.8,1939.0
1455.6500,1464118,2000.0,1899.8,18.203,13.822,6.58,5.00,707.5,707.5,499.3,233,46.6,-0.4,HOLD_RPM,-30.07,344.98,346.30,0,0.0,2748,0,1899.8,2013.6
1455.7000,1464168,2000.0,2024.8,16.160,14.586,6.23,5.62,765.9,765.9,499.3,241,48.2,-0.4,HOLD_RPM,-30.07,343.98,313.91,0,0.0,2749,0,2024.8,2057.5
1455.7500,1464218,2000.0,2024.8,16.160,14.586,6.23,5.62,765.9,765.9,501.9,260,52.0,0.9,HOLD_RPM,7.45,344.23,376.69,0,0.0,2749,0,2024.8,2118.5
1455.8000,1464268,2000.0,2123.8,16.160,14.466,6.53,5.85,765.9,765.9,501.9,289,57.8,0.9,HOLD_RPM,7.45,344.48,351.93,0,0.0,2749,0,2123.8,2160.4
1455.8500,1464318,2000.0,2123.8,20.593,14.466,8.33,5.85,965.6,965.6,501.9,320,64.0,0.9,HOLD_RPM,37.14,345.72,402.65,0,0.0,2750,0,2123.8,2218.0
1455.9000,1464368,2000.0,2229.2,20.593,13.390,8.74,5.68,965.6,965.6,504.1,354,70.8,2.1,HOLD_RPM,37.14,346.95,384.09,0,0.0,2751,0,2229.2,2271.7
1455.9500,1464418,2000.0,2229.2,20.593,13.390,8.74,5.68,965.6,965.6,504.1,380,76.0,2.1,HOLD_RPM,68.77,349.25,439.11,0,0.0,2751,0,2229.2,2306.2
1456.0000,1464468,2000.0,2298.2,21.684,13.076,9.49,5.72,946.9,946.9,504.1,408,81.6,2.1,HOLD_RPM,68.77,351.54,420.31,0,0.0,2751,0,2298.2,2290.0
1456.0500,1464518,2000.0,2298.2,21.684,13.076,9.49,5.72,946.9,946.9,735.6,428,85.6,117.8,HOLD_RPM,89.47,354.52,457.79,0,0.0,2751,0,2298.2,2229.6
1456.1000,1464568,2000.0,2184.2,21.684,13.719,9.02,5.71,946.9,946.9,735.6,447,89.4,117.8,HOLD_RPM,89.47,357.50,446.97,0,0.0,2751,0,2184.2,2098.6
1456.1500,1464618,2000.0,2184.2,28.463,13.719,11.84,5.71,1067.8,1067.8,735.6,455,91.0,117.8,HOLD_RPM,55.26,359.35,391.80,0,0.0,2751,0,2184.2,1948.3
1456.2000,1464668,2000.0,1833.6,28.463,12.945,9.94,4.52,1067.8,1067.8,735.6,451,90.2,117.8,HOLD_RPM,55.26,361.19,416.45,0,0.0,2753,0,1833.6,1683.9
1456.2500,1464718,2000.0,1833.6,28.463,12.945,9.94,4.52,1067.8,1067.8,1008.6,434,86.8,254.3,HOLD_RPM,-49.91,359.52,239.50,0,0.0,2753,0,1833.6,1490.4
1456.3000,1464768,2000.0,1349.3,28.463,11.623,7.31,2.99,1067.8,1067.8,1008.6,413,82.6,254.3,HOLD_RPM,-49.91,357.86,307.95,0,0.0,2753,0,1349.3,1232.6
1456.3500,1464818,2000.0,1349.3,29.539,11.623,7.59,2.99,886.6,886.6,1008.6,385,77.0,254.3,HOLD_RPM,-195.21,351.35,59.27,0,0.0,2753,0,1349.3,1004.0
1456.4000,1464868,0.0,993.8,29.539,11.623,5.59,2.20,886.6,886.6,543.1,346,69.2,21.6,IDLE,0.00,0.00,0.00,0,0.0,2753,0,993.8,975.0
1456.4500,1464918,0.0,993.8,29.539,11.623,5.59,2.20,886.6,886.6,543.1,314,62.8,21.6,IDLE,0.00,0.00,0.00,0,0.0,2753,0,993.8,1032.8
1456.5000,1464968,0.0,1070.6,27.091,11.623,5.52,2.37,944.1,944.1,543.1,275,55.0,21.6,IDLE,0.00,0.00,0.00,0,0.0,2753,0,1070.6,1111.3
1456.5500,1465018,0.0,1070.6,27.091,11.623,5.52,2.37,944.1,944.1,501.6,235,47.0,0.8,IDLE,0.00,0.00,0.00,0,0.0,2753,0,1070.6,1227.0
1456.6000,1465068,0.0,1289.7,27.091,11.623,6.65,2.85,944.1,944.1,501.6,195,39.0,0.8,IDLE,0.00,0.00,0.00,0,0.0,2753,0,1289.7,1359.2
1456.6500,1465118,0.0,1289.7,31.295,11.623,7.68,2.85,1074.7,1074.7,501.6,156,31.2,0.8,IDLE,0.00,0.00,0.00,0,0.0,2753,0,1289.7,1538.0
1456.7000,1465168,0.0,1588.7,31.295,12.577,9.47,3.80,1074.7,1074.7,501.0,116,23.2,0.5,IDLE,0.00,0.00,0.00,0,0.0,2753,0,1588.7,1686.2
1456.7500,1465218,0.0,1588.7,31.295,12.577,9.47,3.80,1074.7,1074.7,501.0,76,15.2,0.5,IDLE,0.00,0.00,0.00,0,0.0,2753,0,1588.7,1863.3
1456.8000,1465268,0.0,1885.0,34.105,13.626,12.24,4.89,871.2,871.2,501.0,43,8.6,0.5,IDLE,0.00,0.00,0.00,0,0.0,2755,0,1885.0,1961.4
1456.8500,1465318,0.0,1885.0,34.105,13.626,12.24,4.89,871.2,871.2,501.0,19,3.8,0.5,IDLE,0.00,0.00,0.00,0,0.0,2755,0,1885.0,2041.0
1456.9000,1465368,0.0,2059.7,34.105,14.667,13.38,5.75,871.2,871.2,500.4,5,1.0,0.2,IDLE,0.00,0.00,0.00,0,0.0,2755,0,2059.7,2103.2
1456.9500,1465418,0.0,2059.7,34.105,14.667,13.38,5.75,871.2,871.2,500.4,0,0.0,0.2,IDLE,0.00,0.00,0.00,0,0.0,2756,0,2059.7,2158.0
1457.0000,1465468,0.0,2175.7,30.336,13.824,12.57,5.73,896.9,896.9,500.4,0,0.0,0.2,IDLE,0.00,0.00,0.00,0,0.0,2757,0,2175.7,2217.0
1457.0500,1465518,0.0,2175.7,30.336,13.824,12.57,5.73,896.9,896.9,503.2,0,0.0,1.6,IDLE,0.00,0.00,0.00,0,0.0,2758,0,2175.7,2264.5
1457.1000,1465568,0.0,2265.7,30.336,13.224,13.09,5.70,896.9,896.9,503.2,0,0.0,1.6,IDLE,0.00,0.00,0.00,0,0.0,2758,0,2265.7,2282.1
1457.1500,1465618,0.0,2265.7,34.134,13.224,14.73,5.70,879.4,879.4,503.2,0,0.0,1.6,IDLE,0.00,0.00,0.00,0,0.0,2758,0,2265.7,2319.0
1457.2000,1465668,0.0,2312.9,34.134,13.428,15.03,5.91,879.4,879.4,503.1,0,0.0,1.6,IDLE,0.00,0.00,0.00,0,0.0,2758,0,2312.9,2312.6
1457.2500,1465718,0.0,2312.9,34.134,13.428,15.03,5.91,879.4,879.4,503.1,0,0.0,1.6,IDLE,0.00,0.00,0.00,0,0.0,2758,0,2312.9,2293.5
1457.3000,1465768,0.0,2286.5,36.332,13.129,15.82,5.72,865.0,865.0,503.1,0,0.0,1.6,IDLE,0.00,0.00,0.00,0,0.0,2759,0,2286.5,2264.6
1457.3500,1465818,0.0,2286.5,36.332,13.129,15.82,5.72,865.0,865.0,501.1,0,0.0,0.6,IDLE,0.00,0.00,0.00,0,0.0,2760,0,2286.5,2231.5
1457.4000,1465868,0.0,2217.5,36.332,13.443,15.34,5.68,865.0,865.0,501.1,0,0.0,0.6,IDLE,0.00,0.00,0.00,0,0.0,2761,0,2217.5,2181.9
1457.4500,1465918,0.0,2217.5,33.507,13.443,14.15,5.68,838.1,838.1,501.1,0,0.0,0.6,IDLE,0.00,0.00,0.00,0,0.0,2761,0,2217.5,2100.6
1457.5000,1465968,0.0,2090.3,33.507,14.738,13.34,5.87,838.1,838.1,501.5,0,0.0,0.8,IDLE,0.00,0.00,0.00,0,0.0,2761,0,2090.3,2040.6
1457.5500,1466018,0.0,2090.3,33.507,14.738,13.34,5.87,838.1,838.1,501.5,0,0.0,0.8,IDLE,0.00,0.00,0.00,0,0.0,2762,0,2090.3,1986.4
1457.6000,1466068,0.0,1976.1,23.993,14.361,9.03,5.40,516.9,516.9,501.5,0,0.0,0.8,IDLE,0.00,0.00,0.00,0,0.0,2762,0,1976.1,1948.2
1457.6500,1466118,0.0,1976.1,23.993,14.361,9.03,5.40,516.9,516.9,501.5,0,0.0,0.8,IDLE,0.00,0.00,0.00,0,0.0,2762,0,1976.1,1913.1
1457.7000,1466168,0.0,1888.2,23.993,13.669,8.63,4.91,516.9,516.9,498.9,0,0.0,-0.6,IDLE,0.00,0.00,0.00,0,0.0,2762,0,1888.2,1848.3
1457.7500,1466218,0.0,1888.2,23.993,13.669,8.63,4.91,516.9,516.9,498.9,0,0.0,-0.6,IDLE,0.00,0.00,0.00,0,0.0,2763,0,1888.2,1795.0
1457.8000,1466268,0.0,1771.2,13.136,12.622,4.43,4.26,577.2,577.2,498.9,0,0.0,-0.6,IDLE,0.00,0.00,0.00,0,0.0,2763,0,1771.2,1736.8
1457.8500,1466318,0.0,1771.2,13.136,12.622,4.43,4.26,577.2,577.2,501.3,0,0.0,0.6,IDLE,0.00,0.00,0.00,0,0.0,2763,0,1771.2,1686.3
1457.9000,1466368,0.0,1660.0,13.136,12.832,4.15,4.06,577.2,577.2,501.3,0,0.0,0.6,IDLE,0.00,0.00,0.00,0,0.0,2763,0,1660.0,1622.5
1457.9500,1466418,0.0,1660.0,13.011,12.832,4.11,4.06,880.9,880.9,501.3,0,0.0,0.6,IDLE,0.00,0.00,0.00,0,0.0,2763,0,1660.0,1561.8
1458.0000,1466468,0.0,1537.0,13.011,12.021,3.81,3.52,880.9,880.9,500.9,0,0.0,0.4,IDLE,0.00,0.00,0.00,0,0.0,2763,0,1537.0,1497.8
1458.0500,1466518,0.0,1537.0,13.011,12.021,3.81,3.52,880.9,880.9,500.9,0,0.0,0.4,IDLE,0.00,0.00,0.00,0,0.0,2763,0,1537.0,1439.3
1458.1000,1466568,0.0,1395.4,14.368,11.623,3.82,3.09,1005.3,1005.3,500.9,0,0.0,0.4,IDLE,0.00,0.00,0.00,0,0.0,2763,0,1395.4,1355.4
1458.1500,1466618,0.0,1395.4,14.368,11.623,3.82,3.09,1005.3,1005.3,500.4,0,0.0,0.2,IDLE,0.00,0.00,0.00,0,0.0,2763,0,1395.4,1304.3
1458.2000,1466668,0.0,1270.0,14.368,11.623,3.47,2.81,1005.3,1005.3,500.4,0,0.0,0.2,IDLE,0.00,0.00,0.00,0,0.0,2763,0,1270.0,1237.6
1458.2500,1466718,0.0,1270.0,11.867,11.623,2.87,2.81,961.6,961.6,500.4,0,0.0,0.2,IDLE,0.00,0.00,0.00,0,0.0,2764,0,1270.0,1182.7
1458.3000,1466768,0.0,1152.1,11.867,11.623,2.60,2.55,961.6,961.6,500.4,0,0.0,0.2,IDLE,0.00,0.00,0.00,0,0.0,2765,0,1152.1,1123.0
1458.3500,1466818,0.0,1152.1,11.867,11.623,2.60,2.55,961.6,961.6,501.4,0,0.0,0.7,IDLE,0.00,0.00,0.00,0,0.0,2765,0,1152.1,1088.7
1458.4000,1466868,0.0,1064.6,11.867,11.623,2.41,2.36,961.6,961.6,501.4,0,0.0,0.7,IDLE,0.00,0.00,0.00,0,0.0,2766,0,1064.6,1053.3
1458.4500,1466918,0.0,1064.6,9.743,11.623,1.97,2.36,775.3,775.3,501.4,0,0.0,0.7,IDLE,0.00,0.00,0.00,0,0.0,2766,0,1064.6,1012.5
1458.5000,1466968,0.0,992.0,9.743,11.623,1.84,2.20,775.3,775.3,501.5,0,0.0,0.8,IDLE,0.00,0.00,0.00,0,0.0,2766,0,992.0,971.4
1458.5500,1467018,0.0,992.0,9.743,11.623,1.84,2.20,775.3,775.3,501.5,0,0.0,0.8,IDLE,0.00,0.00,0.00,0,0.0,2766,0,992.0,940.7
1458.6000,1467068,0.0,923.6,4.617,11.623,0.81,2.04,665.3,665.3,501.5,0,0.0,0.8,IDLE,0.00,0.00,0.00,0,0.0,2766,0,923.6,916.7
1458.6500,1467118,0.0,923.6,4.617,11.623,0.81,2.04,665.3,665.3,498.9,0,0.0,-0.6,IDLE,0.00,0.00,0.00,0,0.0,2766,0,923.6,900.1
1458.7000,1467168,0.0,884.2,4.617,11.623,0.78,1.96,665.3,665.3,498.9,0,0.0,-0.6,IDLE,0.00,0.00,0.00,0,0.0,2766,0,884.2,876.9
1458.7500,1467218,0.0,884.2,1.468,11.623,0.25,1.96,736.9,736.9,498.9,0,0.0,-0.6,IDLE,0.00,0.00,0.00,0,0.0,2766,0,884.2,839.5
1458.8000,1467268,0.0,809.6,1.468,11.623,0.23,1.79,736.9,736.9,502.5,0,0.0,1.2,IDLE,0.00,0.00,0.00,0,0.0,2766,0,809.6,801.7
1458.8500,1467318,0.0,809.6,1.468,11.623,0.23,1.79,736.9,736.9,502.5,0,0.0,1.2,IDLE,0.00,0.00,0.00,0,0.0,2768,0,809.6,801.7
1458.9000,1467368,0.0,809.6,-2.722,11.623,-0.42,1.79,675.6,675.6,502.5,0,0.0,1.2,IDLE,0.00,0.00,0.00,0,0.0,2769,0,809.6,801.7
1458.9500,1467418,0.0,809.6,-2.722,11.623,-0.42,1.79,675.6,675.6,501.0,0,0.0,0.5,IDLE,0.00,0.00,0.00,0,0.0,2771,0,809.6,801.7
1459.0000,1467468,0.0,809.6,-2.722,11.623,-0.42,1.79,675.6,675.6,501.0,0,0.0,0.5,IDLE,0.00,0.00,0.00,0,0.0,2773,0,809.6,801.7
1459.0500,1467518,0.0,809.6,-5.650,11.623,-0.87,1.79,705.9,705.9,501.0,0,0.0,0.5,IDLE,0.00,0.00,0.00,0,0.0,2774,0,809.6,801.7
1459.1000,1467568,0.0,809.6,-5.650,11.623,-0.87,1.79,705.9,705.9,501.0,0,0.0,0.5,IDLE,0.00,0.00,0.00,0,0.0,2775,0,809.6,801.7
1459.1500,1467618,0.0,809.6,-5.650,11.623,-0.87,1.79,705.9,705.9,502.9,0,0.0,1.4,IDLE,0.00,0.00,0.00,0,0.0,2776,0,809.6,801.7
1459.2000,1467668,0.0,809.6,-5.650,11.623,-0.87,1.79,705.9,705.9,502.9,0,0.0,1.4,IDLE,0.00,0.00,0.00,0,0.0,2777,0,809.6,801.7
1459.2500,1467718,0.0,809.6,0.900,11.623,0.14,1.79,812.8,812.8,502.9,0,0.0,1.4,IDLE,0.00,0.00,0.00,0,0.0,2778,0,809.6,801.7
1459.3000,1467768,0.0,809.6,0.900,11.623,0.14,1.79,812.8,812.8,504.1,0,0.0,2.1,IDLE,0.00,0.00,0.00,0,0.0,2779,0,809.6,801.7
1459.3500,1467818,0.0,809.6,0.900,11.623,0.14,1.79,812.8,812.8,504.1,0,0.0,2.1,IDLE,0.00,0.00,0.00,0,0.0,2780,0,809.6,801.7
1459.4000,1467868,0.0,809.6,5.827,11.623,0.90,1.79,800.0,800.0,504.1,0,0.0,2.1,IDLE,0.00,0.00,0.00,0,0.0,2781,0,809.6,801.7
1459.4500,1467918,0.0,809.6,5.827,11.623,0.90,1.79,800.0,800.0,501.1,0,0.0,0.6,IDLE,0.00,0.00,0.00,0,0.0,2781,0,809.6,801.7
1459.5000,1467968,0.0,809.6,5.827,11.623,0.90,1.79,800.0,800.0,501.1,0,0.0,0.6,IDLE,0.00,0.00,0.00,0,0.0,2782,0,809.6,801.7
1459.5500,1468018,0.0,809.6,8.858,11.623,1.37,1.79,1017.8,1017.8,501.1,0,0.0,0.6,IDLE,0.00,0.00,0.00,0,0.0,2783,0,809.6,801.7
1459.6000,1468068,0.0,809.6,8.858,11.623,1.37,1.79,1017.8,1017.8,501.3,0,0.0,0.6,IDLE,0.00,0.00,0.00,0,0.0,2783,0,809.6,801.7
1459.6500,1468118,0.0,809.6,8.858,11.623,1.37,1.79,1017.8,1017.8,501.3,0,0.0,0.6,IDLE,0.00,0.00,0.00,0,0.0,2784,0,809.6,801.7
1459.7000,1468168,0.0,809.6,2.869,11.623,0.44,1.79,734.7,734.7,501.3,0,0.0,0.6,IDLE,0.00,0.00,0.00,0,0.0,2784,0,809.6,801.7
1459.7500,1468218,0.0,809.6,2.869,11.623,0.44,1.79,734.7,734.7,502.1,0,0.0,1.1,IDLE,0.00,0.00,0.00,0,0.0,2785,0,809.6,801.7
1459.8000,1468268,0.0,809.6,2.869,11.623,0.44,1.79,734.7,734.7,502.1,0,0.0,1.1,IDLE,0.00,0.00,0.00,0,0.0,2786,0,809.6,801.7
1459.8500,1468318,0.0,809.6,-6.712,11.623,-1.03,1.79,528.4,528.4,502.1,0,0.0,1.1,IDLE,0.00,0.00,0.00,0,0.0,2786,0,809.6,801.7
1459.9000,1468368,0.0,0.0,-6.712,11.623,0.00,0.00,528.4,528.4,502.1,0,0.0,1.1,IDLE,0.00,0.00,0.00,0,0.0,2786,0,0.0,801.7
1459.9500,1468418,0.0,0.0,-6.712,11.623,0.00,0.00,528.4,528.4,504.3,0,0.0,2.1,IDLE,0.00,0.00,0.00,0,0.0,2787,0,0.0,801.7
1460.0000,1468468,0.0,0.0,-6.712,11.623,0.00,0.00,528.4,528.4,504.3,0,0.0,2.1,IDLE,0.00,0.00,0.00,0,0.0,2787,0,0.0,801.7
1460.0500,1468518,0.0,0.0,-8.969,11.623,0.00,0.00,673.4,673.4,504.3,0,0.0,2.1,IDLE,0.00,0.00,0.00,0,0.0,2787,0,0.0,801.7
1460.1000,1468568,0.0,0.0,-8.969,11.623,0.00,0.00,673.4,673.4,502.4,0,0.0,1.2,IDLE,0.00,0.00,0.00,0,0.0,2787,0,0.0,801.7
1460.1500,1468618,0.0,0.0,-8.969,11.623,0.00,0.00,673.4,673.4,502.4,0,0.0,1.2,IDLE,0.00,0.00,0.00,0,0.0,2787,0,0.0,801.7
1460.2000,1468668,0.0,0.0,-7.803,11.623,0.00,0.00,718.1,718.1,502.4,0,0.0,1.2,IDLE,0.00,0.00,0.00,0,0.0,2788,0,0.0,801.7
1460.2500,1468718,0.0,0.0,-7.803,11.623,0.00,0.00,718.1,718.1,502.0,0,0.0,1.0,IDLE,0.00,0.00,0.00,0,0.0,2788,0,0.0,801.7
1460.3000,1468768,0.0,0.0,-7.803,11.623,0.00,0.00,718.1,718.1,502.0,0,0.0,1.0,IDLE,0.00,0.00,0.00,0,0.0,2788,0,0.0,801.7
1460.3500,1468818,0.0,0.0,-3.334,11.623,0.00,0.00,938.8,938.8,502.0,0,0.0,1.0,IDLE,0.00,0.00,0.00,0,0.0,2788,0,0.0,801.7
1460.4000,1468868,0.0,0.0,-3.334,11.623,0.00,0.00,938.8,938.8,501.9,0,0.0,0.9,IDLE,0.00,0.00,0.00,0,0.0,2788,0,0.0,801.7
1460.4500,1468918,0.0,0.0,-3.334,11.623,0.00,0.00,938.8,938.8,501.9,0,0.0,0.9,IDLE,0.00,0.00,0.00,0,0.0,2788,0,0.0,801.7
1460.5000,1468968,0.0,0.0,-2.183,11.623,0.00,0.00,727.5,727.5,501.9,0,0.0,0.9,IDLE,0.00,0.00,0.00,0,0.0,2788,0,0.0,801.7
1460.5500,1469018,0.0,0.0,-2.183,11.623,0.00,0.00,727.5,727.5,501.9,0,0.0,0.9,IDLE,0.00,0.00,0.00,0,0.0,2788,0,0.0,801.7
1460.6000,1469068,0.0,0.0,-2.183,11.623,0.00,0.00,727.5,727.5,501.8,0,0.0,0.9,IDLE,0.00,0.00,0.00,0,0.0,2788,0,0.0,801.7
1460.6500,1469118,0.0,0.0,-2.183,11.623,0.00,0.00,727.5,727.5,501.8,0,0.0,0.9,IDLE,0.00,0.00,0.00,0,0.0,2788,0,0.0,801.7
1460.7000,1469168,0.0,0.0,-0.450,11.623,0.00,0.00,784.4,784.4,501.8,0,0.0,0.9,IDLE,0.00,0.00,0.00,0,0.0,2788,0,0.0,801.7
1460.7500,1469218,0.0,0.0,-0.450,11.623,0.00,0.00,784.4,784.4,500.6,0,0.0,0.3,IDLE,0.00,0.00,0.00,0,0.0,2788,0,0.0,801.7
1460.8000,1469268,0.0,0.0,-0.450,11.623,0.00,0.00,784.4,784.4,500.6,0,0.0,0.3,IDLE,0.00,0.00,0.00,0,0.0,2788,0,0.0,801.7
1460.8500,1469318,0.0,0.0,-0.642,11.623,0.00,0.00,804.1,804.1,500.6,0,0.0,0.3,IDLE,0.00,0.00,0.00,0,0.0,2788,0,0.0,801.7
1460.9000,1469368,0.0,0.0,-0.642,11.623,0.00,0.00,804.1,804.1,501.1,0,0.0,0.6,IDLE,0.00,0.00,0.00,0,0.0,2788,0,0.0,801.7
1460.9500,1469418,0.0,0.0,-0.642,11.623,0.00,0.00,804.1,804.1,501.1,0,0.0,0.6,IDLE,0.00,0.00,0.00,0,0.0,2788,0,0.0,801.7
1461.0000,1469468,0.0,0.0,-0.627,11.623,0.00,0.00,800.6,800.6,501.1,0,0.0,0.6,IDLE,0.00,0.00,0.00,0,0.0,2788,0,0.0,801.7
1461.0500,1469518,0.0,0.0,-0.627,11.623,0.00,0.00,800.6,800.6,502.1,0,0.0,1.1,IDLE,0.00,0.00,0.00,0,0.0,2788,0,0.0,801.7
1461.1000,1469568,0.0,0.0,-0.627,11.623,0.00,0.00,800.6,800.6,502.1,0,0.0,1.1,IDLE,0.00,0.00,0.00,0,0.0,2788,0,0.0,801.7
1461.1500,1469618,0.0,0.0,-5.834,11.623,0.00,0.00,782.5,782.5,502.1,0,0.0,1.1,IDLE,0.00,0.00,0.00,0,0.0,2788,0,0.0,801.7
1461.2000,1469668,0.0,0.0,-5.834,11.623,0.00,0.00,782.5,782.5,500.6,0,0.0,0.3,IDLE,0.00,0.00,0.00,0,0.0,2788,0,0.0,801.7
1461.2500,1469718,0.0,0.0,-5.834,11.623,0.00,0.00,782.5,782.5,500.6,0,0.0,0.3,IDLE,0.00,0.00,0.00,0,0.0,2788,0,0.0,801.7
1461.3000,1469768,0.0,0.0,-4.388,11.623,0.00,0.00,800.0,800.0,500.6,0,0.0,0.3,IDLE,0.00,0.00,0.00,0,0.0,2788,0,0.0,801.7
1461.3500,1469818,0.0,0.0,-4.388,11.623,0.00,0.00,800.0,800.0,500.6,0,0.0,0.3,IDLE,0.00,0.00,0.00,0,0.0,2788,0,0.0,801.7
1461.4000,1469868,0.0,0.0,-4.388,11.623,0.00,0.00,800.0,800.0,501.9,0,0.0,0.9,IDLE,0.00,0.00,0.00,0,0.0,2788,0,0.0,801.7
1461.4500,1469918,0.0,0.0,-4.388,11.623,0.00,0.00,800.0,800.0,501.9,0,0.0,0.9,IDLE,0.00,0.00,0.00,0,0.0,2788,0,0.0,801.7
1461.5000,1469968,0.0,0.0,1.623,11.623,0.00,0.00,800.3,800.3,501.9,0,0.0,0.9,IDLE,0.00,0.00,0.00,0,0.0,2788,0,0.0,801.7
1461.5500,1470018,0.0,0.0,1.623,11.623,0.00,0.00,800.3,800.3,501.3,0,0.0,0.6,IDLE,0.00,0.00,0.00,0,0.0,2788,0,0.0,801.7
1461.6000,1470068,0.0,0.0,1.623,11.623,0.00,0.00,800.3,800.3,501.3,0,0.0,0.6,IDLE,0.00,0.00,0.00,0,0.0,2788,0,0.0,801.7
1461.6500,1470118,0.0,0.0,4.595,11.623,0.00,0.00,807.5,807.5,501.3,0,0.0,0.6,IDLE,0.00,0.00,0.00,0,0.0,2788,0,0.0,801.7
1461.7000,1470168,0.0,0.0,4.595,11.623,0.00,0.00,807.5,807.5,500.8,0,0.0,0.4,IDLE,0.00,0.00,0.00,0,0.0,2788,0,0.0,801.7
1461.7500,1470218,0.0,0.0,4.595,11.623,0.00,0.00,807.5,807.5,500.8,0,0.0,0.4,IDLE,0.00,0.00,0.00,0,0.0,2788,0,0.0,801.7
1461.8000,1470268,0.0,0.0,6.491,11.623,0.00,0.00,804.1,804.1,500.8,0,0.0,0.4,IDLE,0.00,0.00,0.00,0,0.0,2788,0,0.0,801.7
1461.8500,1470318,0.0,0.0,6.491,11.623,0.00,0.00,804.1,804.1,500.9,0,0.0,0.4,IDLE,0.00,0.00,0.00,0,0.0,2788,0,0.0,801.7
1461.9000,1470368,0.0,0.0,6.491,11.623,0.00,0.00,804.1,804.1,500.9,0,0.0,0.4,IDLE,0.00,0.00,0.00,0,0.0,2788,0,0.0,801.7
1461.9500,1470418,0.0,0.0,3.511,11.623,0.00,0.00,804.1,804.1,500.9,0,0.0,0.4,IDLE,0.00,0.00,0.00,0,0.0,2788,0,0.0,801.7
1462.0000,1470468,0.0,0.0,3.511,11.623,0.00,0.00,804.1,804.1,500.9,0,0.0,0.4,IDLE,0.00,0.00,0.00,0,0.0,2788,0,0.0,801.7
1462.0500,1470518,0.0,0.0,3.511,11.623,0.00,0.00,804.1,804.1,501.3,0,0.0,0.6,IDLE,0.00,0.00,0.00,0,0.0,2788,0,0.0,801.7
1462.1000,1470568,0.0,0.0,3.511,11.623,0.00,0.00,804.1,804.1,501.3,0,0.0,0.6,IDLE,0.00,0.00,0.00,0,0.0,2788,0,0.0,801.7
1462.1500,1470618,0.0,0.0,5.170,11.623,0.00,0.00,802.5,802.5,501.3,0,0.0,0.6,IDLE,0.00,0.00,0.00,0,0.0,2788,0,0.0,801.7
1462.2000,1470668,0.0,0.0,5.170,11.623,0.00,0.00,802.5,802.5,500.4,0,0.0,0.2,IDLE,0.00,0.00,0.00,0,0.0,2788,0,0.0,0.0
1462.2500,1470718,0.0,0.0,5.170,11.623,0.00,0.00,802.5,802.5,500.4,0,0.0,0.2,IDLE,0.00,0.00,0.00,0,0.0,2788,0,0.0,0.0
1462.3000,1470768,0.0,0.0,5.539,11.623,0.00,0.00,800.9,800.9,500.4,0,0.0,0.2,IDLE,0.00,0.00,0.00,0,0.0,2788,0,0.0,0.0
1462.3500,1470818,0.0,0.0,5.539,11.623,0.00,0.00,800.9,800.9,500.4,0,0.0,0.2,IDLE,0.00,0.00,0.00,0,0.0,2788,0,0.0,0.0
1462.4000,1470868,0.0,0.0,5.539,11.623,0.00,0.00,800.9,800.9,500.4,0,0.0,0.2,IDLE,0.00,0.00,0.00,0,0.0,2788,0,0.0,0.0
1462.4500,1470918,0.0,0.0,5.421,11.623,0.00,0.00,798.8,798.8,500.4,0,0.0,0.2,IDLE,0.00,0.00,0.00,0,0.0,2788,0,0.0,0.0
1462.5000,1470968,0.0,0.0,5.421,11.623,0.00,0.00,798.8,798.8,500.3,0,0.0,0.1,IDLE,0.00,0.00,0.00,0,0.0,2788,0,0.0,0.0
1462.5500,1471018,0.0,0.0,5.421,11.623,0.00,0.00,798.8,798.8,500.3,0,0.0,0.1,IDLE,0.00,0.00,0.00,0,0.0,2788,0,0.0,0.0
1462.6000,1471068,0.0,0.0,5.414,11.623,0.00,0.00,800.3,800.3,500.3,0,0.0,0.1,IDLE,0.00,0.00,0.00,0,0.0,2788,0,0.0,0.0
1462.6500,1471118,0.0,0.0,5.414,11.623,0.00,0.00,800.3,800.3,501.0,0,0.0,0.5,IDLE,0.00,0.00,0.00,0,0.0,2788,0,0.0,0.0
1462.7000,1471168,0.0,0.0,5.414,11.623,0.00,0.00,800.3,800.3,501.0,0,0.0,0.5,IDLE,0.00,0.00,0.00,0,0.0,2788,0,0.0,0.0
1462.7500,1471218,0.0,0.0,5.746,11.623,0.00,0.00,797.5,797.5,501.0,0,0.0,0.5,IDLE,0.00,0.00,0.00,0,0.0,2788,0,0.0,0.0
1462.8000,1471268,0.0,0.0,5.746,11.623,0.00,0.00,797.5,797.5,501.0,0,0.0,0.5,IDLE,0.00,0.00,0.00,0,0.0,2788,0,0.0,0.0
1462.8500,1471318,0.0,0.0,5.746,11.623,0.00,0.00,797.5,797.5,500.6,0,0.0,0.3,IDLE,0.00,0.00,0.00,0,0.0,2788,0,0.0,0.0
1462.9000,1471368,0.0,0.0,5.746,11.623,0.00,0.00,797.5,797.5,500.6,0,0.0,0.3,IDLE,0.00,0.00,0.00,0,0.0,2788,0,0.0,0.0
1462.9500,1471418,0.0,0.0,5.709,11.623,0.00,0.00,798.4,798.4,500.6,0,0.0,0.3,IDLE,0.00,0.00,0.00,0,0.0,2788,0,0.0,0.0
1463.0000,1471468,0.0,0.0,5.709,11.623,0.00,0.00,798.4,798.4,500.9,0,0.0,0.4,IDLE,0.00,0.00,0.00,0,0.0,2788,0,0.0,0.0
1463.0500,1471518,0.0,0.0,5.709,11.623,0.00,0.00,798.4,798.4,500.9,0,0.0,0.4,IDLE,0.00,0.00,0.00,0,0.0,2788,0,0.0,0.0
1463.1000,1471568,0.0,0.0,5.591,11.623,0.00,0.00,794.7,794.7,500.9,0,0.0,0.4,IDLE,0.00,0.00,0.00,0,0.0,2788,0,0.0,0.0
1463.1500,1471618,0.0,0.0,5.591,11.623,0.00,0.00,794.7,794.7,500.8,0,0.0,0.4,IDLE,0.00,0.00,0.00,0,0.0,2788,0,0.0,0.0
1463.2000,1471668,0.0,0.0,5.591,11.623,0.00,0.00,794.7,794.7,500.8,0,0.0,0.4,IDLE,0.00,0.00,0.00,0,0.0,2788,0,0.0,0.0
1463.2500,1471718,0.0,0.0,5.355,11.623,0.00,0.00,796.9,796.9,500.8,0,0.0,0.4,IDLE,0.00,0.00,0.00,0,0.0,2788,0,0.0,0.0
1463.3000,1471768,0.0,0.0,5.355,11.623,0.00,0.00,796.9,796.9,501.6,0,0.0,0.8,IDLE,0.00,0.00,0.00,0,0.0,2788,0,0.0,0.0
1463.3500,1471818,0.0,0.0,5.355,11.623,0.00,0.00,796.9,796.9,501.6,0,0.0,0.8,IDLE,0.00,0.00,0.00,0,0.0,2788,0,0.0,0.0
1463.4000,1471868,0.0,0.0,5.060,11.623,0.00,0.00,790.9,790.9,501.6,0,0.0,0.8,IDLE,0.00,0.00,0.00,0,0.0,2788,0,0.0,0.0
1463.4500,1471918,0.0,0.0,5.060,11.623,0.00,0.00,790.9,790.9,501.6,0,0.0,0.8,IDLE,0.00,0.00,0.00,0,0.0,2788,0,0.0,0.0
1463.5000,1471968,0.0,0.0,5.060,11.623,0.00,0.00,790.9,790.9,501.9,0,0.0,0.9,IDLE,0.00,0.00,0.00,0,0.0,2788,0,0.0,0.0
1463.5500,1472018,0.0,0.0,5.060,11.623,0.00,0.00,790.9,790.9,501.9,0,0.0,0.9,IDLE,0.00,0.00,0.00,0,0.0,2788,0,0.0,0.0
1463.6000,1472068,0.0,0.0,4.861,11.623,0.00,0.00,795.0,795.0,501.9,0,0.0,0.9,IDLE,0.00,0.00,0.00,0,0.0,2788,0,0.0,0.0
1463.6500,1472118,0.0,0.0,4.861,11.623,0.00,0.00,795.0,795.0,500.4,0,0.0,0.2,IDLE,0.00,0.00,0.00,0,0.0,2788,0,0.0,0.0
1463.7000,1472168,0.0,0.0,4.861,11.623,0.00,0.00,795.0,795.0,500.4,0,0.0,0.2,IDLE,0.00,0.00,0.00,0,0.0,2788,0,0.0,0.0
1463.7500,1472218,0.0,0.0,4.536,11.623,0.00,0.00,787.8,787.8,500.4,0,0.0,0.2,IDLE,0.00,0.00,0.00,0,0.0,2788,0,0.0,0.0
1463.8000,1472268,0.0,0.0,4.536,11.623,0.00,0.00,787.8,787.8,501.6,0,0.0,0.8,IDLE,0.00,0.00,0.00,0,0.0,2788,0,0.0,0.0
1463.8500,1472318,0.0,0.0,4.536,11.623,0.00,0.00,787.8,787.8,501.6,0,0.0,0.8,IDLE,0.00,0.00,0.00,0,0.0,2788,0,0.0,0.0
1463.9000,1472368,0.0,0.0,4.411,11.623,0.00,0.00,795.3,795.3,501.6,0,0.0,0.8,IDLE,0.00,0.00,0.00,0,0.0,2788,0,0.0,0.0
1463.9500,1472418,0.0,0.0,4.411,11.623,0.00,0.00,795.3,795.3,502.1,0,0.0,1.1,IDLE,0.00,0.00,0.00,0,0.0,2788,0,0.0,0.0
1464.0000,1472468,0.0,0.0,4.411,11.623,0.00,0.00,795.3,795.3,502.1,0,0.0,1.1,IDLE,0.00,0.00,0.00,0,0.0,2788,0,0.0,0.0
1464.0500,1472518,0.0,0.0,4.160,11.623,0.00,0.00,787.5,787.5,502.1,0,0.0,1.1,IDLE,0.00,0.00,0.00,0,0.0,2788,0,0.0,0.0
1464.1000,1472568,0.0,0.0,4.160,11.623,0.00,0.00,787.5,787.5,501.5,0,0.0,0.8,IDLE,0.00,0.00,0.00,0,0.0,2788,0,0.0,0.0
1464.1500,1472618,0.0,0.0,4.160,11.623,0.00,0.00,787.5,787.5,501.5,0,0.0,0.8,IDLE,0.00,0.00,0.00,0,0.0,2788,0,0.0,0.0
1464.2000,1472668,0.0,0.0,4.042,11.623,0.00,0.00,794.7,794.7,501.5,0,0.0,0.8,IDLE,0.00,0.00,0.00,0,0.0,2788,0,0.0,0.0
1464.2500,1472718,0.0,0.0,4.042,11.623,0.00,0.00,794.7,794.7,501.5,0,0.0,0.8,IDLE,0.00,0.00,0.00,0,0.0,2788,0,0.0,0.0
1464.3000,1472768,0.0,0.0,4.042,11.623,0.00,0.00,794.7,794.7,502.3,0,0.0,1.1,IDLE,0.00,0.00,0.00,0,0.0,2788,0,0.0,0.0
1464.3500,1472818,0.0,0.0,4.042,11.623,0.00,0.00,794.7,794.7,502.3,0,0.0,1.1,IDLE,0.00,0.00,0.00,0,0.0,2788,0,0.0,0.0
1464.4000,1472868,0.0,0.0,3.835,11.623,0.00,0.00,788.4,788.4,502.3,0,0.0,1.1,IDLE,0.00,0.00,0.00,0,0.0,2788,0,0.0,0.0
1464.4500,1472918,0.0,0.0,3.835,11.623,0.00,0.00,788.4,788.4,501.4,0,0.0,0.7,IDLE,0.00,0.00,0.00,0,0.0,2788,0,0.0,0.0
1464.5000,1472968,0.0,0.0,3.835,11.623,0.00,0.00,788.4,788.4,501.4,0,0.0,0.7,IDLE,0.00,0.00,0.00,0,0.0,2788,0,0.0,0.0
1464.5500,1473018,0.0,0.0,3.813,11.623,0.00,0.00,797.2,797.2,501.4,0,0.0,0.7,IDLE,0.00,0.00,0.00,0,0.0,2788,0,0.0,0.0
1464.6000,1473068,0.0,0.0,3.813,11.623,0.00,0.00,797.2,797.2,502.5,0,0.0,1.2,IDLE,0.00,0.00,0.00,0,0.0,2788,0,0.0,0.0
1464.6500,1473118,0.0,0.0,3.813,11.623,0.00,0.00,797.2,797.2,502.5,0,0.0,1.2,IDLE,0.00,0.00,0.00,0,0.0,2788,0,0.0,0.0
1464.7000,1473168,0.0,0.0,3.680,11.623,0.00,0.00,788.8,788.8,502.5,0,0.0,1.2,IDLE,0.00,0.00,0.00,0,0.0,2788,0,0.0,0.0
1464.7500,1473218,0.0,0.0,3.680,11.623,0.00,0.00,788.8,788.8,502.6,0,0.0,1.3,IDLE,0.00,0.00,0.00,0,0.0,2788,0,0.0,0.0
1464.8000,1473268,0.0,0.0,3.680,11.623,0.00,0.00,788.8,788.8,502.6,0,0.0,1.3,IDLE,0.00,0.00,0.00,0,0.0,2788,0,0.0,0.0
1464.8500,1473318,0.0,0.0,3.747,11.623,0.00,0.00,800.0,800.0,502.6,0,0.0,1.3,IDLE,0.00,0.00,0.00,0,0.0,2788,0,0.0,0.0
1464.9000,1473368,0.0,0.0,3.747,11.623,0.00,0.00,800.0,800.0,502.6,0,0.0,1.3,IDLE,0.00,0.00,0.00,0,0.0,2788,0,0.0,0.0
1464.9500,1473418,0.0,0.0,3.747,11.623,0.00,0.00,800.0,800.0,502.0,0,0.0,1.0,IDLE,0.00,0.00,0.00,0,0.0,2788,0,0.0,0.0
1465.0000,1473468,0.0,0.0,3.747,11.623,0.00,0.00,800.0,800.0,502.0,0,0.0,1.0,IDLE,0.00,0.00,0.00,0,0.0,2788,0,0.0,0.0
1465.0500,1473518,0.0,0.0,3.769,11.623,0.00,0.00,791.9,791.9,502.0,0,0.0,1.0,IDLE,0.00,0.00,0.00,0,0.0,2788,0,0.0,0.0
1465.1000,1473568,0.0,0.0,3.769,11.623,0.00,0.00,791.9,791.9,502.1,0,0.0,1.1,IDLE,0.00,0.00,0.00,0,0.0,2788,0,0.0,0.0
1465.1500,1473618,0.0,0.0,3.769,11.623,0.00,0.00,791.9,791.9,502.1,0,0.0,1.1,IDLE,0.00,0.00,0.00,0,0.0,2788,0,0.0,0.0
1465.2000,1473668,0.0,0.0,3.946,11.623,0.00,0.00,803.1,803.1,502.1,0,0.0,1.1,IDLE,0.00,0.00,0.00,0,0.0,2788,0,0.0,0.0
1465.2500,1473718,0.0,0.0,3.946,11.623,0.00,0.00,803.1,803.1,501.3,0,0.0,0.6,IDLE,0.00,0.00,0.00,0,0.0,2788,0,0.0,0.0
1465.3000,1473768,0.0,0.0,3.946,11.623,0.00,0.00,803.1,803.1,501.3,0,0.0,0.6,IDLE,0.00,0.00,0.00,0,0.0,2788,0,0.0,0.0
1465.3500,1473818,0.0,0.0,4.123,11.623,0.00,0.00,795.6,795.6,501.3,0,0.0,0.6,IDLE,0.00,0.00,0.00,0,0.0,2788,0,0.0,0.0
1465.4000,1473868,0.0,0.0,4.123,11.623,0.00,0.00,795.6,795.6,501.1,0,0.0,0.6,IDLE,0.00,0.00,0.00,0,0.0,2788,0,0.0,0.0
1465.4500,1473918,0.0,0.0,4.123,11.623,0.00,0.00,795.6,795.6,501.1,0,0.0,0.6,IDLE,0.00,0.00,0.00,0,0.0,2788,0,0.0,0.0
1465.5000,1473968,0.0,0.0,4.344,11.623,0.00,0.00,805.3,805.3,501.1,0,0.0,0.6,IDLE,0.00,0.00,0.00,0,0.0,2788,0,0.0,0.0
1465.5500,1474018,0.0,0.0,4.344,11.623,0.00,0.00,805.3,805.3,501.3,0,0.0,0.6,IDLE,0.00,0.00,0.00,0,0.0,2788,0,0.0,0.0
1465.6000,1474068,0.0,0.0,4.344,11.623,0.00,0.00,805.3,805.3,501.3,0,0.0,0.6,IDLE,0.00,0.00,0.00,0,0.0,2788,0,0.0,0.0
1465.6500,1474118,0.0,0.0,4.595,11.623,0.00,0.00,798.8,798.8,501.3,0,0.0,0.6,IDLE,0.00,0.00,0.00,0,0.0,2788,0,0.0,0.0
1465.7000,1474168,0.0,0.0,4.595,11.623,0.00,0.00,798.8,798.8,501.3,0,0.0,0.6,IDLE,0.00,0.00,0.00,0,0.0,2788,0,0.0,0.0
1465.7500,1474218,0.0,0.0,4.595,11.623,0.00,0.00,798.8,798.8,502.6,0,0.0,1.3,IDLE,0.00,0.00,0.00,0,0.0,2788,0,0.0,0.0
1465.8000,1474268,0.0,0.0,4.595,11.623,0.00,0.00,798.8,798.8,502.6,0,0.0,1.3,IDLE,0.00,0.00,0.00,0,0.0,2788,0,0.0,0.0
1465.8500,1474318,0.0,0.0,4.720,11.623,0.00,0.00,800.6,800.6,502.6,0,0.0,1.3,IDLE,0.00,0.00,0.00,0,0.0,2788,0,0.0,0.0
1465.9000,1474368,0.0,0.0,4.720,11.623,0.00,0.00,800.6,800.6,502.5,0,0.0,1.2,IDLE,0.00,0.00,0.00,0,0.0,2788,0,0.0,0.0
1465.9500,1474418,0.0,0.0,4.720,11.623,0.00,0.00,800.6,800.6,502.5,0,0.0,1.2,IDLE,0.00,0.00,0.00,0,0.0,2788,0,0.0,0.0
1466.0000,1474468,0.0,0.0,5.023,11.623,0.00,0.00,801.9,801.9,502.5,0,0.0,1.2,IDLE,0.00,0.00,0.00,0,0.0,2788,0,0.0,0.0
1466.0500,1474518,0.0,0.0,5.023,11.623,0.00,0.00,801.9,801.9,501.6,0,0.0,0.8,IDLE,0.00,0.00,0.00,0,0.0,2788,0,0.0,0.0
1466.1000,1474568,0.0,0.0,5.023,11.623,0.00,0.00,801.9,801.9,501.6,0,0.0,0.8,IDLE,0.00,0.00,0.00,0,0.0,2788,0,0.0,0.0
1466.1500,1474618,0.0,0.0,5.104,11.623,0.00,0.00,800.9,800.9,501.6,0,0.0,0.8,IDLE,0.00,0.00,0.00,0,0.0,2788,0,0.0,0.0
1466.2000,1474668,0.0,0.0,5.104,11.623,0.00,0.00,800.9,800.9,501.8,0,0.0,0.9,IDLE,0.00,0.00,0.00,0,0.0,2788,0,0.0,0.0
1466.2500,1474718,0.0,0.0,5.104,11.623,0.00,0.00,800.9,800.9,501.8,0,0.0,0.9,IDLE,0.00,0.00,0.00,0,0.0,2788,0,0.0,0.0
1466.3000,1474768,0.0,0.0,5.377,11.623,0.00,0.00,801.2,801.2,501.8,0,0.0,0.9,IDLE,0.00,0.00,0.00,0,0.0,2788,0,0.0,0.0
1466.3500,1474818,0.0,0.0,5.377,11.623,0.00,0.00,801.2,801.2,501.8,0,0.0,0.9,IDLE,0.00,0.00,0.00,0,0.0,2788,0,0.0,0.0
1466.4000,1474868,0.0,0.0,5.377,11.623,0.00,0.00,801.2,801.2,502.3,0,0.0,1.1,IDLE,0.00,0.00,0.00,0,0.0,2788,0,0.0,0.0
1466.4500,1474918,0.0,0.0,5.377,11.623,0.00,0.00,801.2,801.2,502.3,0,0.0,1.1,IDLE,0.00,0.00,0.00,0,0.0,2788,0,0.0,0.0
1466.5000,1474968,0.0,0.0,5.369,11.623,0.00,0.00,799.4,799.4,502.3,0,0.0,1.1,IDLE,0.00,0.00,0.00,0,0.0,2788,0,0.0,0.0
1466.5500,1475018,0.0,0.0,5.369,11.623,0.00,0.00,799.4,799.4,502.9,0,0.0,1.4,IDLE,0.00,0.00,0.00,0,0.0,2788,0,0.0,0.0
1466.6000,1475068,0.0,0.0,5.369,11.623,0.00,0.00,799.4,799.4,502.9,0,0.0,1.4,IDLE,0.00,0.00,0.00,0,0.0,2788,0,0.0,0.0
1466.6500,1475118,0.0,0.0,5.605,11.623,0.00,0.00,802.8,802.8,502.9,0,0.0,1.4,IDLE,0.00,0.00,0.00,0,0.0,2788,0,0.0,0.0
1466.7000,1475168,0.0,0.0,5.605,11.623,0.00,0.00,802.8,802.8,501.3,0,0.0,0.6,IDLE,0.00,0.00,0.00,0,0.0,2788,0,0.0,0.0
1466.7500,1475218,0.0,0.0,5.605,11.623,0.00,0.00,802.8,802.8,501.3,0,0.0,0.6,IDLE,0.00,0.00,0.00,0,0.0,2788,0,0.0,0.0
1466.8000,1475268,0.0,0.0,5.561,11.623,0.00,0.00,800.9,800.9,501.3,0,0.0,0.6,IDLE,0.00,0.00,0.00,0,0.0,2788,0,0.0,0.0
1466.8500,1475318,0.0,0.0,5.561,11.623,0.00,0.00,800.9,800.9,502.8,0,0.0,1.4,IDLE,0.00,0.00,0.00,0,0.0,2788,0,0.0,0.0
1466.9000,1475368,0.0,0.0,5.561,11.623,0.00,0.00,800.9,800.9,502.8,0,0.0,1.4,IDLE,0.00,0.00,0.00,0,0.0,2788,0,0.0,0.0
1466.9500,1475418,0.0,0.0,5.797,11.623,0.00,0.00,806.2,806.2,502.8,0,0.0,1.4,IDLE,0.00,0.00,0.00,0,0.0,2788,0,0.0,0.0
1467.0000,1475468,0.0,0.0,5.797,11.623,0.00,0.00,806.2,806.2,502.4,0,0.0,1.2,IDLE,0.00,0.00,0.00,0,0.0,2788,0,0.0,0.0
1467.0500,1475518,0.0,0.0,5.797,11.623,0.00,0.00,806.2,806.2,502.4,0,0.0,1.2,IDLE,0.00,0.00,0.00,0,0.0,2788,0,0.0,0.0
1467.1000,1475568,0.0,0.0,5.812,11.623,0.00,0.00,805.9,805.9,502.4,0,0.0,1.2,IDLE,0.00,0.00,0.00,0,0.0,2788,0,0.0,0.0
1467.1500,1475618,0.0,0.0,5.812,11.623,0.00,0.00,805.9,805.9,502.4,0,0.0,1.2,IDLE,0.00,0.00,0.00,0,0.0,2788,0,0.0,0.0
1467.2000,1475668,0.0,0.0,5.812,11.623,0.00,0.00,805.9,805.9,502.9,0,0.0,1.4,IDLE,0.00,0.00,0.00,0,0.0,2788,0,0.0,0.0
1467.2500,1475718,0.0,0.0,5.812,11.623,0.00,0.00,805.9,805.9,502.9,0,0.0,1.4,IDLE,0.00,0.00,0.00,0,0.0,2788,0,0.0,0.0
1467.3000,1475768,0.0,0.0,6.033,11.623,0.00,0.00,808.8,808.8,502.9,0,0.0,1.4,IDLE,0.00,0.00,0.00,0,0.0,2788,0,0.0,0.0
1467.3500,1475818,0.0,0.0,6.033,11.623,0.00,0.00,808.8,808.8,501.3,0,0.0,0.6,IDLE,0.00,0.00,0.00,0,0.0,2788,0,0.0,0.0
1467.4000,1475868,0.0,0.0,6.033,11.623,0.00,0.00,808.8,808.8,501.3,0,0.0,0.6,IDLE,0.00,0.00,0.00,0,0.0,2788,0,0.0,0.0
1467.4500,1475918,0.0,0.0,6.247,11.623,0.00,0.00,810.3,810.3,501.3,0,0.0,0.6,IDLE,0.00,0.00,0.00,0,0.0,2788,0,0.0,0.0
1467.5000,1475968,0.0,0.0,6.247,11.623,0.00,0.00,810.3,810.3,501.5,0,0.0,0.8,IDLE,0.00,0.00,0.00,0,0.0,2788,0,0.0,0.0
1467.5500,1476018,0.0,0.0,6.247,11.623,0.00,0.00,810.3,810.3,501.5,0,0.0,0.8,IDLE,0.00,0.00,0.00,0,0.0,2788,0,0.0,0.0
1467.6000,1476068,0.0,0.0,6.321,11.623,0.00,0.00,805.3,805.3,501.5,0,0.0,0.8,IDLE,0.00,0.00,0.00,0,0.0,2788,0,0.0,0.0
1467.6500,1476118,0.0,0.0,6.321,11.623,0.00,0.00,805.3,805.3,502.4,0,0.0,1.2,IDLE,0.00,0.00,0.00,0,0.0,2788,0,0.0,0.0
1467.7000,1476168,0.0,0.0,6.321,11.623,0.00,0.00,805.3,805.3,502.4,0,0.0,1.2,IDLE,0.00,0.00,0.00,0,0.0,2788,0,0.0,0.0
1467.7500,1476218,0.0,0.0,6.520,11.623,0.00,0.00,810.0,810.0,502.4,0,0.0,1.2,IDLE,0.00,0.00,0.00,0,0.0,2788,0,0.0,0.0
1467.8000,1476268,0.0,0.0,6.520,11.623,0.00,0.00,810.0,810.0,501.3,0,0.0,0.6,IDLE,0.00,0.00,0.00,0,0.0,2788,0,0.0,0.0
1467.8500,1476318,0.0,0.0,6.520,11.623,0.00,0.00,810.0,810.0,501.3,0,0.0,0.6,IDLE,0.00,0.00,0.00,0,0.0,2788,0,0.0,0.0
1467.9000,1476368,0.0,0.0,6.756,11.623,0.00,0.00,811.9,811.9,501.3,0,0.0,0.6,IDLE,0.00,0.00,0.00,0,0.0,2788,0,0.0,0.0
1467.9500,1476418,0.0,0.0,6.756,11.623,0.00,0.00,811.9,811.9,501.3,0,0.0,0.6,IDLE,0.00,0.00,0.00,0,0.0,2788,0,0.0,0.0
1468.0000,1476468,0.0,0.0,6.756,11.623,0.00,0.00,811.9,811.9,502.4,0,0.0,1.2,IDLE,0.00,0.00,0.00,0,0.0,2788,0,0.0,0.0
1468.0500,1476518,0.0,0.0,6.756,11.623,0.00,0.00,811.9,811.9,502.4,0,0.0,1.2,IDLE,0.00,0.00,0.00,0,0.0,2788,0,0.0,0.0
1468.1000,1476568,0.0,0.0,6.852,11.623,0.00,0.00,803.8,803.8,502.4,0,0.0,1.2,IDLE,0.00,0.00,0.00,0,0.0,2788,0,0.0,0.0
1468.1500,1476618,0.0,0.0,6.852,11.623,0.00,0.00,803.8,803.8,502.0,0,0.0,1.0,IDLE,0.00,0.00,0.00,0,0.0,2788,0,0.0,0.0
1468.2000,1476668,0.0,0.0,6.852,11.623,0.00,0.00,803.8,803.8,502.0,0,0.0,1.0,IDLE,0.00,0.00,0.00,0,0.0,2788,0,0.0,0.0
1468.2500,1476718,0.0,0.0,6.985,11.623,0.00,0.00,808.8,808.8,502.0,0,0.0,1.0,IDLE,0.00,0.00,0.00,0,0.0,2788,0,0.0,0.0
1468.3000,1476768,0.0,0.0,6.985,11.623,0.00,0.00,808.8,808.8,502.3,0,0.0,1.1,IDLE,0.00,0.00,0.00,0,0.0,2788,0,0.0,0.0
1468.3500,1476818,0.0,0.0,6.985,11.623,0.00,0.00,808.8,808.8,502.3,0,0.0,1.1,IDLE,0.00,0.00,0.00,0,0.0,2788,0,0.0,0.0
1468.4000,1476868,0.0,0.0,6.845,11.623,0.00,0.00,794.7,794.7,502.3,0,0.0,1.1,IDLE,0.00,0.00,0.00,0,0.0,2788,0,0.0,0.0
1468.4500,1476918,0.0,0.0,6.845,11.623,0.00,0.00,794.7,794.7,502.4,0,0.0,1.2,IDLE,0.00,0.00,0.00,0,0.0,2788,0,0.0,0.0
1468.5000,1476968,0.0,0.0,6.845,11.623,0.00,0.00,794.7,794.7,502.4,0,0.0,1.2,IDLE,0.00,0.00,0.00,0,0.0,2788,0,0.0,0.0
1468.5500,1477018,0.0,0.0,6.697,11.623,0.00,0.00,799.7,799.7,502.4,0,0.0,1.2,IDLE,0.00,0.00,0.00,0,0.0,2788,0,0.0,0.0
1468.6000,1477068,0.0,0.0,6.697,11.623,0.00,0.00,799.7,799.7,502.4,0,0.0,1.2,IDLE,0.00,0.00,0.00,0,0.0,2788,0,0.0,0.0
1468.6500,1477118,0.0,0.0,6.697,11.623,0.00,0.00,799.7,799.7,502.4,0,0.0,1.2,IDLE,0.00,0.00,0.00,0,0.0,2788,0,0.0,0.0
1468.7000,1477168,0.0,0.0,6.697,11.623,0.00,0.00,799.7,799.7,502.4,0,0.0,1.2,IDLE,0.00,0.00,0.00,0,0.0,2788,0,0.0,0.0
1468.7500,1477218,0.0,0.0,6.328,11.623,0.00,0.00,789.1,789.1,502.4,0,0.0,1.2,IDLE,0.00,0.00,0.00,0,0.0,2788,0,0.0,0.0
1468.8000,1477268,0.0,0.0,6.328,11.623,0.00,0.00,789.1,789.1,502.1,0,0.0,1.1,IDLE,0.00,0.00,0.00,0,0.0,2788,0,0.0,0.0
1468.8500,1477318,0.0,0.0,6.328,11.623,0.00,0.00,789.1,789.1,502.1,0,0.0,1.1,IDLE,0.00,0.00,0.00,0,0.0,2788,0,0.0,0.0
1468.9000,1477368,0.0,0.0,5.952,11.623,0.00,0.00,791.9,791.9,502.1,0,0.0,1.1,IDLE,0.00,0.00,0.00,0,0.0,2788,0,0.0,0.0
1468.9500,1477418,0.0,0.0,5.952,11.623,0.00,0.00,791.9,791.9,502.8,0,0.0,1.4,IDLE,0.00,0.00,0.00,0,0.0,2788,0,0.0,0.0
1469.0000,1477468,0.0,0.0,5.952,11.623,0.00,0.00,791.9,791.9,502.8,0,0.0,1.4,IDLE,0.00,0.00,0.00,0,0.0,2788,0,0.0,0.0
1469.0500,1477518,0.0,0.0,5.495,11.623,0.00,0.00,789.7,789.7,502.8,0,0.0,1.4,IDLE,0.00,0.00,0.00,0,0.0,2788,0,0.0,0.0
1469.1000,1477568,0.0,0.0,5.495,11.623,0.00,0.00,789.7,789.7,500.9,0,0.0,0.4,IDLE,0.00,0.00,0.00,0,0.0,2788,0,0.0,0.0
1469.1500,1477618,0.0,0.0,5.495,11.623,0.00,0.00,789.7,789.7,500.9,0,0.0,0.4,IDLE,0.00,0.00,0.00,0,0.0,2788,0,0.0,0.0
1469.2000,1477668,0.0,0.0,5.369,11.623,0.00,0.00,799.4,799.4,500.9,0,0.0,0.4,IDLE,0.00,0.00,0.00,0,0.0,2788,0,0.0,0.0
1469.2500,1477718,0.0,0.0,5.369,11.623,0.00,0.00,799.4,799.4,500.6,0,0.0,0.3,IDLE,0.00,0.00,0.00,0,0.0,2788,0,0.0,0.0
1469.3000,1477768,0.0,0.0,5.369,11.623,0.00,0.00,799.4,799.4,500.6,0,0.0,0.3,IDLE,0.00,0.00,0.00,0,0.0,2788,0,0.0,0.0
1469.3500,1477818,0.0,0.0,5.244,11.623,0.00,0.00,804.4,804.4,500.6,0,0.0,0.3,IDLE,0.00,0.00,0.00,0,0.0,2788,0,0.0,0.0
1469.4000,1477868,0.0,0.0,5.244,11.623,0.00,0.00,804.4,804.4,500.6,0,0.0,0.3,IDLE,0.00,0.00,0.00,0,0.0,2788,0,0.0,0.0
1469.4500,1477918,0.0,0.0,5.244,11.623,0.00,0.00,804.4,804.4,502.0,0,0.0,1.0,IDLE,0.00,0.00,0.00,0,0.0,2788,0,0.0,0.0
1469.5000,1477968,0.0,0.0,5.244,11.623,0.00,0.00,804.4,804.4,502.0,0,0.0,1.0,IDLE,0.00,0.00,0.00,0,0.0,2788,0,0.0,0.0
1469.5500,1478018,0.0,0.0,5.008,11.623,0.00,0.00,801.2,801.2,502.0,0,0.0,1.0,IDLE,0.00,0.00,0.00,0,0.0,2788,0,0.0,0.0
1469.6000,1478068,0.0,0.0,5.008,11.623,0.00,0.00,801.2,801.2,501.6,0,0.0,0.8,IDLE,0.00,0.00,0.00,0,0.0,2788,0,0.0,0.0
1469.6500,1478118,0.0,0.0,5.008,11.623,0.00,0.00,801.2,801.2,501.6,0,0.0,0.8,IDLE,0.00,0.00,0.00,0,0.0,2788,0,0.0,0.0
1469.7000,1478168,0.0,0.0,4.986,11.623,0.00,0.00,802.8,802.8,501.6,0,0.0,0.8,IDLE,0.00,0.00,0.00,0,0.0,2788,0,0.0,0.0
1469.7500,1478218,0.0,0.0,4.986,11.623,0.00,0.00,802.8,802.8,501.0,0,0.0,0.5,IDLE,0.00,0.00,0.00,0,0.0,2788,0,0.0,0.0
1469.8000,1478268,0.0,0.0,4.986,11.623,0.00,0.00,802.8,802.8,501.0,0,0.0,0.5,IDLE,0.00,0.00,0.00,0,0.0,2788,0,0.0,0.0
1469.8500,1478318,0.0,0.0,4.779,11.623,0.00,0.00,799.4,799.4,501.0,0,0.0,0.5,IDLE,0.00,0.00,0.00,0,0.0,2788,0,0.0,0.0
1469.9000,1478368,0.0,0.0,4.779,11.623,0.00,0.00,799.4,799.4,501.8,0,0.0,0.9,IDLE,0.00,0.00,0.00,0,0.0,2788,0,0.0,0.0
1469.9500,1478418,0.0,0.0,4.779,11.623,0.00,0.00,799.4,799.4,501.8,0,0.0,0.9,IDLE,0.00,0.00,0.00,0,0.0,2788,0,0.0,0.0
1470.0000,1478468,0.0,0.0,4.942,11.623,0.00,0.00,802.2,802.2,501.8,0,0.0,0.9,IDLE,0.00,0.00,0.00,0,0.0,2788,0,0.0,0.0
1470.0500,1478518,0.0,0.0,4.942,11.623,0.00,0.00,802.2,802.2,501.8,0,0.0,0.9,IDLE,0.00,0.00,0.00,0,0.0,2788,0,0.0,0.0
1470.1000,1478568,0.0,0.0,4.942,11.623,0.00,0.00,802.2,802.2,500.6,0,0.0,0.3,IDLE,0.00,0.00,0.00,0,0.0,2788,0,0.0,0.0
1470.1500,1478618,0.0,0.0,4.942,11.623,0.00,0.00,802.2,802.2,500.6,0,0.0,0.3,IDLE,0.00,0.00,0.00,0,0.0,2788,0,0.0,0.0
1470.2000,1478668,0.0,0.0,4.986,11.623,0.00,0.00,801.6,801.6,500.6,0,0.0,0.3,IDLE,0.00,0.00,0.00,0,0.0,2788,0,0.0,0.0
1470.2500,1478718,0.0,0.0,4.986,11.623,0.00,0.00,801.6,801.6,501.5,0,0.0,0.8,IDLE,0.00,0.00,0.00,0,0.0,2788,0,0.0,0.0
1470.3000,1478768,0.0,0.0,4.986,11.623,0.00,0.00,801.6,801.6,501.5,0,0.0,0.8,IDLE,0.00,0.00,0.00,0,0.0,2788,0,0.0,0.0
1470.3500,1478818,0.0,0.0,5.377,11.623,0.00,0.00,806.6,806.6,501.5,0,0.0,0.8,IDLE,0.00,0.00,0.00,0,0.0,2788,0,0.0,0.0
1470.4000,1478868,0.0,0.0,5.377,11.623,0.00,0.00,806.6,806.6,500.6,0,0.0,0.3,IDLE,0.00,0.00,0.00,0,0.0,2788,0,0.0,0.0
1470.4500,1478918,0.0,0.0,5.377,11.623,0.00,0.00,806.6,806.6,500.6,0,0.0,0.3,IDLE,0.00,0.00,0.00,0,0.0,2788,0,0.0,0.0
1470.5000,1478968,0.0,0.0,5.709,11.623,0.00,0.00,807.2,807.2,500.6,0,0.0,0.3,IDLE,0.00,0.00,0.00,0,0.0,2788,0,0.0,0.0
1470.5500,1479018,0.0,0.0,5.709,11.623,0.00,0.00,807.2,807.2,501.3,0,0.0,0.6,IDLE,0.00,0.00,0.00,0,0.0,2788,0,0.0,0.0
1470.6000,1479068,0.0,0.0,5.709,11.623,0.00,0.00,807.2,807.2,501.3,0,0.0,0.6,IDLE,0.00,0.00,0.00,0,0.0,2788,0,0.0,0.0
1470.6500,1479118,0.0,0.0,6.114,11.623,0.00,0.00,807.8,807.8,501.3,0,0.0,0.6,IDLE,0.00,0.00,0.00,0,0.0,2788,0,0.0,0.0
1470.7000,1479168,0.0,0.0,6.114,11.623,0.00,0.00,807.8,807.8,501.5,0,0.0,0.8,IDLE,0.00,0.00,0.00,0,0.0,2788,0,0.0,0.0
1470.7500,1479218,0.0,0.0,6.114,11.623,0.00,0.00,807.8,807.8,501.5,0,0.0,0.8,IDLE,0.00,0.00,0.00,0,0.0,2788,0,0.0,0.0
1470.8000,1479268,0.0,0.0,6.314,11.623,0.00,0.00,808.4,808.4,501.5,0,0.0,0.8,IDLE,0.00,0.00,0.00,0,0.0,2788,0,0.0,0.0
1470.8500,1479318,0.0,0.0,6.314,11.623,0.00,0.00,808.4,808.4,501.5,0,0.0,0.8,IDLE,0.00,0.00,0.00,0,0.0,2788,0,0.0,0.0
1470.9000,1479368,0.0,0.0,6.314,11.623,0.00,0.00,808.4,808.4,500.6,0,0.0,0.3,IDLE,0.00,0.00,0.00,0,0.0,2788,0,0.0,0.0
1470.9500,1479418,0.0,0.0,6.314,11.623,0.00,0.00,808.4,808.4,500.6,0,0.0,0.3,IDLE,0.00,0.00,0.00,0,0.0,2788,0,0.0,0.0
1471.0000,1479468,0.0,0.0,6.468,11.623,0.00,0.00,811.2,811.2,500.6,0,0.0,0.3,IDLE,0.00,0.00,0.00,0,0.0,2788,0,0.0,0.0
1471.0500,1479518,0.0,0.0,6.468,11.623,0.00,0.00,811.2,811.2,501.0,0,0.0,0.5,IDLE,0.00,0.00,0.00,0,0.0,2788,0,0.0,0.0
1471.1000,1479568,0.0,0.0,6.468,11.623,0.00,0.00,811.2,811.2,501.0,0,0.0,0.5,IDLE,0.00,0.00,0.00,0,0.0,2788,0,0.0,0.0
1471.1500,1479618,0.0,0.0,6.432,11.623,0.00,0.00,799.7,799.7,501.0,0,0.0,0.5,IDLE,0.00,0.00,0.00,0,0.0,2788,0,0.0,0.0
1471.2000,1479668,0.0,0.0,6.432,11.623,0.00,0.00,799.7,799.7,500.0,0,0.0,0.0,IDLE,0.00,0.00,0.00,0,0.0,2788,0,0.0,0.0
1471.2500,1479718,0.0,0.0,6.432,11.623,0.00,0.00,799.7,799.7,500.0,0,0.0,0.0,IDLE,0.00,0.00,0.00,0,0.0,2788,0,0.0,0.0
1471.3000,1479768,0.0,0.0,6.439,11.623,0.00,0.00,803.1,803.1,500.0,0,0.0,0.0,IDLE,0.00,0.00,0.00,0,0.0,2788,0,0.0,0.0
1471.3500,1479818,0.0,0.0,6.439,11.623,0.00,0.00,803.1,803.1,501.6,0,0.0,0.8,IDLE,0.00,0.00,0.00,0,0.0,2788,0,0.0,0.0
1471.4000,1479868,0.0,0.0,6.439,11.623,0.00,0.00,803.1,803.1,501.6,0,0.0,0.8,IDLE,0.00,0.00,0.00,0,0.0,2788,0,0.0,0.0
1471.4500,1479918,0.0,0.0,6.181,11.623,0.00,0.00,787.8,787.8,501.6,0,0.0,0.8,IDLE,0.00,0.00,0.00,0,0.0,2788,0,0.0,0.0
1471.5000,1479968,0.0,0.0,6.181,11.623,0.00,0.00,787.8,787.8,501.6,0,0.0,0.8,IDLE,0.00,0.00,0.00,0,0.0,2788,0,0.0,0.0
1471.5500,1480018,0.0,0.0,6.181,11.623,0.00,0.00,787.8,787.8,501.4,0,0.0,0.7,IDLE,0.00,0.00,0.00,0,0.0,2788,0,0.0,0.0
1471.6000,1480068,0.0,0.0,6.181,11.623,0.00,0.00,787.8,787.8,501.4,0,0.0,0.7,IDLE,0.00,0.00,0.00,0,0.0,2788,0,0.0,0.0
1471.6500,1480118,0.0,0.0,5.915,11.623,0.00,0.00,790.0,790.0,501.4,0,0.0,0.7,IDLE,0.00,0.00,0.00,0,0.0,2788,0,0.0,0.0
1471.7000,1480168,0.0,0.0,5.915,11.623,0.00,0.00,790.0,790.0,500.5,0,0.0,0.3,IDLE,0.00,0.00,0.00,0,0.0,2788,0,0.0,0.0
1471.7500,1480218,0.0,0.0,5.915,11.623,0.00,0.00,790.0,790.0,500.5,0,0.0,0.3,IDLE,0.00,0.00,0.00,0,0.0,2788,0,0.0,0.0
1471.8000,1480268,0.0,0.0,5.591,11.623,0.00,0.00,786.9,786.9,500.5,0,0.0,0.3,IDLE,0.00,0.00,0.00,0,0.0,2788,0,0.0,0.0
1471.8500,1480318,0.0,0.0,5.591,11.623,0.00,0.00,786.9,786.9,501.1,0,0.0,0.6,IDLE,0.00,0.00,0.00,0,0.0,2788,0,0.0,0.0
1471.9000,1480368,0.0,0.0,5.591,11.623,0.00,0.00,786.9,786.9,501.1,0,0.0,0.6,IDLE,0.00,0.00,0.00,0,0.0,2788,0,0.0,0.0
1471.9500,1480418,0.0,0.0,5.148,11.623,0.00,0.00,786.6,786.6,501.1,0,0.0,0.6,IDLE,0.00,0.00,0.00,0,0.0,2788,0,0.0,0.0
1472.0000,1480468,0.0,0.0,5.148,11.623,0.00,0.00,786.6,786.6,501.8,0,0.0,0.9,IDLE,0.00,0.00,0.00,0,0.0,2788,0,0.0,0.0
1472.0500,1480518,0.0,0.0,5.148,11.623,0.00,0.00,786.6,786.6,501.8,0,0.0,0.9,IDLE,0.00,0.00,0.00,0,0.0,2788,0,0.0,0.0
1472.1000,1480568,0.0,0.0,4.920,11.623,0.00,0.00,796.9,796.9,501.8,0,0.0,0.9,IDLE,0.00,0.00,0.00,0,0.0,2788,0,0.0,0.0
1472.1500,1480618,0.0,0.0,4.920,11.623,0.00,0.00,796.9,796.9,499.8,0,0.0,-0.1,IDLE,0.00,0.00,0.00,0,0.0,2788,0,0.0,0.0
1472.2000,1480668,0.0,0.0,4.920,11.623,0.00,0.00,796.9,796.9,499.8,0,0.0,-0.1,IDLE,0.00,0.00,0.00,0,0.0,2788,0,0.0,0.0
1472.2500,1480718,0.0,0.0,4.625,11.623,0.00,0.00,794.7,794.7,499.8,0,0.0,-0.1,IDLE,0.00,0.00,0.00,0,0.0,2788,0,0.0,0.0
1472.3000,1480768,0.0,0.0,4.625,11.623,0.00,0.00,794.7,794.7,499.8,0,0.0,-0.1,IDLE,0.00,0.00,0.00,0,0.0,2788,0,0.0,0.0
1472.3500,1480818,0.0,0.0,4.625,11.623,0.00,0.00,794.7,794.7,501.3,0,0.0,0.6,IDLE,0.00,0.00,0.00,0,0.0,2788,0,0.0,0.0
1472.4000,1480868,0.0,0.0,4.625,11.623,0.00,0.00,794.7,794.7,501.3,0,0.0,0.6,IDLE,0.00,0.00,0.00,0,0.0,2788,0,0.0,0.0
1472.4500,1480918,0.0,0.0,4.499,11.623,0.00,0.00,802.8,802.8,501.3,0,0.0,0.6,IDLE,0.00,0.00,0.00,0,0.0,2788,0,0.0,0.0
1472.5000,1480968,0.0,0.0,4.499,11.623,0.00,0.00,802.8,802.8,500.8,0,0.0,0.4,IDLE,0.00,0.00,0.00,0,0.0,2788,0,0.0,0.0
1472.5500,1481018,0.0,0.0,4.499,11.623,0.00,0.00,802.8,802.8,500.8,0,0.0,0.4,IDLE,0.00,0.00,0.00,0,0.0,2788,0,0.0,0.0
1472.6000,1481068,0.0,0.0,4.315,11.623,0.00,0.00,802.8,802.8,500.8,0,0.0,0.4,IDLE,0.00,0.00,0.00,0,0.0,2788,0,0.0,0.0
1472.6500,1481118,0.0,0.0,4.315,11.623,0.00,0.00,802.8,802.8,500.6,0,0.0,0.3,IDLE,0.00,0.00,0.00,0,0.0,2788,0,0.0,0.0
1472.7000,1481168,0.0,0.0,4.315,11.623,0.00,0.00,802.8,802.8,500.6,0,0.0,0.3,IDLE,0.00,0.00,0.00,0,0.0,2788,0,0.0,0.0
1472.7500,1481218,0.0,0.0,4.270,11.623,0.00,0.00,797.8,797.8,500.6,0,0.0,0.3,IDLE,0.00,0.00,0.00,0,0.0,2788,0,0.0,0.0
1472.8000,1481268,0.0,0.0,4.270,11.623,0.00,0.00,797.8,797.8,500.8,0,0.0,0.4,IDLE,0.00,0.00,0.00,0,0.0,2788,0,0.0,0.0
1472.8500,1481318,0.0,0.0,4.270,11.623,0.00,0.00,797.8,797.8,500.8,0,0.0,0.4,IDLE,0.00,0.00,0.00,0,0.0,2788,0,0.0,0.0
1472.9000,1481368,0.0,0.0,4.189,11.623,0.00,0.00,799.4,799.4,500.8,0,0.0,0.4,IDLE,0.00,0.00,0.00,0,0.0,2788,0,0.0,0.0
1472.9500,1481418,0.0,0.0,4.189,11.623,0.00,0.00,799.4,799.4,500.8,0,0.0,0.4,IDLE,0.00,0.00,0.00,0,0.0,2788,0,0.0,0.0
1473.0000,1481468,0.0,0.0,4.189,11.623,0.00,0.00,799.4,799.4,502.1,0,0.0,1.1,IDLE,0.00,0.00,0.00,0,0.0,2788,0,0.0,0.0
1473.0500,1481518,0.0,0.0,4.189,11.623,0.00,0.00,799.4,799.4,502.1,0,0.0,1.1,IDLE,0.00,0.00,0.00,0,0.0,2788,0,0.0,0.0
1473.1000,1481568,0.0,0.0,4.484,11.623,0.00,0.00,801.2,801.2,502.1,0,0.0,1.1,IDLE,0.00,0.00,0.00,0,0.0,2788,0,0.0,0.0
1473.1500,1481618,0.0,0.0,4.484,11.623,0.00,0.00,801.2,801.2,502.4,0,0.0,1.2,IDLE,0.00,0.00,0.00,0,0.0,2788,0,0.0,0.0
1473.2000,1481668,0.0,0.0,4.484,11.623,0.00,0.00,801.2,801.2,502.4,0,0.0,1.2,IDLE,0.00,0.00,0.00,0,0.0,2788,0,0.0,0.0
1473.2500,1481718,0.0,0.0,4.750,11.623,0.00,0.00,801.9,801.9,502.4,0,0.0,1.2,IDLE,0.00,0.00,0.00,0,0.0,2788,0,0.0,0.0
1473.3000,1481768,0.0,0.0,4.750,11.623,0.00,0.00,801.9,801.9,500.8,0,0.0,0.4,IDLE,0.00,0.00,0.00,0,0.0,2788,0,0.0,0.0
1473.3500,1481818,0.0,0.0,4.750,11.623,0.00,0.00,801.9,801.9,500.8,0,0.0,0.4,IDLE,0.00,0.00,0.00,0,0.0,2788,0,0.0,0.0
1473.4000,1481868,0.0,0.0,5.119,11.623,0.00,0.00,803.4,803.4,500.8,0,0.0,0.4,IDLE,0.00,0.00,0.00,0,0.0,2788,0,0.0,0.0
1473.4500,1481918,0.0,0.0,5.119,11.623,0.00,0.00,803.4,803.4,501.4,0,0.0,0.7,IDLE,0.00,0.00,0.00,0,0.0,2788,0,0.0,0.0
1473.5000,1481968,0.0,0.0,5.119,11.623,0.00,0.00,803.4,803.4,501.4,0,0.0,0.7,IDLE,0.00,0.00,0.00,0,0.0,2788,0,0.0,0.0
1473.5500,1482018,0.0,0.0,5.369,11.623,0.00,0.00,797.8,797.8,501.4,0,0.0,0.7,IDLE,0.00,0.00,0.00,0,0.0,2788,0,0.0,0.0
1473.6000,1482068,0.0,0.0,5.369,11.623,0.00,0.00,797.8,797.8,500.8,0,0.0,0.4,IDLE,0.00,0.00,0.00,0,0.0,2788,0,0.0,0.0
1473.6500,1482118,0.0,0.0,5.369,11.623,0.00,0.00,797.8,797.8,500.8,0,0.0,0.4,IDLE,0.00,0.00,0.00,0,0.0,2788,0,0.0,0.0
1473.7000,1482168,0.0,0.0,5.406,11.623,0.00,0.00,798.8,798.8,500.8,0,0.0,0.4,IDLE,0.00,0.00,0.00,0,0.0,2788,0,0.0,0.0
1473.7500,1482218,0.0,0.0,5.406,11.623,0.00,0.00,798.8,798.8,500.8,0,0.0,0.4,IDLE,0.00,0.00,0.00,0,0.0,2788,0,0.0,0.0
1473.8000,1482268,0.0,0.0,5.406,11.623,0.00,0.00,798.8,798.8,502.0,0,0.0,1.0,IDLE,0.00,0.00,0.00,0,0.0,2788,0,0.0,0.0
1473.8500,1482318,0.0,0.0,5.406,11.623,0.00,0.00,798.8,798.8,502.0,0,0.0,1.0,IDLE,0.00,0.00,0.00,0,0.0,2788,0,0.0,0.0
1473.9000,1482368,0.0,0.0,5.259,11.623,0.00,0.00,787.8,787.8,502.0,0,0.0,1.0,IDLE,0.00,0.00,0.00,0,0.0,2788,0,0.0,0.0
1473.9500,1482418,0.0,0.0,5.259,11.623,0.00,0.00,787.8,787.8,502.8,0,0.0,1.4,IDLE,0.00,0.00,0.00,0,0.0,2788,0,0.0,0.0
1474.0000,1482468,0.0,0.0,5.259,11.623,0.00,0.00,787.8,787.8,502.8,0,0.0,1.4,IDLE,0.00,0.00,0.00,0,0.0,2788,0,0.0,0.0
1474.0500,1482518,0.0,0.0,4.920,11.623,0.00,0.00,787.5,787.5,502.8,0,0.0,1.4,IDLE,0.00,0.00,0.00,0,0.0,2788,0,0.0,0.0
1474.1000,1482568,0.0,0.0,4.920,11.623,0.00,0.00,787.5,787.5,501.6,0,0.0,0.8,IDLE,0.00,0.00,0.00,0,0.0,2788,0,0.0,0.0
1474.1500,1482618,0.0,0.0,4.920,11.623,0.00,0.00,787.5,787.5,501.6,0,0.0,0.8,IDLE,0.00,0.00,0.00,0,0.0,2788,0,0.0,0.0
1474.2000,1482668,0.0,0.0,4.632,11.623,0.00,0.00,790.0,790.0,501.6,0,0.0,0.8,IDLE,0.00,0.00,0.00,0,0.0,2788,0,0.0,0.0
1474.2500,1482718,0.0,0.0,4.632,11.623,0.00,0.00,790.0,790.0,502.0,0,0.0,1.0,IDLE,0.00,0.00,0.00,0,0.0,2788,0,0.0,0.0
1474.3000,1482768,0.0,0.0,4.632,11.623,0.00,0.00,790.0,790.0,502.0,0,0.0,1.0,IDLE,0.00,0.00,0.00,0,0.0,2788,0,0.0,0.0
1474.3500,1482818,0.0,0.0,4.388,11.623,0.00,0.00,786.9,786.9,502.0,0,0.0,1.0,IDLE,0.00,0.00,0.00,0,0.0,2788,0,0.0,0.0
1474.4000,1482868,0.0,0.0,4.388,11.623,0.00,0.00,786.9,786.9,502.0,0,0.0,1.0,IDLE,0.00,0.00,0.00,0,0.0,2788,0,0.0,0.0
1474.4500,1482918,0.0,0.0,4.388,11.623,0.00,0.00,786.9,786.9,501.9,0,0.0,0.9,IDLE,0.00,0.00,0.00,0,0.0,2788,0,0.0,0.0
1474.5000,1482968,0.0,0.0,4.388,11.623,0.00,0.00,786.9,786.9,501.9,0,0.0,0.9,IDLE,0.00,0.00,0.00,0,0.0,2788,0,0.0,0.0
1474.5500,1483018,0.0,0.0,4.507,11.623,0.00,0.00,804.7,804.7,501.9,0,0.0,0.9,IDLE,0.00,0.00,0.00,0,0.0,2788,0,0.0,0.0
1474.6000,1483068,0.0,0.0,4.507,11.623,0.00,0.00,804.7,804.7,502.3,0,0.0,1.1,IDLE,0.00,0.00,0.00,0,0.0,2788,0,0.0,0.0
1474.6500,1483118,0.0,0.0,4.507,11.623,0.00,0.00,804.7,804.7,502.3,0,0.0,1.1,IDLE,0.00,0.00,0.00,0,0.0,2788,0,0.0,0.0
1474.7000,1483168,0.0,0.0,4.529,11.623,0.00,0.00,802.2,802.2,502.3,0,0.0,1.1,IDLE,0.00,0.00,0.00,0,0.0,2788,0,0.0,0.0
1474.7500,1483218,0.0,0.0,4.529,11.623,0.00,0.00,802.2,802.2,500.8,0,0.0,0.4,IDLE,0.00,0.00,0.00,0,0.0,2788,0,0.0,0.0
1474.8000,1483268,0.0,0.0,4.529,11.623,0.00,0.00,802.2,802.2,500.8,0,0.0,0.4,IDLE,0.00,0.00,0.00,0,0.0,2788,0,0.0,0.0
1474.8500,1483318,0.0,0.0,4.757,11.623,0.00,0.00,812.2,812.2,500.8,0,0.0,0.4,IDLE,0.00,0.00,0.00,0,0.0,2788,0,0.0,0.0
1474.9000,1483368,0.0,0.0,4.757,11.623,0.00,0.00,812.2,812.2,501.4,0,0.0,0.7,IDLE,0.00,0.00,0.00,0,0.0,2788,0,0.0,0.0
1474.9500,1483418,0.0,0.0,4.757,11.623,0.00,0.00,812.2,812.2,501.4,0,0.0,0.7,IDLE,0.00,0.00,0.00,0,0.0,2788,0,0.0,0.0
1475.0000,1483468,0.0,0.0,4.927,11.623,0.00,0.00,811.2,811.2,501.4,0,0.0,0.7,IDLE,0.00,0.00,0.00,0,0.0,2788,0,0.0,0.0
1475.0500,1483518,0.0,0.0,4.927,11.623,0.00,0.00,811.2,811.2,501.8,0,0.0,0.9,IDLE,0.00,0.00,0.00,0,0.0,2788,0,0.0,0.0
1475.1000,1483568,0.0,0.0,4.927,11.623,0.00,0.00,811.2,811.2,501.8,0,0.0,0.9,IDLE,0.00,0.00,0.00,0,0.0,2788,0,0.0,0.0
1475.1500,1483618,0.0,0.0,4.993,11.623,0.00,0.00,800.6,800.6,501.8,0,0.0,0.9,IDLE,0.00,0.00,0.00,0,0.0,2788,0,0.0,0.0
1475.2000,1483668,0.0,0.0,4.993,11.623,0.00,0.00,800.6,800.6,501.8,0,0.0,0.9,IDLE,0.00,0.00,0.00,0,0.0,2788,0,0.0,0.0
1475.2500,1483718,0.0,0.0,4.993,11.623,0.00,0.00,800.6,800.6,501.8,0,0.0,0.9,IDLE,0.00,0.00,0.00,0,0.0,2788,0,0.0,0.0
1475.3000,1483768,0.0,0.0,4.993,11.623,0.00,0.00,800.6,800.6,501.8,0,0.0,0.9,IDLE,0.00,0.00,0.00,0,0.0,2788,0,0.0,0.0
1475.3500,1483818,0.0,0.0,5.082,11.623,0.00,0.00,802.8,802.8,501.8,0,0.0,0.9,IDLE,0.00,0.00,0.00,0,0.0,2788,0,0.0,0.0
1475.4000,1483868,0.0,0.0,5.082,11.623,0.00,0.00,802.8,802.8,502.4,0,0.0,1.2,IDLE,0.00,0.00,0.00,0,0.0,2788,0,0.0,0.0
1475.4500,1483918,0.0,0.0,5.082,11.623,0.00,0.00,802.8,802.8,502.4,0,0.0,1.2,IDLE,0.00,0.00,0.00,0,0.0,2788,0,0.0,0.0
1475.5000,1483968,0.0,0.0,5.192,11.623,0.00,0.00,792.8,792.8,502.4,0,0.0,1.2,IDLE,0.00,0.00,0.00,0,0.0,2788,0,0.0,0.0
1475.5500,1484018,0.0,0.0,5.192,11.623,0.00,0.00,792.8,792.8,502.9,0,0.0,1.4,IDLE,0.00,0.00,0.00,0,0.0,2788,0,0.0,0.0
1475.6000,1484068,0.0,0.0,5.192,11.623,0.00,0.00,792.8,792.8,502.9,0,0.0,1.4,IDLE,0.00,0.00,0.00,0,0.0,2788,0,0.0,0.0
1475.6500,1484118,0.0,0.0,5.362,11.623,0.00,0.00,795.0,795.0,502.9,0,0.0,1.4,IDLE,0.00,0.00,0.00,0,0.0,2788,0,0.0,0.0
1475.7000,1484168,0.0,0.0,5.362,11.623,0.00,0.00,795.0,795.0,502.5,0,0.0,1.2,IDLE,0.00,0.00,0.00,0,0.0,2788,0,0.0,0.0
1475.7500,1484218,0.0,0.0,5.362,11.623,0.00,0.00,795.0,795.0,502.5,0,0.0,1.2,IDLE,0.00,0.00,0.00,0,0.0,2788,0,0.0,0.0
1475.8000,1484268,0.0,0.0,5.576,11.623,0.00,0.00,799.7,799.7,502.5,0,0.0,1.2,IDLE,0.00,0.00,0.00,0,0.0,2788,0,0.0,0.0
1475.8500,1484318,0.0,0.0,5.576,11.623,0.00,0.00,799.7,799.7,501.4,0,0.0,0.7,IDLE,0.00,0.00,0.00,0,0.0,2788,0,0.0,0.0
1475.9000,1484368,0.0,0.0,5.576,11.623,0.00,0.00,799.7,799.7,501.4,0,0.0,0.7,IDLE,0.00,0.00,0.00,0,0.0,2788,0,0.0,0.0
1475.9500,1484418,0.0,0.0,5.782,11.623,0.00,0.00,796.2,796.2,501.4,0,0.0,0.7,IDLE,0.00,0.00,0.00,0,0.0,2788,0,0.0,0.0
1476.0000,1484468,0.0,0.0,5.782,11.623,0.00,0.00,796.2,796.2,501.4,0,0.0,0.7,IDLE,0.00,0.00,0.00,0,0.0,2788,0,0.0,0.0
1476.0500,1484518,0.0,0.0,5.782,11.623,0.00,0.00,796.2,796.2,502.0,0,0.0,1.0,IDLE,0.00,0.00,0.00,0,0.0,2788,0,0.0,0.0
1476.1000,1484568,0.0,0.0,5.782,11.623,0.00,0.00,796.2,796.2,502.0,0,0.0,1.0,IDLE,0.00,0.00,0.00,0,0.0,2788,0,0.0,0.0
1476.1500,1484618,0.0,0.0,5.532,11.623,0.00,0.00,793.4,793.4,502.0,0,0.0,1.0,IDLE,0.00,0.00,0.00,0,0.0,2788,0,0.0,0.0
1476.2000,1484668,0.0,0.0,5.532,11.623,0.00,0.00,793.4,793.4,501.3,0,0.0,0.6,IDLE,0.00,0.00,0.00,0,0.0,2788,0,0.0,0.0
1476.2500,1484718,0.0,0.0,5.532,11.623,0.00,0.00,793.4,793.4,501.3,0,0.0,0.6,IDLE,0.00,0.00,0.00,0,0.0,2788,0,0.0,0.0
1476.3000,1484768,0.0,0.0,5.377,11.623,0.00,0.00,795.3,795.3,501.3,0,0.0,0.6,IDLE,0.00,0.00,0.00,0,0.0,2788,0,0.0,0.0
1476.3500,1484818,0.0,0.0,5.377,11.623,0.00,0.00,795.3,795.3,501.9,0,0.0,0.9,IDLE,0.00,0.00,0.00,0,0.0,2788,0,0.0,0.0
1476.4000,1484868,0.0,0.0,5.377,11.623,0.00,0.00,795.3,795.3,501.9,0,0.0,0.9,IDLE,0.00,0.00,0.00,0,0.0,2788,0,0.0,0.0
1476.4500,1484918,0.0,0.0,4.979,11.623,0.00,0.00,794.1,794.1,501.9,0,0.0,0.9,IDLE,0.00,0.00,0.00,0,0.0,2788,0,0.0,0.0
1476.5000,1484968,0.0,0.0,4.979,11.623,0.00,0.00,794.1,794.1,502.4,0,0.0,1.2,IDLE,0.00,0.00,0.00,0,0.0,2788,0,0.0,0.0
1476.5500,1485018,0.0,0.0,4.979,11.623,0.00,0.00,794.1,794.1,502.4,0,0.0,1.2,IDLE,0.00,0.00,0.00,0,0.0,2788,0,0.0,0.0
1476.6000,1485068,0.0,0.0,4.816,11.623,0.00,0.00,803.8,803.8,502.4,0,0.0,1.2,IDLE,0.00,0.00,0.00,0,0.0,2788,0,0.0,0.0
1476.6500,1485118,0.0,0.0,4.816,11.623,0.00,0.00,803.8,803.8,502.4,0,0.0,1.2,IDLE,0.00,0.00,0.00,0,0.0,2788,0,0.0,0.0
1476.7000,1485168,0.0,0.0,4.816,11.623,0.00,0.00,803.8,803.8,501.6,0,0.0,0.8,IDLE,0.00,0.00,0.00,0,0.0,2788,0,0.0,0.0
1476.7500,1485218,0.0,0.0,4.816,11.623,0.00,0.00,803.8,803.8,501.6,0,0.0,0.8,IDLE,0.00,0.00,0.00,0,0.0,2788,0,0.0,0.0
1476.8000,1485268,0.0,0.0,4.838,11.623,0.00,0.00,801.9,801.9,501.6,0,0.0,0.8,IDLE,0.00,0.00,0.00,0,0.0,2788,0,0.0,0.0
1476.8500,1485318,0.0,0.0,4.838,11.623,0.00,0.00,801.9,801.9,502.4,0,0.0,1.2,IDLE,0.00,0.00,0.00,0,0.0,2788,0,0.0,0.0
1476.9000,1485368,0.0,0.0,4.838,11.623,0.00,0.00,801.9,801.9,502.4,0,0.0,1.2,IDLE,0.00,0.00,0.00,0,0.0,2788,0,0.0,0.0
1476.9500,1485418,0.0,0.0,4.993,11.623,0.00,0.00,809.7,809.7,502.4,0,0.0,1.2,IDLE,0.00,0.00,0.00,0,0.0,2788,0,0.0,0.0
1477.0000,1485468,0.0,0.0,4.993,11.623,0.00,0.00,809.7,809.7,502.0,0,0.0,1.0,IDLE,0.00,0.00,0.00,0,0.0,2788,0,0.0,0.0
1477.0500,1485518,0.0,0.0,4.993,11.623,0.00,0.00,809.7,809.7,502.0,0,0.0,1.0,IDLE,0.00,0.00,0.00,0,0.0,2788,0,0.0,0.0
1477.1000,1485568,0.0,0.0,5.399,11.623,0.00,0.00,811.2,811.2,502.0,0,0.0,1.0,IDLE,0.00,0.00,0.00,0,0.0,2788,0,0.0,0.0
1477.1500,1485618,0.0,0.0,5.399,11.623,0.00,0.00,811.2,811.2,501.1,0,0.0,0.6,IDLE,0.00,0.00,0.00,0,0.0,2788,0,0.0,0.0
1477.2000,1485668,0.0,0.0,5.399,11.623,0.00,0.00,811.2,811.2,501.1,0,0.0,0.6,IDLE,0.00,0.00,0.00,0,0.0,2788,0,0.0,0.0
1477.2500,1485718,0.0,0.0,5.487,11.623,0.00,0.00,799.1,799.1,501.1,0,0.0,0.6,IDLE,0.00,0.00,0.00,0,0.0,2788,0,0.0,0.0
1477.3000,1485768,0.0,0.0,5.487,11.623,0.00,0.00,799.1,799.1,502.1,0,0.0,1.1,IDLE,0.00,0.00,0.00,0,0.0,2788,0,0.0,0.0
1477.3500,1485818,0.0,0.0,5.487,11.623,0.00,0.00,799.1,799.1,502.1,0,0.0,1.1,IDLE,0.00,0.00,0.00,0,0.0,2788,0,0.0,0.0
1477.4000,1485868,0.0,0.0,5.510,11.623,0.00,0.00,800.6,800.6,502.1,0,0.0,1.1,IDLE,0.00,0.00,0.00,0,0.0,2788,0,0.0,0.0
1477.4500,1485918,0.0,0.0,5.510,11.623,0.00,0.00,800.6,800.6,502.1,0,0.0,1.1,IDLE,0.00,0.00,0.00,0,0.0,2788,0,0.0,0.0
1477.5000,1485968,0.0,0.0,5.510,11.623,0.00,0.00,800.6,800.6,502.0,0,0.0,1.0,IDLE,0.00,0.00,0.00,0,0.0,2788,0,0.0,0.0
1477.5500,1486018,0.0,0.0,5.510,11.623,0.00,0.00,800.6,800.6,502.0,0,0.0,1.0,IDLE,0.00,0.00,0.00,0,0.0,2788,0,0.0,0.0
1477.6000,1486068,0.0,0.0,5.251,11.623,0.00,0.00,784.4,784.4,502.0,0,0.0,1.0,IDLE,0.00,0.00,0.00,0,0.0,2788,0,0.0,0.0
1477.6500,1486118,0.0,0.0,5.251,11.623,0.00,0.00,784.4,784.4,502.0,0,0.0,1.0,IDLE,0.00,0.00,0.00,0,0.0,2788,0,0.0,0.0
1477.7000,1486168,0.0,0.0,5.251,11.623,0.00,0.00,784.4,784.4,502.0,0,0.0,1.0,IDLE,0.00,0.00,0.00,0,0.0,2788,0,0.0,0.0
1477.7500,1486218,0.0,0.0,5.074,11.623,0.00,0.00,785.6,785.6,502.0,0,0.0,1.0,IDLE,0.00,0.00,0.00,0,0.0,2788,0,0.0,0.0
1477.8000,1486268,0.0,0.0,5.074,11.623,0.00,0.00,785.6,785.6,501.1,0,0.0,0.6,IDLE,0.00,0.00,0.00,0,0.0,2788,0,0.0,0.0
1477.8500,1486318,0.0,0.0,5.074,11.623,0.00,0.00,785.6,785.6,501.1,0,0.0,0.6,IDLE,0.00,0.00,0.00,0,0.0,2788,0,0.0,0.0
1477.9000,1486368,0.0,0.0,4.964,11.623,0.00,0.00,790.3,790.3,501.1,0,0.0,0.6,IDLE,0.00,0.00,0.00,0,0.0,2788,0,0.0,0.0
1477.9500,1486418,0.0,0.0,4.964,11.623,0.00,0.00,790.3,790.3,501.0,0,0.0,0.5,IDLE,0.00,0.00,0.00,0,0.0,2788,0,0.0,0.0
1478.0000,1486468,0.0,0.0,4.964,11.623,0.00,0.00,790.3,790.3,501.0,0,0.0,0.5,IDLE,0.00,0.00,0.00,0,0.0,2788,0,0.0,0.0
1478.0500,1486518,0.0,0.0,4.875,11.623,0.00,0.00,790.0,790.0,501.0,0,0.0,0.5,IDLE,0.00,0.00,0.00,0,0.0,2788,0,0.0,0.0
1478.1000,1486568,0.0,0.0,4.875,11.623,0.00,0.00,790.0,790.0,501.0,0,0.0,0.5,IDLE,0.00,0.00,0.00,0,0.0,2788,0,0.0,0.0
1478.1500,1486618,0.0,0.0,4.875,11.623,0.00,0.00,790.0,790.0,501.3,0,0.0,0.6,IDLE,0.00,0.00,0.00,0,0.0,2788,0,0.0,0.0
1478.2000,1486668,0.0,0.0,4.875,11.623,0.00,0.00,790.0,790.0,501.3,0,0.0,0.6,IDLE,0.00,0.00,0.00,0,0.0,2788,0,0.0,0.0
1478.2500,1486718,0.0,0.0,4.853,11.623,0.00,0.00,802.8,802.8,501.3,0,0.0,0.6,IDLE,0.00,0.00,0.00,0,0.0,2788,0,0.0,0.0
1478.3000,1486768,0.0,0.0,4.853,11.623,0.00,0.00,802.8,802.8,501.9,0,0.0,0.9,IDLE,0.00,0.00,0.00,0,0.0,2788,0,0.0,0.0
1478.3500,1486818,0.0,0.0,4.853,11.623,0.00,0.00,802.8,802.8,501.9,0,0.0,0.9,IDLE,0.00,0.00,0.00,0,0.0,2788,0,0.0,0.0
1478.4000,1486868,0.0,0.0,4.853,11.623,0.00,0.00,801.9,801.9,501.9,0,0.0,0.9,IDLE,0.00,0.00,0.00,0,0.0,2788,0,0.0,0.0
1478.4500,1486918,0.0,0.0,4.853,11.623,0.00,0.00,801.9,801.9,502.1,0,0.0,1.1,IDLE,0.00,0.00,0.00,0,0.0,2788,0,0.0,0.0
1478.5000,1486968,0.0,0.0,4.853,11.623,0.00,0.00,801.9,801.9,502.1,0,0.0,1.1,IDLE,0.00,0.00,0.00,0,0.0,2788,0,0.0,0.0
1478.5500,1487018,0.0,0.0,4.713,11.623,0.00,0.00,803.4,803.4,502.1,0,0.0,1.1,IDLE,0.00,0.00,0.00,0,0.0,2788,0,0.0,0.0
1478.6000,1487068,0.0,0.0,4.713,11.623,0.00,0.00,803.4,803.4,502.5,0,0.0,1.2,IDLE,0.00,0.00,0.00,0,0.0,2788,0,0.0,0.0
1478.6500,1487118,0.0,0.0,4.713,11.623,0.00,0.00,803.4,803.4,502.5,0,0.0,1.2,IDLE,0.00,0.00,0.00,0,0.0,2788,0,0.0,0.0
1478.7000,1487168,0.0,0.0,4.492,11.623,0.00,0.00,801.2,801.2,502.5,0,0.0,1.2,IDLE,0.00,0.00,0.00,0,0.0,2788,0,0.0,0.0
1478.7500,1487218,0.0,0.0,4.492,11.623,0.00,0.00,801.2,801.2,502.4,0,0.0,1.2,IDLE,0.00,0.00,0.00,0,0.0,2788,0,0.0,0.0
1478.8000,1487268,0.0,0.0,4.492,11.623,0.00,0.00,801.2,801.2,502.4,0,0.0,1.2,IDLE,0.00,0.00,0.00,0,0.0,2788,0,0.0,0.0
1478.8500,1487318,0.0,0.0,4.484,11.623,0.00,0.00,798.8,798.8,502.4,0,0.0,1.2,IDLE,0.00,0.00,0.00,0,0.0,2788,0,0.0,0.0
1478.9000,1487368,0.0,0.0,4.484,11.623,0.00,0.00,798.8,798.8,502.4,0,0.0,1.2,IDLE,0.00,0.00,0.00,0,0.0,2788,0,0.0,0.0
1478.9500,1487418,0.0,0.0,4.484,11.623,0.00,0.00,798.8,798.8,501.8,0,0.0,0.9,IDLE,0.00,0.00,0.00,0,0.0,2788,0,0.0,0.0
1479.0000,1487468,0.0,0.0,4.484,11.623,0.00,0.00,798.8,798.8,501.8,0,0.0,0.9,IDLE,0.00,0.00,0.00,0,0.0,2788,0,0.0,0.0
1479.0500,1487518,0.0,0.0,4.425,11.623,0.00,0.00,797.8,797.8,501.8,0,0.0,0.9,IDLE,0.00,0.00,0.00,0,0.0,2788,0,0.0,0.0
1479.1000,1487568,0.0,0.0,4.425,11.623,0.00,0.00,797.8,797.8,502.3,0,0.0,1.1,IDLE,0.00,0.00,0.00,0,0.0,2788,0,0.0,0.0
1479.1500,1487618,0.0,0.0,4.425,11.623,0.00,0.00,797.8,797.8,502.3,0,0.0,1.1,IDLE,0.00,0.00,0.00,0,0.0,2788,0,0.0,0.0
1479.2000,1487668,0.0,0.0,4.779,11.623,0.00,0.00,800.3,800.3,502.3,0,0.0,1.1,IDLE,0.00,0.00,0.00,0,0.0,2788,0,0.0,0.0
1479.2500,1487718,0.0,0.0,4.779,11.623,0.00,0.00,800.3,800.3,501.8,0,0.0,0.9,IDLE,0.00,0.00,0.00,0,0.0,2788,0,0.0,0.0
1479.3000,1487768,0.0,0.0,4.779,11.623,0.00,0.00,800.3,800.3,501.8,0,0.0,0.9,IDLE,0.00,0.00,0.00,0,0.0,2788,0,0.0,0.0
1479.3500,1487818,0.0,0.0,4.949,11.623,0.00,0.00,793.4,793.4,501.8,0,0.0,0.9,IDLE,0.00,0.00,0.00,0,0.0,2788,0,0.0,0.0
1479.4000,1487868,0.0,0.0,4.949,11.623,0.00,0.00,793.4,793.4,501.9,0,0.0,0.9,IDLE,0.00,0.00,0.00,0,0.0,2788,0,0.0,0.0
1479.4500,1487918,0.0,0.0,4.949,11.623,0.00,0.00,793.4,793.4,501.9,0,0.0,0.9,IDLE,0.00,0.00,0.00,0,0.0,2788,0,0.0,0.0
1479.5000,1487968,0.0,0.0,5.008,11.623,0.00,0.00,792.8,792.8,501.9,0,0.0,0.9,IDLE,0.00,0.00,0.00,0,0.0,2788,0,0.0,0.0
1479.5500,1488018,0.0,0.0,5.008,11.623,0.00,0.00,792.8,792.8,501.9,0,0.0,0.9,IDLE,0.00,0.00,0.00,0,0.0,2788,0,0.0,0.0
1479.6000,1488068,0.0,0.0,5.008,11.623,0.00,0.00,792.8,792.8,501.6,0,0.0,0.8,IDLE,0.00,0.00,0.00,0,0.0,2788,0,0.0,0.0
1479.6500,1488118,0.0,0.0,5.008,11.623,0.00,0.00,792.8,792.8,501.6,0,0.0,0.8,IDLE,0.00,0.00,0.00,0,0.0,2788,0,0.0,0.0
1479.7000,1488168,0.0,0.0,4.942,11.623,0.00,0.00,787.2,787.2,501.6,0,0.0,0.8,IDLE,0.00,0.00,0.00,0,0.0,2788,0,0.0,0.0
1479.7500,1488218,0.0,0.0,4.942,11.623,0.00,0.00,787.2,787.2,501.1,0,0.0,0.6,IDLE,0.00,0.00,0.00,0,0.0,2788,0,0.0,0.0
1479.8000,1488268,0.0,0.0,4.942,11.623,0.00,0.00,787.2,787.2,501.1,0,0.0,0.6,IDLE,0.00,0.00,0.00,0,0.0,2788,0,0.0,0.0
1479.8500,1488318,0.0,0.0,4.558,11.623,0.00,0.00,785.3,785.3,501.1,0,0.0,0.6,IDLE,0.00,0.00,0.00,0,0.0,2788,0,0.0,0.0
1479.9000,1488368,0.0,0.0,4.558,11.623,0.00,0.00,785.3,785.3,502.3,0,0.0,1.1,IDLE,0.00,0.00,0.00,0,0.0,2788,0,0.0,0.0
1479.9500,1488418,0.0,0.0,4.558,11.623,0.00,0.00,785.3,785.3,502.3,0,0.0,1.1,IDLE,0.00,0.00,0.00,0,0.0,2788,0,0.0,0.0
1480.0000,1488468,0.0,0.0,4.484,11.623,0.00,0.00,798.8,798.8,502.3,0,0.0,1.1,IDLE,0.00,0.00,0.00,0,0.0,2788,0,0.0,0.0
1480.0500,1488518,0.0,0.0,4.484,11.623,0.00,0.00,798.8,798.8,501.0,0,0.0,0.5,IDLE,0.00,0.00,0.00,0,0.0,2788,0,0.0,0.0
1480.1000,1488568,0.0,0.0,4.484,11.623,0.00,0.00,798.8,798.8,501.0,0,0.0,0.5,IDLE,0.00,0.00,0.00,0,0.0,2788,0,0.0,0.0
1480.1500,1488618,0.0,0.0,4.366,11.623,0.00,0.00,797.8,797.8,501.0,0,0.0,0.5,IDLE,0.00,0.00,0.00,0,0.0,2788,0,0.0,0.0
1480.2000,1488668,0.0,0.0,4.366,11.623,0.00,0.00,797.8,797.8,501.0,0,0.0,0.5,IDLE,0.00,0.00,0.00,0,0.0,2788,0,0.0,0.0
1480.2500,1488718,0.0,0.0,4.366,11.623,0.00,0.00,797.8,797.8,501.0,0,0.0,0.5,IDLE,0.00,0.00,0.00,0,0.0,2788,0,0.0,0.0
1480.3000,1488768,0.0,0.0,4.580,11.623,0.00,0.00,810.9,810.9,501.0,0,0.0,0.5,IDLE,0.00,0.00,0.00,0,0.0,2788,0,0.0,0.0
1480.3500,1488818,0.0,0.0,4.580,11.623,0.00,0.00,810.9,810.9,501.0,0,0.0,0.5,IDLE,0.00,0.00,0.00,0,0.0,2788,0,0.0,0.0
1480.4000,1488868,0.0,0.0,4.580,11.623,0.00,0.00,810.9,810.9,501.4,0,0.0,0.7,IDLE,0.00,0.00,0.00,0,0.0,2788,0,0.0,0.0
1480.4500,1488918,0.0,0.0,4.580,11.623,0.00,0.00,810.9,810.9,501.4,0,0.0,0.7,IDLE,0.00,0.00,0.00,0,0.0,2788,0,0.0,0.0
1480.5000,1488968,0.0,0.0,4.853,11.623,0.00,0.00,811.2,811.2,501.4,0,0.0,0.7,IDLE,0.00,0.00,0.00,0,0.0,2788,0,0.0,0.0
1480.5500,1489018,0.0,0.0,4.853,11.623,0.00,0.00,811.2,811.2,501.8,0,0.0,0.9,IDLE,0.00,0.00,0.00,0,0.0,2788,0,0.0,0.0
1480.6000,1489068,0.0,0.0,4.853,11.623,0.00,0.00,811.2,811.2,501.8,0,0.0,0.9,IDLE,0.00,0.00,0.00,0,0.0,2788,0,0.0,0.0
1480.6500,1489118,0.0,0.0,4.956,11.623,0.00,0.00,802.5,802.5,501.8,0,0.0,0.9,IDLE,0.00,0.00,0.00,0,0.0,2788,0,0.0,0.0
1480.7000,1489168,0.0,0.0,4.956,11.623,0.00,0.00,802.5,802.5,501.6,0,0.0,0.8,IDLE,0.00,0.00,0.00,0,0.0,2788,0,0.0,0.0
1480.7500,1489218,0.0,0.0,4.956,11.623,0.00,0.00,802.5,802.5,501.6,0,0.0,0.8,IDLE,0.00,0.00,0.00,0,0.0,2788,0,0.0,0.0
1480.8000,1489268,0.0,0.0,5.008,11.623,0.00,0.00,802.5,802.5,501.6,0,0.0,0.8,IDLE,0.00,0.00,0.00,0,0.0,2788,0,0.0,0.0
1480.8500,1489318,0.0,0.0,5.008,11.623,0.00,0.00,802.5,802.5,501.6,0,0.0,0.8,IDLE,0.00,0.00,0.00,0,0.0,2788,0,0.0,0.0
1480.9000,1489368,0.0,0.0,5.008,11.623,0.00,0.00,802.5,802.5,501.6,0,0.0,0.8,IDLE,0.00,0.00,0.00,0,0.0,2788,0,0.0,0.0
1480.9500,1489418,0.0,0.0,4.875,11.623,0.00,0.00,787.5,787.5,501.6,0,0.0,0.8,IDLE,0.00,0.00,0.00,0,0.0,2788,0,0.0,0.0
1481.0000,1489468,0.0,0.0,4.875,11.623,0.00,0.00,787.5,787.5,501.6,0,0.0,0.8,IDLE,0.00,0.00,0.00,0,0.0,2788,0,0.0,0.0
1481.0500,1489518,0.0,0.0,4.875,11.623,0.00,0.00,787.5,787.5,501.3,0,0.0,0.6,IDLE,0.00,0.00,0.00,0,0.0,2788,0,0.0,0.0
1481.1000,1489568,0.0,0.0,4.875,11.623,0.00,0.00,787.5,787.5,501.3,0,0.0,0.6,IDLE,0.00,0.00,0.00,0,0.0,2788,0,0.0,0.0
1481.1500,1489618,0.0,0.0,4.824,11.623,0.00,0.00,790.3,790.3,501.3,0,0.0,0.6,IDLE,0.00,0.00,0.00,0,0.0,2788,0,0.0,0.0
1481.2000,1489668,0.0,0.0,4.824,11.623,0.00,0.00,790.3,790.3,502.3,0,0.0,1.1,IDLE,0.00,0.00,0.00,0,0.0,2788,0,0.0,0.0
1481.2500,1489718,0.0,0.0,4.824,11.623,0.00,0.00,790.3,790.3,502.3,0,0.0,1.1,IDLE,0.00,0.00,0.00,0,0.0,2788,0,0.0,0.0
1481.3000,1489768,0.0,0.0,4.912,11.623,0.00,0.00,791.2,791.2,502.3,0,0.0,1.1,IDLE,0.00,0.00,0.00,0,0.0,2788,0,0.0,0.0
1481.3500,1489818,0.0,0.0,4.912,11.623,0.00,0.00,791.2,791.2,501.8,0,0.0,0.9,IDLE,0.00,0.00,0.00,0,0.0,2788,0,0.0,0.0
1481.4000,1489868,0.0,0.0,4.912,11.623,0.00,0.00,791.2,791.2,501.8,0,0.0,0.9,IDLE,0.00,0.00,0.00,0,0.0,2788,0,0.0,0.0
1481.4500,1489918,0.0,0.0,5.045,11.623,0.00,0.00,791.6,791.6,501.8,0,0.0,0.9,IDLE,0.00,0.00,0.00,0,0.0,2788,0,0.0,0.0
1481.5000,1489968,0.0,0.0,5.045,11.623,0.00,0.00,791.6,791.6,501.0,0,0.0,0.5,IDLE,0.00,0.00,0.00,0,0.0,2788,0,0.0,0.0
1481.5500,1490018,0.0,0.0,5.045,11.623,0.00,0.00,791.6,791.6,501.0,0,0.0,0.5,IDLE,0.00,0.00,0.00,0,0.0,2788,0,0.0,0.0
1481.6000,1490068,0.0,0.0,5.052,11.623,0.00,0.00,799.1,799.1,501.0,0,0.0,0.5,IDLE,0.00,0.00,0.00,0,0.0,2788,0,0.0,0.0
1481.6500,1490118,0.0,0.0,5.052,11.623,0.00,0.00,799.1,799.1,501.8,0,0.0,0.9,IDLE,0.00,0.00,0.00,0,0.0,2788,0,0.0,0.0
1481.7000,1490168,0.0,0.0,5.052,11.623,0.00,0.00,799.1,799.1,501.8,0,0.0,0.9,IDLE,0.00,0.00,0.00,0,0.0,2788,0,0.0,0.0
1481.7500,1490218,0.0,0.0,5.067,11.623,0.00,0.00,798.4,798.4,501.8,0,0.0,0.9,IDLE,0.00,0.00,0.00,0,0.0,2788,0,0.0,0.0
1481.8000,1490268,0.0,0.0,5.067,11.623,0.00,0.00,798.4,798.4,501.8,0,0.0,0.9,IDLE,0.00,0.00,0.00,0,0.0,2788,0,0.0,0.0
1481.8500,1490318,0.0,0.0,5.067,11.623,0.00,0.00,798.4,798.4,501.5,0,0.0,0.8,IDLE,0.00,0.00,0.00,0,0.0,2788,0,0.0,0.0
1481.9000,1490368,0.0,0.0,5.067,11.623,0.00,0.00,798.4,798.4,501.5,0,0.0,0.8,IDLE,0.00,0.00,0.00,0,0.0,2788,0,0.0,0.0
1481.9500,1490418,0.0,0.0,4.779,11.623,0.00,0.00,797.8,797.8,501.5,0,0.0,0.8,IDLE,0.00,0.00,0.00,0,0.0,2788,0,0.0,0.0
1482.0000,1490468,0.0,0.0,4.779,11.623,0.00,0.00,797.8,797.8,502.3,0,0.0,1.1,IDLE,0.00,0.00,0.00,0,0.0,2788,0,0.0,0.0
1482.0500,1490518,0.0,0.0,4.779,11.623,0.00,0.00,797.8,797.8,502.3,0,0.0,1.1,IDLE,0.00,0.00,0.00,0,0.0,2788,0,0.0,0.0
1482.1000,1490568,0.0,0.0,4.440,11.623,0.00,0.00,795.9,795.9,502.3,0,0.0,1.1,IDLE,0.00,0.00,0.00,0,0.0,2788,0,0.0,0.0
1482.1500,1490618,0.0,0.0,4.440,11.623,0.00,0.00,795.9,795.9,502.4,0,0.0,1.2,IDLE,0.00,0.00,0.00,0,0.0,2788,0,0.0,0.0
1482.2000,1490668,0.0,0.0,4.440,11.623,0.00,0.00,795.9,795.9,502.4,0,0.0,1.2,IDLE,0.00,0.00,0.00,0,0.0,2788,0,0.0,0.0
1482.2500,1490718,0.0,0.0,4.263,11.623,0.00,0.00,794.4,794.4,502.4,0,0.0,1.2,IDLE,0.00,0.00,0.00,0,0.0,2788,0,0.0,0.0
1482.3000,1490768,0.0,0.0,4.263,11.623,0.00,0.00,794.4,794.4,502.5,0,0.0,1.2,IDLE,0.00,0.00,0.00,0,0.0,2788,0,0.0,0.0
1482.3500,1490818,0.0,0.0,4.263,11.623,0.00,0.00,794.4,794.4,502.5,0,0.0,1.2,IDLE,0.00,0.00,0.00,0,0.0,2788,0,0.0,0.0
1482.4000,1490868,0.0,0.0,4.263,11.623,0.00,0.00,802.8,802.8,502.5,0,0.0,1.2,IDLE,0.00,0.00,0.00,0,0.0,2788,0,0.0,0.0
1482.4500,1490918,0.0,0.0,4.263,11.623,0.00,0.00,802.8,802.8,502.5,0,0.0,1.2,IDLE,0.00,0.00,0.00,0,0.0,2788,0,0.0,0.0
1482.5000,1490968,0.0,0.0,4.263,11.623,0.00,0.00,802.8,802.8,501.9,0,0.0,0.9,IDLE,0.00,0.00,0.00,0,0.0,2788,0,0.0,0.0
1482.5500,1491018,0.0,0.0,4.263,11.623,0.00,0.00,802.8,802.8,501.9,0,0.0,0.9,IDLE,0.00,0.00,0.00,0,0.0,2788,0,0.0,0.0
1482.6000,1491068,0.0,0.0,4.625,11.623,0.00,0.00,803.8,803.8,501.9,0,0.0,0.9,IDLE,0.00,0.00,0.00,0,0.0,2788,0,0.0,0.0
1482.6500,1491118,0.0,0.0,4.625,11.623,0.00,0.00,803.8,803.8,502.4,0,0.0,1.2,IDLE,0.00,0.00,0.00,0,0.0,2788,0,0.0,0.0
1482.7000,1491168,0.0,0.0,4.625,11.623,0.00,0.00,803.8,803.8,502.4,0,0.0,1.2,IDLE,0.00,0.00,0.00,0,0.0,2788,0,0.0,0.0
1482.7500,1491218,0.0,0.0,4.964,11.623,0.00,0.00,805.7,805.7,502.4,0,0.0,1.2,IDLE,0.00,0.00,0.00,0,0.0,2788,0,0.0,0.0
1482.8000,1491268,0.0,0.0,4.964,11.623,0.00,0.00,805.7,805.7,502.1,0,0.0,1.1,IDLE,0.00,0.00,0.00,0,0.0,2788,0,0.0,0.0
1482.8500,1491318,0.0,0.0,4.964,11.623,0.00,0.00,805.7,805.7,502.1,0,0.0,1.1,IDLE,0.00,0.00,0.00,0,0.0,2788,0,0.0,0.0
1482.9000,1491368,0.0,0.0,4.934,11.623,0.00,0.00,789.7,789.7,502.1,0,0.0,1.1,IDLE,0.00,0.00,0.00,0,0.0,2788,0,0.0,0.0
1482.9500,1491418,0.0,0.0,4.934,11.623,0.00,0.00,789.7,789.7,501.9,0,0.0,0.9,IDLE,0.00,0.00,0.00,0,0.0,2788,0,0.0,0.0
1483.0000,1491468,0.0,0.0,4.934,11.623,0.00,0.00,789.7,789.7,501.9,0,0.0,0.9,IDLE,0.00,0.00,0.00,0,0.0,2788,0,0.0,0.0
1483.0500,1491518,0.0,0.0,4.883,11.623,0.00,0.00,789.4,789.4,501.9,0,0.0,0.9,IDLE,0.00,0.00,0.00,0,0.0,2788,0,0.0,0.0
1483.1000,1491568,0.0,0.0,4.883,11.623,0.00,0.00,789.4,789.4,501.6,0,0.0,0.8,IDLE,0.00,0.00,0.00,0,0.0,2788,0,0.0,0.0
1483.1500,1491618,0.0,0.0,4.883,11.623,0.00,0.00,789.4,789.4,501.6,0,0.0,0.8,IDLE,0.00,0.00,0.00,0,0.0,2788,0,0.0,0.0
1483.2000,1491668,0.0,0.0,4.610,11.623,0.00,0.00,786.6,786.6,501.6,0,0.0,0.8,IDLE,0.00,0.00,0.00,0,0.0,2788,0,0.0,0.0
1483.2500,1491718,0.0,0.0,4.610,11.623,0.00,0.00,786.6,786.6,501.6,0,0.0,0.8,IDLE,0.00,0.00,0.00,0,0.0,2788,0,0.0,0.0
1483.3000,1491768,0.0,0.0,4.610,11.623,0.00,0.00,786.6,786.6,502.1,0,0.0,1.1,IDLE,0.00,0.00,0.00,0,0.0,2788,0,0.0,0.0
1483.3500,1491818,0.0,0.0,4.610,11.623,0.00,0.00,786.6,786.6,502.1,0,0.0,1.1,IDLE,0.00,0.00,0.00,0,0.0,2788,0,0.0,0.0
1483.4000,1491868,0.0,0.0,4.352,11.623,0.00,0.00,786.9,786.9,502.1,0,0.0,1.1,IDLE,0.00,0.00,0.00,0,0.0,2788,0,0.0,0.0
1483.4500,1491918,0.0,0.0,4.352,11.623,0.00,0.00,786.9,786.9,502.3,0,0.0,1.1,IDLE,0.00,0.00,0.00,0,0.0,2788,0,0.0,0.0
1483.5000,1491968,0.0,0.0,4.352,11.623,0.00,0.00,786.9,786.9,502.3,0,0.0,1.1,IDLE,0.00,0.00,0.00,0,0.0,2788,0,0.0,0.0
1483.5500,1492018,0.0,0.0,8.504,11.623,0.00,0.00,985.6,985.6,502.3,0,0.0,1.1,IDLE,0.00,0.00,0.00,0,0.0,2788,0,0.0,0.0
1483.6000,1492068,0.0,0.0,8.504,11.623,0.00,0.00,985.6,985.6,502.3,0,0.0,1.1,IDLE,0.00,0.00,0.00,0,0.0,2789,0,0.0,0.0
1483.6500,1492118,0.0,0.0,8.504,11.623,0.00,0.00,985.6,985.6,502.3,0,0.0,1.1,IDLE,0.00,0.00,0.00,0,0.0,2789,0,0.0,0.0
1483.7000,1492168,0.0,0.0,7.191,11.623,0.00,0.00,736.6,736.6,502.3,0,0.0,1.1,IDLE,0.00,0.00,0.00,0,0.0,2789,0,0.0,0.0
1483.7500,1492218,0.0,0.0,7.191,11.623,0.00,0.00,736.6,736.6,501.6,0,0.0,0.8,IDLE,0.00,0.00,0.00,0,0.0,2789,0,0.0,0.0
1483.8000,1492268,0.0,0.0,7.191,11.623,0.00,0.00,736.6,736.6,501.6,0,0.0,0.8,IDLE,0.00,0.00,0.00,0,0.0,2790,0,0.0,0.0
1483.8500,1492318,0.0,0.0,6.594,11.623,0.00,0.00,767.2,767.2,501.6,0,0.0,0.8,IDLE,0.00,0.00,0.00,0,0.0,2790,0,0.0,0.0
1483.9000,1492368,0.0,0.0,6.594,11.623,0.00,0.00,767.2,767.2,501.3,0,0.0,0.6,IDLE,0.00,0.00,0.00,0,0.0,2791,0,0.0,0.0
1483.9500,1492418,0.0,0.0,6.594,11.623,0.00,0.00,767.2,767.2,501.3,0,0.0,0.6,IDLE,0.00,0.00,0.00,0,0.0,2791,0,0.0,0.0
1484.0000,1492468,0.0,0.0,14.478,11.623,0.00,0.00,1159.4,1159.4,501.3,0,0.0,0.6,IDLE,0.00,0.00,0.00,0,0.0,2792,0,0.0,0.0
1484.0500,1492518,0.0,0.0,14.478,11.623,0.00,0.00,1159.4,1159.4,501.3,0,0.0,0.6,IDLE,0.00,0.00,0.00,0,0.0,2793,0,0.0,0.0
1484.1000,1492568,0.0,0.0,14.478,11.623,0.00,0.00,1159.4,1159.4,501.8,0,0.0,0.9,IDLE,0.00,0.00,0.00,0,0.0,2794,0,0.0,0.0
1484.1500,1492618,0.0,0.0,14.478,11.623,0.00,0.00,1159.4,1159.4,501.8,0,0.0,0.9,IDLE,0.00,0.00,0.00,0,0.0,2796,0,0.0,0.0
1484.2000,1492668,0.0,0.0,10.768,11.623,0.00,0.00,635.9,635.9,501.8,0,0.0,0.9,IDLE,0.00,0.00,0.00,0,0.0,2798,0,0.0,0.0
1484.2500,1492718,0.0,0.0,10.768,11.623,0.00,0.00,635.9,635.9,500.8,0,0.0,0.4,IDLE,0.00,0.00,0.00,0,0.0,2798,0,0.0,901.5
1484.3000,1492768,0.0,895.3,10.768,11.623,1.84,1.98,635.9,635.9,500.8,0,0.0,0.4,IDLE,0.00,0.00,0.00,0,0.0,2798,0,895.3,887.1
1484.3500,1492818,0.0,895.3,11.897,11.623,2.03,1.98,856.9,856.9,500.8,0,0.0,0.4,IDLE,0.00,0.00,0.00,0,0.0,2798,0,895.3,896.4
1484.4000,1492868,0.0,900.1,11.897,11.623,2.04,1.99,856.9,856.9,502.0,0,0.0,1.0,IDLE,0.00,0.00,0.00,0,0.0,2798,0,900.1,900.2
1484.4500,1492918,0.0,900.1,11.897,11.623,2.04,1.99,856.9,856.9,502.0,0,0.0,1.0,IDLE,0.00,0.00,0.00,0,0.0,2799,0,900.1,921.1
1484.5000,1492968,0.0,920.4,9.684,11.623,1.70,2.04,689.7,689.7,502.0,0,0.0,1.0,IDLE,0.00,0.00,0.00,0,0.0,2799,0,920.4,919.1
1484.5500,1493018,0.0,920.4,9.684,11.623,1.70,2.04,689.7,689.7,498.6,0,0.0,-0.7,IDLE,0.00,0.00,0.00,0,0.0,2799,0,920.4,898.6
1484.6000,1493068,0.0,885.2,9.684,11.623,1.63,1.96,689.7,689.7,498.6,0,0.0,-0.7,IDLE,0.00,0.00,0.00,0,0.0,2799,0,885.2,881.8
1484.6500,1493118,0.0,885.2,10.016,11.623,1.69,1.96,804.1,804.1,498.6,0,0.0,-0.7,IDLE,0.00,0.00,0.00,0,0.0,2799,0,885.2,854.7
1484.7000,1493168,0.0,845.0,10.016,11.623,1.61,1.87,804.1,804.1,498.6,0,0.0,-0.7,IDLE,0.00,0.00,0.00,0,0.0,2799,0,845.0,836.5
1484.7500,1493218,0.0,845.0,10.016,11.623,1.61,1.87,804.1,804.1,503.9,0,0.0,1.9,IDLE,0.00,0.00,0.00,0,0.0,2799,0,845.0,829.7
1484.8000,1493268,0.0,824.4,10.016,11.623,1.57,1.82,804.1,804.1,503.9,0,0.0,1.9,IDLE,0.00,0.00,0.00,0,0.0,2799,0,824.4,824.1
1484.8500,1493318,0.0,824.4,10.127,11.623,1.59,1.82,791.9,791.9,503.9,0,0.0,1.9,IDLE,0.00,0.00,0.00,0,0.0,2799,0,824.4,804.8
1484.9000,1493368,0.0,824.4,10.127,11.623,1.59,1.82,791.9,791.9,502.1,0,0.0,1.1,IDLE,0.00,0.00,0.00,0,0.0,2801,0,824.4,800.7
1484.9500,1493418,0.0,824.4,10.127,11.623,1.59,1.82,791.9,791.9,502.1,0,0.0,1.1,IDLE,0.00,0.00,0.00,0,0.0,2801,0,824.4,805.9
1485.0000,1493468,0.0,809.5,8.954,11.623,1.38,1.79,733.8,733.8,502.1,0,0.0,1.1,IDLE,0.00,0.00,0.00,0,0.0,2801,0,809.5,808.8
1485.0500,1493518,0.0,809.5,8.954,11.623,1.38,1.79,733.8,733.8,500.9,0,0.0,0.4,IDLE,0.00,0.00,0.00,0,0.0,2801,0,809.5,802.3
1485.1000,1493568,0.0,809.5,8.954,11.623,1.38,1.79,733.8,733.8,500.9,0,0.0,0.4,IDLE,0.00,0.00,0.00,0,0.0,2803,0,809.5,802.3
1485.1500,1493618,0.0,809.5,5.746,11.623,0.89,1.79,840.6,840.6,500.9,0,0.0,0.4,IDLE,0.00,0.00,0.00,0,0.0,2805,0,809.5,802.3
1485.2000,1493668,0.0,817.2,5.746,11.623,0.89,1.81,840.6,840.6,504.3,0,0.0,2.1,IDLE,0.00,0.00,0.00,0,0.0,2805,0,817.2,829.1
1485.2500,1493718,0.0,817.2,5.746,11.623,0.89,1.81,840.6,840.6,504.3,0,0.0,2.1,IDLE,0.00,0.00,0.00,0,0.0,2806,0,817.2,859.2
1485.3000,1493768,0.0,865.3,8.836,11.623,1.46,1.91,876.2,876.2,504.3,0,0.0,2.1,IDLE,0.00,0.00,0.00,0,0.0,2806,0,865.3,864.5
1485.3500,1493818,0.0,865.3,8.836,11.623,1.46,1.91,876.2,876.2,501.1,0,0.0,0.6,IDLE,0.00,0.00,0.00,0,0.0,2806,0,865.3,861.0
1485.4000,1493868,0.0,860.2,8.836,11.623,1.45,1.90,876.2,876.2,501.1,0,0.0,0.6,IDLE,0.00,0.00,0.00,0,0.0,2806,0,860.2,860.7
1485.4500,1493918,0.0,860.2,12.900,11.623,2.11,1.90,950.9,950.9,501.1,0,0.0,0.6,IDLE,0.00,0.00,0.00,0,0.0,2807,0,860.2,870.2
1485.5000,1493968,0.0,875.5,12.900,11.623,2.15,1.94,950.9,950.9,501.1,0,0.0,0.6,IDLE,0.00,0.00,0.00,0,0.0,2807,0,875.5,882.0
1485.5500,1494018,0.0,875.5,12.900,11.623,2.15,1.94,950.9,950.9,501.5,0,0.0,0.8,IDLE,0.00,0.00,0.00,0,0.0,2807,0,875.5,880.7
1485.6000,1494068,0.0,878.0,12.900,11.623,2.16,1.94,950.9,950.9,501.5,0,0.0,0.8,IDLE,0.00,0.00,0.00,0,0.0,2807,0,878.0,877.4
1485.6500,1494118,0.0,878.0,4.573,11.623,0.76,1.94,782.8,782.8,501.5,0,0.0,0.8,IDLE,0.00,0.00,0.00,0,0.0,2808,0,878.0,882.8
1485.7000,1494168,0.0,876.0,4.573,11.623,0.76,1.94,782.8,782.8,501.3,0,0.0,0.6,IDLE,0.00,0.00,0.00,0,0.0,2808,0,876.0,870.7
1485.7500,1494218,0.0,876.0,4.573,11.623,0.76,1.94,782.8,782.8,501.3,0,0.0,0.6,IDLE,0.00,0.00,0.00,0,0.0,2808,0,876.0,862.7
1485.8000,1494268,0.0,854.7,7.014,11.623,1.14,1.89,746.2,746.2,501.3,0,0.0,0.6,IDLE,0.00,0.00,0.00,0,0.0,2808,0,854.7,854.0
1485.8500,1494318,0.0,854.7,7.014,11.623,1.14,1.89,746.2,746.2,503.9,0,0.0,1.9,IDLE,0.00,0.00,0.00,0,0.0,2808,0,854.7,831.4
1485.9000,1494368,0.0,822.5,7.014,11.623,1.10,1.82,746.2,746.2,503.9,0,0.0,1.9,IDLE,0.00,0.00,0.00,0,0.0,2809,0,822.5,819.7
1485.9500,1494418,0.0,822.5,5.878,11.623,0.92,1.82,805.6,805.6,503.9,0,0.0,1.9,IDLE,0.00,0.00,0.00,0,0.0,2809,0,822.5,808.1
1486.0000,1494468,0.0,803.6,5.878,11.623,0.90,1.78,805.6,805.6,503.1,0,0.0,1.6,IDLE,0.00,0.00,0.00,0,0.0,2811,0,803.6,808.1
1486.0500,1494518,0.0,803.6,5.878,11.623,0.90,1.78,805.6,805.6,503.1,0,0.0,1.6,IDLE,0.00,0.00,0.00,0,0.0,2813,0,803.6,808.1
1486.1000,1494568,0.0,803.6,7.169,11.623,1.10,1.78,748.1,748.1,503.1,0,0.0,1.6,IDLE,0.00,0.00,0.00,0,0.0,2815,0,803.6,808.1
1486.1500,1494618,0.0,803.6,7.169,11.623,1.10,1.78,748.1,748.1,503.1,0,0.0,1.6,IDLE,0.00,0.00,0.00,0,0.0,2818,0,803.6,808.1
1486.2000,1494668,0.0,803.6,7.169,11.623,1.10,1.78,748.1,748.1,502.9,0,0.0,1.4,IDLE,0.00,0.00,0.00,0,0.0,2819,0,803.6,808.1
1486.2500,1494718,0.0,803.6,7.169,11.623,1.10,1.78,748.1,748.1,502.9,0,0.0,1.4,IDLE,0.00,0.00,0.00,0,0.0,2821,0,803.6,808.1
1486.3000,1494768,0.0,803.6,5.760,11.623,0.88,1.78,740.4,740.4,502.9,0,0.0,1.4,IDLE,0.00,0.00,0.00,0,0.0,2823,0,803.6,808.1
1486.3500,1494818,0.0,803.6,5.760,11.623,0.88,1.78,740.4,740.4,499.5,0,0.0,-0.2,IDLE,0.00,0.00,0.00,0,0.0,2825,0,803.6,808.1
1486.4000,1494868,0.0,803.6,5.760,11.623,0.88,1.78,740.4,740.4,499.5,0,0.0,-0.2,IDLE,0.00,0.00,0.00,0,0.0,2827,0,803.6,808.1
1486.4500,1494918,0.0,803.6,2.840,11.623,0.43,1.78,659.7,659.7,499.5,0,0.0,-0.2,IDLE,0.00,0.00,0.00,0,0.0,2829,0,803.6,808.1
1486.5000,1494968,0.0,803.6,2.840,11.623,0.43,1.78,659.7,659.7,503.0,0,0.0,1.5,IDLE,0.00,0.00,0.00,0,0.0,2831,0,803.6,808.1
1486.5500,1495018,0.0,803.6,2.840,11.623,0.43,1.78,659.7,659.7,503.0,0,0.0,1.5,IDLE,0.00,0.00,0.00,0,0.0,2832,0,803.6,808.1
1486.6000,1495068,0.0,803.6,6.550,11.623,1.00,1.78,901.6,901.6,503.0,0,0.0,1.5,IDLE,0.00,0.00,0.00,0,0.0,2834,0,803.6,808.1
1486.6500,1495118,0.0,803.6,6.550,11.623,1.00,1.78,901.6,901.6,502.4,0,0.0,1.2,IDLE,0.00,0.00,0.00,0,0.0,2835,0,803.6,808.1
1486.7000,1495168,0.0,803.6,6.550,11.623,1.00,1.78,901.6,901.6,502.4,0,0.0,1.2,IDLE,0.00,0.00,0.00,0,0.0,2837,0,803.6,808.1
1486.7500,1495218,0.0,803.6,6.004,11.623,0.92,1.78,815.9,815.9,502.4,0,0.0,1.2,IDLE,0.00,0.00,0.00,0,0.0,2838,0,803.6,808.1
1486.8000,1495268,0.0,803.6,6.004,11.623,0.92,1.78,815.9,815.9,502.6,0,0.0,1.3,IDLE,0.00,0.00,0.00,0,0.0,2840,0,803.6,808.1
1486.8500,1495318,0.0,803.6,6.004,11.623,0.92,1.78,815.9,815.9,502.6,0,0.0,1.3,IDLE,0.00,0.00,0.00,0,0.0,2841,0,803.6,808.1
1486.9000,1495368,0.0,803.6,2.640,11.623,0.40,1.78,724.1,724.1,502.6,0,0.0,1.3,IDLE,0.00,0.00,0.00,0,0.0,2842,0,803.6,808.1
1486.9500,1495418,0.0,803.6,2.640,11.623,0.40,1.78,724.1,724.1,502.6,0,0.0,1.3,IDLE,0.00,0.00,0.00,0,0.0,2844,0,803.6,808.1
1487.0000,1495468,0.0,803.6,2.640,11.623,0.40,1.78,724.1,724.1,502.0,0,0.0,1.0,IDLE,0.00,0.00,0.00,0,0.0,2845,0,803.6,808.1
1487.0500,1495518,0.0,803.6,2.640,11.623,0.40,1.78,724.1,724.1,502.0,0,0.0,1.0,IDLE,0.00,0.00,0.00,0,0.0,2846,0,803.6,808.1
1487.1000,1495568,0.0,803.6,0.229,11.623,0.03,1.78,842.2,842.2,502.0,0,0.0,1.0,IDLE,0.00,0.00,0.00,0,0.0,2848,0,803.6,808.1
1487.1500,1495618,0.0,803.6,0.229,11.623,0.03,1.78,842.2,842.2,502.5,0,0.0,1.2,IDLE,0.00,0.00,0.00,0,0.0,2849,0,803.6,808.1
1487.2000,1495668,0.0,803.6,0.229,11.623,0.03,1.78,842.2,842.2,502.5,0,0.0,1.2,IDLE,0.00,0.00,0.00,0,0.0,2850,0,803.6,808.1
1487.2500,1495718,0.0,803.6,1.490,11.623,0.23,1.78,839.7,839.7,502.5,0,0.0,1.2,IDLE,0.00,0.00,0.00,0,0.0,2852,0,803.6,808.1
1487.3000,1495768,0.0,803.6,1.490,11.623,0.23,1.78,839.7,839.7,501.4,0,0.0,0.7,IDLE,0.00,0.00,0.00,0,0.0,2853,0,803.6,808.1
1487.3500,1495818,0.0,803.6,1.490,11.623,0.23,1.78,839.7,839.7,501.4,0,0.0,0.7,IDLE,0.00,0.00,0.00,0,0.0,2854,0,803.6,808.1
1487.4000,1495868,0.0,803.6,3.592,11.623,0.55,1.78,841.2,841.2,501.4,0,0.0,0.7,IDLE,0.00,0.00,0.00,0,0.0,2856,0,803.6,808.1
1487.4500,1495918,0.0,803.6,3.592,11.623,0.55,1.78,841.2,841.2,500.3,0,0.0,0.1,IDLE,0.00,0.00,0.00,0,0.0,2858,0,803.6,808.1
1487.5000,1495968,0.0,803.6,3.592,11.623,0.55,1.78,841.2,841.2,500.3,0,0.0,0.1,IDLE,0.00,0.00,0.00,0,0.0,2859,0,803.6,808.1
1487.5500,1496018,0.0,803.6,3.762,11.623,0.58,1.78,813.4,813.4,500.3,0,0.0,0.1,IDLE,0.00,0.00,0.00,0,0.0,2861,0,803.6,808.1
1487.6000,1496068,0.0,803.6,3.762,11.623,0.58,1.78,813.4,813.4,500.3,0,0.0,0.1,IDLE,0.00,0.00,0.00,0,0.0,2863,0,803.6,808.1
1487.6500,1496118,0.0,803.6,3.762,11.623,0.58,1.78,813.4,813.4,503.4,0,0.0,1.7,IDLE,0.00,0.00,0.00,0,0.0,2864,0,803.6,808.1
1487.7000,1496168,0.0,803.6,3.762,11.623,0.58,1.78,813.4,813.4,503.4,0,0.0,1.7,IDLE,0.00,0.00,0.00,0,0.0,2866,0,803.6,808.1
1487.7500,1496218,0.0,803.6,7.191,11.623,1.10,1.78,903.1,903.1,503.4,0,0.0,1.7,IDLE,0.00,0.00,0.00,0,0.0,2867,0,803.6,808.1
1487.8000,1496268,0.0,803.6,7.191,11.623,1.10,1.78,903.1,903.1,501.6,0,0.0,0.8,IDLE,0.00,0.00,0.00,0,0.0,2869,0,803.6,808.1
1487.8500,1496318,0.0,803.6,7.191,11.623,1.10,1.78,903.1,903.1,501.6,0,0.0,0.8,IDLE,0.00,0.00,0.00,0,0.0,2870,0,803.6,808.1
1487.9000,1496368,0.0,803.6,10.857,11.623,1.66,1.78,905.9,905.9,501.6,0,0.0,0.8,IDLE,0.00,0.00,0.00,0,0.0,2872,0,803.6,808.1
1487.9500,1496418,0.0,803.6,10.857,11.623,1.66,1.78,905.9,905.9,503.0,0,0.0,1.5,IDLE,0.00,0.00,0.00,0,0.0,2874,0,803.6,808.1
1488.0000,1496468,0.0,803.6,10.857,11.623,1.66,1.78,905.9,905.9,503.0,0,0.0,1.5,IDLE,0.00,0.00,0.00,0,0.0,2875,0,803.6,808.1
1488.0500,1496518,0.0,803.6,15.887,11.623,2.43,1.78,887.2,887.2,503.0,0,0.0,1.5,IDLE,0.00,0.00,0.00,0,0.0,2877,0,803.6,808.1
1488.1000,1496568,0.0,803.6,15.887,11.623,2.43,1.78,887.2,887.2,502.0,0,0.0,1.0,IDLE,0.00,0.00,0.00,0,0.0,2879,0,803.6,808.1
1488.1500,1496618,0.0,803.6,15.887,11.623,2.43,1.78,887.2,887.2,502.0,0,0.0,1.0,IDLE,0.00,0.00,0.00,0,0.0,2880,0,803.6,808.1
1488.2000,1496668,0.0,803.6,13.999,11.623,2.14,1.78,816.2,816.2,502.0,0,0.0,1.0,IDLE,0.00,0.00,0.00,0,0.0,2882,0,803.6,808.1
1488.2500,1496718,0.0,803.6,13.999,11.623,2.14,1.78,816.2,816.2,501.8,0,0.0,0.9,IDLE,0.00,0.00,0.00,0,0.0,2883,0,803.6,808.1
1488.3000,1496768,0.0,803.6,13.999,11.623,2.14,1.78,816.2,816.2,501.8,0,0.0,0.9,IDLE,0.00,0.00,0.00,0,0.0,2885,0,803.6,808.1
1488.3500,1496818,0.0,803.6,13.593,11.623,2.08,1.78,797.5,797.5,501.8,0,0.0,0.9,IDLE,0.00,0.00,0.00,0,0.0,2887,0,803.6,808.1
1488.4000,1496868,0.0,803.6,13.593,11.623,2.08,1.78,797.5,797.5,501.8,0,0.0,0.9,IDLE,0.00,0.00,0.00,0,0.0,2889,0,803.6,808.1
1488.4500,1496918,0.0,803.6,13.593,11.623,2.08,1.78,797.5,797.5,501.4,0,0.0,0.7,IDLE,0.00,0.00,0.00,0,0.0,2890,0,803.6,808.1
1488.5000,1496968,0.0,803.6,13.593,11.623,2.08,1.78,797.5,797.5,501.4,0,0.0,0.7,IDLE,0.00,0.00,0.00,0,0.0,2892,0,803.6,808.1
1488.5500,1497018,0.0,803.6,16.285,11.623,2.49,1.78,845.6,845.6,501.4,0,0.0,0.7,IDLE,0.00,0.00,0.00,0,0.0,2893,0,803.6,808.1
1488.6000,1497068,0.0,803.6,16.285,11.623,2.49,1.78,845.6,845.6,501.0,0,0.0,0.5,IDLE,0.00,0.00,0.00,0,0.0,2895,0,803.6,808.1
1488.6500,1497118,0.0,803.6,16.285,11.623,2.49,1.78,845.6,845.6,501.0,0,0.0,0.5,IDLE,0.00,0.00,0.00,0,0.0,2897,0,803.6,808.1
1488.7000,1497168,0.0,803.6,19.088,11.623,2.92,1.78,969.1,969.1,501.0,0,0.0,0.5,IDLE,0.00,0.00,0.00,0,0.0,2899,0,803.6,808.1
1488.7500,1497218,0.0,803.6,19.088,11.623,2.92,1.78,969.1,969.1,500.4,0,0.0,0.2,IDLE,0.00,0.00,0.00,0,0.0,2901,0,803.6,808.1
1488.8000,1497268,0.0,803.6,19.088,11.623,2.92,1.78,969.1,969.1,500.4,0,0.0,0.2,IDLE,0.00,0.00,0.00,0,0.0,2902,0,803.6,808.1
1488.8500,1497318,0.0,803.6,14.213,11.623,2.17,1.78,619.1,619.1,500.4,0,0.0,0.2,IDLE,0.00,0.00,0.00,0,0.0,2904,0,803.6,808.1
1488.9000,1497368,0.0,803.6,14.213,11.623,2.17,1.78,619.1,619.1,502.9,0,0.0,1.4,IDLE,0.00,0.00,0.00,0,0.0,2905,0,803.6,808.1
1488.9500,1497418,0.0,803.6,14.213,11.623,2.17,1.78,619.1,619.1,502.9,0,0.0,1.4,IDLE,0.00,0.00,0.00,0,0.0,2907,0,803.6,808.1
1489.0000,1497468,0.0,803.6,16.285,11.623,2.49,1.78,935.0,935.0,502.9,0,0.0,1.4,IDLE,0.00,0.00,0.00,0,0.0,2908,0,803.6,808.1
1489.0500,1497518,0.0,803.6,16.285,11.623,2.49,1.78,935.0,935.0,502.9,0,0.0,1.4,IDLE,0.00,0.00,0.00,0,0.0,2910,0,803.6,808.1
1489.1000,1497568,0.0,803.6,16.285,11.623,2.49,1.78,935.0,935.0,502.8,0,0.0,1.4,IDLE,0.00,0.00,0.00,0,0.0,2911,0,803.6,808.1
1489.1500,1497618,0.0,803.6,16.285,11.623,2.49,1.78,935.0,935.0,502.8,0,0.0,1.4,IDLE,0.00,0.00,0.00,0,0.0,2913,0,803.6,808.1
1489.2000,1497668,0.0,803.6,15.880,11.623,2.43,1.78,795.0,795.0,502.8,0,0.0,1.4,IDLE,0.00,0.00,0.00,0,0.0,2914,0,803.6,808.1
1489.2500,1497718,0.0,803.6,15.880,11.623,2.43,1.78,795.0,795.0,501.6,0,0.0,0.8,IDLE,0.00,0.00,0.00,0,0.0,2916,0,803.6,808.1
1489.3000,1497768,0.0,803.6,15.880,11.623,2.43,1.78,795.0,795.0,501.6,0,0.0,0.8,IDLE,0.00,0.00,0.00,0,0.0,2917,0,803.6,808.1
1489.3500,1497818,0.0,803.6,12.266,11.623,1.88,1.78,740.0,740.0,501.6,0,0.0,0.8,IDLE,0.00,0.00,0.00,0,0.0,2919,0,803.6,808.1
1489.4000,1497868,0.0,803.6,12.266,11.623,1.88,1.78,740.0,740.0,500.5,0,0.0,0.3,IDLE,0.00,0.00,0.00,0,0.0,2921,0,803.6,808.1
1489.4500,1497918,0.0,803.6,12.266,11.623,1.88,1.78,740.0,740.0,500.5,0,0.0,0.3,IDLE,0.00,0.00,0.00,0,0.0,2922,0,803.6,808.1
1489.5000,1497968,0.0,803.6,10.842,11.623,1.66,1.78,841.6,841.6,500.5,0,0.0,0.3,IDLE,0.00,0.00,0.00,0,0.0,2924,0,803.6,808.1
1489.5500,1498018,0.0,803.6,10.842,11.623,1.66,1.78,841.6,841.6,501.0,0,0.0,0.5,IDLE,0.00,0.00,0.00,0,0.0,2925,0,803.6,808.1
1489.6000,1498068,0.0,803.6,10.842,11.623,1.66,1.78,841.6,841.6,501.0,0,0.0,0.5,IDLE,0.00,0.00,0.00,0,0.0,2927,0,803.6,808.1
1489.6500,1498118,0.0,803.6,6.387,11.623,0.98,1.78,685.9,685.9,501.0,0,0.0,0.5,IDLE,0.00,0.00,0.00,0,0.0,2929,0,803.6,808.1
1489.7000,1498168,0.0,803.6,6.387,11.623,0.98,1.78,685.9,685.9,502.0,0,0.0,1.0,IDLE,0.00,0.00,0.00,0,0.0,2930,0,803.6,808.1
1489.7500,1498218,0.0,803.6,6.387,11.623,0.98,1.78,685.9,685.9,502.0,0,0.0,1.0,IDLE,0.00,0.00,0.00,0,0.0,2932,0,803.6,808.1
1489.8000,1498268,0.0,803.6,5.266,11.623,0.81,1.78,765.3,765.3,502.0,0,0.0,1.0,IDLE,0.00,0.00,0.00,0,0.0,2933,0,803.6,808.1
1489.8500,1498318,0.0,803.6,5.266,11.623,0.81,1.78,765.3,765.3,502.0,0,0.0,1.0,IDLE,0.00,0.00,0.00,0,0.0,2935,0,803.6,808.1
1489.9000,1498368,0.0,803.6,5.266,11.623,0.81,1.78,765.3,765.3,500.9,0,0.0,0.4,IDLE,0.00,0.00,0.00,0,0.0,2937,0,803.6,808.1
1489.9500,1498418,0.0,803.6,5.266,11.623,0.81,1.78,765.3,765.3,500.9,0,0.0,0.4,IDLE,0.00,0.00,0.00,0,0.0,2938,0,803.6,808.1
1490.0000,1498468,0.0,803.6,3.385,11.623,0.52,1.78,712.5,712.5,500.9,0,0.0,0.4,IDLE,0.00,0.00,0.00,0,0.0,2940,0,803.6,808.1
1490.0500,1498518,0.0,803.6,3.385,11.623,0.52,1.78,712.5,712.5,501.8,0,0.0,0.9,IDLE,0.00,0.00,0.00,0,0.0,2941,0,803.6,808.1
1490.1000,1498568,0.0,803.6,3.385,11.623,0.52,1.78,712.5,712.5,501.8,0,0.0,0.9,IDLE,0.00,0.00,0.00,0,0.0,2943,0,803.6,808.1
1490.1500,1498618,0.0,803.6,2.338,11.623,0.36,1.78,798.4,798.4,501.8,0,0.0,0.9,IDLE,0.00,0.00,0.00,0,0.0,2944,0,803.6,808.1
1490.2000,1498668,0.0,803.6,2.338,11.623,0.36,1.78,798.4,798.4,502.3,0,0.0,1.1,IDLE,0.00,0.00,0.00,0,0.0,2946,0,803.6,808.1
1490.2500,1498718,0.0,803.6,2.338,11.623,0.36,1.78,798.4,798.4,502.3,0,0.0,1.1,IDLE,0.00,0.00,0.00,0,0.0,2948,0,803.6,808.1
1490.3000,1498768,0.0,803.6,-5.443,11.623,-0.83,1.78,617.5,617.5,502.3,0,0.0,1.1,IDLE,0.00,0.00,0.00,0,0.0,2949,0,803.6,808.1
1490.3500,1498818,0.0,803.6,-5.443,11.623,-0.83,1.78,617.5,617.5,502.5,0,0.0,1.2,IDLE,0.00,0.00,0.00,0,0.0,2951,0,803.6,808.1
1490.4000,1498868,0.0,803.6,-5.443,11.623,-0.83,1.78,617.5,617.5,502.5,0,0.0,1.2,IDLE,0.00,0.00,0.00,0,0.0,2952,0,803.6,808.1
1490.4500,1498918,0.0,803.6,-3.843,11.623,-0.59,1.78,691.2,691.2,502.5,0,0.0,1.2,IDLE,0.00,0.00,0.00,0,0.0,2954,0,803.6,808.1
1490.5000,1498968,0.0,803.6,-3.843,11.623,-0.59,1.78,691.2,691.2,502.5,0,0.0,1.2,IDLE,0.00,0.00,0.00,0,0.0,2955,0,803.6,808.1
1490.5500,1499018,0.0,803.6,-3.843,11.623,-0.59,1.78,691.2,691.2,500.5,0,0.0,0.3,IDLE,0.00,0.00,0.00,0,0.0,2957,0,803.6,808.1
1490.6000,1499068,0.0,803.6,-3.843,11.623,-0.59,1.78,691.2,691.2,500.5,0,0.0,0.3,IDLE,0.00,0.00,0.00,0,0.0,2959,0,803.6,808.1
1490.6500,1499118,0.0,803.6,-8.452,11.623,-1.29,1.78,726.6,726.6,500.5,0,0.0,0.3,IDLE,0.00,0.00,0.00,0,0.0,2961,0,803.6,808.1
1490.7000,1499168,0.0,803.6,-8.452,11.623,-1.29,1.78,726.6,726.6,502.0,0,0.0,1.0,IDLE,0.00,0.00,0.00,0,0.0,2963,0,803.6,808.1
1490.7500,1499218,0.0,803.6,-8.452,11.623,-1.29,1.78,726.6,726.6,502.0,0,0.0,1.0,IDLE,0.00,0.00,0.00,0,0.0,2966,0,803.6,808.1
1490.8000,1499268,0.0,803.6,-5.148,11.623,-0.79,1.78,944.4,944.4,502.0,0,0.0,1.0,IDLE,0.00,0.00,0.00,0,0.0,2967,0,803.6,808.1
1490.8500,1499318,0.0,803.6,-5.148,11.623,-0.79,1.78,944.4,944.4,502.3,0,0.0,1.1,IDLE,0.00,0.00,0.00,0,0.0,2969,0,803.6,808.1
1490.9000,1499368,0.0,803.6,-5.148,11.623,-0.79,1.78,944.4,944.4,502.3,0,0.0,1.1,IDLE,0.00,0.00,0.00,0,0.0,2971,0,803.6,808.1
1490.9500,1499418,0.0,803.6,-1.328,11.623,-0.20,1.78,912.8,912.8,502.3,0,0.0,1.1,IDLE,0.00,0.00,0.00,0,0.0,2972,0,803.6,808.1
1491.0000,1499468,0.0,803.6,-1.328,11.623,-0.20,1.78,912.8,912.8,502.0,0,0.0,1.0,IDLE,0.00,0.00,0.00,0,0.0,2974,0,803.6,808.1
1491.0500,1499518,0.0,803.6,-1.328,11.623,-0.20,1.78,912.8,912.8,502.0,0,0.0,1.0,IDLE,0.00,0.00,0.00,0,0.0,2976,0,803.6,808.1
1491.1000,1499568,0.0,803.6,-5.414,11.623,-0.83,1.78,656.9,656.9,502.0,0,0.0,1.0,IDLE,0.00,0.00,0.00,0,0.0,2977,0,803.6,808.1
1491.1500,1499618,0.0,803.6,-5.414,11.623,-0.83,1.78,656.9,656.9,500.9,0,0.0,0.4,IDLE,0.00,0.00,0.00,0,0.0,2979,0,803.6,808.1
1491.2000,1499668,0.0,803.6,-5.414,11.623,-0.83,1.78,656.9,656.9,500.9,0,0.0,0.4,IDLE,0.00,0.00,0.00,0,0.0,2982,0,803.6,808.1
1491.2500,1499718,0.0,803.6,-2.102,11.623,-0.32,1.78,835.6,835.6,500.9,0,0.0,0.4,IDLE,0.00,0.00,0.00,0,0.0,2983,0,803.6,808.1
1491.3000,1499768,0.0,803.6,-2.102,11.623,-0.32,1.78,835.6,835.6,500.9,0,0.0,0.4,IDLE,0.00,0.00,0.00,0,0.0,2985,0,803.6,808.1
1491.3500,1499818,0.0,803.6,-2.102,11.623,-0.32,1.78,835.6,835.6,502.5,0,0.0,1.2,IDLE,0.00,0.00,0.00,0,0.0,2986,0,803.6,808.1
1491.4000,1499868,0.0,803.6,-2.102,11.623,-0.32,1.78,835.6,835.6,502.5,0,0.0,1.2,IDLE,0.00,0.00,0.00,0,0.0,2988,0,803.6,808.1
1491.4500,1499918,0.0,803.6,0.524,11.623,0.08,1.78,884.1,884.1,502.5,0,0.0,1.2,IDLE,0.00,0.00,0.00,0,0.0,2990,0,803.6,808.1
1491.5000,1499968,0.0,803.6,0.524,11.623,0.08,1.78,884.1,884.1,502.6,0,0.0,1.3,IDLE,0.00,0.00,0.00,0,0.0,2991,0,803.6,808.1
1491.5500,1500018,0.0,803.6,0.524,11.623,0.08,1.78,884.1,884.1,502.6,0,0.0,1.3,IDLE,0.00,0.00,0.00,0,0.0,2993,0,803.6,808.1
1491.6000,1500068,0.0,803.6,0.214,11.623,0.03,1.78,698.4,698.4,502.6,0,0.0,1.3,IDLE,0.00,0.00,0.00,0,0.0,2995,0,803.6,808.1
1491.6500,1500118,0.0,803.6,0.214,11.623,0.03,1.78,698.4,698.4,503.5,0,0.0,1.8,IDLE,0.00,0.00,0.00,0,0.0,2996,0,803.6,808.1
