Time_s,Timestamp_ms,Target_RPM,RPM,Torque_raw_lb-ft,Torque_filt_lb-ft,HP_raw,HP_filt,LoadCell_mV,ADC_Load_mV,Pressure_mV,Brake_Pos,Brake_Pct,Brake_PSI,State,PID_P,PID_I,PID_Output,Fault_Bits,Spare_Aux_mV,Tach_Glitches,RPM_Estimated,RPM_Counted,RPM_Rev
0.0000,8468,0.0,0.0,0.339,13.198,0.00,0.00,783.4,783.4,503.0,0,0.0,1.5,IDLE,0.00,0.00,0.00,0,0.0,0,0,0.0,0.0
0.0500,8518,0.0,0.0,0.339,13.198,0.00,0.00,783.4,783.4,503.0,0,0.0,1.5,IDLE,0.00,0.00,0.00,0,0.0,0,0,0.0,0.0
0.1000,8568,0.0,0.0,0.361,13.198,0.00,0.00,782.5,782.5,503.0,0,0.0,1.5,IDLE,0.00,0.00,0.00,0,0.0,0,0,0.0,0.0
0.1500,8618,0.0,0.0,0.361,13.198,0.00,0.00,782.5,782.5,502.9,0,0.0,1.4,IDLE,0.00,0.00,0.00,0,0.0,0,0,0.0,0.0
0.2000,8668,0.0,0.0,0.361,13.198,0.00,0.00,782.5,782.5,502.9,0,0.0,1.4,IDLE,0.00,0.00,0.00,0,0.0,0,0,0.0,0.0
0.2500,8718,0.0,0.0,0.538,13.198,0.00,0.00,781.9,781.9,502.9,0,0.0,1.4,IDLE,0.00,0.00,0.00,0,0.0,0,0,0.0,0.0
0.3000,8768,0.0,0.0,0.538,13.198,0.00,0.00,781.9,781.9,502.0,0,0.0,1.0,IDLE,0.00,0.00,0.00,0,0.0,0,0,0.0,0.0
0.3500,8818,0.0,0.0,0.538,13.198,0.00,0.00,781.9,781.9,502.0,0,0.0,1.0,IDLE,0.00,0.00,0.00,0,0.0,0,0,0.0,0.0
0.4000,8868,0.0,0.0,0.251,13.198,0.00,0.00,762.5,762.5,502.0,0,0.0,1.0,IDLE,0.00,0.00,0.00,0,0.0,0,0,0.0,0.0
0.4500,8918,0.0,0.0,0.251,13.198,0.00,0.00,762.5,762.5,503.1,0,0.0,1.6,IDLE,0.00,0.00,0.00,0,0.0,0,0,0.0,0.0
0.5000,8968,0.0,0.0,0.251,13.198,0.00,0.00,762.5,762.5,503.1,0,0.0,1.6,IDLE,0.00,0.00,0.00,0,0.0,0,0,0.0,0.0
0.5500,9018,0.0,0.0,0.059,13.198,0.00,0.00,764.1,764.1,503.1,0,0.0,1.6,IDLE,0.00,0.00,0.00,0,0.0,0,0,0.0,0.0
0.6000,9068,0.0,0.0,0.059,13.198,0.00,0.00,764.1,764.1,503.1,0,0.0,1.6,IDLE,0.00,0.00,0.00,0,0.0,0,0,0.0,0.0
0.6500,9118,0.0,0.0,0.059,13.198,0.00,0.00,764.1,764.1,503.0,0,0.0,1.5,IDLE,0.00,0.00,0.00,0,0.0,0,0,0.0,0.0
0.7000,9168,0.0,0.0,0.059,13.198,0.00,0.00,764.1,764.1,503.0,0,0.0,1.5,IDLE,0.00,0.00,0.00,0,0.0,0,0,0.0,0.0
0.7500,9218,0.0,0.0,0.059,13.198,0.00,0.00,770.3,770.3,503.0,0,0.0,1.5,IDLE,0.00,0.00,0.00,0,0.0,0,0,0.0,0.0
0.8000,9268,0.0,0.0,0.059,13.198,0.00,0.00,770.3,770.3,502.5,0,0.0,1.2,IDLE,0.00,0.00,0.00,0,0.0,0,0,0.0,0.0
0.8500,9318,0.0,0.0,0.059,13.198,0.00,0.00,770.3,770.3,502.5,0,0.0,1.2,IDLE,0.00,0.00,0.00,0,0.0,0,0,0.0,0.0
0.9000,9368,0.0,0.0,0.081,13.198,0.00,0.00,771.6,771.6,502.5,0,0.0,1.2,IDLE,0.00,0.00,0.00,0,0.0,0,0,0.0,0.0
0.9500,9418,0.0,0.0,0.081,13.198,0.00,0.00,771.6,771.6,502.5,0,0.0,1.2,IDLE,0.00,0.00,0.00,0,0.0,0,0,0.0,0.0
1.0000,9468,0.0,0.0,0.081,13.198,0.00,0.00,771.6,771.6,502.5,0,0.0,1.2,IDLE,0.00,0.00,0.00,0,0.0,0,0,0.0,0.0
1.0500,9518,0.0,0.0,0.302,13.198,0.00,0.00,780.3,780.3,502.5,0,0.0,1.2,IDLE,0.00,0.00,0.00,0,0.0,0,0,0.0,0.0
1.1000,9568,0.0,0.0,0.302,13.198,0.00,0.00,780.3,780.3,500.8,0,0.0,0.4,IDLE,0.00,0.00,0.00,0,0.0,0,0,0.0,0.0
1.1500,9618,0.0,0.0,0.302,13.198,0.00,0.00,780.3,780.3,500.8,0,0.0,0.4,IDLE,0.00,0.00,0.00,0,0.0,0,0,0.0,0.0
1.2000,9668,0.0,0.0,0.111,13.198,0.00,0.00,777.5,777.5,500.8,0,0.0,0.4,IDLE,0.00,0.00,0.00,0,0.0,0,0,0.0,0.0
1.2500,9718,0.0,0.0,0.111,13.198,0.00,0.00,777.5,777.5,500.8,0,0.0,0.4,IDLE,0.00,0.00,0.00,0,0.0,0,0,0.0,0.0
1.3000,9768,0.0,0.0,0.111,13.198,0.00,0.00,777.5,777.5,502.5,0,0.0,1.2,IDLE,0.00,0.00,0.00,0,0.0,0,0,0.0,0.0
1.3500,9818,0.0,0.0,0.111,13.198,0.00,0.00,777.5,777.5,502.5,0,0.0,1.2,IDLE,0.00,0.00,0.00,0,0.0,0,0,0.0,0.0
1.4000,9868,0.0,0.0,-0.155,13.198,0.00,0.00,775.3,775.3,502.5,0,0.0,1.2,IDLE,0.00,0.00,0.00,0,0.0,0,0,0.0,0.0
1.4500,9918,0.0,0.0,-0.155,13.198,0.00,0.00,775.3,775.3,502.1,0,0.0,1.1,IDLE,0.00,0.00,0.00,0,0.0,0,0,0.0,0.0
1.5000,9968,0.0,0.0,-0.155,13.198,0.00,0.00,775.3,775.3,502.1,0,0.0,1.1,IDLE,0.00,0.00,0.00,0,0.0,0,0,0.0,0.0
1.5500,10018,0.0,0.0,-0.339,13.198,0.00,0.00,775.0,775.0,502.1,0,0.0,1.1,IDLE,0.00,0.00,0.00,0,0.0,0,0,0.0,0.0
1.6000,10068,0.0,0.0,-0.339,13.198,0.00,0.00,775.0,775.0,503.6,0,0.0,1.8,IDLE,0.00,0.00,0.00,0,0.0,0,0,0.0,0.0
1.6500,10118,0.0,0.0,-0.339,13.198,0.00,0.00,775.0,775.0,503.6,0,0.0,1.8,IDLE,0.00,0.00,0.00,0,0.0,0,0,0.0,0.0
1.7000,10168,0.0,0.0,-0.398,13.198,0.00,0.00,779.7,779.7,503.6,0,0.0,1.8,IDLE,0.00,0.00,0.00,0,0.0,0,0,0.0,0.0
1.7500,10218,0.0,0.0,-0.398,13.198,0.00,0.00,779.7,779.7,503.4,0,0.0,1.7,IDLE,0.00,0.00,0.00,0,0.0,0,0,0.0,0.0
1.8000,10268,0.0,0.0,-0.398,13.198,0.00,0.00,779.7,779.7,503.4,0,0.0,1.7,IDLE,0.00,0.00,0.00,0,0.0,0,0,0.0,0.0
1.8500,10318,0.0,0.0,-0.391,13.198,0.00,0.00,782.2,782.2,503.4,0,0.0,1.7,IDLE,0.00,0.00,0.00,0,0.0,0,0,0.0,0.0
1.9000,10368,0.0,0.0,-0.391,13.198,0.00,0.00,782.2,782.2,502.0,0,0.0,1.0,IDLE,0.00,0.00,0.00,0,0.0,0,0,0.0,0.0
1.9500,10418,0.0,0.0,-0.391,13.198,0.00,0.00,782.2,782.2,502.0,0,0.0,1.0,IDLE,0.00,0.00,0.00,0,0.0,0,0,0.0,0.0
2.0000,10468,0.0,0.0,-0.125,13.198,0.00,0.00,774.7,774.7,502.0,0,0.0,1.0,IDLE,0.00,0.00,0.00,0,0.0,0,0,0.0,0.0
2.0500,10518,0.0,0.0,-0.125,13.198,0.00,0.00,774.7,774.7,502.0,0,0.0,1.0,IDLE,0.00,0.00,0.00,0,0.0,0,0,0.0,0.0
2.1000,10568,0.0,0.0,-0.125,13.198,0.00,0.00,774.7,774.7,502.9,0,0.0,1.4,IDLE,0.00,0.00,0.00,0,0.0,0,0,0.0,0.0
2.1500,10618,0.0,0.0,-0.125,13.198,0.00,0.00,774.7,774.7,502.9,0,0.0,1.4,IDLE,0.00,0.00,0.00,0,0.0,0,0,0.0,0.0
2.2000,10668,0.0,0.0,0.096,13.198,0.00,0.00,774.1,774.1,502.9,0,0.0,1.4,IDLE,0.00,0.00,0.00,0,0.0,0,0,0.0,0.0
2.2500,10718,0.0,0.0,0.096,13.198,0.00,0.00,774.1,774.1,503.1,0,0.0,1.6,IDLE,0.00,0.00,0.00,0,0.0,0,0,0.0,0.0
2.3000,10768,0.0,0.0,0.096,13.198,0.00,0.00,774.1,774.1,503.1,0,0.0,1.6,IDLE,0.00,0.00,0.00,0,0.0,0,0,0.0,0.0
2.3500,10818,0.0,0.0,0.266,13.198,0.00,0.00,777.8,777.8,503.1,0,0.0,1.6,IDLE,0.00,0.00,0.00,0,0.0,0,0,0.0,0.0
2.4000,10868,0.0,0.0,0.266,13.198,0.00,0.00,777.8,777.8,501.9,0,0.0,0.9,IDLE,0.00,0.00,0.00,0,0.0,0,0,0.0,0.0
2.4500,10918,0.0,0.0,0.266,13.198,0.00,0.00,777.8,777.8,501.9,0,0.0,0.9,IDLE,0.00,0.00,0.00,0,0.0,0,0,0.0,0.0
2.5000,10968,0.0,0.0,0.428,13.198,0.00,0.00,779.1,779.1,501.9,0,0.0,0.9,IDLE,0.00,0.00,0.00,0,0.0,0,0,0.0,0.0
2.5500,11018,0.0,0.0,0.428,13.198,0.00,0.00,779.1,779.1,502.3,0,0.0,1.1,IDLE,0.00,0.00,0.00,0,0.0,0,0,0.0,0.0
2.6000,11068,0.0,0.0,0.428,13.198,0.00,0.00,779.1,779.1,502.3,0,0.0,1.1,IDLE,0.00,0.00,0.00,0,0.0,0,0,0.0,0.0
2.6500,11118,0.0,0.0,0.612,13.198,0.00,0.00,788.4,788.4,502.3,0,0.0,1.1,IDLE,0.00,0.00,0.00,0,0.0,0,0,0.0,0.0
2.7000,11168,0.0,0.0,0.612,13.198,0.00,0.00,788.4,788.4,503.0,0,0.0,1.5,IDLE,0.00,0.00,0.00,0,0.0,0,0,0.0,0.0
2.7500,11218,0.0,0.0,0.612,13.198,0.00,0.00,788.4,788.4,503.0,0,0.0,1.5,IDLE,0.00,0.00,0.00,0,0.0,0,0,0.0,0.0
2.8000,11268,0.0,0.0,0.863,13.198,0.00,0.00,789.1,789.1,503.0,0,0.0,1.5,IDLE,0.00,0.00,0.00,0,0.0,0,0,0.0,0.0
2.8500,11318,0.0,0.0,0.863,13.198,0.00,0.00,789.1,789.1,503.0,0,0.0,1.5,IDLE,0.00,0.00,0.00,0,0.0,0,0,0.0,0.0
2.9000,11368,0.0,0.0,0.863,13.198,0.00,0.00,789.1,789.1,503.5,0,0.0,1.8,IDLE,0.00,0.00,0.00,0,0.0,0,0,0.0,0.0
2.9500,11418,0.0,0.0,0.863,13.198,0.00,0.00,789.1,789.1,503.5,0,0.0,1.8,IDLE,0.00,0.00,0.00,0,0.0,0,0,0.0,0.0
3.0000,11468,0.0,0.0,1.143,13.198,0.00,0.00,787.8,787.8,503.5,0,0.0,1.8,IDLE,0.00,0.00,0.00,0,0.0,0,0,0.0,0.0
3.0500,11518,0.0,0.0,1.143,13.198,0.00,0.00,787.8,787.8,501.1,0,0.0,0.6,IDLE,0.00,0.00,0.00,0,0.0,0,0,0.0,0.0
3.1000,11568,0.0,0.0,1.143,13.198,0.00,0.00,787.8,787.8,501.1,0,0.0,0.6,IDLE,0.00,0.00,0.00,0,0.0,0,0,0.0,0.0
3.1500,11618,0.0,0.0,1.033,13.198,0.00,0.00,770.0,770.0,501.1,0,0.0,0.6,IDLE,0.00,0.00,0.00,0,0.0,0,0,0.0,0.0
3.2000,11668,0.0,0.0,1.033,13.198,0.00,0.00,770.0,770.0,502.3,0,0.0,1.1,IDLE,0.00,0.00,0.00,0,0.0,0,0,0.0,0.0
3.2500,11718,0.0,0.0,1.033,13.198,0.00,0.00,770.0,770.0,502.3,0,0.0,1.1,IDLE,0.00,0.00,0.00,0,0.0,0,0,0.0,0.0
3.3000,11768,0.0,0.0,0.833,13.198,0.00,0.00,770.6,770.6,502.3,0,0.0,1.1,IDLE,0.00,0.00,0.00,0,0.0,0,0,0.0,0.0
3.3500,11818,0.0,0.0,0.833,13.198,0.00,0.00,770.6,770.6,503.2,0,0.0,1.6,IDLE,0.00,0.00,0.00,0,0.0,0,0,0.0,0.0
3.4000,11868,0.0,0.0,0.833,13.198,0.00,0.00,770.6,770.6,503.2,0,0.0,1.6,IDLE,0.00,0.00,0.00,0,0.0,0,0,0.0,0.0
3.4500,11918,0.0,0.0,0.487,13.198,0.00,0.00,766.6,766.6,503.2,0,0.0,1.6,IDLE,0.00,0.00,0.00,0,0.0,0,0,0.0,0.0
3.5000,11968,0.0,0.0,0.487,13.198,0.00,0.00,766.6,766.6,503.2,0,0.0,1.6,IDLE,0.00,0.00,0.00,0,0.0,0,0,0.0,0.0
3.5500,12018,0.0,0.0,0.487,13.198,0.00,0.00,766.6,766.6,502.6,0,0.0,1.3,IDLE,0.00,0.00,0.00,0,0.0,0,0,0.0,0.0
3.6000,12068,0.0,0.0,0.487,13.198,0.00,0.00,766.6,766.6,502.6,0,0.0,1.3,IDLE,0.00,0.00,0.00,0,0.0,0,0,0.0,0.0
3.6500,12118,0.0,0.0,0.347,13.198,0.00,0.00,768.4,768.4,502.6,0,0.0,1.3,IDLE,0.00,0.00,0.00,0,0.0,0,0,0.0,0.0
3.7000,12168,0.0,0.0,0.347,13.198,0.00,0.00,768.4,768.4,502.5,0,0.0,1.2,IDLE,0.00,0.00,0.00,0,0.0,0,0,0.0,0.0
3.7500,12218,0.0,0.0,0.347,13.198,0.00,0.00,768.4,768.4,502.5,0,0.0,1.2,IDLE,0.00,0.00,0.00,0,0.0,0,0,0.0,0.0
3.8000,12268,0.0,0.0,0.391,13.198,0.00,0.00,775.9,775.9,502.5,0,0.0,1.2,IDLE,0.00,0.00,0.00,0,0.0,0,0,0.0,0.0
3.8500,12318,0.0,0.0,0.391,13.198,0.00,0.00,775.9,775.9,502.6,0,0.0,1.3,IDLE,0.00,0.00,0.00,0,0.0,0,0,0.0,0.0
3.9000,12368,0.0,0.0,0.391,13.198,0.00,0.00,775.9,775.9,502.6,0,0.0,1.3,IDLE,0.00,0.00,0.00,0,0.0,0,0,0.0,0.0
3.9500,12418,0.0,0.0,0.302,13.198,0.00,0.00,774.1,774.1,502.6,0,0.0,1.3,IDLE,0.00,0.00,0.00,0,0.0,0,0,0.0,0.0
4.0000,12468,0.0,0.0,0.302,13.198,0.00,0.00,774.1,774.1,503.0,0,0.0,1.5,IDLE,0.00,0.00,0.00,0,0.0,0,0,0.0,0.0
4.0500,12518,0.0,0.0,0.302,13.198,0.00,0.00,774.1,774.1,503.0,0,0.0,1.5,IDLE,0.00,0.00,0.00,0,0.0,0,0,0.0,0.0
4.1000,12568,0.0,0.0,0.192,13.198,0.00,0.00,774.1,774.1,503.0,0,0.0,1.5,IDLE,0.00,0.00,0.00,0,0.0,0,0,0.0,0.0
4.1500,12618,0.0,0.0,0.192,13.198,0.00,0.00,774.1,774.1,503.1,0,0.0,1.6,IDLE,0.00,0.00,0.00,0,0.0,0,0,0.0,0.0
4.2000,12668,0.0,0.0,0.192,13.198,0.00,0.00,774.1,774.1,503.1,0,0.0,1.6,IDLE,0.00,0.00,0.00,0,0.0,0,0,0.0,0.0
4.2500,12718,0.0,0.0,-0.177,13.198,0.00,0.00,771.6,771.6,503.1,0,0.0,1.6,IDLE,0.00,0.00,0.00,0,0.0,0,0,0.0,0.0
4.3000,12768,0.0,0.0,-0.177,13.198,0.00,0.00,771.6,771.6,503.1,0,0.0,1.6,IDLE,0.00,0.00,0.00,0,0.0,0,0,0.0,0.0
4.3500,12818,0.0,0.0,-0.177,13.198,0.00,0.00,771.6,771.6,502.8,0,0.0,1.4,IDLE,0.00,0.00,0.00,0,0.0,0,0,0.0,0.0
4.4000,12868,0.0,0.0,-0.177,13.198,0.00,0.00,771.6,771.6,502.8,0,0.0,1.4,IDLE,0.00,0.00,0.00,0,0.0,0,0,0.0,0.0
4.4500,12918,0.0,0.0,-0.376,13.198,0.00,0.00,780.3,780.3,502.8,0,0.0,1.4,IDLE,0.00,0.00,0.00,0,0.0,0,0,0.0,0.0
4.5000,12968,0.0,0.0,-0.376,13.198,0.00,0.00,780.3,780.3,502.8,0,0.0,1.4,IDLE,0.00,0.00,0.00,0,0.0,0,0,0.0,0.0
4.5500,13018,0.0,0.0,-0.376,13.198,0.00,0.00,780.3,780.3,502.8,0,0.0,1.4,IDLE,0.00,0.00,0.00,0,0.0,0,0,0.0,0.0
4.6000,13068,0.0,0.0,-0.494,13.198,0.00,0.00,782.5,782.5,502.8,0,0.0,1.4,IDLE,0.00,0.00,0.00,0,0.0,0,0,0.0,0.0
4.6500,13118,0.0,0.0,-0.494,13.198,0.00,0.00,782.5,782.5,502.1,0,0.0,1.1,IDLE,0.00,0.00,0.00,0,0.0,0,0,0.0,0.0
4.7000,13168,0.0,0.0,-0.494,13.198,0.00,0.00,782.5,782.5,502.1,0,0.0,1.1,IDLE,0.00,0.00,0.00,0,0.0,0,0,0.0,0.0
4.7500,13218,0.0,0.0,-0.207,13.198,0.00,0.00,782.8,782.8,502.1,0,0.0,1.1,IDLE,0.00,0.00,0.00,0,0.0,0,0,0.0,0.0
4.8000,13268,0.0,0.0,-0.207,13.198,0.00,0.00,782.8,782.8,502.5,0,0.0,1.2,IDLE,0.00,0.00,0.00,0,0.0,0,0,0.0,0.0
4.8500,13318,0.0,0.0,-0.207,13.198,0.00,0.00,782.8,782.8,502.5,0,0.0,1.2,IDLE,0.00,0.00,0.00,0,0.0,0,0,0.0,0.0
4.9000,13368,0.0,0.0,0.096,13.198,0.00,0.00,784.4,784.4,502.5,0,0.0,1.2,IDLE,0.00,0.00,0.00,0,0.0,0,0,0.0,0.0
4.9500,13418,0.0,0.0,0.096,13.198,0.00,0.00,784.4,784.4,502.5,0,0.0,1.2,IDLE,0.00,0.00,0.00,0,0.0,0,0,0.0,0.0
5.0000,13468,0.0,0.0,0.096,13.198,0.00,0.00,784.4,784.4,503.0,0,0.0,1.5,IDLE,0.00,0.00,0.00,0,0.0,0,0,0.0,0.0
5.0500,13518,0.0,0.0,0.096,13.198,0.00,0.00,784.4,784.4,503.0,0,0.0,1.5,IDLE,0.00,0.00,0.00,0,0.0,0,0,0.0,0.0
5.1000,13568,0.0,0.0,0.066,13.198,0.00,0.00,765.3,765.3,503.0,0,0.0,1.5,IDLE,0.00,0.00,0.00,0,0.0,0,0,0.0,0.0
5.1500,13618,0.0,0.0,0.066,13.198,0.00,0.00,765.3,765.3,502.4,0,0.0,1.2,IDLE,0.00,0.00,0.00,0,0.0,0,0,0.0,0.0
5.2000,13668,0.0,0.0,0.066,13.198,0.00,0.00,765.3,765.3,502.4,0,0.0,1.2,IDLE,0.00,0.00,0.00,0,0.0,0,0,0.0,0.0
5.2500,13718,0.0,0.0,-0.015,13.198,0.00,0.00,764.7,764.7,502.4,0,0.0,1.2,IDLE,0.00,0.00,0.00,0,0.0,0,0,0.0,0.0
5.3000,13768,0.0,0.0,-0.015,13.198,0.00,0.00,764.7,764.7,502.1,0,0.0,1.1,IDLE,0.00,0.00,0.00,0,0.0,0,0,0.0,0.0
5.3500,13818,0.0,0.0,-0.015,13.198,0.00,0.00,764.7,764.7,502.1,0,0.0,1.1,IDLE,0.00,0.00,0.00,0,0.0,0,0,0.0,0.0
5.4000,13868,0.0,0.0,-0.221,13.198,0.00,0.00,766.6,766.6,502.1,0,0.0,1.1,IDLE,0.00,0.00,0.00,0,0.0,0,0,0.0,0.0
5.4500,13918,0.0,0.0,-0.221,13.198,0.00,0.00,766.6,766.6,502.9,0,0.0,1.4,IDLE,0.00,0.00,0.00,0,0.0,0,0,0.0,0.0
5.5000,13968,0.0,0.0,-0.221,13.198,0.00,0.00,766.6,766.6,502.9,0,0.0,1.4,IDLE,0.00,0.00,0.00,0,0.0,0,0,0.0,0.0
5.5500,14018,0.0,0.0,-0.332,13.198,0.00,0.00,769.1,769.1,502.9,0,0.0,1.4,IDLE,0.00,0.00,0.00,0,0.0,0,0,0.0,0.0
5.6000,14068,0.0,0.0,-0.332,13.198,0.00,0.00,769.1,769.1,501.9,0,0.0,0.9,IDLE,0.00,0.00,0.00,0,0.0,0,0,0.0,0.0
5.6500,14118,0.0,0.0,-0.332,13.198,0.00,0.00,769.1,769.1,501.9,0,0.0,0.9,IDLE,0.00,0.00,0.00,0,0.0,0,0,0.0,0.0
5.7000,14168,0.0,0.0,0.243,13.198,0.00,0.00,800.0,800.0,501.9,0,0.0,0.9,IDLE,0.00,0.00,0.00,0,0.0,0,0,0.0,0.0
5.7500,14218,0.0,0.0,0.243,13.198,0.00,0.00,800.0,800.0,501.9,0,0.0,0.9,IDLE,0.00,0.00,0.00,0,0.0,1,0,0.0,0.0
5.8000,14268,0.0,0.0,0.243,13.198,0.00,0.00,800.0,800.0,503.0,0,0.0,1.5,IDLE,0.00,0.00,0.00,0,0.0,1,0,0.0,0.0
5.8500,14318,0.0,0.0,0.243,13.198,0.00,0.00,800.0,800.0,503.0,0,0.0,1.5,IDLE,0.00,0.00,0.00,0,0.0,1,0,0.0,0.0
5.9000,14368,0.0,0.0,-0.302,13.198,0.00,0.00,746.9,746.9,503.0,0,0.0,1.5,IDLE,0.00,0.00,0.00,0,0.0,1,0,0.0,0.0
5.9500,14418,0.0,0.0,-0.302,13.198,0.00,0.00,746.9,746.9,502.5,0,0.0,1.2,IDLE,0.00,0.00,0.00,0,0.0,2,0,0.0,0.0
6.0000,14468,0.0,0.0,-0.302,13.198,0.00,0.00,746.9,746.9,502.5,0,0.0,1.2,IDLE,0.00,0.00,0.00,0,0.0,2,0,0.0,0.0
6.0500,14518,0.0,0.0,-0.384,13.198,0.00,0.00,776.9,776.9,502.5,0,0.0,1.2,IDLE,0.00,0.00,0.00,0,0.0,2,0,0.0,0.0
6.1000,14568,0.0,0.0,-0.384,13.198,0.00,0.00,776.9,776.9,503.0,0,0.0,1.5,IDLE,0.00,0.00,0.00,0,0.0,3,0,0.0,0.0
6.1500,14618,0.0,0.0,-0.384,13.198,0.00,0.00,776.9,776.9,503.0,0,0.0,1.5,IDLE,0.00,0.00,0.00,0,0.0,3,0,0.0,0.0
6.2000,14668,0.0,0.0,-3.076,13.198,0.00,0.00,660.6,660.6,503.0,0,0.0,1.5,IDLE,0.00,0.00,0.00,0,0.0,3,0,0.0,0.0
6.2500,14718,0.0,0.0,-3.076,13.198,0.00,0.00,660.6,660.6,503.2,0,0.0,1.6,IDLE,0.00,0.00,0.00,0,0.0,4,0,0.0,0.0
6.3000,14768,0.0,0.0,-3.076,13.198,0.00,0.00,660.6,660.6,503.2,0,0.0,1.6,IDLE,0.00,0.00,0.00,0,0.0,5,0,0.0,0.0
6.3500,14818,0.0,0.0,5.960,13.198,0.00,0.00,1191.2,1191.2,503.2,0,0.0,1.6,IDLE,0.00,0.00,0.00,0,0.0,7,0,0.0,0.0
6.4000,14868,0.0,0.0,5.960,13.198,0.00,0.00,1191.2,1191.2,503.2,0,0.0,1.6,IDLE,0.00,0.00,0.00,0,0.0,9,0,0.0,0.0
6.4500,14918,0.0,0.0,5.960,13.198,0.00,0.00,1191.2,1191.2,503.1,0,0.0,1.6,IDLE,0.00,0.00,0.00,0,0.0,11,0,0.0,848.6
6.5000,14968,0.0,911.0,5.960,13.198,1.03,2.29,1191.2,1191.2,503.1,0,0.0,1.6,IDLE,0.00,0.00,0.00,0,0.0,11,0,911.0,922.2
6.5500,15018,0.0,911.0,6.815,13.198,1.18,2.29,823.1,823.1,503.1,0,0.0,1.6,IDLE,0.00,0.00,0.00,0,0.0,11,0,911.0,928.1
6.6000,15068,0.0,950.6,6.815,13.198,1.23,2.39,823.1,823.1,503.4,0,0.0,1.7,IDLE,0.00,0.00,0.00,0,0.0,11,0,950.6,962.4
6.6500,15118,0.0,950.6,6.815,13.198,1.23,2.39,823.1,823.1,503.4,0,0.0,1.7,IDLE,0.00,0.00,0.00,0,0.0,12,0,950.6,972.6
6.7000,15168,0.0,949.8,10.901,13.198,1.97,2.39,949.7,949.7,503.4,0,0.0,1.7,IDLE,0.00,0.00,0.00,0,0.0,12,0,949.8,934.9
6.7500,15218,0.0,949.8,10.901,13.198,1.97,2.39,949.7,949.7,503.0,0,0.0,1.5,IDLE,0.00,0.00,0.00,0,0.0,12,0,949.8,893.2
6.8000,15268,0.0,867.6,10.901,13.198,1.80,2.18,949.7,949.7,503.0,0,0.0,1.5,IDLE,0.00,0.00,0.00,0,0.0,12,0,867.6,858.5
6.8500,15318,0.0,867.6,7.029,13.198,1.16,2.18,590.0,590.0,503.0,0,0.0,1.5,IDLE,0.00,0.00,0.00,0,0.0,13,0,867.6,847.9
6.9000,15368,0.0,828.1,7.029,13.198,1.11,2.08,590.0,590.0,503.5,0,0.0,1.8,IDLE,0.00,0.00,0.00,0,0.0,13,0,828.1,821.3
6.9500,15418,0.0,828.1,7.029,13.198,1.11,2.08,590.0,590.0,503.5,0,0.0,1.8,IDLE,0.00,0.00,0.00,0,0.0,14,0,828.1,802.3
7.0000,15468,0.0,828.1,6.196,13.198,0.98,2.08,728.8,728.8,503.5,0,0.0,1.8,IDLE,0.00,0.00,0.00,0,0.0,16,0,828.1,802.3
7.0500,15518,0.0,828.1,6.196,13.198,0.98,2.08,728.8,728.8,503.0,0,0.0,1.5,IDLE,0.00,0.00,0.00,0,0.0,17,0,828.1,802.3
7.1000,15568,0.0,828.1,6.196,13.198,0.98,2.08,728.8,728.8,503.0,0,0.0,1.5,IDLE,0.00,0.00,0.00,0,0.0,19,0,828.1,802.3
7.1500,15618,0.0,828.1,5.650,13.198,0.89,2.08,744.4,744.4,503.0,0,0.0,1.5,IDLE,0.00,0.00,0.00,0,0.0,21,0,828.1,802.3
7.2000,15668,0.0,828.1,5.650,13.198,0.89,2.08,744.4,744.4,503.0,0,0.0,1.5,IDLE,0.00,0.00,0.00,0,0.0,22,0,828.1,802.3
7.2500,15718,0.0,828.1,5.650,13.198,0.89,2.08,744.4,744.4,503.5,0,0.0,1.8,IDLE,0.00,0.00,0.00,0,0.0,24,0,828.1,802.3
7.3000,15768,0.0,828.1,5.650,13.198,0.89,2.08,744.4,744.4,503.5,0,0.0,1.8,IDLE,0.00,0.00,0.00,0,0.0,26,0,828.1,802.3
7.3500,15818,0.0,828.1,5.406,13.198,0.85,2.08,789.1,789.1,503.5,0,0.0,1.8,IDLE,0.00,0.00,0.00,0,0.0,27,0,828.1,802.3
7.4000,15868,0.0,828.1,5.406,13.198,0.85,2.08,789.1,789.1,503.6,0,0.0,1.8,IDLE,0.00,0.00,0.00,0,0.0,29,0,828.1,802.3
7.4500,15918,0.0,828.1,5.406,13.198,0.85,2.08,789.1,789.1,503.6,0,0.0,1.8,IDLE,0.00,0.00,0.00,0,0.0,31,0,828.1,802.3
7.5000,15968,0.0,828.1,5.369,13.198,0.85,2.08,745.3,745.3,503.6,0,0.0,1.8,IDLE,0.00,0.00,0.00,0,0.0,33,0,828.1,802.3
7.5500,16018,0.0,828.1,5.369,13.198,0.85,2.08,745.3,745.3,503.2,0,0.0,1.6,IDLE,0.00,0.00,0.00,0,0.0,35,0,828.1,802.3
7.6000,16068,0.0,828.1,5.369,13.198,0.85,2.08,745.3,745.3,503.2,0,0.0,1.6,IDLE,0.00,0.00,0.00,0,0.0,38,0,828.1,802.3
7.6500,16118,0.0,828.1,5.539,13.198,0.87,2.08,784.4,784.4,503.2,0,0.0,1.6,IDLE,0.00,0.00,0.00,0,0.0,40,0,828.1,802.3
7.7000,16168,0.0,828.1,5.539,13.198,0.87,2.08,784.4,784.4,503.6,0,0.0,1.8,IDLE,0.00,0.00,0.00,0,0.0,42,0,828.1,802.3
7.7500,16218,0.0,828.1,5.539,13.198,0.87,2.08,784.4,784.4,503.6,0,0.0,1.8,IDLE,0.00,0.00,0.00,0,0.0,44,0,828.1,802.3
7.8000,16268,0.0,828.1,8.216,13.198,1.30,2.08,781.6,781.6,503.6,0,0.0,1.8,IDLE,0.00,0.00,0.00,0,0.0,46,0,828.1,802.3
7.8500,16318,0.0,828.1,8.216,13.198,1.30,2.08,781.6,781.6,503.6,0,0.0,1.8,IDLE,0.00,0.00,0.00,0,0.0,48,0,828.1,802.3
7.9000,16368,0.0,828.1,8.216,13.198,1.30,2.08,781.6,781.6,504.4,0,0.0,2.2,IDLE,0.00,0.00,0.00,0,0.0,50,0,828.1,802.3
7.9500,16418,0.0,828.1,8.216,13.198,1.30,2.08,781.6,781.6,504.4,0,0.0,2.2,IDLE,0.00,0.00,0.00,0,0.0,52,0,828.1,802.3
8.0000,16468,0.0,828.1,-1.497,13.198,-0.24,2.08,752.2,752.2,504.4,0,0.0,2.2,IDLE,0.00,0.00,0.00,0,0.0,55,0,828.1,802.3
8.0500,16518,0.0,828.1,-1.497,13.198,-0.24,2.08,752.2,752.2,503.4,0,0.0,1.7,IDLE,0.00,0.00,0.00,0,0.0,57,0,828.1,802.3
8.1000,16568,0.0,828.1,-1.497,13.198,-0.24,2.08,752.2,752.2,503.4,0,0.0,1.7,IDLE,0.00,0.00,0.00,0,0.0,59,0,828.1,802.3
8.1500,16618,0.0,828.1,-2.353,13.198,-0.37,2.08,784.7,784.7,503.4,0,0.0,1.7,IDLE,0.00,0.00,0.00,0,0.0,61,0,828.1,802.3
8.2000,16668,0.0,828.1,-2.353,13.198,-0.37,2.08,784.7,784.7,502.6,0,0.0,1.3,IDLE,0.00,0.00,0.00,0,0.0,62,0,828.1,802.3
8.2500,16718,0.0,828.1,-2.353,13.198,-0.37,2.08,784.7,784.7,502.6,0,0.0,1.3,IDLE,0.00,0.00,0.00,0,0.0,64,0,828.1,802.3
8.3000,16768,0.0,828.1,-6.336,13.198,-1.00,2.08,769.7,769.7,502.6,0,0.0,1.3,IDLE,0.00,0.00,0.00,0,0.0,66,0,828.1,802.3
8.3500,16818,0.0,828.1,-6.336,13.198,-1.00,2.08,769.7,769.7,502.1,0,0.0,1.1,IDLE,0.00,0.00,0.00,0,0.0,67,0,828.1,802.3
8.4000,16868,0.0,828.1,-6.336,13.198,-1.00,2.08,769.7,769.7,502.1,0,0.0,1.1,IDLE,0.00,0.00,0.00,0,0.0,69,0,828.1,802.3
8.4500,16918,0.0,828.1,-0.959,13.198,-0.15,2.08,832.8,832.8,502.1,0,0.0,1.1,IDLE,0.00,0.00,0.00,0,0.0,71,0,828.1,802.3
8.5000,16968,0.0,828.1,-0.959,13.198,-0.15,2.08,832.8,832.8,503.0,0,0.0,1.5,IDLE,0.00,0.00,0.00,0,0.0,72,0,828.1,802.3
8.5500,17018,0.0,828.1,-0.959,13.198,-0.15,2.08,832.8,832.8,503.0,0,0.0,1.5,IDLE,0.00,0.00,0.00,0,0.0,74,0,828.1,802.3
8.6000,17068,0.0,828.1,-0.974,13.198,-0.15,2.08,728.1,728.1,503.0,0,0.0,1.5,IDLE,0.00,0.00,0.00,0,0.0,76,0,828.1,802.3
8.6500,17118,0.0,828.1,-0.974,13.198,-0.15,2.08,728.1,728.1,503.0,0,0.0,1.5,IDLE,0.00,0.00,0.00,0,0.0,77,0,828.1,802.3
8.7000,17168,0.0,828.1,-0.974,13.198,-0.15,2.08,728.1,728.1,501.4,0,0.0,0.7,IDLE,0.00,0.00,0.00,0,0.0,79,0,828.1,802.3
8.7500,17218,0.0,828.1,-0.974,13.198,-0.15,2.08,728.1,728.1,501.4,0,0.0,0.7,IDLE,0.00,0.00,0.00,0,0.0,80,0,828.1,802.3
8.8000,17268,0.0,828.1,1.151,13.198,0.18,2.08,840.3,840.3,501.4,0,0.0,0.7,IDLE,0.00,0.00,0.00,0,0.0,82,0,828.1,802.3
8.8500,17318,0.0,828.1,1.151,13.198,0.18,2.08,840.3,840.3,502.6,0,0.0,1.3,IDLE,0.00,0.00,0.00,0,0.0,84,0,828.1,802.3
8.9000,17368,0.0,828.1,1.151,13.198,0.18,2.08,840.3,840.3,502.6,0,0.0,1.3,IDLE,0.00,0.00,0.00,0,0.0,85,0,828.1,802.3
8.9500,17418,0.0,828.1,1.357,13.198,0.21,2.08,798.4,798.4,502.6,0,0.0,1.3,IDLE,0.00,0.00,0.00,0,0.0,87,0,828.1,802.3
9.0000,17468,0.0,828.1,1.357,13.198,0.21,2.08,798.4,798.4,501.5,0,0.0,0.8,IDLE,0.00,0.00,0.00,0,0.0,89,0,828.1,802.3
9.0500,17518,0.0,828.1,1.357,13.198,0.21,2.08,798.4,798.4,501.5,0,0.0,0.8,IDLE,0.00,0.00,0.00,0,0.0,90,0,828.1,802.3
9.1000,17568,0.0,828.1,2.463,13.198,0.39,2.08,795.3,795.3,501.5,0,0.0,0.8,IDLE,0.00,0.00,0.00,0,0.0,92,0,828.1,802.3
9.1500,17618,0.0,828.1,2.463,13.198,0.39,2.08,795.3,795.3,503.2,0,0.0,1.6,IDLE,0.00,0.00,0.00,0,0.0,94,0,828.1,802.3
9.2000,17668,0.0,828.1,2.463,13.198,0.39,2.08,795.3,795.3,503.2,0,0.0,1.6,IDLE,0.00,0.00,0.00,0,0.0,95,0,828.1,802.3
9.2500,17718,0.0,828.1,2.906,13.198,0.46,2.08,804.4,804.4,503.2,0,0.0,1.6,IDLE,0.00,0.00,0.00,0,0.0,97,0,828.1,802.3
9.3000,17768,0.0,828.1,2.906,13.198,0.46,2.08,804.4,804.4,503.2,0,0.0,1.6,IDLE,0.00,0.00,0.00,0,0.0,99,0,828.1,802.3
9.3500,17818,0.0,828.1,2.906,13.198,0.46,2.08,804.4,804.4,502.1,0,0.0,1.1,IDLE,0.00,0.00,0.00,0,0.0,100,0,828.1,802.3
9.4000,17868,0.0,828.1,2.906,13.198,0.46,2.08,804.4,804.4,502.1,0,0.0,1.1,IDLE,0.00,0.00,0.00,0,0.0,102,0,828.1,802.3
9.4500,17918,0.0,828.1,2.980,13.198,0.47,2.08,785.0,785.0,502.1,0,0.0,1.1,IDLE,0.00,0.00,0.00,0,0.0,103,0,828.1,802.3
9.5000,17968,0.0,828.1,2.980,13.198,0.47,2.08,785.0,785.0,503.0,0,0.0,1.5,IDLE,0.00,0.00,0.00,0,0.0,105,0,828.1,802.3
9.5500,18018,0.0,828.1,2.980,13.198,0.47,2.08,785.0,785.0,503.0,0,0.0,1.5,IDLE,0.00,0.00,0.00,0,0.0,106,0,828.1,802.3
9.6000,18068,0.0,828.1,3.732,13.198,0.59,2.08,786.2,786.2,503.0,0,0.0,1.5,IDLE,0.00,0.00,0.00,0,0.0,108,0,828.1,802.3
9.6500,18118,0.0,828.1,3.732,13.198,0.59,2.08,786.2,786.2,502.3,0,0.0,1.1,IDLE,0.00,0.00,0.00,0,0.0,110,0,828.1,802.3
9.7000,18168,0.0,828.1,3.732,13.198,0.59,2.08,786.2,786.2,502.3,0,0.0,1.1,IDLE,0.00,0.00,0.00,0,0.0,111,0,828.1,802.3
9.7500,18218,0.0,828.1,1.468,13.198,0.23,2.08,682.2,682.2,502.3,0,0.0,1.1,IDLE,0.00,0.00,0.00,0,0.0,113,0,828.1,802.3
9.8000,18268,0.0,828.1,1.468,13.198,0.23,2.08,682.2,682.2,503.0,0,0.0,1.5,IDLE,0.00,0.00,0.00,0,0.0,115,0,828.1,802.3
9.8500,18318,0.0,828.1,1.468,13.198,0.23,2.08,682.2,682.2,503.0,0,0.0,1.5,IDLE,0.00,0.00,0.00,0,0.0,117,0,828.1,802.3
9.9000,18368,0.0,828.1,1.851,13.198,0.29,2.08,787.2,787.2,503.0,0,0.0,1.5,IDLE,0.00,0.00,0.00,0,0.0,119,0,828.1,802.3
9.9500,18418,0.0,828.1,1.851,13.198,0.29,2.08,787.2,787.2,501.6,0,0.0,0.8,IDLE,0.00,0.00,0.00,0,0.0,120,0,828.1,802.3
10.0000,18468,0.0,828.1,1.851,13.198,0.29,2.08,787.2,787.2,501.6,0,0.0,0.8,IDLE,0.00,0.00,0.00,0,0.0,122,0,828.1,802.3
10.0500,18518,0.0,828.1,-3.024,13.198,-0.48,2.08,612.5,612.5,501.6,0,0.0,0.8,IDLE,0.00,0.00,0.00,0,0.0,124,0,828.1,802.3
10.1000,18568,0.0,828.1,-3.024,13.198,-0.48,2.08,612.5,612.5,501.6,0,0.0,0.8,IDLE,0.00,0.00,0.00,0,0.0,125,0,828.1,802.3
10.1500,18618,0.0,828.1,-3.024,13.198,-0.48,2.08,612.5,612.5,503.4,0,0.0,1.7,IDLE,0.00,0.00,0.00,0,0.0,127,0,828.1,802.3
10.2000,18668,0.0,828.1,-3.024,13.198,-0.48,2.08,612.5,612.5,503.4,0,0.0,1.7,IDLE,0.00,0.00,0.00,0,0.0,128,0,828.1,802.3
10.2500,18718,0.0,828.1,-5.067,13.198,-0.80,2.08,635.6,635.6,503.4,0,0.0,1.7,IDLE,0.00,0.00,0.00,0,0.0,130,0,828.1,802.3
10.3000,18768,0.0,828.1,-5.067,13.198,-0.80,2.08,635.6,635.6,503.0,0,0.0,1.5,IDLE,0.00,0.00,0.00,0,0.0,133,0,828.1,802.3
10.3500,18818,0.0,828.1,-5.067,13.198,-0.80,2.08,635.6,635.6,503.0,0,0.0,1.5,IDLE,0.00,0.00,0.00,0,0.0,135,0,828.1,802.3
10.4000,18868,0.0,828.1,-9.677,13.198,-1.53,2.08,631.9,631.9,503.0,0,0.0,1.5,IDLE,0.00,0.00,0.00,0,0.0,136,0,828.1,802.3
10.4500,18918,0.0,828.1,-9.677,13.198,-1.53,2.08,631.9,631.9,501.9,0,0.0,0.9,IDLE,0.00,0.00,0.00,0,0.0,138,0,828.1,802.3
10.5000,18968,0.0,828.1,-9.677,13.198,-1.53,2.08,631.9,631.9,501.9,0,0.0,0.9,IDLE,0.00,0.00,0.00,0,0.0,140,0,828.1,802.3
10.5500,19018,0.0,828.1,-12.612,13.198,-1.99,2.08,665.9,665.9,501.9,0,0.0,0.9,IDLE,0.00,0.00,0.00,0,0.0,142,0,828.1,802.3
10.6000,19068,0.0,828.1,-12.612,13.198,-1.99,2.08,665.9,665.9,502.0,0,0.0,1.0,IDLE,0.00,0.00,0.00,0,0.0,144,0,828.1,802.3
10.6500,19118,0.0,828.1,-12.612,13.198,-1.99,2.08,665.9,665.9,502.0,0,0.0,1.0,IDLE,0.00,0.00,0.00,0,0.0,146,0,828.1,802.3
10.7000,19168,0.0,828.1,-7.036,13.198,-1.11,2.08,1047.2,1047.2,502.0,0,0.0,1.0,IDLE,0.00,0.00,0.00,0,0.0,148,0,828.1,802.3
10.7500,19218,0.0,828.1,-7.036,13.198,-1.11,2.08,1047.2,1047.2,502.1,0,0.0,1.1,IDLE,0.00,0.00,0.00,0,0.0,149,0,828.1,802.3
10.8000,19268,0.0,828.1,-7.036,13.198,-1.11,2.08,1047.2,1047.2,502.1,0,0.0,1.1,IDLE,0.00,0.00,0.00,0,0.0,151,0,828.1,802.3
10.8500,19318,0.0,828.1,-8.047,13.198,-1.27,2.08,758.8,758.8,502.1,0,0.0,1.1,IDLE,0.00,0.00,0.00,0,0.0,153,0,828.1,802.3
10.9000,19368,0.0,828.1,-8.047,13.198,-1.27,2.08,758.8,758.8,502.1,0,0.0,1.1,IDLE,0.00,0.00,0.00,0,0.0,154,0,828.1,802.3
10.9500,19418,0.0,828.1,-8.047,13.198,-1.27,2.08,758.8,758.8,501.8,0,0.0,0.9,IDLE,0.00,0.00,0.00,0,0.0,156,0,828.1,802.3
11.0000,19468,0.0,828.1,-8.047,13.198,-1.27,2.08,758.8,758.8,501.8,0,0.0,0.9,IDLE,0.00,0.00,0.00,0,0.0,158,0,828.1,802.3
11.0500,19518,0.0,828.1,-8.054,13.198,-1.27,2.08,784.7,784.7,501.8,0,0.0,0.9,IDLE,0.00,0.00,0.00,0,0.0,159,0,828.1,802.3
11.1000,19568,0.0,828.1,-8.054,13.198,-1.27,2.08,784.7,784.7,502.0,0,0.0,1.0,IDLE,0.00,0.00,0.00,0,0.0,161,0,828.1,802.3
11.1500,19618,0.0,828.1,-8.054,13.198,-1.27,2.08,784.7,784.7,502.0,0,0.0,1.0,IDLE,0.00,0.00,0.00,0,0.0,163,0,828.1,802.3
11.2000,19668,0.0,828.1,-6.616,13.198,-1.04,2.08,851.2,851.2,502.0,0,0.0,1.0,IDLE,0.00,0.00,0.00,0,0.0,164,0,828.1,802.3
11.2500,19718,0.0,828.1,-6.616,13.198,-1.04,2.08,851.2,851.2,501.8,0,0.0,0.9,IDLE,0.00,0.00,0.00,0,0.0,166,0,828.1,802.3
11.3000,19768,0.0,828.1,-6.616,13.198,-1.04,2.08,851.2,851.2,501.8,0,0.0,0.9,IDLE,0.00,0.00,0.00,0,0.0,168,0,828.1,802.3
11.3500,19818,0.0,828.1,-4.654,13.198,-0.73,2.08,770.9,770.9,501.8,0,0.0,0.9,IDLE,0.00,0.00,0.00,0,0.0,169,0,828.1,802.3
11.4000,19868,0.0,828.1,-4.654,13.198,-0.73,2.08,770.9,770.9,502.3,0,0.0,1.1,IDLE,0.00,0.00,0.00,0,0.0,171,0,828.1,802.3
11.4500,19918,0.0,828.1,-4.654,13.198,-0.73,2.08,770.9,770.9,502.3,0,0.0,1.1,IDLE,0.00,0.00,0.00,0,0.0,173,0,828.1,802.3
11.5000,19968,0.0,828.1,-10.768,13.198,-1.70,2.08,510.9,510.9,502.3,0,0.0,1.1,IDLE,0.00,0.00,0.00,0,0.0,174,0,828.1,802.3
11.5500,20018,0.0,828.1,-10.768,13.198,-1.70,2.08,510.9,510.9,502.3,0,0.0,1.1,IDLE,0.00,0.00,0.00,0,0.0,176,0,828.1,802.3
11.6000,20068,0.0,828.1,-10.768,13.198,-1.70,2.08,510.9,510.9,500.0,0,0.0,0.0,IDLE,0.00,0.00,0.00,0,0.0,178,0,828.1,802.3
11.6500,20118,0.0,828.1,-10.768,13.198,-1.70,2.08,510.9,510.9,500.0,0,0.0,0.0,IDLE,0.00,0.00,0.00,0,0.0,179,0,828.1,802.3
11.7000,20168,0.0,828.1,-5.679,13.198,-0.90,2.08,842.5,842.5,500.0,0,0.0,0.0,IDLE,0.00,0.00,0.00,0,0.0,181,0,828.1,802.3
11.7500,20218,0.0,828.1,-5.679,13.198,-0.90,2.08,842.5,842.5,502.0,0,0.0,1.0,IDLE,0.00,0.00,0.00,0,0.0,183,0,828.1,802.3
11.8000,20268,0.0,828.1,-5.679,13.198,-0.90,2.08,842.5,842.5,502.0,0,0.0,1.0,IDLE,0.00,0.00,0.00,0,0.0,184,0,828.1,802.3
11.8500,20318,0.0,828.1,-5.723,13.198,-0.90,2.08,633.4,633.4,502.0,0,0.0,1.0,IDLE,0.00,0.00,0.00,0,0.0,186,0,828.1,802.3
11.9000,20368,0.0,828.1,-5.723,13.198,-0.90,2.08,633.4,633.4,502.1,0,0.0,1.1,IDLE,0.00,0.00,0.00,0,0.0,188,0,828.1,802.3
11.9500,20418,0.0,828.1,-5.723,13.198,-0.90,2.08,633.4,633.4,502.1,0,0.0,1.1,IDLE,0.00,0.00,0.00,0,0.0,189,0,828.1,802.3
12.0000,20468,0.0,828.1,-2.043,13.198,-0.32,2.08,798.1,798.1,502.1,0,0.0,1.1,IDLE,0.00,0.00,0.00,0,0.0,191,0,828.1,802.3
12.0500,20518,0.0,828.1,-2.043,13.198,-0.32,2.08,798.1,798.1,502.4,0,0.0,1.2,IDLE,0.00,0.00,0.00,0,0.0,194,0,828.1,802.3
12.1000,20568,0.0,828.1,-2.043,13.198,-0.32,2.08,798.1,798.1,502.4,0,0.0,1.2,IDLE,0.00,0.00,0.00,0,0.0,195,0,828.1,802.3
12.1500,20618,0.0,828.1,-2.006,13.198,-0.32,2.08,667.8,667.8,502.4,0,0.0,1.2,IDLE,0.00,0.00,0.00,0,0.0,197,0,828.1,802.3
12.2000,20668,0.0,828.1,-2.006,13.198,-0.32,2.08,667.8,667.8,500.9,0,0.0,0.4,IDLE,0.00,0.00,0.00,0,0.0,199,0,828.1,802.3
12.2500,20718,0.0,828.1,-2.006,13.198,-0.32,2.08,667.8,667.8,500.9,0,0.0,0.4,IDLE,0.00,0.00,0.00,0,0.0,200,0,828.1,802.3
12.3000,20768,0.0,828.1,-9.596,13.198,-1.51,2.08,704.1,704.1,500.9,0,0.0,0.4,IDLE,0.00,0.00,0.00,0,0.0,202,0,828.1,802.3
12.3500,20818,0.0,828.1,-9.596,13.198,-1.51,2.08,704.1,704.1,500.9,0,0.0,0.4,IDLE,0.00,0.00,0.00,0,0.0,203,0,828.1,802.3
12.4000,20868,0.0,828.1,-9.596,13.198,-1.51,2.08,704.1,704.1,503.6,0,0.0,1.8,IDLE,0.00,0.00,0.00,0,0.0,205,0,828.1,802.3
12.4500,20918,0.0,828.1,-9.596,13.198,-1.51,2.08,704.1,704.1,503.6,0,0.0,1.8,IDLE,0.00,0.00,0.00,0,0.0,207,0,828.1,802.3
12.5000,20968,0.0,828.1,-12.236,13.198,-1.93,2.08,639.4,639.4,503.6,0,0.0,1.8,IDLE,0.00,0.00,0.00,0,0.0,208,0,828.1,802.3
12.5500,21018,0.0,828.1,-12.236,13.198,-1.93,2.08,639.4,639.4,503.5,0,0.0,1.8,IDLE,0.00,0.00,0.00,0,0.0,210,0,828.1,802.3
12.6000,21068,0.0,828.1,-12.236,13.198,-1.93,2.08,639.4,639.4,503.5,0,0.0,1.8,IDLE,0.00,0.00,0.00,0,0.0,211,0,828.1,802.3
12.6500,21118,0.0,828.1,-12.244,13.198,-1.93,2.08,784.4,784.4,503.5,0,0.0,1.8,IDLE,0.00,0.00,0.00,0,0.0,213,0,828.1,802.3
12.7000,21168,0.0,828.1,-12.244,13.198,-1.93,2.08,784.4,784.4,503.0,0,0.0,1.5,IDLE,0.00,0.00,0.00,0,0.0,215,0,828.1,802.3
12.7500,21218,0.0,828.1,-12.244,13.198,-1.93,2.08,784.4,784.4,503.0,0,0.0,1.5,IDLE,0.00,0.00,0.00,0,0.0,216,0,828.1,802.3
12.8000,21268,0.0,828.1,-15.186,13.198,-2.39,2.08,718.4,718.4,503.0,0,0.0,1.5,IDLE,0.00,0.00,0.00,0,0.0,218,0,828.1,802.3
12.8500,21318,0.0,828.1,-15.186,13.198,-2.39,2.08,718.4,718.4,501.4,0,0.0,0.7,IDLE,0.00,0.00,0.00,0,0.0,219,0,828.1,802.3
12.9000,21368,0.0,828.1,-15.186,13.198,-2.39,2.08,718.4,718.4,501.4,0,0.0,0.7,IDLE,0.00,0.00,0.00,0,0.0,221,0,828.1,802.3
12.9500,21418,0.0,828.1,-14.028,13.198,-2.21,2.08,823.1,823.1,501.4,0,0.0,0.7,IDLE,0.00,0.00,0.00,0,0.0,223,0,828.1,802.3
13.0000,21468,0.0,828.1,-14.028,13.198,-2.21,2.08,823.1,823.1,501.4,0,0.0,0.7,IDLE,0.00,0.00,0.00,0,0.0,224,0,828.1,802.3
13.0500,21518,0.0,828.1,-14.028,13.198,-2.21,2.08,823.1,823.1,503.2,0,0.0,1.6,IDLE,0.00,0.00,0.00,0,0.0,227,0,828.1,802.3
13.1000,21568,0.0,828.1,-14.028,13.198,-2.21,2.08,823.1,823.1,503.2,0,0.0,1.6,IDLE,0.00,0.00,0.00,0,0.0,229,0,828.1,802.3
13.1500,21618,0.0,828.1,-6.631,13.198,-1.05,2.08,845.3,845.3,503.2,0,0.0,1.6,IDLE,0.00,0.00,0.00,0,0.0,230,0,828.1,802.3
13.2000,21668,0.0,828.1,-6.631,13.198,-1.05,2.08,845.3,845.3,502.9,0,0.0,1.4,IDLE,0.00,0.00,0.00,0,0.0,232,0,828.1,802.3
13.2500,21718,0.0,828.1,-6.631,13.198,-1.05,2.08,845.3,845.3,502.9,0,0.0,1.4,IDLE,0.00,0.00,0.00,0,0.0,233,0,828.1,802.3
13.3000,21768,0.0,828.1,-6.778,13.198,-1.07,2.08,835.9,835.9,502.9,0,0.0,1.4,IDLE,0.00,0.00,0.00,0,0.0,236,0,828.1,802.3
13.3500,21818,0.0,828.1,-6.778,13.198,-1.07,2.08,835.9,835.9,502.9,0,0.0,1.4,IDLE,0.00,0.00,0.00,0,0.0,238,0,828.1,802.3
13.4000,21868,0.0,828.1,-6.778,13.198,-1.07,2.08,835.9,835.9,502.9,0,0.0,1.4,IDLE,0.00,0.00,0.00,0,0.0,241,0,828.1,802.3
13.4500,21918,0.0,828.1,-5.628,13.198,-0.89,2.08,685.3,685.3,502.9,0,0.0,1.4,IDLE,0.00,0.00,0.00,0,0.0,242,0,828.1,802.3
13.5000,21968,0.0,828.1,-5.628,13.198,-0.89,2.08,685.3,685.3,502.9,0,0.0,1.4,IDLE,0.00,0.00,0.00,0,0.0,244,0,828.1,802.3
13.5500,22018,0.0,828.1,-5.628,13.198,-0.89,2.08,685.3,685.3,502.9,0,0.0,1.4,IDLE,0.00,0.00,0.00,0,0.0,245,0,828.1,802.3
13.6000,22068,0.0,828.1,-3.946,13.198,-0.62,2.08,874.1,874.1,502.9,0,0.0,1.4,IDLE,0.00,0.00,0.00,0,0.0,247,0,828.1,802.3
13.6500,22118,0.0,828.1,-3.946,13.198,-0.62,2.08,874.1,874.1,502.8,0,0.0,1.4,IDLE,0.00,0.00,0.00,0,0.0,250,0,828.1,802.3
13.7000,22168,0.0,828.1,-3.946,13.198,-0.62,2.08,874.1,874.1,502.8,0,0.0,1.4,IDLE,0.00,0.00,0.00,0,0.0,251,0,828.1,802.3
13.7500,22218,0.0,828.1,-5.362,13.198,-0.85,2.08,603.8,603.8,502.8,0,0.0,1.4,IDLE,0.00,0.00,0.00,0,0.0,253,0,828.1,802.3
13.8000,22268,0.0,828.1,-5.362,13.198,-0.85,2.08,603.8,603.8,502.8,0,0.0,1.4,IDLE,0.00,0.00,0.00,0,0.0,254,0,828.1,802.3
13.8500,22318,0.0,828.1,-5.362,13.198,-0.85,2.08,603.8,603.8,501.4,0,0.0,0.7,IDLE,0.00,0.00,0.00,0,0.0,256,0,828.1,802.3
13.9000,22368,0.0,828.1,-5.362,13.198,-0.85,2.08,603.8,603.8,501.4,0,0.0,0.7,IDLE,0.00,0.00,0.00,0,0.0,257,0,828.1,802.3
13.9500,22418,0.0,828.1,-2.758,13.198,-0.43,2.08,821.9,821.9,501.4,0,0.0,0.7,IDLE,0.00,0.00,0.00,0,0.0,259,0,828.1,802.3
14.0000,22468,0.0,828.1,-2.758,13.198,-0.43,2.08,821.9,821.9,503.5,0,0.0,1.8,IDLE,0.00,0.00,0.00,0,0.0,261,0,828.1,802.3
14.0500,22518,0.0,828.1,-2.758,13.198,-0.43,2.08,821.9,821.9,503.5,0,0.0,1.8,IDLE,0.00,0.00,0.00,0,0.0,262,0,828.1,802.3
14.1000,22568,0.0,828.1,-1.741,13.198,-0.27,2.08,685.3,685.3,503.5,0,0.0,1.8,IDLE,0.00,0.00,0.00,0,0.0,264,0,828.1,802.3
14.1500,22618,0.0,828.1,-1.741,13.198,-0.27,2.08,685.3,685.3,503.5,0,0.0,1.8,IDLE,0.00,0.00,0.00,0,0.0,265,0,828.1,802.3
14.2000,22668,0.0,828.1,-1.741,13.198,-0.27,2.08,685.3,685.3,503.5,0,0.0,1.8,IDLE,0.00,0.00,0.00,0,0.0,267,0,828.1,802.3
14.2500,22718,0.0,828.1,3.201,13.198,0.50,2.08,1007.8,1007.8,503.5,0,0.0,1.8,IDLE,0.00,0.00,0.00,0,0.0,268,0,828.1,802.3
14.3000,22768,0.0,828.1,3.201,13.198,0.50,2.08,1007.8,1007.8,502.3,0,0.0,1.1,IDLE,0.00,0.00,0.00,0,0.0,270,0,828.1,802.3
14.3500,22818,0.0,828.1,3.201,13.198,0.50,2.08,1007.8,1007.8,502.3,0,0.0,1.1,IDLE,0.00,0.00,0.00,0,0.0,272,0,828.1,802.3
14.4000,22868,0.0,828.1,1.999,13.198,0.32,2.08,664.1,664.1,502.3,0,0.0,1.1,IDLE,0.00,0.00,0.00,0,0.0,273,0,828.1,802.3
14.4500,22918,0.0,828.1,1.999,13.198,0.32,2.08,664.1,664.1,502.3,0,0.0,1.1,IDLE,0.00,0.00,0.00,0,0.0,275,0,828.1,802.3
14.5000,22968,0.0,828.1,1.999,13.198,0.32,2.08,664.1,664.1,503.4,0,0.0,1.7,IDLE,0.00,0.00,0.00,0,0.0,276,0,828.1,802.3
14.5500,23018,0.0,828.1,1.999,13.198,0.32,2.08,664.1,664.1,503.4,0,0.0,1.7,IDLE,0.00,0.00,0.00,0,0.0,278,0,828.1,802.3
14.6000,23068,0.0,828.1,4.116,13.198,0.65,2.08,918.8,918.8,503.4,0,0.0,1.7,IDLE,0.00,0.00,0.00,0,0.0,280,0,828.1,802.3
14.6500,23118,0.0,828.1,4.116,13.198,0.65,2.08,918.8,918.8,502.6,0,0.0,1.3,IDLE,0.00,0.00,0.00,0,0.0,282,0,828.1,802.3
14.7000,23168,0.0,828.1,4.116,13.198,0.65,2.08,918.8,918.8,502.6,0,0.0,1.3,IDLE,0.00,0.00,0.00,0,0.0,283,0,828.1,802.3
14.7500,23218,0.0,828.1,-0.015,13.198,-0.00,2.08,658.8,658.8,502.6,0,0.0,1.3,IDLE,0.00,0.00,0.00,0,0.0,285,0,828.1,802.3
14.8000,23268,0.0,828.1,-0.015,13.198,-0.00,2.08,658.8,658.8,502.1,0,0.0,1.1,IDLE,0.00,0.00,0.00,0,0.0,286,0,828.1,802.3
14.8500,23318,0.0,828.1,-0.015,13.198,-0.00,2.08,658.8,658.8,502.1,0,0.0,1.1,IDLE,0.00,0.00,0.00,0,0.0,288,0,828.1,802.3
14.9000,23368,0.0,828.1,-1.055,13.198,-0.17,2.08,788.8,788.8,502.1,0,0.0,1.1,IDLE,0.00,0.00,0.00,0,0.0,290,0,828.1,802.3
14.9500,23418,0.0,828.1,-1.055,13.198,-0.17,2.08,788.8,788.8,501.5,0,0.0,0.8,IDLE,0.00,0.00,0.00,0,0.0,291,0,828.1,802.3
15.0000,23468,0.0,828.1,-1.055,13.198,-0.17,2.08,788.8,788.8,501.5,0,0.0,0.8,IDLE,0.00,0.00,0.00,0,0.0,293,0,828.1,802.3
15.0500,23518,0.0,828.1,2.559,13.198,0.40,2.08,848.8,848.8,501.5,0,0.0,0.8,IDLE,0.00,0.00,0.00,0,0.0,295,0,828.1,802.3
15.1000,23568,0.0,828.1,2.559,13.198,0.40,2.08,848.8,848.8,503.5,0,0.0,1.8,IDLE,0.00,0.00,0.00,0,0.0,296,0,828.1,802.3
15.1500,23618,0.0,828.1,2.559,13.198,0.40,2.08,848.8,848.8,503.5,0,0.0,1.8,IDLE,0.00,0.00,0.00,0,0.0,299,0,828.1,802.3
15.2000,23668,0.0,828.1,-0.266,13.198,-0.04,2.08,746.2,746.2,503.5,0,0.0,1.8,IDLE,0.00,0.00,0.00,0,0.0,300,0,828.1,802.3
15.2500,23718,0.0,828.1,-0.266,13.198,-0.04,2.08,746.2,746.2,503.5,0,0.0,1.8,IDLE,0.00,0.00,0.00,0,0.0,302,0,828.1,802.3
15.3000,23768,0.0,828.1,-0.266,13.198,-0.04,2.08,746.2,746.2,500.8,0,0.0,0.4,IDLE,0.00,0.00,0.00,0,0.0,304,0,828.1,802.3
15.3500,23818,0.0,828.1,-0.266,13.198,-0.04,2.08,746.2,746.2,500.8,0,0.0,0.4,IDLE,0.00,0.00,0.00,0,0.0,305,0,828.1,802.3
15.4000,23868,0.0,828.1,3.319,13.198,0.52,2.08,765.9,765.9,500.8,0,0.0,0.4,IDLE,0.00,0.00,0.00,0,0.0,308,0,828.1,802.3
15.4500,23918,0.0,828.1,3.319,13.198,0.52,2.08,765.9,765.9,502.9,0,0.0,1.4,IDLE,0.00,0.00,0.00,0,0.0,309,0,828.1,802.3
15.5000,23968,0.0,828.1,3.319,13.198,0.52,2.08,765.9,765.9,502.9,0,0.0,1.4,IDLE,0.00,0.00,0.00,0,0.0,311,0,828.1,802.3
15.5500,24018,0.0,828.1,2.500,13.198,0.39,2.08,785.0,785.0,502.9,0,0.0,1.4,IDLE,0.00,0.00,0.00,0,0.0,313,0,828.1,802.3
15.6000,24068,0.0,828.1,2.500,13.198,0.39,2.08,785.0,785.0,503.4,0,0.0,1.7,IDLE,0.00,0.00,0.00,0,0.0,314,0,828.1,802.3
15.6500,24118,0.0,828.1,2.500,13.198,0.39,2.08,785.0,785.0,503.4,0,0.0,1.7,IDLE,0.00,0.00,0.00,0,0.0,316,0,828.1,802.3
15.7000,24168,0.0,828.1,3.548,13.198,0.56,2.08,732.5,732.5,503.4,0,0.0,1.7,IDLE,0.00,0.00,0.00,0,0.0,318,0,828.1,802.3
15.7500,24218,0.0,828.1,3.548,13.198,0.56,2.08,732.5,732.5,501.1,0,0.0,0.6,IDLE,0.00,0.00,0.00,0,0.0,320,0,828.1,802.3
15.8000,24268,0.0,828.1,3.548,13.198,0.56,2.08,732.5,732.5,501.1,0,0.0,0.6,IDLE,0.00,0.00,0.00,0,0.0,322,0,828.1,802.3
15.8500,24318,0.0,828.1,-0.627,13.198,-0.10,2.08,819.1,819.1,501.1,0,0.0,0.6,IDLE,0.00,0.00,0.00,0,0.0,323,0,828.1,802.3
15.9000,24368,0.0,828.1,-0.627,13.198,-0.10,2.08,819.1,819.1,501.1,0,0.0,0.6,IDLE,0.00,0.00,0.00,0,0.0,326,0,828.1,802.3
15.9500,24418,0.0,828.1,-0.627,13.198,-0.10,2.08,819.1,819.1,503.4,0,0.0,1.7,IDLE,0.00,0.00,0.00,0,0.0,328,0,828.1,802.3
16.0000,24468,0.0,828.1,-0.627,13.198,-0.10,2.08,819.1,819.1,503.4,0,0.0,1.7,IDLE,0.00,0.00,0.00,0,0.0,329,0,828.1,802.3
16.0500,24518,0.0,828.1,4.861,13.198,0.77,2.08,912.2,912.2,503.4,0,0.0,1.7,IDLE,0.00,0.00,0.00,0,0.0,332,0,828.1,802.3
16.1000,24568,0.0,828.1,4.861,13.198,0.77,2.08,912.2,912.2,501.8,0,0.0,0.9,IDLE,0.00,0.00,0.00,0,0.0,334,0,828.1,802.3
16.1500,24618,0.0,828.1,4.861,13.198,0.77,2.08,912.2,912.2,501.8,0,0.0,0.9,IDLE,0.00,0.00,0.00,0,0.0,335,0,828.1,802.3
16.2000,24668,0.0,828.1,1.106,13.198,0.17,2.08,749.1,749.1,501.8,0,0.0,0.9,IDLE,0.00,0.00,0.00,0,0.0,338,0,828.1,802.3
16.2500,24718,0.0,828.1,1.106,13.198,0.17,2.08,749.1,749.1,500.1,0,0.0,0.1,IDLE,0.00,0.00,0.00,0,0.0,339,0,828.1,802.3
16.3000,24768,0.0,828.1,1.106,13.198,0.17,2.08,749.1,749.1,500.1,0,0.0,0.1,IDLE,0.00,0.00,0.00,0,0.0,341,0,828.1,802.3
16.3500,24818,0.0,828.1,3.710,13.198,0.58,2.08,776.2,776.2,500.1,0,0.0,0.1,IDLE,0.00,0.00,0.00,0,0.0,342,0,828.1,802.3
16.4000,24868,0.0,828.1,3.710,13.198,0.58,2.08,776.2,776.2,501.5,0,0.0,0.8,IDLE,0.00,0.00,0.00,0,0.0,344,0,828.1,802.3
16.4500,24918,0.0,828.1,3.710,13.198,0.58,2.08,776.2,776.2,501.5,0,0.0,0.8,IDLE,0.00,0.00,0.00,0,0.0,346,0,828.1,802.3
16.5000,24968,0.0,828.1,5.303,13.198,0.84,2.08,860.9,860.9,501.5,0,0.0,0.8,IDLE,0.00,0.00,0.00,0,0.0,347,0,828.1,802.3
16.5500,25018,0.0,828.1,5.303,13.198,0.84,2.08,860.9,860.9,501.5,0,0.0,0.8,IDLE,0.00,0.00,0.00,0,0.0,349,0,828.1,802.3
16.6000,25068,0.0,828.1,5.303,13.198,0.84,2.08,860.9,860.9,501.5,0,0.0,0.8,IDLE,0.00,0.00,0.00,0,0.0,350,0,828.1,802.3
16.6500,25118,0.0,828.1,1.136,13.198,0.18,2.08,660.3,660.3,501.5,0,0.0,0.8,IDLE,0.00,0.00,0.00,0,0.0,352,0,828.1,802.3
16.7000,25168,0.0,828.1,1.136,13.198,0.18,2.08,660.3,660.3,501.5,0,0.0,0.8,IDLE,0.00,0.00,0.00,0,0.0,353,0,828.1,802.3
16.7500,25218,0.0,828.1,1.136,13.198,0.18,2.08,660.3,660.3,501.4,0,0.0,0.7,IDLE,0.00,0.00,0.00,0,0.0,355,0,828.1,802.3
16.8000,25268,0.0,828.1,1.136,13.198,0.18,2.08,660.3,660.3,501.4,0,0.0,0.7,IDLE,0.00,0.00,0.00,0,0.0,356,0,828.1,802.3
16.8500,25318,0.0,828.1,0.420,13.198,0.07,2.08,714.1,714.1,501.4,0,0.0,0.7,IDLE,0.00,0.00,0.00,0,0.0,358,0,828.1,802.3
16.9000,25368,0.0,828.1,0.420,13.198,0.07,2.08,714.1,714.1,501.3,0,0.0,0.6,IDLE,0.00,0.00,0.00,0,0.0,359,0,828.1,802.3
16.9500,25418,0.0,828.1,0.420,13.198,0.07,2.08,714.1,714.1,501.3,0,0.0,0.6,IDLE,0.00,0.00,0.00,0,0.0,361,0,828.1,802.3
17.0000,25468,0.0,828.1,5.746,13.198,0.91,2.08,1006.6,1006.6,501.3,0,0.0,0.6,IDLE,0.00,0.00,0.00,0,0.0,363,0,828.1,802.3
17.0500,25518,0.0,828.1,5.746,13.198,0.91,2.08,1006.6,1006.6,503.8,0,0.0,1.9,IDLE,0.00,0.00,0.00,0,0.0,365,0,828.1,802.3
17.1000,25568,0.0,828.1,5.746,13.198,0.91,2.08,1006.6,1006.6,503.8,0,0.0,1.9,IDLE,0.00,0.00,0.00,0,0.0,367,0,828.1,802.3
17.1500,25618,0.0,828.1,6.970,13.198,1.10,2.08,840.3,840.3,503.8,0,0.0,1.9,IDLE,0.00,0.00,0.00,0,0.0,369,0,828.1,802.3
17.2000,25668,0.0,828.1,6.970,13.198,1.10,2.08,840.3,840.3,500.4,0,0.0,0.2,IDLE,0.00,0.00,0.00,0,0.0,371,0,828.1,802.3
17.2500,25718,0.0,828.1,6.970,13.198,1.10,2.08,840.3,840.3,500.4,0,0.0,0.2,IDLE,0.00,0.00,0.00,0,0.0,372,0,828.1,802.3
17.3000,25768,0.0,828.1,7.693,13.198,1.21,2.08,765.3,765.3,500.4,0,0.0,0.2,IDLE,0.00,0.00,0.00,0,0.0,374,0,828.1,802.3
17.3500,25818,0.0,828.1,7.693,13.198,1.21,2.08,765.3,765.3,500.4,0,0.0,0.2,IDLE,0.00,0.00,0.00,0,0.0,376,0,828.1,802.3
17.4000,25868,0.0,828.1,7.693,13.198,1.21,2.08,765.3,765.3,501.3,0,0.0,0.6,IDLE,0.00,0.00,0.00,0,0.0,377,0,828.1,802.3
17.4500,25918,0.0,828.1,7.693,13.198,1.21,2.08,765.3,765.3,501.3,0,0.0,0.6,IDLE,0.00,0.00,0.00,0,0.0,379,0,828.1,802.3
17.5000,25968,0.0,828.1,3.120,13.198,0.49,2.08,612.2,612.2,501.3,0,0.0,0.6,IDLE,0.00,0.00,0.00,0,0.0,382,0,828.1,802.3
17.5500,26018,0.0,828.1,3.120,13.198,0.49,2.08,612.2,612.2,500.4,0,0.0,0.2,IDLE,0.00,0.00,0.00,0,0.0,383,0,828.1,802.3
17.6000,26068,0.0,828.1,3.120,13.198,0.49,2.08,612.2,612.2,500.4,0,0.0,0.2,IDLE,0.00,0.00,0.00,0,0.0,385,0,828.1,802.3
17.6500,26118,0.0,828.1,1.674,13.198,0.26,2.08,846.9,846.9,500.4,0,0.0,0.2,IDLE,0.00,0.00,0.00,0,0.0,386,0,828.1,802.3
17.7000,26168,0.0,828.1,1.674,13.198,0.26,2.08,846.9,846.9,501.0,0,0.0,0.5,IDLE,0.00,0.00,0.00,0,0.0,388,0,828.1,802.3
17.7500,26218,0.0,828.1,1.674,13.198,0.26,2.08,846.9,846.9,501.0,0,0.0,0.5,IDLE,0.00,0.00,0.00,0,0.0,390,0,828.1,802.3
17.8000,26268,0.0,828.1,1.873,13.198,0.30,2.08,758.1,758.1,501.0,0,0.0,0.5,IDLE,0.00,0.00,0.00,0,0.0,391,0,828.1,802.3
17.8500,26318,0.0,828.1,1.873,13.198,0.30,2.08,758.1,758.1,503.0,0,0.0,1.5,IDLE,0.00,0.00,0.00,0,0.0,393,0,828.1,802.3
17.9000,26368,0.0,828.1,1.873,13.198,0.30,2.08,758.1,758.1,503.0,0,0.0,1.5,IDLE,0.00,0.00,0.00,0,0.0,394,0,828.1,802.3
17.9500,26418,0.0,828.1,-0.148,13.198,-0.02,2.08,685.0,685.0,503.0,0,0.0,1.5,IDLE,0.00,0.00,0.00,0,0.0,396,0,828.1,802.3
18.0000,26468,0.0,828.1,-0.148,13.198,-0.02,2.08,685.0,685.0,502.1,0,0.0,1.1,IDLE,0.00,0.00,0.00,0,0.0,398,0,828.1,802.3
18.0500,26518,0.0,828.1,-0.148,13.198,-0.02,2.08,685.0,685.0,502.1,0,0.0,1.1,IDLE,0.00,0.00,0.00,0,0.0,399,0,828.1,802.3
18.1000,26568,0.0,828.1,-4.167,13.198,-0.66,2.08,679.1,679.1,502.1,0,0.0,1.1,IDLE,0.00,0.00,0.00,0,0.0,401,0,828.1,802.3
18.1500,26618,0.0,828.1,-4.167,13.198,-0.66,2.08,679.1,679.1,502.1,0,0.0,1.1,IDLE,0.00,0.00,0.00,0,0.0,403,0,828.1,802.3
18.2000,26668,0.0,828.1,-4.167,13.198,-0.66,2.08,679.1,679.1,499.9,0,0.0,-0.1,IDLE,0.00,0.00,0.00,0,0.0,405,0,828.1,802.3
18.2500,26718,0.0,828.1,-4.167,13.198,-0.66,2.08,679.1,679.1,499.9,0,0.0,-0.1,IDLE,0.00,0.00,0.00,0,0.0,406,0,828.1,802.3
18.3000,26768,0.0,828.1,-0.583,13.198,-0.09,2.08,822.5,822.5,499.9,0,0.0,-0.1,IDLE,0.00,0.00,0.00,0,0.0,408,0,828.1,802.3
18.3500,26818,0.0,828.1,-0.583,13.198,-0.09,2.08,822.5,822.5,501.1,0,0.0,0.6,IDLE,0.00,0.00,0.00,0,0.0,411,0,828.1,802.3
18.4000,26868,0.0,828.1,-0.583,13.198,-0.09,2.08,822.5,822.5,501.1,0,0.0,0.6,IDLE,0.00,0.00,0.00,0,0.0,412,0,828.1,802.3
18.4500,26918,0.0,828.1,0.066,13.198,0.01,2.08,743.4,743.4,501.1,0,0.0,0.6,IDLE,0.00,0.00,0.00,0,0.0,414,0,828.1,802.3
18.5000,26968,0.0,828.1,0.066,13.198,0.01,2.08,743.4,743.4,501.0,0,0.0,0.5,IDLE,0.00,0.00,0.00,0,0.0,415,0,828.1,802.3
18.5500,27018,0.0,828.1,0.066,13.198,0.01,2.08,743.4,743.4,501.0,0,0.0,0.5,IDLE,0.00,0.00,0.00,0,0.0,417,0,828.1,802.3
18.6000,27068,0.0,828.1,-6.690,13.198,-1.05,2.08,700.9,700.9,501.0,0,0.0,0.5,IDLE,0.00,0.00,0.00,0,0.0,418,0,828.1,802.3
18.6500,27118,0.0,828.1,-6.690,13.198,-1.05,2.08,700.9,700.9,501.6,0,0.0,0.8,IDLE,0.00,0.00,0.00,0,0.0,420,0,828.1,802.3
18.7000,27168,0.0,828.1,-6.690,13.198,-1.05,2.08,700.9,700.9,501.6,0,0.0,0.8,IDLE,0.00,0.00,0.00,0,0.0,422,0,828.1,802.3
18.7500,27218,0.0,828.1,-6.328,13.198,-1.00,2.08,856.9,856.9,501.6,0,0.0,0.8,IDLE,0.00,0.00,0.00,0,0.0,423,0,828.1,802.3
18.8000,27268,0.0,828.1,-6.328,13.198,-1.00,2.08,856.9,856.9,501.3,0,0.0,0.6,IDLE,0.00,0.00,0.00,0,0.0,425,0,828.1,802.3
18.8500,27318,0.0,828.1,-6.328,13.198,-1.00,2.08,856.9,856.9,501.3,0,0.0,0.6,IDLE,0.00,0.00,0.00,0,0.0,426,0,828.1,802.3
18.9000,27368,0.0,828.1,-7.553,13.198,-1.19,2.08,710.0,710.0,501.3,0,0.0,0.6,IDLE,0.00,0.00,0.00,0,0.0,428,0,828.1,802.3
18.9500,27418,0.0,828.1,-7.553,13.198,-1.19,2.08,710.0,710.0,501.3,0,0.0,0.6,IDLE,0.00,0.00,0.00,0,0.0,429,0,828.1,802.3
19.0000,27468,0.0,828.1,-7.553,13.198,-1.19,2.08,710.0,710.0,502.1,0,0.0,1.1,IDLE,0.00,0.00,0.00,0,0.0,431,0,828.1,802.3
19.0500,27518,0.0,828.1,-7.553,13.198,-1.19,2.08,710.0,710.0,502.1,0,0.0,1.1,IDLE,0.00,0.00,0.00,0,0.0,432,0,828.1,802.3
19.1000,27568,0.0,828.1,0.199,13.198,0.03,2.08,962.5,962.5,502.1,0,0.0,1.1,IDLE,0.00,0.00,0.00,0,0.0,436,0,828.1,802.3
19.1500,27618,0.0,828.1,0.199,13.198,0.03,2.08,962.5,962.5,501.6,0,0.0,0.8,IDLE,0.00,0.00,0.00,0,0.0,438,0,828.1,802.3
19.2000,27668,0.0,828.1,0.199,13.198,0.03,2.08,962.5,962.5,501.6,0,0.0,0.8,IDLE,0.00,0.00,0.00,0,0.0,439,0,828.1,802.3
19.2500,27718,0.0,828.1,-2.736,13.198,-0.43,2.08,714.1,714.1,501.6,0,0.0,0.8,IDLE,0.00,0.00,0.00,0,0.0,441,0,828.1,802.3
19.3000,27768,0.0,828.1,-2.736,13.198,-0.43,2.08,714.1,714.1,500.5,0,0.0,0.3,IDLE,0.00,0.00,0.00,0,0.0,442,0,828.1,802.3
19.3500,27818,0.0,828.1,-2.736,13.198,-0.43,2.08,714.1,714.1,500.5,0,0.0,0.3,IDLE,0.00,0.00,0.00,0,0.0,444,0,828.1,802.3
19.4000,27868,0.0,828.1,-2.781,13.198,-0.44,2.08,756.2,756.2,500.5,0,0.0,0.3,IDLE,0.00,0.00,0.00,0,0.0,445,0,828.1,802.3
19.4500,27918,0.0,828.1,-2.781,13.198,-0.44,2.08,756.2,756.2,501.3,0,0.0,0.6,IDLE,0.00,0.00,0.00,0,0.0,447,0,828.1,802.3
19.5000,27968,0.0,828.1,-2.781,13.198,-0.44,2.08,756.2,756.2,501.3,0,0.0,0.6,IDLE,0.00,0.00,0.00,0,0.0,448,0,828.1,802.3
19.5500,28018,0.0,828.1,-0.059,13.198,-0.01,2.08,807.8,807.8,501.3,0,0.0,0.6,IDLE,0.00,0.00,0.00,0,0.0,450,0,828.1,802.3
19.6000,28068,0.0,828.1,-0.059,13.198,-0.01,2.08,807.8,807.8,501.3,0,0.0,0.6,IDLE,0.00,0.00,0.00,0,0.0,452,0,828.1,802.3
19.6500,28118,0.0,828.1,-0.059,13.198,-0.01,2.08,807.8,807.8,500.6,0,0.0,0.3,IDLE,0.00,0.00,0.00,0,0.0,453,0,828.1,802.3
19.7000,28168,0.0,828.1,-0.059,13.198,-0.01,2.08,807.8,807.8,500.6,0,0.0,0.3,IDLE,0.00,0.00,0.00,0,0.0,454,0,828.1,802.3
19.7500,28218,0.0,828.1,3.194,13.198,0.50,2.08,826.2,826.2,500.6,0,0.0,0.3,IDLE,0.00,0.00,0.00,0,0.0,456,0,828.1,802.3
19.8000,28268,0.0,828.1,3.194,13.198,0.50,2.08,826.2,826.2,500.8,0,0.0,0.4,IDLE,0.00,0.00,0.00,0,0.0,457,0,828.1,802.3
19.8500,28318,0.0,828.1,3.194,13.198,0.50,2.08,826.2,826.2,500.8,0,0.0,0.4,IDLE,0.00,0.00,0.00,0,0.0,459,0,828.1,802.3
19.9000,28368,0.0,828.1,-1.505,13.198,-0.24,2.08,610.0,610.0,500.8,0,0.0,0.4,IDLE,0.00,0.00,0.00,0,0.0,460,0,828.1,802.3
19.9500,28418,0.0,828.1,-1.505,13.198,-0.24,2.08,610.0,610.0,500.3,0,0.0,0.1,IDLE,0.00,0.00,0.00,0,0.0,461,0,828.1,802.3
20.0000,28468,0.0,828.1,-1.505,13.198,-0.24,2.08,610.0,610.0,500.3,0,0.0,0.1,IDLE,0.00,0.00,0.00,0,0.0,464,0,828.1,802.3
20.0500,28518,0.0,828.1,-3.828,13.198,-0.60,2.08,638.4,638.4,500.3,0,0.0,0.1,IDLE,0.00,0.00,0.00,0,0.0,466,0,828.1,802.3
20.1000,28568,0.0,828.1,-3.828,13.198,-0.60,2.08,638.4,638.4,501.8,0,0.0,0.9,IDLE,0.00,0.00,0.00,0,0.0,467,0,828.1,802.3
20.1500,28618,0.0,828.1,-3.828,13.198,-0.60,2.08,638.4,638.4,501.8,0,0.0,0.9,IDLE,0.00,0.00,0.00,0,0.0,469,0,828.1,802.3
20.2000,28668,0.0,828.1,-3.607,13.198,-0.57,2.08,710.9,710.9,501.8,0,0.0,0.9,IDLE,0.00,0.00,0.00,0,0.0,470,0,828.1,802.3
20.2500,28718,0.0,828.1,-3.607,13.198,-0.57,2.08,710.9,710.9,501.5,0,0.0,0.8,IDLE,0.00,0.00,0.00,0,0.0,473,0,828.1,802.3
20.3000,28768,0.0,828.1,-3.607,13.198,-0.57,2.08,710.9,710.9,501.5,0,0.0,0.8,IDLE,0.00,0.00,0.00,0,0.0,474,0,828.1,802.3
20.3500,28818,0.0,828.1,-6.690,13.198,-1.05,2.08,717.5,717.5,501.5,0,0.0,0.8,IDLE,0.00,0.00,0.00,0,0.0,476,0,828.1,802.3
20.4000,28868,0.0,828.1,-6.690,13.198,-1.05,2.08,717.5,717.5,501.5,0,0.0,0.8,IDLE,0.00,0.00,0.00,0,0.0,477,0,828.1,802.3
20.4500,28918,0.0,828.1,-6.690,13.198,-1.05,2.08,717.5,717.5,503.5,0,0.0,1.8,IDLE,0.00,0.00,0.00,0,0.0,479,0,828.1,802.3
20.5000,28968,0.0,828.1,-6.690,13.198,-1.05,2.08,717.5,717.5,503.5,0,0.0,1.8,IDLE,0.00,0.00,0.00,0,0.0,480,0,828.1,802.3
20.5500,29018,0.0,828.1,-2.707,13.198,-0.43,2.08,890.0,890.0,503.5,0,0.0,1.8,IDLE,0.00,0.00,0.00,0,0.0,482,0,828.1,802.3
20.6000,29068,0.0,828.1,-2.707,13.198,-0.43,2.08,890.0,890.0,500.9,0,0.0,0.4,IDLE,0.00,0.00,0.00,0,0.0,483,0,828.1,802.3
20.6500,29118,0.0,828.1,-2.707,13.198,-0.43,2.08,890.0,890.0,500.9,0,0.0,0.4,IDLE,0.00,0.00,0.00,0,0.0,485,0,828.1,802.3
20.7000,29168,0.0,828.1,-8.880,13.198,-1.40,2.08,683.8,683.8,500.9,0,0.0,0.4,IDLE,0.00,0.00,0.00,0,0.0,486,0,828.1,802.3
20.7500,29218,0.0,828.1,-8.880,13.198,-1.40,2.08,683.8,683.8,500.9,0,0.0,0.4,IDLE,0.00,0.00,0.00,0,0.0,488,0,828.1,802.3
20.8000,29268,0.0,828.1,-8.880,13.198,-1.40,2.08,683.8,683.8,500.9,0,0.0,0.4,IDLE,0.00,0.00,0.00,0,0.0,489,0,828.1,802.3
20.8500,29318,0.0,828.1,-4.234,13.198,-0.67,2.08,924.1,924.1,500.9,0,0.0,0.4,IDLE,0.00,0.00,0.00,0,0.0,491,0,828.1,802.3
20.9000,29368,0.0,828.1,-4.234,13.198,-0.67,2.08,924.1,924.1,500.9,0,0.0,0.4,IDLE,0.00,0.00,0.00,0,0.0,493,0,828.1,802.3
20.9500,29418,0.0,828.1,-4.234,13.198,-0.67,2.08,924.1,924.1,500.9,0,0.0,0.4,IDLE,0.00,0.00,0.00,0,0.0,494,0,828.1,802.3
21.0000,29468,0.0,828.1,-1.010,13.198,-0.16,2.08,901.9,901.9,500.9,0,0.0,0.4,IDLE,0.00,0.00,0.00,0,0.0,496,0,828.1,802.3
21.0500,29518,0.0,828.1,-1.010,13.198,-0.16,2.08,901.9,901.9,500.9,0,0.0,0.4,IDLE,0.00,0.00,0.00,0,0.0,497,0,828.1,802.3
21.1000,29568,0.0,828.1,-1.010,13.198,-0.16,2.08,901.9,901.9,500.8,0,0.0,0.4,IDLE,0.00,0.00,0.00,0,0.0,499,0,828.1,802.3
21.1500,29618,0.0,828.1,-1.010,13.198,-0.16,2.08,901.9,901.9,500.8,0,0.0,0.4,IDLE,0.00,0.00,0.00,0,0.0,500,0,828.1,802.3
21.2000,29668,0.0,828.1,-3.459,13.198,-0.55,2.08,697.2,697.2,500.8,0,0.0,0.4,IDLE,0.00,0.00,0.00,0,0.0,502,0,828.1,802.3
21.2500,29718,0.0,828.1,-3.459,13.198,-0.55,2.08,697.2,697.2,500.8,0,0.0,0.4,IDLE,0.00,0.00,0.00,0,0.0,504,0,828.1,802.3
21.3000,29768,0.0,828.1,-3.459,13.198,-0.55,2.08,697.2,697.2,500.8,0,0.0,0.4,IDLE,0.00,0.00,0.00,0,0.0,505,0,828.1,802.3
21.3500,29818,0.0,828.1,-3.223,13.198,-0.51,2.08,836.9,836.9,500.8,0,0.0,0.4,IDLE,0.00,0.00,0.00,0,0.0,507,0,828.1,802.3
21.4000,29868,0.0,828.1,-3.223,13.198,-0.51,2.08,836.9,836.9,501.6,0,0.0,0.8,IDLE,0.00,0.00,0.00,0,0.0,508,0,828.1,802.3
21.4500,29918,0.0,828.1,-3.223,13.198,-0.51,2.08,836.9,836.9,501.6,0,0.0,0.8,IDLE,0.00,0.00,0.00,0,0.0,509,0,828.1,802.3
21.5000,29968,0.0,828.1,-1.409,13.198,-0.22,2.08,691.9,691.9,501.6,0,0.0,0.8,IDLE,0.00,0.00,0.00,0,0.0,511,0,828.1,802.3
21.5500,30018,0.0,828.1,-1.409,13.198,-0.22,2.08,691.9,691.9,501.5,0,0.0,0.8,IDLE,0.00,0.00,0.00,0,0.0,513,0,828.1,802.3
21.6000,30068,0.0,828.1,-1.409,13.198,-0.22,2.08,691.9,691.9,501.5,0,0.0,0.8,IDLE,0.00,0.00,0.00,0,0.0,514,0,828.1,802.3
21.6500,30118,0.0,828.1,-3.275,13.198,-0.52,2.08,554.1,554.1,501.5,0,0.0,0.8,IDLE,0.00,0.00,0.00,0,0.0,516,0,828.1,802.3
21.7000,30168,0.0,828.1,-3.275,13.198,-0.52,2.08,554.1,554.1,501.0,0,0.0,0.5,IDLE,0.00,0.00,0.00,0,0.0,517,0,828.1,802.3
21.7500,30218,0.0,828.1,-3.275,13.198,-0.52,2.08,554.1,554.1,501.0,0,0.0,0.5,IDLE,0.00,0.00,0.00,0,0.0,519,0,828.1,802.3
21.8000,30268,0.0,828.1,-3.902,13.198,-0.62,2.08,682.8,682.8,501.0,0,0.0,0.5,IDLE,0.00,0.00,0.00,0,0.0,520,0,828.1,802.3
21.8500,30318,0.0,828.1,-3.902,13.198,-0.62,2.08,682.8,682.8,501.0,0,0.0,0.5,IDLE,0.00,0.00,0.00,0,0.0,522,0,828.1,802.3
21.9000,30368,0.0,828.1,-3.902,13.198,-0.62,2.08,682.8,682.8,501.0,0,0.0,0.5,IDLE,0.00,0.00,0.00,0,0.0,524,0,828.1,802.3
21.9500,30418,0.0,828.1,-3.902,13.198,-0.62,2.08,682.8,682.8,501.0,0,0.0,0.5,IDLE,0.00,0.00,0.00,0,0.0,525,0,828.1,802.3
22.0000,30468,0.0,828.1,-3.666,13.198,-0.58,2.08,728.1,728.1,501.0,0,0.0,0.5,IDLE,0.00,0.00,0.00,0,0.0,527,0,828.1,802.3
22.0500,30518,0.0,828.1,-3.666,13.198,-0.58,2.08,728.1,728.1,501.5,0,0.0,0.8,IDLE,0.00,0.00,0.00,0,0.0,528,0,828.1,802.3
22.1000,30568,0.0,828.1,-3.666,13.198,-0.58,2.08,728.1,728.1,501.5,0,0.0,0.8,IDLE,0.00,0.00,0.00,0,0.0,529,0,828.1,802.3
22.1500,30618,0.0,828.1,-2.773,13.198,-0.44,2.08,930.2,930.2,501.5,0,0.0,0.8,IDLE,0.00,0.00,0.00,0,0.0,531,0,828.1,802.3
22.2000,30668,0.0,828.1,-2.773,13.198,-0.44,2.08,930.2,930.2,503.0,0,0.0,1.5,IDLE,0.00,0.00,0.00,0,0.0,533,0,828.1,802.3
22.2500,30718,0.0,828.1,-2.773,13.198,-0.44,2.08,930.2,930.2,503.0,0,0.0,1.5,IDLE,0.00,0.00,0.00,0,0.0,535,0,828.1,802.3
22.3000,30768,0.0,828.1,4.329,13.198,0.68,2.08,1005.0,1005.0,503.0,0,0.0,1.5,IDLE,0.00,0.00,0.00,0,0.0,536,0,828.1,802.3
22.3500,30818,0.0,828.1,4.329,13.198,0.68,2.08,1005.0,1005.0,503.9,0,0.0,1.9,IDLE,0.00,0.00,0.00,0,0.0,538,0,828.1,802.3
22.4000,30868,0.0,828.1,4.329,13.198,0.68,2.08,1005.0,1005.0,503.9,0,0.0,1.9,IDLE,0.00,0.00,0.00,0,0.0,539,0,828.1,802.3
22.4500,30918,0.0,828.1,0.944,13.198,0.15,2.08,770.9,770.9,503.9,0,0.0,1.9,IDLE,0.00,0.00,0.00,0,0.0,543,0,828.1,802.3
22.5000,30968,0.0,828.1,0.944,13.198,0.15,2.08,770.9,770.9,503.9,0,0.0,1.9,IDLE,0.00,0.00,0.00,0,0.0,544,0,828.1,802.3
22.5500,31018,0.0,828.1,0.944,13.198,0.15,2.08,770.9,770.9,501.8,0,0.0,0.9,IDLE,0.00,0.00,0.00,0,0.0,546,0,828.1,802.3
22.6000,31068,0.0,828.1,0.944,13.198,0.15,2.08,770.9,770.9,501.8,0,0.0,0.9,IDLE,0.00,0.00,0.00,0,0.0,547,0,828.1,802.3
22.6500,31118,0.0,828.1,5.052,13.198,0.80,2.08,1087.5,1087.5,501.8,0,0.0,0.9,IDLE,0.00,0.00,0.00,0,0.0,549,0,828.1,802.3
22.7000,31168,0.0,828.1,5.052,13.198,0.80,2.08,1087.5,1087.5,502.3,0,0.0,1.1,IDLE,0.00,0.00,0.00,0,0.0,551,0,828.1,802.3
22.7500,31218,0.0,828.1,5.052,13.198,0.80,2.08,1087.5,1087.5,502.3,0,0.0,1.1,IDLE,0.00,0.00,0.00,0,0.0,552,0,828.1,802.3
22.8000,31268,0.0,828.1,3.496,13.198,0.55,2.08,626.9,626.9,502.3,0,0.0,1.1,IDLE,0.00,0.00,0.00,0,0.0,554,0,828.1,802.3
22.8500,31318,0.0,828.1,3.496,13.198,0.55,2.08,626.9,626.9,501.3,0,0.0,0.6,IDLE,0.00,0.00,0.00,0,0.0,555,0,828.1,802.3
22.9000,31368,0.0,828.1,3.496,13.198,0.55,2.08,626.9,626.9,501.3,0,0.0,0.6,IDLE,0.00,0.00,0.00,0,0.0,557,0,828.1,802.3
22.9500,31418,0.0,828.1,1.460,13.198,0.23,2.08,745.0,745.0,501.3,0,0.0,0.6,IDLE,0.00,0.00,0.00,0,0.0,558,0,828.1,802.3
23.0000,31468,0.0,828.1,1.460,13.198,0.23,2.08,745.0,745.0,504.0,0,0.0,2.0,IDLE,0.00,0.00,0.00,0,0.0,560,0,828.1,802.3
23.0500,31518,0.0,828.1,1.460,13.198,0.23,2.08,745.0,745.0,504.0,0,0.0,2.0,IDLE,0.00,0.00,0.00,0,0.0,561,0,828.1,802.3
23.1000,31568,0.0,828.1,-2.522,13.198,-0.40,2.08,511.9,511.9,504.0,0,0.0,2.0,IDLE,0.00,0.00,0.00,0,0.0,564,0,828.1,802.3
23.1500,31618,0.0,828.1,-2.522,13.198,-0.40,2.08,511.9,511.9,503.2,0,0.0,1.6,IDLE,0.00,0.00,0.00,0,0.0,565,0,828.1,802.3
23.2000,31668,0.0,828.1,-2.522,13.198,-0.40,2.08,511.9,511.9,503.2,0,0.0,1.6,IDLE,0.00,0.00,0.00,0,0.0,567,0,828.1,802.3
23.2500,31718,0.0,828.1,6.505,13.198,1.03,2.08,961.9,961.9,503.2,0,0.0,1.6,IDLE,0.00,0.00,0.00,0,0.0,568,0,828.1,802.3
23.3000,31768,0.0,828.1,6.505,13.198,1.03,2.08,961.9,961.9,503.2,0,0.0,1.6,IDLE,0.00,0.00,0.00,0,0.0,570,0,828.1,802.3
23.3500,31818,0.0,828.1,6.505,13.198,1.03,2.08,961.9,961.9,503.8,0,0.0,1.9,IDLE,0.00,0.00,0.00,0,0.0,571,0,828.1,802.3
23.4000,31868,0.0,828.1,6.505,13.198,1.03,2.08,961.9,961.9,503.8,0,0.0,1.9,IDLE,0.00,0.00,0.00,0,0.0,573,0,828.1,802.3
23.4500,31918,0.0,828.1,8.416,13.198,1.33,2.08,769.1,769.1,503.8,0,0.0,1.9,IDLE,0.00,0.00,0.00,0,0.0,574,0,828.1,802.3
23.5000,31968,0.0,828.1,8.416,13.198,1.33,2.08,769.1,769.1,501.1,0,0.0,0.6,IDLE,0.00,0.00,0.00,0,0.0,577,0,828.1,802.3
23.5500,32018,0.0,828.1,8.416,13.198,1.33,2.08,769.1,769.1,501.1,0,0.0,0.6,IDLE,0.00,0.00,0.00,0,0.0,578,0,828.1,802.3
23.6000,32068,0.0,828.1,10.636,13.198,1.68,2.08,828.8,828.8,501.1,0,0.0,0.6,IDLE,0.00,0.00,0.00,0,0.0,579,0,828.1,802.3
23.6500,32118,0.0,828.1,10.636,13.198,1.68,2.08,828.8,828.8,501.0,0,0.0,0.5,IDLE,0.00,0.00,0.00,0,0.0,581,0,828.1,802.3
23.7000,32168,0.0,828.1,10.636,13.198,1.68,2.08,828.8,828.8,501.0,0,0.0,0.5,IDLE,0.00,0.00,0.00,0,0.0,583,0,828.1,802.3
23.7500,32218,0.0,828.1,-0.044,13.198,-0.01,2.08,447.5,447.5,501.0,0,0.0,0.5,IDLE,0.00,0.00,0.00,0,0.0,584,0,828.1,802.3
23.8000,32268,0.0,828.1,-0.044,13.198,-0.01,2.08,447.5,447.5,502.9,0,0.0,1.4,IDLE,0.00,0.00,0.00,0,0.0,585,0,828.1,802.3
23.8500,32318,0.0,828.1,-0.044,13.198,-0.01,2.08,447.5,447.5,502.9,0,0.0,1.4,IDLE,0.00,0.00,0.00,0,0.0,587,0,828.1,802.3
23.9000,32368,0.0,828.1,-7.427,13.198,-1.17,2.08,671.2,671.2,502.9,0,0.0,1.4,IDLE,0.00,0.00,0.00,0,0.0,588,0,828.1,802.3
23.9500,32418,0.0,828.1,-7.427,13.198,-1.17,2.08,671.2,671.2,502.9,0,0.0,1.4,IDLE,0.00,0.00,0.00,0,0.0,590,0,828.1,802.3
24.0000,32468,0.0,828.1,-7.427,13.198,-1.17,2.08,671.2,671.2,503.1,0,0.0,1.6,IDLE,0.00,0.00,0.00,0,0.0,591,0,828.1,802.3
24.0500,32518,0.0,828.1,-7.427,13.198,-1.17,2.08,671.2,671.2,503.1,0,0.0,1.6,IDLE,0.00,0.00,0.00,0,0.0,593,0,828.1,802.3
24.1000,32568,0.0,828.1,-6.579,13.198,-1.04,2.08,809.1,809.1,503.1,0,0.0,1.6,IDLE,0.00,0.00,0.00,0,0.0,594,0,828.1,802.3
24.1500,32618,0.0,828.1,-6.579,13.198,-1.04,2.08,809.1,809.1,503.4,0,0.0,1.7,IDLE,0.00,0.00,0.00,0,0.0,595,0,828.1,802.3
24.2000,32668,0.0,828.1,-6.579,13.198,-1.04,2.08,809.1,809.1,503.4,0,0.0,1.7,IDLE,0.00,0.00,0.00,0,0.0,597,0,828.1,802.3
24.2500,32718,0.0,828.1,-15.260,13.198,-2.41,2.08,695.3,695.3,503.4,0,0.0,1.7,IDLE,0.00,0.00,0.00,0,0.0,598,0,828.1,802.3
24.3000,32768,0.0,828.1,-15.260,13.198,-2.41,2.08,695.3,695.3,502.9,0,0.0,1.4,IDLE,0.00,0.00,0.00,0,0.0,600,0,828.1,802.3
24.3500,32818,0.0,828.1,-15.260,13.198,-2.41,2.08,695.3,695.3,502.9,0,0.0,1.4,IDLE,0.00,0.00,0.00,0,0.0,601,0,828.1,802.3
24.4000,32868,0.0,828.1,-12.443,13.198,-1.96,2.08,754.1,754.1,502.9,0,0.0,1.4,IDLE,0.00,0.00,0.00,0,0.0,603,0,828.1,802.3
24.4500,32918,0.0,828.1,-12.443,13.198,-1.96,2.08,754.1,754.1,503.0,0,0.0,1.5,IDLE,0.00,0.00,0.00,0,0.0,604,0,828.1,802.3
24.5000,32968,0.0,828.1,-12.443,13.198,-1.96,2.08,754.1,754.1,503.0,0,0.0,1.5,IDLE,0.00,0.00,0.00,0,0.0,606,0,828.1,802.3
24.5500,33018,0.0,828.1,-11.056,13.198,-1.74,2.08,807.8,807.8,503.0,0,0.0,1.5,IDLE,0.00,0.00,0.00,0,0.0,607,0,828.1,802.3
24.6000,33068,0.0,828.1,-11.056,13.198,-1.74,2.08,807.8,807.8,503.6,0,0.0,1.8,IDLE,0.00,0.00,0.00,0,0.0,609,0,828.1,802.3
24.6500,33118,0.0,828.1,-11.056,13.198,-1.74,2.08,807.8,807.8,503.6,0,0.0,1.8,IDLE,0.00,0.00,0.00,0,0.0,610,0,828.1,802.3
24.7000,33168,0.0,828.1,-3.393,13.198,-0.53,2.08,858.1,858.1,503.6,0,0.0,1.8,IDLE,0.00,0.00,0.00,0,0.0,611,0,828.1,802.3
24.7500,33218,0.0,828.1,-3.393,13.198,-0.53,2.08,858.1,858.1,503.6,0,0.0,1.8,IDLE,0.00,0.00,0.00,0,0.0,613,0,828.1,802.3
24.8000,33268,0.0,828.1,-3.393,13.198,-0.53,2.08,858.1,858.1,503.9,0,0.0,1.9,IDLE,0.00,0.00,0.00,0,0.0,614,0,828.1,802.3
24.8500,33318,0.0,828.1,-3.393,13.198,-0.53,2.08,858.1,858.1,503.9,0,0.0,1.9,IDLE,0.00,0.00,0.00,0,0.0,616,0,828.1,802.3
24.9000,33368,0.0,828.1,-6.808,13.198,-1.07,2.08,807.5,807.5,503.9,0,0.0,1.9,IDLE,0.00,0.00,0.00,0,0.0,617,0,828.1,802.3
24.9500,33418,0.0,828.1,-6.808,13.198,-1.07,2.08,807.5,807.5,502.6,0,0.0,1.3,IDLE,0.00,0.00,0.00,0,0.0,619,0,828.1,802.3
25.0000,33468,0.0,828.1,-6.808,13.198,-1.07,2.08,807.5,807.5,502.6,0,0.0,1.3,IDLE,0.00,0.00,0.00,0,0.0,620,0,828.1,802.3
25.0500,33518,0.0,828.1,-4.543,13.198,-0.72,2.08,871.6,871.6,502.6,0,0.0,1.3,IDLE,0.00,0.00,0.00,0,0.0,622,0,828.1,802.3
25.1000,33568,0.0,828.1,-4.543,13.198,-0.72,2.08,871.6,871.6,502.6,0,0.0,1.3,IDLE,0.00,0.00,0.00,0,0.0,623,0,828.1,802.3
25.1500,33618,0.0,828.1,-4.543,13.198,-0.72,2.08,871.6,871.6,502.6,0,0.0,1.3,IDLE,0.00,0.00,0.00,0,0.0,625,0,828.1,802.3
25.2000,33668,0.0,828.1,-4.934,13.198,-0.78,2.08,810.9,810.9,502.6,0,0.0,1.3,IDLE,0.00,0.00,0.00,0,0.0,626,0,828.1,802.3
25.2500,33718,0.0,828.1,-4.934,13.198,-0.78,2.08,810.9,810.9,502.5,0,0.0,1.2,IDLE,0.00,0.00,0.00,0,0.0,627,0,828.1,802.3
25.3000,33768,0.0,828.1,-4.934,13.198,-0.78,2.08,810.9,810.9,502.5,0,0.0,1.2,IDLE,0.00,0.00,0.00,0,0.0,629,0,828.1,802.3
25.3500,33818,0.0,828.1,1.416,13.198,0.22,2.08,734.7,734.7,502.5,0,0.0,1.2,IDLE,0.00,0.00,0.00,0,0.0,630,0,828.1,802.3
25.4000,33868,0.0,828.1,1.416,13.198,0.22,2.08,734.7,734.7,502.5,0,0.0,1.2,IDLE,0.00,0.00,0.00,0,0.0,631,0,828.1,802.3
25.4500,33918,0.0,828.1,1.416,13.198,0.22,2.08,734.7,734.7,503.1,0,0.0,1.6,IDLE,0.00,0.00,0.00,0,0.0,633,0,828.1,802.3
25.5000,33968,0.0,828.1,1.416,13.198,0.22,2.08,734.7,734.7,503.1,0,0.0,1.6,IDLE,0.00,0.00,0.00,0,0.0,634,0,828.1,802.3
25.5500,34018,0.0,828.1,2.581,13.198,0.41,2.08,723.8,723.8,503.1,0,0.0,1.6,IDLE,0.00,0.00,0.00,0,0.0,636,0,828.1,802.3
25.6000,34068,0.0,828.1,2.581,13.198,0.41,2.08,723.8,723.8,500.8,0,0.0,0.4,IDLE,0.00,0.00,0.00,0,0.0,637,0,828.1,802.3
25.6500,34118,0.0,828.1,2.581,13.198,0.41,2.08,723.8,723.8,500.8,0,0.0,0.4,IDLE,0.00,0.00,0.00,0,0.0,638,0,828.1,802.3
25.7000,34168,0.0,828.1,1.187,13.198,0.19,2.08,746.2,746.2,500.8,0,0.0,0.4,IDLE,0.00,0.00,0.00,0,0.0,640,0,828.1,802.3
25.7500,34218,0.0,828.1,1.187,13.198,0.19,2.08,746.2,746.2,501.1,0,0.0,0.6,IDLE,0.00,0.00,0.00,0,0.0,641,0,828.1,802.3
25.8000,34268,0.0,828.1,1.187,13.198,0.19,2.08,746.2,746.2,501.1,0,0.0,0.6,IDLE,0.00,0.00,0.00,0,0.0,643,0,828.1,802.3
25.8500,34318,0.0,828.1,4.617,13.198,0.73,2.08,850.3,850.3,501.1,0,0.0,0.6,IDLE,0.00,0.00,0.00,0,0.0,644,0,828.1,802.3
25.9000,34368,0.0,828.1,4.617,13.198,0.73,2.08,850.3,850.3,503.0,0,0.0,1.5,IDLE,0.00,0.00,0.00,0,0.0,646,0,828.1,802.3
25.9500,34418,0.0,828.1,4.617,13.198,0.73,2.08,850.3,850.3,503.0,0,0.0,1.5,IDLE,0.00,0.00,0.00,0,0.0,647,0,828.1,802.3
26.0000,34468,0.0,828.1,7.162,13.198,1.13,2.08,869.1,869.1,503.0,0,0.0,1.5,IDLE,0.00,0.00,0.00,0,0.0,649,0,828.1,802.3
26.0500,34518,0.0,828.1,7.162,13.198,1.13,2.08,869.1,869.1,501.8,0,0.0,0.9,IDLE,0.00,0.00,0.00,0,0.0,650,0,828.1,802.3
26.1000,34568,0.0,828.1,7.162,13.198,1.13,2.08,869.1,869.1,501.8,0,0.0,0.9,IDLE,0.00,0.00,0.00,0,0.0,651,0,828.1,802.3
26.1500,34618,0.0,828.1,5.915,13.198,0.93,2.08,751.2,751.2,501.8,0,0.0,0.9,IDLE,0.00,0.00,0.00,0,0.0,653,0,828.1,802.3
26.2000,34668,0.0,828.1,5.915,13.198,0.93,2.08,751.2,751.2,501.8,0,0.0,0.9,IDLE,0.00,0.00,0.00,0,0.0,654,0,828.1,802.3
26.2500,34718,0.0,828.1,5.915,13.198,0.93,2.08,751.2,751.2,499.4,0,0.0,-0.3,IDLE,0.00,0.00,0.00,0,0.0,658,0,828.1,802.3
26.3000,34768,0.0,828.1,5.915,13.198,0.93,2.08,751.2,751.2,499.4,0,0.0,-0.3,IDLE,0.00,0.00,0.00,0,0.0,659,0,828.1,802.3
26.3500,34818,0.0,828.1,4.824,13.198,0.76,2.08,808.8,808.8,499.4,0,0.0,-0.3,IDLE,0.00,0.00,0.00,0,0.0,661,0,828.1,802.3
26.4000,34868,0.0,828.1,4.824,13.198,0.76,2.08,808.8,808.8,503.5,0,0.0,1.8,IDLE,0.00,0.00,0.00,0,0.0,662,0,828.1,802.3
26.4500,34918,0.0,828.1,4.824,13.198,0.76,2.08,808.8,808.8,503.5,0,0.0,1.8,IDLE,0.00,0.00,0.00,0,0.0,665,0,828.1,802.3
26.5000,34968,0.0,828.1,7.656,13.198,1.21,2.08,935.6,935.6,503.5,0,0.0,1.8,IDLE,0.00,0.00,0.00,0,0.0,666,0,828.1,802.3
26.5500,35018,0.0,828.1,7.656,13.198,1.21,2.08,935.6,935.6,503.1,0,0.0,1.6,IDLE,0.00,0.00,0.00,0,0.0,667,0,828.1,802.3
26.6000,35068,0.0,828.1,7.656,13.198,1.21,2.08,935.6,935.6,503.1,0,0.0,1.6,IDLE,0.00,0.00,0.00,0,0.0,669,0,828.1,802.3
26.6500,35118,0.0,828.1,4.138,13.198,0.65,2.08,712.5,712.5,503.1,0,0.0,1.6,IDLE,0.00,0.00,0.00,0,0.0,670,0,828.1,802.3
26.7000,35168,0.0,828.1,4.138,13.198,0.65,2.08,712.5,712.5,502.0,0,0.0,1.0,IDLE,0.00,0.00,0.00,0,0.0,672,0,828.1,802.3
26.7500,35218,0.0,828.1,4.138,13.198,0.65,2.08,712.5,712.5,502.0,0,0.0,1.0,IDLE,0.00,0.00,0.00,0,0.0,673,0,828.1,802.3
26.8000,35268,0.0,828.1,1.224,13.198,0.19,2.08,679.4,679.4,502.0,0,0.0,1.0,IDLE,0.00,0.00,0.00,0,0.0,675,0,828.1,802.3
26.8500,35318,0.0,828.1,1.224,13.198,0.19,2.08,679.4,679.4,503.0,0,0.0,1.5,IDLE,0.00,0.00,0.00,0,0.0,676,0,828.1,802.3
26.9000,35368,0.0,828.1,1.224,13.198,0.19,2.08,679.4,679.4,503.0,0,0.0,1.5,IDLE,0.00,0.00,0.00,0,0.0,677,0,828.1,802.3
26.9500,35418,0.0,828.1,3.555,13.198,0.56,2.08,840.0,840.0,503.0,0,0.0,1.5,IDLE,0.00,0.00,0.00,0,0.0,679,0,828.1,802.3
27.0000,35468,0.0,828.1,3.555,13.198,0.56,2.08,840.0,840.0,503.0,0,0.0,1.5,IDLE,0.00,0.00,0.00,0,0.0,680,0,828.1,802.3
27.0500,35518,0.0,828.1,3.555,13.198,0.56,2.08,840.0,840.0,503.0,0,0.0,1.5,IDLE,0.00,0.00,0.00,0,0.0,682,0,828.1,802.3
27.1000,35568,0.0,828.1,3.555,13.198,0.56,2.08,840.0,840.0,503.0,0,0.0,1.5,IDLE,0.00,0.00,0.00,0,0.0,683,0,828.1,802.3
27.1500,35618,0.0,828.1,5.237,13.198,0.83,2.08,799.7,799.7,503.0,0,0.0,1.5,IDLE,0.00,0.00,0.00,0,0.0,685,0,828.1,802.3
27.2000,35668,0.0,828.1,5.237,13.198,0.83,2.08,799.7,799.7,501.3,0,0.0,0.6,IDLE,0.00,0.00,0.00,0,0.0,686,0,828.1,802.3
27.2500,35718,0.0,828.1,5.237,13.198,0.83,2.08,799.7,799.7,501.3,0,0.0,0.6,IDLE,0.00,0.00,0.00,0,0.0,688,0,828.1,802.3
27.3000,35768,0.0,828.1,7.442,13.198,1.17,2.08,845.9,845.9,501.3,0,0.0,0.6,IDLE,0.00,0.00,0.00,0,0.0,689,0,828.1,802.3
27.3500,35818,0.0,828.1,7.442,13.198,1.17,2.08,845.9,845.9,501.0,0,0.0,0.5,IDLE,0.00,0.00,0.00,0,0.0,691,0,828.1,802.3
27.4000,35868,0.0,828.1,7.442,13.198,1.17,2.08,845.9,845.9,501.0,0,0.0,0.5,IDLE,0.00,0.00,0.00,0,0.0,692,0,828.1,802.3
27.4500,35918,0.0,828.1,4.042,13.198,0.64,2.08,696.9,696.9,501.0,0,0.0,0.5,IDLE,0.00,0.00,0.00,0,0.0,694,0,828.1,802.3
27.5000,35968,0.0,828.1,4.042,13.198,0.64,2.08,696.9,696.9,501.1,0,0.0,0.6,IDLE,0.00,0.00,0.00,0,0.0,695,0,828.1,802.3
27.5500,36018,0.0,828.1,4.042,13.198,0.64,2.08,696.9,696.9,501.1,0,0.0,0.6,IDLE,0.00,0.00,0.00,0,0.0,696,0,828.1,802.3
27.6000,36068,0.0,828.1,5.038,13.198,0.79,2.08,914.1,914.1,501.1,0,0.0,0.6,IDLE,0.00,0.00,0.00,0,0.0,698,0,828.1,802.3
27.6500,36118,2000.0,828.1,5.038,13.198,0.79,2.08,914.1,914.1,501.1,7,1.4,0.6,HOLD_RPM,0.00,0.00,0.00,0,0.0,699,0,828.1,802.3
27.7000,36168,2000.0,828.1,5.038,13.198,0.79,2.08,914.1,914.1,503.0,25,5.0,1.5,HOLD_RPM,0.00,0.00,0.00,0,0.0,700,0,828.1,802.3
27.7500,36218,2000.0,828.1,5.038,13.198,0.79,2.08,914.1,914.1,503.0,52,10.4,1.5,HOLD_RPM,0.00,0.00,0.00,0,0.0,702,0,828.1,802.3
27.8000,36268,2000.0,828.1,0.915,13.198,0.14,2.08,564.7,564.7,503.0,78,15.6,1.5,HOLD_RPM,0.00,0.00,0.00,0,0.0,703,0,828.1,802.3
27.8500,36318,2000.0,828.1,0.915,13.198,0.14,2.08,564.7,564.7,500.1,94,18.8,0.1,HOLD_RPM,0.00,0.00,0.00,0,0.0,705,0,828.1,802.3
27.9000,36368,2000.0,828.1,0.915,13.198,0.14,2.08,564.7,564.7,500.1,100,20.0,0.1,HOLD_RPM,0.00,0.00,0.00,0,0.0,707,0,828.1,802.3
27.9500,36418,2000.0,828.1,1.719,13.198,0.27,2.08,845.0,845.0,500.1,100,20.0,0.1,HOLD_RPM,0.00,0.00,0.00,0,0.0,709,0,828.1,802.3
28.0000,36468,2000.0,828.1,1.719,13.198,0.27,2.08,845.0,845.0,502.3,100,20.0,1.1,HOLD_RPM,0.00,0.00,0.00,0,0.0,710,0,828.1,802.3
28.0500,36518,2000.0,828.1,1.719,13.198,0.27,2.08,845.0,845.0,502.3,100,20.0,1.1,HOLD_RPM,0.00,0.00,0.00,0,0.0,712,0,828.1,802.3
28.1000,36568,2000.0,828.1,-1.254,13.198,-0.20,2.08,801.6,801.6,502.3,100,20.0,1.1,HOLD_RPM,0.00,0.00,0.00,0,0.0,713,0,828.1,802.3
28.1500,36618,2000.0,828.1,-1.254,13.198,-0.20,2.08,801.6,801.6,502.4,100,20.0,1.2,HOLD_RPM,0.00,0.00,0.00,0,0.0,714,0,828.1,802.3
28.2000,36668,2000.0,828.1,-1.254,13.198,-0.20,2.08,801.6,801.6,502.4,100,20.0,1.2,HOLD_RPM,0.00,0.00,0.00,0,0.0,716,0,828.1,802.3
28.2500,36718,2000.0,828.1,-0.752,13.198,-0.12,2.08,735.0,735.0,502.4,100,20.0,1.2,HOLD_RPM,0.00,0.00,0.00,0,0.0,717,0,828.1,802.3
28.3000,36768,2000.0,828.1,-0.752,13.198,-0.12,2.08,735.0,735.0,500.4,100,20.0,0.2,HOLD_RPM,0.00,0.00,0.00,0,0.0,719,0,828.1,802.3
28.3500,36818,2000.0,828.1,-0.752,13.198,-0.12,2.08,735.0,735.0,500.4,100,20.0,0.2,HOLD_RPM,0.00,0.00,0.00,0,0.0,721,0,828.1,802.3
28.4000,36868,2000.0,828.1,0.612,13.198,0.10,2.08,741.2,741.2,500.4,100,20.0,0.2,HOLD_RPM,0.00,0.00,0.00,0,0.0,722,0,828.1,802.3
28.4500,36918,2000.0,828.1,0.612,13.198,0.10,2.08,741.2,741.2,500.4,100,20.0,0.2,HOLD_RPM,0.00,0.00,0.00,0,0.0,725,0,828.1,802.3
28.5000,36968,2000.0,828.1,0.612,13.198,0.10,2.08,741.2,741.2,503.0,100,20.0,1.5,HOLD_RPM,0.00,0.00,0.00,0,0.0,727,0,828.1,802.3
28.5500,37018,2000.0,828.1,0.612,13.198,0.10,2.08,741.2,741.2,503.0,100,20.0,1.5,HOLD_RPM,0.00,0.00,0.00,0,0.0,729,0,828.1,802.3
28.6000,37068,2000.0,828.1,0.450,13.198,0.07,2.08,832.5,832.5,503.0,100,20.0,1.5,HOLD_RPM,0.00,0.00,0.00,0,0.0,731,0,828.1,802.3
28.6500,37118,2000.0,828.1,0.450,13.198,0.07,2.08,832.5,832.5,500.6,100,20.0,0.3,HOLD_RPM,0.00,0.00,0.00,0,0.0,733,0,828.1,802.3
28.7000,37168,2000.0,828.1,0.450,13.198,0.07,2.08,832.5,832.5,500.6,100,20.0,0.3,HOLD_RPM,0.00,0.00,0.00,0,0.0,735,0,828.1,802.3
28.7500,37218,2000.0,828.1,-0.288,13.198,-0.05,2.08,766.2,766.2,500.6,100,20.0,0.3,HOLD_RPM,0.00,0.00,0.00,0,0.0,736,0,828.1,802.3
28.8000,37268,2000.0,828.1,-0.288,13.198,-0.05,2.08,766.2,766.2,502.1,100,20.0,1.1,HOLD_RPM,0.00,0.00,0.00,0,0.0,738,0,828.1,802.3
28.8500,37318,2000.0,828.1,-0.288,13.198,-0.05,2.08,766.2,766.2,502.1,100,20.0,1.1,HOLD_RPM,0.00,0.00,0.00,0,0.0,739,0,828.1,802.3
28.9000,37368,2000.0,828.1,1.092,13.198,0.17,2.08,908.4,908.4,502.1,100,20.0,1.1,HOLD_RPM,0.00,0.00,0.00,0,0.0,740,0,828.1,802.3
28.9500,37418,2000.0,828.1,1.092,13.198,0.17,2.08,908.4,908.4,501.9,100,20.0,0.9,HOLD_RPM,0.00,0.00,0.00,0,0.0,742,0,828.1,802.3
29.0000,37468,2000.0,828.1,1.092,13.198,0.17,2.08,908.4,908.4,501.9,100,20.0,0.9,HOLD_RPM,0.00,0.00,0.00,0,0.0,743,0,828.1,802.3
29.0500,37518,2000.0,828.1,2.714,13.198,0.43,2.08,770.0,770.0,501.9,100,20.0,0.9,HOLD_RPM,0.00,0.00,0.00,0,0.0,745,0,828.1,802.3
29.1000,37568,2000.0,828.1,2.714,13.198,0.43,2.08,770.0,770.0,501.9,100,20.0,0.9,HOLD_RPM,0.00,0.00,0.00,0,0.0,747,0,828.1,802.3
29.1500,37618,2000.0,828.1,2.714,13.198,0.43,2.08,770.0,770.0,502.3,100,20.0,1.1,HOLD_RPM,0.00,0.00,0.00,0,0.0,748,0,828.1,802.3
29.2000,37668,2000.0,828.1,2.714,13.198,0.43,2.08,770.0,770.0,502.3,100,20.0,1.1,HOLD_RPM,0.00,0.00,0.00,0,0.0,750,0,828.1,802.3
29.2500,37718,2000.0,828.1,-1.755,13.198,-0.28,2.08,712.2,712.2,502.3,100,20.0,1.1,HOLD_RPM,0.00,0.00,0.00,0,0.0,751,0,828.1,802.3
29.3000,37768,2000.0,828.1,-1.755,13.198,-0.28,2.08,712.2,712.2,501.3,100,20.0,0.6,HOLD_RPM,0.00,0.00,0.00,0,0.0,752,0,828.1,802.3
29.3500,37818,2000.0,828.1,-1.755,13.198,-0.28,2.08,712.2,712.2,501.3,100,20.0,0.6,HOLD_RPM,0.00,0.00,0.00,0,0.0,754,0,828.1,802.3
29.4000,37868,2000.0,828.1,3.142,13.198,0.50,2.08,785.9,785.9,501.3,100,20.0,0.6,HOLD_RPM,0.00,0.00,0.00,0,0.0,757,0,828.1,802.3
29.4500,37918,2000.0,828.1,3.142,13.198,0.50,2.08,785.9,785.9,501.6,100,20.0,0.8,HOLD_RPM,0.00,0.00,0.00,0,0.0,758,0,828.1,802.3
29.5000,37968,2000.0,828.1,3.142,13.198,0.50,2.08,785.9,785.9,501.6,100,20.0,0.8,HOLD_RPM,0.00,0.00,0.00,0,0.0,760,0,828.1,802.3
29.5500,38018,2000.0,828.1,-1.704,13.198,-0.27,2.08,626.2,626.2,501.6,100,20.0,0.8,HOLD_RPM,0.00,0.00,0.00,0,0.0,762,0,828.1,802.3
29.6000,38068,2000.0,828.1,-1.704,13.198,-0.27,2.08,626.2,626.2,500.8,100,20.0,0.4,HOLD_RPM,0.00,0.00,0.00,0,0.0,763,0,828.1,802.3
29.6500,38118,2000.0,828.1,-1.704,13.198,-0.27,2.08,626.2,626.2,500.8,100,20.0,0.4,HOLD_RPM,0.00,0.00,0.00,0,0.0,765,0,828.1,802.3
29.7000,38168,2000.0,828.1,-5.266,13.198,-0.83,2.08,640.3,640.3,500.8,100,20.0,0.4,HOLD_RPM,0.00,0.00,0.00,0,0.0,766,0,828.1,802.3
29.7500,38218,2000.0,828.1,-5.266,13.198,-0.83,2.08,640.3,640.3,500.5,100,20.0,0.3,HOLD_RPM,0.00,0.00,0.00,0,0.0,768,0,828.1,802.3
29.8000,38268,2000.0,828.1,-5.266,13.198,-0.83,2.08,640.3,640.3,500.5,100,20.0,0.3,HOLD_RPM,0.00,0.00,0.00,0,0.0,771,0,828.1,802.3
29.8500,38318,2000.0,828.1,-2.943,13.198,-0.46,2.08,840.0,840.0,500.5,100,20.0,0.3,HOLD_RPM,0.00,0.00,0.00,0,0.0,772,0,828.1,802.3
29.9000,38368,2000.0,828.1,-2.943,13.198,-0.46,2.08,840.0,840.0,500.5,100,20.0,0.3,HOLD_RPM,0.00,0.00,0.00,0,0.0,773,0,828.1,802.3
29.9500,38418,2000.0,828.1,-2.943,13.198,-0.46,2.08,840.0,840.0,500.8,100,20.0,0.4,HOLD_RPM,0.00,0.00,0.00,0,0.0,775,0,828.1,802.3
30.0000,38468,2000.0,828.1,-2.943,13.198,-0.46,2.08,840.0,840.0,500.8,100,20.0,0.4,HOLD_RPM,0.00,0.00,0.00,0,0.0,776,0,828.1,802.3
30.0500,38518,2000.0,828.1,-1.195,13.198,-0.19,2.08,820.3,820.3,500.8,100,20.0,0.4,HOLD_RPM,0.00,0.00,0.00,0,0.0,777,0,828.1,802.3
30.1000,38568,2000.0,828.1,-1.195,13.198,-0.19,2.08,820.3,820.3,501.6,100,20.0,0.8,HOLD_RPM,0.00,0.00,0.00,0,0.0,778,0,828.1,802.3
30.1500,38618,2000.0,828.1,-1.195,13.198,-0.19,2.08,820.3,820.3,501.6,100,20.0,0.8,HOLD_RPM,0.00,0.00,0.00,0,0.0,779,0,828.1,802.3
30.2000,38668,2000.0,828.1,-4.927,13.198,-0.78,2.08,663.8,663.8,501.6,100,20.0,0.8,HOLD_RPM,0.00,0.00,0.00,0,0.0,781,0,828.1,802.3
30.2500,38718,2000.0,828.1,-4.927,13.198,-0.78,2.08,663.8,663.8,501.0,100,20.0,0.5,HOLD_RPM,0.00,0.00,0.00,0,0.0,782,0,828.1,802.3
30.3000,38768,2000.0,828.1,-4.927,13.198,-0.78,2.08,663.8,663.8,501.0,100,20.0,0.5,HOLD_RPM,0.00,0.00,0.00,0,0.0,783,0,828.1,802.3
30.3500,38818,2000.0,828.1,-0.966,13.198,-0.15,2.08,945.3,945.3,501.0,100,20.0,0.5,HOLD_RPM,0.00,0.00,0.00,0,0.0,784,0,828.1,802.3
30.4000,38868,2000.0,828.1,-0.966,13.198,-0.15,2.08,945.3,945.3,501.0,100,20.0,0.5,HOLD_RPM,0.00,0.00,0.00,0,0.0,785,0,828.1,802.3
30.4500,38918,2000.0,828.1,-0.966,13.198,-0.15,2.08,945.3,945.3,501.0,100,20.0,0.5,HOLD_RPM,0.00,0.00,0.00,0,0.0,787,0,828.1,802.3
30.5000,38968,2000.0,828.1,-4.558,13.198,-0.72,2.08,746.2,746.2,501.0,100,20.0,0.5,HOLD_RPM,0.00,0.00,0.00,0,0.0,789,0,828.1,802.3
30.5500,39018,2000.0,828.1,-4.558,13.198,-0.72,2.08,746.2,746.2,501.0,100,20.0,0.5,HOLD_RPM,0.00,0.00,0.00,0,0.0,791,0,828.1,802.3
30.6000,39068,2000.0,880.6,-4.558,13.198,-0.76,2.21,746.2,746.2,500.9,100,20.0,0.4,HOLD_RPM,0.00,0.00,0.00,0,0.0,791,0,880.6,913.7
30.6500,39118,2000.0,880.6,-4.558,13.198,-0.76,2.21,746.2,746.2,500.9,100,20.0,0.4,HOLD_RPM,0.00,0.00,0.00,0,0.0,792,0,880.6,1088.2
30.7000,39168,2000.0,1169.4,0.568,13.198,0.13,2.94,1001.6,1001.6,500.9,100,20.0,0.4,HOLD_RPM,0.00,0.00,0.00,0,0.0,792,0,1169.4,1263.6
30.7500,39218,2000.0,1169.4,0.568,13.198,0.13,2.94,1001.6,1001.6,498.9,100,20.0,-0.6,HOLD_RPM,0.00,0.00,0.00,0,0.0,793,0,1169.4,1457.8
30.8000,39268,2000.0,1512.2,0.568,13.181,0.16,3.80,1001.6,1001.6,498.9,100,20.0,-0.6,HOLD_RPM,0.00,0.00,0.00,0,0.0,794,0,1512.2,1618.1
30.8500,39318,2000.0,1512.2,3.326,13.181,0.96,3.80,836.9,836.9,498.9,100,20.0,-0.6,HOLD_RPM,0.00,0.00,0.00,0,0.0,794,0,1512.2,1773.5
30.9000,39368,2000.0,1788.3,3.326,12.381,1.13,4.22,836.9,836.9,503.1,100,20.0,1.6,HOLD_RPM,0.00,0.00,0.00,0,0.0,796,0,1788.3,1858.6
30.9500,39418,2000.0,1788.3,3.326,12.381,1.13,4.22,836.9,836.9,503.1,100,20.0,1.6,HOLD_RPM,0.00,0.00,0.00,0,0.0,796,0,1788.3,1931.6
31.0000,39468,2000.0,1944.6,2.353,12.464,0.87,4.61,741.9,741.9,503.1,100,20.0,1.6,HOLD_RPM,0.00,0.00,0.00,0,0.0,796,0,1944.6,1979.9
31.0500,39518,2000.0,1944.6,2.353,12.464,0.87,4.61,741.9,741.9,502.8,100,20.0,1.4,HOLD_RPM,0.00,0.00,0.00,0,0.0,797,0,1944.6,2009.9
31.1000,39568,2000.0,2016.2,2.353,12.423,0.90,4.77,741.9,741.9,502.8,100,20.0,1.4,HOLD_RPM,0.00,0.00,0.00,0,0.0,797,0,2016.2,2029.8
31.1500,39618,2000.0,2016.2,11.204,12.423,4.30,4.77,1026.2,1026.2,502.8,106,21.2,1.4,HOLD_RPM,8.10,100.65,108.74,0,0.0,798,0,2016.2,2022.0
31.2000,39668,2000.0,2023.5,11.204,12.343,4.32,4.76,1026.2,1026.2,502.3,109,21.8,1.1,HOLD_RPM,8.10,101.30,109.39,0,0.0,798,0,2023.5,2021.9
31.2500,39718,2000.0,2023.5,11.204,12.343,4.32,4.76,1026.2,1026.2,502.3,115,23.0,1.1,HOLD_RPM,11.75,102.23,116.90,0,0.0,798,0,2023.5,2004.5
31.3000,39768,2000.0,1999.2,11.779,12.600,4.48,4.80,666.2,666.2,502.3,114,22.8,1.1,HOLD_RPM,11.75,103.17,114.92,0,0.0,798,0,1999.2,1988.2
31.3500,39818,2000.0,1999.2,11.779,12.600,4.48,4.80,666.2,666.2,502.3,107,21.4,1.1,HOLD_RPM,-0.42,103.14,92.99,0,0.0,799,0,1999.2,1977.7
31.4000,39868,2000.0,1973.4,11.779,12.535,4.43,4.71,666.2,666.2,500.0,96,19.2,0.0,HOLD_RPM,-0.42,103.11,102.69,0,0.0,800,0,1973.4,1961.7
31.4500,39918,2000.0,1973.4,11.779,12.535,4.43,4.71,666.2,666.2,500.0,90,18.0,0.0,HOLD_RPM,-13.28,102.04,78.47,0,0.0,800,0,1973.4,1960.1
31.5000,39968,2000.0,1956.2,8.526,12.492,3.18,4.65,693.1,693.1,500.0,82,16.4,0.0,HOLD_RPM,-13.28,100.98,87.70,0,0.0,800,0,1956.2,1950.5
31.5500,40018,2000.0,1956.2,8.526,12.492,3.18,4.65,693.1,693.1,502.5,77,15.4,1.2,HOLD_RPM,-21.92,99.23,70.40,0,0.0,801,0,1956.2,1940.3
31.6000,40068,2000.0,1937.4,8.526,12.446,3.15,4.59,693.1,693.1,502.5,71,14.2,1.2,HOLD_RPM,-21.92,97.48,75.56,0,0.0,801,0,1937.4,1930.1
31.6500,40118,2000.0,1937.4,10.599,12.446,3.91,4.59,914.1,914.1,502.5,71,14.2,1.2,HOLD_RPM,-31.31,94.97,56.15,0,0.0,801,0,1937.4,1916.0
31.7000,40168,2000.0,1920.6,10.599,12.404,3.88,4.54,914.1,914.1,501.5,63,12.6,0.8,HOLD_RPM,-31.31,92.47,61.16,0,0.0,801,0,1920.6,1922.0
31.7500,40218,2000.0,1920.6,10.599,12.404,3.88,4.54,914.1,914.1,501.5,56,11.2,0.8,HOLD_RPM,-39.68,89.29,42.91,0,0.0,801,0,1920.6,1927.5
31.8000,40268,2000.0,1927.9,16.846,12.422,6.18,4.56,945.9,945.9,501.5,47,9.4,0.8,HOLD_RPM,-39.68,86.12,46.43,0,0.0,802,0,1927.9,1930.0
31.8500,40318,2000.0,1927.9,16.846,12.422,6.18,4.56,945.9,945.9,501.0,50,10.0,0.5,HOLD_RPM,-36.06,83.23,50.07,0,0.0,802,0,1927.9,1935.0
31.9000,40368,2000.0,1938.7,16.846,12.449,6.22,4.60,945.9,945.9,501.0,44,8.8,0.5,HOLD_RPM,-36.06,80.35,44.29,0,0.0,802,0,1938.7,1945.7
31.9500,40418,2000.0,1938.7,17.864,12.449,6.59,4.60,991.2,991.2,501.0,49,9.8,0.5,HOLD_RPM,-30.63,77.90,51.61,0,0.0,802,0,1938.7,1951.7
32.0000,40468,2000.0,1957.8,17.864,12.496,6.66,4.66,991.2,991.2,501.0,45,9.0,0.5,HOLD_RPM,-30.63,75.45,44.81,0,0.0,804,0,1957.8,1968.8
32.0500,40518,2000.0,1957.8,17.864,12.496,6.66,4.66,991.2,991.2,499.3,49,9.8,-0.4,HOLD_RPM,-21.10,73.76,60.27,0,0.0,804,0,1957.8,1989.5
32.1000,40568,2000.0,1997.4,17.864,12.595,6.79,4.79,991.2,991.2,499.3,57,11.4,-0.4,HOLD_RPM,-21.10,72.07,50.96,0,0.0,804,0,1997.4,2013.7
32.1500,40618,2000.0,1997.4,16.986,12.595,6.46,4.79,706.6,706.6,499.3,62,12.4,-0.4,HOLD_RPM,-1.29,71.97,86.53,0,0.0,804,0,1997.4,2027.4
32.2000,40668,2000.0,2029.9,16.986,12.272,6.57,4.74,706.6,706.6,502.4,71,14.2,1.2,HOLD_RPM,-1.29,71.86,70.57,0,0.0,805,0,2029.9,2034.7
32.2500,40718,2000.0,2029.9,16.986,12.272,6.57,4.74,706.6,706.6,502.4,78,15.6,1.2,HOLD_RPM,14.93,73.06,100.96,0,0.0,805,0,2029.9,2055.6
32.3000,40768,2000.0,2055.2,8.357,11.994,3.27,4.69,611.6,611.6,502.4,89,17.8,1.2,HOLD_RPM,14.93,74.25,89.18,0,0.0,809,0,2055.2,2060.7
32.3500,40818,2000.0,2055.2,8.357,11.994,3.27,4.69,611.6,611.6,501.4,94,18.8,0.7,HOLD_RPM,27.60,76.46,114.19,0,0.0,810,0,2055.2,2056.7
32.4000,40868,2000.0,2057.8,8.357,11.965,3.27,4.69,611.6,611.6,501.4,104,20.8,0.7,HOLD_RPM,27.60,78.67,106.26,0,0.0,810,0,2057.8,2059.0
32.4500,40918,2000.0,2057.8,7.324,11.965,2.87,4.69,790.3,790.3,501.4,109,21.8,0.7,HOLD_RPM,28.90,80.98,110.93,0,0.0,810,0,2057.8,2048.7
32.5000,40968,2000.0,2054.0,7.324,12.007,2.86,4.70,790.3,790.3,502.1,112,22.4,1.1,HOLD_RPM,28.90,83.29,112.19,0,0.0,810,0,2054.0,2059.5
32.5500,41018,2000.0,2054.0,7.324,12.007,2.86,4.70,790.3,790.3,502.1,110,22.0,1.1,HOLD_RPM,27.02,85.45,110.97,0,0.0,810,0,2054.0,2052.8
32.6000,41068,2000.0,2057.1,4.211,11.973,1.65,4.69,601.2,601.2,502.1,114,22.8,1.1,HOLD_RPM,27.02,87.61,114.64,0,0.0,811,0,2057.1,2064.6
32.6500,41118,2000.0,2057.1,4.211,11.973,1.65,4.69,601.2,601.2,502.6,118,23.6,1.3,HOLD_RPM,28.55,89.90,119.67,0,0.0,811,0,2057.1,2061.4
32.7000,41168,2000.0,2065.8,4.211,11.877,1.66,4.67,601.2,601.2,502.6,120,24.0,1.3,HOLD_RPM,28.55,92.18,120.73,0,0.0,812,0,2065.8,2072.8
32.7500,41218,2000.0,2065.8,6.159,11.877,2.42,4.67,1114.4,1114.4,502.6,127,25.4,1.3,HOLD_RPM,32.88,94.81,131.15,0,0.0,813,0,2065.8,2074.9
32.8000,41268,2000.0,2071.3,6.159,11.817,2.43,4.66,1114.4,1114.4,502.6,130,26.0,1.3,HOLD_RPM,32.88,97.44,130.32,0,0.0,815,0,2071.3,2067.4
32.8500,41318,2000.0,2071.3,6.159,11.817,2.43,4.66,1114.4,1114.4,504.4,136,27.2,2.2,HOLD_RPM,35.66,100.30,138.18,0,0.0,815,0,2071.3,2079.7
32.9000,41368,2000.0,2073.7,6.159,11.790,2.43,4.66,1114.4,1114.4,504.4,138,27.6,2.2,HOLD_RPM,35.66,103.15,138.81,0,0.0,816,0,2073.7,2065.0
32.9500,41418,2000.0,2073.7,3.806,11.790,1.50,4.66,559.7,559.7,504.4,142,28.4,2.2,HOLD_RPM,36.86,106.10,143.91,0,0.0,816,0,2073.7,2055.9
33.0000,41468,2000.0,2051.2,3.806,12.038,1.49,4.70,559.7,559.7,500.1,145,29.0,0.1,HOLD_RPM,36.86,109.04,145.90,0,0.0,817,0,2051.2,2042.3
33.0500,41518,2000.0,2051.2,3.806,12.038,1.49,4.70,559.7,559.7,500.1,138,27.6,0.1,HOLD_RPM,25.61,111.09,127.71,0,0.0,817,0,2051.2,2035.7
33.1000,41568,2000.0,2041.6,12.295,12.144,4.78,4.72,1076.9,1076.9,500.1,128,25.6,0.1,HOLD_RPM,25.61,113.14,138.75,0,0.0,817,0,2041.6,2052.1
33.1500,41618,2000.0,2041.6,12.295,12.144,4.78,4.72,1076.9,1076.9,502.8,131,26.2,1.4,HOLD_RPM,20.80,114.81,131.77,0,0.0,817,0,2041.6,2068.5
33.2000,41668,2000.0,2072.4,12.295,11.804,4.85,4.66,1076.9,1076.9,502.8,137,27.4,1.4,HOLD_RPM,20.80,116.47,137.27,0,0.0,818,0,2072.4,2080.4
33.2500,41718,2000.0,2072.4,2.913,11.804,1.15,4.66,490.0,490.0,502.8,144,28.8,1.4,HOLD_RPM,36.20,119.37,167.89,0,0.0,820,0,2072.4,2082.7
33.3000,41768,2000.0,2086.2,2.913,11.653,1.16,4.63,490.0,490.0,497.5,156,31.2,-1.2,HOLD_RPM,36.20,122.26,158.47,0,0.0,821,0,2086.2,2097.8
33.3500,41818,2000.0,2086.2,2.913,11.653,1.16,4.63,490.0,490.0,497.5,169,33.8,-1.2,HOLD_RPM,43.09,125.71,174.31,0,0.0,821,0,2086.2,2108.7
33.4000,41868,2000.0,2111.4,7.479,11.514,3.01,4.63,1152.5,1152.5,497.5,175,35.0,-1.2,HOLD_RPM,43.09,129.16,172.25,0,0.0,821,0,2111.4,2121.9
33.4500,41918,2000.0,2111.4,7.479,11.514,3.01,4.63,1152.5,1152.5,497.5,182,36.4,-1.2,HOLD_RPM,55.72,133.62,199.44,0,0.0,821,0,2111.4,2152.2
33.5000,41968,2000.0,2154.8,7.479,11.567,3.07,4.75,1152.5,1152.5,505.0,192,38.4,2.5,HOLD_RPM,55.72,138.07,193.79,0,0.0,821,0,2154.8,2169.4
33.5500,42018,2000.0,2154.8,7.479,11.567,3.07,4.75,1152.5,1152.5,505.0,198,39.6,2.5,HOLD_RPM,77.38,144.26,238.96,0,0.0,821,0,2154.8,2187.1
33.6000,42068,2000.0,2192.9,7.988,11.614,3.34,4.85,1014.1,1014.1,505.0,214,42.8,2.5,HOLD_RPM,77.38,150.45,227.83,0,0.0,822,0,2192.9,2212.0
33.6500,42118,2000.0,2192.9,7.988,11.614,3.34,4.85,1014.1,1014.1,504.1,231,46.2,2.1,HOLD_RPM,96.44,158.17,269.85,0,0.0,822,0,2192.9,2225.1
33.7000,42168,2000.0,2229.7,7.988,11.547,3.39,4.90,1014.1,1014.1,504.1,253,50.6,2.1,HOLD_RPM,96.44,165.88,262.32,0,0.0,822,0,2229.7,2243.8
33.7500,42218,2000.0,2229.7,8.718,11.547,3.70,4.90,739.7,739.7,504.1,271,54.2,2.1,HOLD_RPM,114.85,175.07,304.65,0,0.0,822,0,2229.7,2227.3
33.8000,42268,2000.0,2225.8,8.718,11.556,3.69,4.90,739.7,739.7,596.1,291,58.2,48.1,HOLD_RPM,114.85,184.26,299.11,0,0.0,823,0,2225.8,2213.6
33.8500,42318,2000.0,2225.8,8.718,11.556,3.69,4.90,739.7,739.7,596.1,302,60.4,48.1,HOLD_RPM,112.90,193.29,304.63,0,0.0,824,0,2225.8,2172.4
33.9000,42368,2000.0,2161.2,13.342,11.575,5.49,4.76,820.6,820.6,596.1,308,61.6,48.1,HOLD_RPM,112.90,202.32,315.22,0,0.0,824,0,2161.2,2123.7
33.9500,42418,2000.0,2161.2,13.342,11.575,5.49,4.76,820.6,820.6,703.9,315,63.0,101.9,HOLD_RPM,80.61,208.77,263.56,0,0.0,824,0,2161.2,2072.8
34.0000,42468,2000.0,2046.1,13.342,12.094,5.20,4.71,820.6,820.6,703.9,306,61.2,101.9,HOLD_RPM,80.61,215.22,295.83,0,0.0,824,0,2046.1,1996.2
34.0500,42518,2000.0,2046.1,18.424,12.094,7.18,4.71,1019.7,1019.7,703.9,290,58.0,101.9,HOLD_RPM,23.03,217.06,194.02,0,0.0,825,0,2046.1,1935.9
34.1000,42568,2000.0,1931.7,18.424,12.431,6.78,4.57,1019.7,1019.7,538.0,265,53.0,19.0,HOLD_RPM,23.03,218.91,241.93,0,0.0,825,0,1931.7,1916.0
34.1500,42618,2000.0,1931.7,18.424,12.431,6.78,4.57,1019.7,1019.7,538.0,242,48.4,19.0,HOLD_RPM,-34.14,216.17,136.29,0,0.0,825,0,1931.7,1955.5
34.2000,42668,2000.0,1967.5,21.655,12.521,8.11,4.69,747.5,747.5,538.0,213,42.6,19.0,HOLD_RPM,-34.14,213.44,179.30,0,0.0,825,0,1967.5,1997.1
34.2500,42718,2000.0,1967.5,21.655,12.521,8.11,4.69,747.5,747.5,538.0,192,38.4,19.0,HOLD_RPM,-16.27,212.14,210.17,0,0.0,825,0,1967.5,2030.1
34.3000,42768,2000.0,2041.2,21.655,12.148,8.42,4.72,747.5,747.5,496.8,183,36.6,-1.6,HOLD_RPM,-16.27,210.84,194.57,0,0.0,825,0,2041.2,2068.2
34.3500,42818,2000.0,2041.2,21.655,12.148,8.42,4.72,747.5,747.5,496.8,188,37.6,-1.6,HOLD_RPM,20.60,212.49,262.58,0,0.0,825,0,2041.2,2106.4
34.4000,42868,2000.0,2128.8,13.586,11.536,5.51,4.68,749.7,749.7,496.8,205,41.0,-1.6,HOLD_RPM,20.60,214.13,234.73,0,0.0,825,0,2128.8,2171.2
34.4500,42918,2000.0,2128.8,13.586,11.536,5.51,4.68,749.7,749.7,504.1,231,46.2,2.1,HOLD_RPM,64.40,219.29,318.72,0,0.0,825,0,2128.8,2208.7
34.5000,42968,2000.0,2223.7,13.586,11.562,5.75,4.90,749.7,749.7,504.1,260,52.0,2.1,HOLD_RPM,64.40,224.44,288.83,0,0.0,826,0,2223.7,2253.7
34.5500,43018,2000.0,2223.7,14.936,11.562,6.32,4.90,620.6,620.6,504.1,286,57.2,2.1,HOLD_RPM,111.85,233.39,383.20,0,0.0,826,0,2223.7,2271.4
34.6000,43068,2000.0,2262.9,14.936,11.462,6.44,4.94,620.6,620.6,681.3,317,63.4,90.6,HOLD_RPM,111.85,242.33,354.19,0,0.0,827,0,2262.9,2247.4
34.6500,43118,2000.0,2262.9,14.936,11.462,6.44,4.94,620.6,620.6,681.3,346,69.2,90.6,HOLD_RPM,131.44,252.85,399.96,0,0.0,828,0,2262.9,2140.2
34.7000,43168,2000.0,2066.9,9.898,11.865,3.90,4.67,849.1,849.1,681.3,373,74.6,90.6,HOLD_RPM,131.44,263.37,394.81,0,0.0,828,0,2066.9,1895.6
34.7500,43218,2000.0,2066.9,9.898,11.865,3.90,4.67,849.1,849.1,1088.0,390,78.0,294.0,HOLD_RPM,33.47,266.04,221.13,0,0.0,829,0,2066.9,1631.1
34.8000,43268,2000.0,1539.5,9.898,13.143,2.90,3.85,849.1,849.1,1088.0,397,79.4,294.0,HOLD_RPM,33.47,268.72,302.19,0,0.0,830,0,1539.5,1400.9
34.8500,43318,2000.0,1539.5,25.387,13.143,7.44,3.85,1190.0,1190.0,1088.0,388,77.6,294.0,HOLD_RPM,-230.23,268.72,-172.46,0,0.0,831,0,1539.5,1063.3
34.9000,43368,0.0,975.3,25.387,13.198,4.71,2.45,1190.0,1190.0,1080.4,372,74.4,290.2,IDLE,0.00,0.00,0.00,0,0.0,831,0,975.3,916.5
34.9500,43418,0.0,975.3,25.387,13.198,4.71,2.45,1190.0,1190.0,1080.4,350,70.0,290.2,IDLE,0.00,0.00,0.00,0,0.0,832,0,975.3,916.5
35.0000,43468,0.0,975.3,14.840,13.198,2.76,2.45,675.9,675.9,1080.4,313,62.6,290.2,IDLE,0.00,0.00,0.00,0,0.0,833,0,975.3,916.5
35.0500,43518,0.0,975.3,14.840,13.198,2.76,2.45,675.9,675.9,1080.4,274,54.8,290.2,IDLE,0.00,0.00,0.00,0,0.0,834,0,975.3,916.5
35.1000,43568,0.0,975.3,14.840,13.198,2.76,2.45,675.9,675.9,504.9,234,46.8,2.4,IDLE,0.00,0.00,0.00,0,0.0,834,0,975.3,916.5
35.1500,43618,0.0,975.3,14.840,13.198,2.76,2.45,675.9,675.9,504.9,194,38.8,2.4,IDLE,0.00,0.00,0.00,0,0.0,835,0,975.3,916.5
35.2000,43668,0.0,975.3,8.334,13.198,1.55,2.45,720.0,720.0,504.9,154,30.8,2.4,IDLE,0.00,0.00,0.00,0,0.0,836,0,975.3,916.5
35.2500,43718,0.0,975.3,8.334,13.198,1.55,2.45,720.0,720.0,499.6,115,23.0,-0.2,IDLE,0.00,0.00,0.00,0,0.0,837,0,975.3,916.5
35.3000,43768,0.0,975.3,8.334,13.198,1.55,2.45,720.0,720.0,499.6,75,15.0,-0.2,IDLE,0.00,0.00,0.00,0,0.0,838,0,975.3,916.5
35.3500,43818,0.0,975.3,23.314,13.198,4.33,2.45,1416.9,1416.9,499.6,42,8.4,-0.2,IDLE,0.00,0.00,0.00,0,0.0,839,0,975.3,916.5
35.4000,43868,0.0,975.3,23.314,13.198,4.33,2.45,1416.9,1416.9,500.1,18,3.6,0.1,IDLE,0.00,0.00,0.00,0,0.0,840,0,975.3,916.5
35.4500,43918,0.0,975.3,23.314,13.198,4.33,2.45,1416.9,1416.9,500.1,4,0.8,0.1,IDLE,0.00,0.00,0.00,0,0.0,843,0,975.3,916.5
35.5000,43968,0.0,975.3,21.847,13.198,4.06,2.45,754.1,754.1,500.1,0,0.0,0.1,IDLE,0.00,0.00,0.00,0,0.0,845,0,975.3,916.5
35.5500,44018,0.0,975.3,21.847,13.198,4.06,2.45,754.1,754.1,499.8,0,0.0,-0.1,IDLE,0.00,0.00,0.00,0,0.0,845,0,975.3,1029.5
35.6000,44068,0.0,1111.7,21.847,13.198,4.62,2.79,754.1,754.1,499.8,0,0.0,-0.1,IDLE,0.00,0.00,0.00,0,0.0,845,0,1111.7,1208.2
35.6500,44118,0.0,1111.7,20.386,13.198,4.32,2.79,953.8,953.8,499.8,0,0.0,-0.1,IDLE,0.00,0.00,0.00,0,0.0,845,0,1111.7,1370.9
35.7000,44168,0.0,1456.0,20.386,13.198,5.65,3.66,953.8,953.8,499.8,0,0.0,-0.1,IDLE,0.00,0.00,0.00,0,0.0,846,0,1456.0,1546.8
35.7500,44218,0.0,1456.0,20.386,13.198,5.65,3.66,953.8,953.8,500.1,0,0.0,0.1,IDLE,0.00,0.00,0.00,0,0.0,847,0,1456.0,1700.4
35.8000,44268,0.0,1712.0,20.386,13.145,6.65,4.28,953.8,953.8,500.1,0,0.0,0.1,IDLE,0.00,0.00,0.00,0,0.0,847,0,1712.0,1771.6
35.8500,44318,0.0,1712.0,18.778,13.145,6.12,4.28,675.0,675.0,500.1,0,0.0,0.1,IDLE,0.00,0.00,0.00,0,0.0,847,0,1712.0,1781.2
35.9000,44368,0.0,1770.8,18.778,12.556,6.33,4.23,675.0,675.0,502.4,0,0.0,1.2,IDLE,0.00,0.00,0.00,0,0.0,847,0,1770.8,1756.7
35.9500,44418,0.0,1770.8,18.778,12.556,6.33,4.23,675.0,675.0,502.4,0,0.0,1.2,IDLE,0.00,0.00,0.00,0,0.0,847,0,1770.8,1721.8
36.0000,44468,0.0,1692.0,17.842,13.248,5.75,4.27,707.2,707.2,502.4,0,0.0,1.2,IDLE,0.00,0.00,0.00,0,0.0,847,0,1692.0,1648.4
36.0500,44518,0.0,1692.0,17.842,13.248,5.75,4.27,707.2,707.2,501.0,0,0.0,0.5,IDLE,0.00,0.00,0.00,0,0.0,847,0,1692.0,1542.7
36.1000,44568,0.0,1497.5,17.842,13.198,5.09,3.76,707.2,707.2,501.0,0,0.0,0.5,IDLE,0.00,0.00,0.00,0,0.0,847,0,1497.5,1427.7
36.1500,44618,0.0,1497.5,19.531,13.198,5.57,3.76,696.9,696.9,501.0,0,0.0,0.5,IDLE,0.00,0.00,0.00,0,0.0,847,0,1497.5,1335.4
36.2000,44668,0.0,1284.7,19.531,13.198,4.78,3.23,696.9,696.9,500.3,0,0.0,0.1,IDLE,0.00,0.00,0.00,0,0.0,847,0,1284.7,1237.7
36.2500,44718,0.0,1284.7,19.531,13.198,4.78,3.23,696.9,696.9,500.3,0,0.0,0.1,IDLE,0.00,0.00,0.00,0,0.0,847,0,1284.7,1134.0
36.3000,44768,0.0,1094.0,18.011,13.198,3.75,2.75,780.6,780.6,500.3,0,0.0,0.1,IDLE,0.00,0.00,0.00,0,0.0,847,0,1094.0,1058.1
36.3500,44818,0.0,1094.0,18.011,13.198,3.75,2.75,780.6,780.6,500.6,0,0.0,0.3,IDLE,0.00,0.00,0.00,0,0.0,847,0,1094.0,932.7
36.4000,44868,0.0,882.4,18.011,13.198,3.03,2.22,780.6,780.6,500.6,0,0.0,0.3,IDLE,0.00,0.00,0.00,0,0.0,847,0,882.4,839.5
36.4500,44918,0.0,882.4,4.344,13.198,0.73,2.22,572.2,572.2,500.6,0,0.0,0.3,IDLE,0.00,0.00,0.00,0,0.0,848,0,882.4,839.5
36.5000,44968,0.0,882.4,4.344,13.198,0.73,2.22,572.2,572.2,500.6,0,0.0,0.3,IDLE,0.00,0.00,0.00,0,0.0,850,0,882.4,839.5
36.5500,45018,0.0,882.4,4.344,13.198,0.73,2.22,572.2,572.2,501.6,0,0.0,0.8,IDLE,0.00,0.00,0.00,0,0.0,851,0,882.4,839.5
36.6000,45068,0.0,882.4,4.344,13.198,0.73,2.22,572.2,572.2,501.6,0,0.0,0.8,IDLE,0.00,0.00,0.00,0,0.0,852,0,882.4,839.5
36.6500,45118,0.0,882.4,3.998,13.198,0.67,2.22,660.3,660.3,501.6,0,0.0,0.8,IDLE,0.00,0.00,0.00,0,0.0,853,0,882.4,839.5
36.7000,45168,0.0,882.4,3.998,13.198,0.67,2.22,660.3,660.3,501.8,0,0.0,0.9,IDLE,0.00,0.00,0.00,0,0.0,854,0,882.4,839.5
36.7500,45218,0.0,882.4,3.998,13.198,0.67,2.22,660.3,660.3,501.8,0,0.0,0.9,IDLE,0.00,0.00,0.00,0,0.0,854,0,882.4,839.5
36.8000,45268,0.0,882.4,4.669,13.198,0.78,2.22,750.3,750.3,501.8,0,0.0,0.9,IDLE,0.00,0.00,0.00,0,0.0,855,0,882.4,839.5
36.8500,45318,0.0,882.4,4.669,13.198,0.78,2.22,750.3,750.3,501.9,0,0.0,0.9,IDLE,0.00,0.00,0.00,0,0.0,855,0,882.4,839.5
36.9000,45368,0.0,0.0,4.669,13.198,0.00,0.00,750.3,750.3,501.9,0,0.0,0.9,IDLE,0.00,0.00,0.00,0,0.0,855,0,0.0,839.5
36.9500,45418,0.0,0.0,-10.296,13.198,0.00,0.00,740.6,740.6,501.9,0,0.0,0.9,IDLE,0.00,0.00,0.00,0,0.0,856,0,0.0,839.5
37.0000,45468,0.0,0.0,-10.296,13.198,0.00,0.00,740.6,740.6,501.5,0,0.0,0.8,IDLE,0.00,0.00,0.00,0,0.0,856,0,0.0,839.5
37.0500,45518,0.0,0.0,-10.296,13.198,0.00,0.00,740.6,740.6,501.5,0,0.0,0.8,IDLE,0.00,0.00,0.00,0,0.0,856,0,0.0,839.5
37.1000,45568,0.0,0.0,-12.008,13.198,0.00,0.00,676.6,676.6,501.5,0,0.0,0.8,IDLE,0.00,0.00,0.00,0,0.0,856,0,0.0,839.5
37.1500,45618,0.0,0.0,-12.008,13.198,0.00,0.00,676.6,676.6,501.5,0,0.0,0.8,IDLE,0.00,0.00,0.00,0,0.0,856,0,0.0,839.5
37.2000,45668,0.0,0.0,-12.008,13.198,0.00,0.00,676.6,676.6,501.6,0,0.0,0.8,IDLE,0.00,0.00,0.00,0,0.0,856,0,0.0,839.5
37.2500,45718,0.0,0.0,-12.008,13.198,0.00,0.00,676.6,676.6,501.6,0,0.0,0.8,IDLE,0.00,0.00,0.00,0,0.0,856,0,0.0,839.5
37.3000,45768,0.0,0.0,-17.974,13.198,0.00,0.00,684.4,684.4,501.6,0,0.0,0.8,IDLE,0.00,0.00,0.00,0,0.0,856,0,0.0,839.5
37.3500,45818,0.0,0.0,-17.974,13.198,0.00,0.00,684.4,684.4,501.8,0,0.0,0.9,IDLE,0.00,0.00,0.00,0,0.0,856,0,0.0,839.5
37.4000,45868,0.0,0.0,-17.974,13.198,0.00,0.00,684.4,684.4,501.8,0,0.0,0.9,IDLE,0.00,0.00,0.00,0,0.0,856,0,0.0,839.5
37.4500,45918,0.0,0.0,-16.905,13.198,0.00,0.00,723.1,723.1,501.8,0,0.0,0.9,IDLE,0.00,0.00,0.00,0,0.0,856,0,0.0,839.5
37.5000,45968,0.0,0.0,-16.905,13.198,0.00,0.00,723.1,723.1,501.3,0,0.0,0.6,IDLE,0.00,0.00,0.00,0,0.0,856,0,0.0,839.5
37.5500,46018,0.0,0.0,-16.905,13.198,0.00,0.00,723.1,723.1,501.3,0,0.0,0.6,IDLE,0.00,0.00,0.00,0,0.0,856,0,0.0,839.5
37.6000,46068,0.0,0.0,-16.204,13.198,0.00,0.00,738.8,738.8,501.3,0,0.0,0.6,IDLE,0.00,0.00,0.00,0,0.0,856,0,0.0,839.5
37.6500,46118,0.0,0.0,-16.204,13.198,0.00,0.00,738.8,738.8,501.3,0,0.0,0.6,IDLE,0.00,0.00,0.00,0,0.0,856,0,0.0,839.5
37.7000,46168,0.0,0.0,-16.204,13.198,0.00,0.00,738.8,738.8,501.3,0,0.0,0.6,IDLE,0.00,0.00,0.00,0,0.0,856,0,0.0,839.5
37.7500,46218,0.0,0.0,-15.194,13.198,0.00,0.00,742.8,742.8,501.3,0,0.0,0.6,IDLE,0.00,0.00,0.00,0,0.0,856,0,0.0,839.5
37.8000,46268,0.0,0.0,-15.194,13.198,0.00,0.00,742.8,742.8,500.0,0,0.0,0.0,IDLE,0.00,0.00,0.00,0,0.0,856,0,0.0,839.5
37.8500,46318,0.0,0.0,-15.194,13.198,0.00,0.00,742.8,742.8,500.0,0,0.0,0.0,IDLE,0.00,0.00,0.00,0,0.0,856,0,0.0,839.5
37.9000,46368,0.0,0.0,-16.234,13.198,0.00,0.00,733.4,733.4,500.0,0,0.0,0.0,IDLE,0.00,0.00,0.00,0,0.0,856,0,0.0,839.5
37.9500,46418,0.0,0.0,-16.234,13.198,0.00,0.00,733.4,733.4,500.0,0,0.0,0.0,IDLE,0.00,0.00,0.00,0,0.0,856,0,0.0,839.5
38.0000,46468,0.0,0.0,-16.234,13.198,0.00,0.00,733.4,733.4,501.9,0,0.0,0.9,IDLE,0.00,0.00,0.00,0,0.0,856,0,0.0,839.5
38.0500,46518,0.0,0.0,-16.234,13.198,0.00,0.00,733.4,733.4,501.9,0,0.0,0.9,IDLE,0.00,0.00,0.00,0,0.0,856,0,0.0,839.5
38.1000,46568,0.0,0.0,-12.450,13.198,0.00,0.00,743.1,743.1,501.9,0,0.0,0.9,IDLE,0.00,0.00,0.00,0,0.0,856,0,0.0,839.5
38.1500,46618,0.0,0.0,-12.450,13.198,0.00,0.00,743.1,743.1,501.8,0,0.0,0.9,IDLE,0.00,0.00,0.00,0,0.0,856,0,0.0,839.5
38.2000,46668,0.0,0.0,-12.450,13.198,0.00,0.00,743.1,743.1,501.8,0,0.0,0.9,IDLE,0.00,0.00,0.00,0,0.0,856,0,0.0,839.5
38.2500,46718,0.0,0.0,-10.665,13.198,0.00,0.00,741.2,741.2,501.8,0,0.0,0.9,IDLE,0.00,0.00,0.00,0,0.0,856,0,0.0,839.5
38.3000,46768,0.0,0.0,-10.665,13.198,0.00,0.00,741.2,741.2,502.8,0,0.0,1.4,IDLE,0.00,0.00,0.00,0,0.0,856,0,0.0,839.5
38.3500,46818,0.0,0.0,-10.665,13.198,0.00,0.00,741.2,741.2,502.8,0,0.0,1.4,IDLE,0.00,0.00,0.00,0,0.0,856,0,0.0,839.5
38.4000,46868,0.0,0.0,-10.916,13.198,0.00,0.00,738.8,738.8,502.8,0,0.0,1.4,IDLE,0.00,0.00,0.00,0,0.0,856,0,0.0,839.5
38.4500,46918,0.0,0.0,-10.916,13.198,0.00,0.00,738.8,738.8,501.3,0,0.0,0.6,IDLE,0.00,0.00,0.00,0,0.0,856,0,0.0,839.5
38.5000,46968,0.0,0.0,-10.916,13.198,0.00,0.00,738.8,738.8,501.3,0,0.0,0.6,IDLE,0.00,0.00,0.00,0,0.0,856,0,0.0,839.5
38.5500,47018,0.0,0.0,-10.997,13.198,0.00,0.00,737.2,737.2,501.3,0,0.0,0.6,IDLE,0.00,0.00,0.00,0,0.0,856,0,0.0,839.5
38.6000,47068,0.0,0.0,-10.997,13.198,0.00,0.00,737.2,737.2,501.3,0,0.0,0.6,IDLE,0.00,0.00,0.00,0,0.0,856,0,0.0,839.5
38.6500,47118,0.0,0.0,-10.997,13.198,0.00,0.00,737.2,737.2,503.1,0,0.0,1.6,IDLE,0.00,0.00,0.00,0,0.0,856,0,0.0,839.5
38.7000,47168,0.0,0.0,-10.997,13.198,0.00,0.00,737.2,737.2,503.1,0,0.0,1.6,IDLE,0.00,0.00,0.00,0,0.0,856,0,0.0,839.5
38.7500,47218,0.0,0.0,-9.633,13.198,0.00,0.00,738.1,738.1,503.1,0,0.0,1.6,IDLE,0.00,0.00,0.00,0,0.0,856,0,0.0,839.5
38.8000,47268,0.0,0.0,-9.633,13.198,0.00,0.00,738.1,738.1,502.8,0,0.0,1.4,IDLE,0.00,0.00,0.00,0,0.0,856,0,0.0,839.5
38.8500,47318,0.0,0.0,-9.633,13.198,0.00,0.00,738.1,738.1,502.8,0,0.0,1.4,IDLE,0.00,0.00,0.00,0,0.0,856,0,0.0,839.5
38.9000,47368,0.0,0.0,-8.438,13.198,0.00,0.00,738.4,738.4,502.8,0,0.0,1.4,IDLE,0.00,0.00,0.00,0,0.0,856,0,0.0,839.5
38.9500,47418,0.0,0.0,-8.438,13.198,0.00,0.00,738.4,738.4,501.5,0,0.0,0.8,IDLE,0.00,0.00,0.00,0,0.0,856,0,0.0,0.0
39.0000,47468,0.0,0.0,-8.438,13.198,0.00,0.00,738.4,738.4,501.5,0,0.0,0.8,IDLE,0.00,0.00,0.00,0,0.0,856,0,0.0,0.0
39.0500,47518,0.0,0.0,-7.966,13.198,0.00,0.00,744.4,744.4,501.5,0,0.0,0.8,IDLE,0.00,0.00,0.00,0,0.0,856,0,0.0,0.0
39.1000,47568,0.0,0.0,-7.966,13.198,0.00,0.00,744.4,744.4,502.3,0,0.0,1.1,IDLE,0.00,0.00,0.00,0,0.0,856,0,0.0,0.0
39.1500,47618,0.0,0.0,-7.966,13.198,0.00,0.00,744.4,744.4,502.3,0,0.0,1.1,IDLE,0.00,0.00,0.00,0,0.0,856,0,0.0,0.0
39.2000,47668,0.0,0.0,-7.855,13.198,0.00,0.00,743.8,743.8,502.3,0,0.0,1.1,IDLE,0.00,0.00,0.00,0,0.0,856,0,0.0,0.0
39.2500,47718,0.0,0.0,-7.855,13.198,0.00,0.00,743.8,743.8,502.1,0,0.0,1.1,IDLE,0.00,0.00,0.00,0,0.0,856,0,0.0,0.0
39.3000,47768,0.0,0.0,-7.855,13.198,0.00,0.00,743.8,743.8,502.1,0,0.0,1.1,IDLE,0.00,0.00,0.00,0,0.0,856,0,0.0,0.0
39.3500,47818,0.0,0.0,-7.759,13.198,0.00,0.00,747.2,747.2,502.1,0,0.0,1.1,IDLE,0.00,0.00,0.00,0,0.0,856,0,0.0,0.0
39.4000,47868,0.0,0.0,-7.759,13.198,0.00,0.00,747.2,747.2,502.1,0,0.0,1.1,IDLE,0.00,0.00,0.00,0,0.0,856,0,0.0,0.0
39.4500,47918,0.0,0.0,-7.759,13.198,0.00,0.00,747.2,747.2,502.8,0,0.0,1.4,IDLE,0.00,0.00,0.00,0,0.0,856,0,0.0,0.0
39.5000,47968,0.0,0.0,-7.759,13.198,0.00,0.00,747.2,747.2,502.8,0,0.0,1.4,IDLE,0.00,0.00,0.00,0,0.0,856,0,0.0,0.0
39.5500,48018,0.0,0.0,-7.442,13.198,0.00,0.00,747.8,747.8,502.8,0,0.0,1.4,IDLE,0.00,0.00,0.00,0,0.0,856,0,0.0,0.0
39.6000,48068,0.0,0.0,-7.442,13.198,0.00,0.00,747.8,747.8,502.6,0,0.0,1.3,IDLE,0.00,0.00,0.00,0,0.0,856,0,0.0,0.0
39.6500,48118,0.0,0.0,-7.442,13.198,0.00,0.00,747.8,747.8,502.6,0,0.0,1.3,IDLE,0.00,0.00,0.00,0,0.0,856,0,0.0,0.0
39.7000,48168,0.0,0.0,-7.442,13.198,0.00,0.00,743.1,743.1,502.6,0,0.0,1.3,IDLE,0.00,0.00,0.00,0,0.0,856,0,0.0,0.0
39.7500,48218,0.0,0.0,-7.442,13.198,0.00,0.00,743.1,743.1,503.6,0,0.0,1.8,IDLE,0.00,0.00,0.00,0,0.0,856,0,0.0,0.0
39.8000,48268,0.0,0.0,-7.442,13.198,0.00,0.00,743.1,743.1,503.6,0,0.0,1.8,IDLE,0.00,0.00,0.00,0,0.0,856,0,0.0,0.0
39.8500,48318,0.0,0.0,-7.294,13.198,0.00,0.00,747.8,747.8,503.6,0,0.0,1.8,IDLE,0.00,0.00,0.00,0,0.0,856,0,0.0,0.0
39.9000,48368,0.0,0.0,-7.294,13.198,0.00,0.00,747.8,747.8,503.1,0,0.0,1.6,IDLE,0.00,0.00,0.00,0,0.0,856,0,0.0,0.0
39.9500,48418,0.0,0.0,-7.294,13.198,0.00,0.00,747.8,747.8,503.1,0,0.0,1.6,IDLE,0.00,0.00,0.00,0,0.0,856,0,0.0,0.0
40.0000,48468,0.0,0.0,-7.014,13.198,0.00,0.00,751.6,751.6,503.1,0,0.0,1.6,IDLE,0.00,0.00,0.00,0,0.0,856,0,0.0,0.0
40.0500,48518,0.0,0.0,-7.014,13.198,0.00,0.00,751.6,751.6,503.1,0,0.0,1.6,IDLE,0.00,0.00,0.00,0,0.0,856,0,0.0,0.0
40.1000,48568,0.0,0.0,-7.014,13.198,0.00,0.00,751.6,751.6,503.0,0,0.0,1.5,IDLE,0.00,0.00,0.00,0,0.0,856,0,0.0,0.0
40.1500,48618,0.0,0.0,-7.014,13.198,0.00,0.00,751.6,751.6,503.0,0,0.0,1.5,IDLE,0.00,0.00,0.00,0,0.0,856,0,0.0,0.0
40.2000,48668,0.0,0.0,-6.852,13.198,0.00,0.00,744.4,744.4,503.0,0,0.0,1.5,IDLE,0.00,0.00,0.00,0,0.0,856,0,0.0,0.0
40.2500,48718,0.0,0.0,-6.852,13.198,0.00,0.00,744.4,744.4,501.9,0,0.0,0.9,IDLE,0.00,0.00,0.00,0,0.0,856,0,0.0,0.0
40.3000,48768,0.0,0.0,-6.852,13.198,0.00,0.00,744.4,744.4,501.9,0,0.0,0.9,IDLE,0.00,0.00,0.00,0,0.0,856,0,0.0,0.0
40.3500,48818,0.0,0.0,-6.586,13.198,0.00,0.00,750.0,750.0,501.9,0,0.0,0.9,IDLE,0.00,0.00,0.00,0,0.0,856,0,0.0,0.0
40.4000,48868,0.0,0.0,-6.586,13.198,0.00,0.00,750.0,750.0,501.0,0,0.0,0.5,IDLE,0.00,0.00,0.00,0,0.0,856,0,0.0,0.0
40.4500,48918,0.0,0.0,-6.586,13.198,0.00,0.00,750.0,750.0,501.0,0,0.0,0.5,IDLE,0.00,0.00,0.00,0,0.0,856,0,0.0,0.0
40.5000,48968,0.0,0.0,-6.586,13.198,0.00,0.00,738.4,738.4,501.0,0,0.0,0.5,IDLE,0.00,0.00,0.00,0,0.0,856,0,0.0,0.0
40.5500,49018,0.0,0.0,-6.586,13.198,0.00,0.00,738.4,738.4,501.5,0,0.0,0.8,IDLE,0.00,0.00,0.00,0,0.0,856,0,0.0,0.0
40.6000,49068,0.0,0.0,-6.586,13.198,0.00,0.00,738.4,738.4,501.5,0,0.0,0.8,IDLE,0.00,0.00,0.00,0,0.0,856,0,0.0,0.0
40.6500,49118,0.0,0.0,-6.564,13.198,0.00,0.00,745.6,745.6,501.5,0,0.0,0.8,IDLE,0.00,0.00,0.00,0,0.0,856,0,0.0,0.0
40.7000,49168,0.0,0.0,-6.564,13.198,0.00,0.00,745.6,745.6,501.6,0,0.0,0.8,IDLE,0.00,0.00,0.00,0,0.0,856,0,0.0,0.0
40.7500,49218,0.0,0.0,-6.564,13.198,0.00,0.00,745.6,745.6,501.6,0,0.0,0.8,IDLE,0.00,0.00,0.00,0,0.0,856,0,0.0,0.0
40.8000,49268,0.0,0.0,-6.727,13.198,0.00,0.00,736.2,736.2,501.6,0,0.0,0.8,IDLE,0.00,0.00,0.00,0,0.0,856,0,0.0,0.0
40.8500,49318,0.0,0.0,-6.727,13.198,0.00,0.00,736.2,736.2,501.6,0,0.0,0.8,IDLE,0.00,0.00,0.00,0,0.0,856,0,0.0,0.0
40.9000,49368,0.0,0.0,-6.727,13.198,0.00,0.00,736.2,736.2,500.9,0,0.0,0.4,IDLE,0.00,0.00,0.00,0,0.0,856,0,0.0,0.0
40.9500,49418,0.0,0.0,-6.727,13.198,0.00,0.00,736.2,736.2,500.9,0,0.0,0.4,IDLE,0.00,0.00,0.00,0,0.0,856,0,0.0,0.0
41.0000,49468,0.0,0.0,-6.859,13.198,0.00,0.00,741.2,741.2,500.9,0,0.0,0.4,IDLE,0.00,0.00,0.00,0,0.0,856,0,0.0,0.0
41.0500,49518,0.0,0.0,-6.859,13.198,0.00,0.00,741.2,741.2,501.3,0,0.0,0.6,IDLE,0.00,0.00,0.00,0,0.0,856,0,0.0,0.0
41.1000,49568,0.0,0.0,-6.859,13.198,0.00,0.00,741.2,741.2,501.3,0,0.0,0.6,IDLE,0.00,0.00,0.00,0,0.0,856,0,0.0,0.0
41.1500,49618,0.0,0.0,-7.162,13.198,0.00,0.00,734.1,734.1,501.3,0,0.0,0.6,IDLE,0.00,0.00,0.00,0,0.0,856,0,0.0,0.0
41.2000,49668,0.0,0.0,-7.162,13.198,0.00,0.00,734.1,734.1,500.3,0,0.0,0.1,IDLE,0.00,0.00,0.00,0,0.0,856,0,0.0,0.0
41.2500,49718,0.0,0.0,-7.162,13.198,0.00,0.00,734.1,734.1,500.3,0,0.0,0.1,IDLE,0.00,0.00,0.00,0,0.0,856,0,0.0,0.0
41.3000,49768,0.0,0.0,-7.376,13.198,0.00,0.00,733.4,733.4,500.3,0,0.0,0.1,IDLE,0.00,0.00,0.00,0,0.0,856,0,0.0,0.0
41.3500,49818,0.0,0.0,-7.376,13.198,0.00,0.00,733.4,733.4,500.5,0,0.0,0.3,IDLE,0.00,0.00,0.00,0,0.0,856,0,0.0,0.0
41.4000,49868,0.0,0.0,-7.376,13.198,0.00,0.00,733.4,733.4,500.5,0,0.0,0.3,IDLE,0.00,0.00,0.00,0,0.0,856,0,0.0,0.0
41.4500,49918,0.0,0.0,-7.656,13.198,0.00,0.00,735.3,735.3,500.5,0,0.0,0.3,IDLE,0.00,0.00,0.00,0,0.0,856,0,0.0,0.0
41.5000,49968,0.0,0.0,-7.656,13.198,0.00,0.00,735.3,735.3,500.5,0,0.0,0.3,IDLE,0.00,0.00,0.00,0,0.0,856,0,0.0,0.0
41.5500,50018,0.0,0.0,-7.656,13.198,0.00,0.00,735.3,735.3,500.1,0,0.0,0.1,IDLE,0.00,0.00,0.00,0,0.0,856,0,0.0,0.0
41.6000,50068,0.0,0.0,-7.656,13.198,0.00,0.00,735.3,735.3,500.1,0,0.0,0.1,IDLE,0.00,0.00,0.00,0,0.0,856,0,0.0,0.0
41.6500,50118,0.0,0.0,-7.951,13.198,0.00,0.00,738.1,738.1,500.1,0,0.0,0.1,IDLE,0.00,0.00,0.00,0,0.0,856,0,0.0,0.0
41.7000,50168,0.0,0.0,-7.951,13.198,0.00,0.00,738.1,738.1,500.1,0,0.0,0.1,IDLE,0.00,0.00,0.00,0,0.0,856,0,0.0,0.0
41.7500,50218,0.0,0.0,-7.951,13.198,0.00,0.00,738.1,738.1,500.1,0,0.0,0.1,IDLE,0.00,0.00,0.00,0,0.0,856,0,0.0,0.0
41.8000,50268,0.0,0.0,-8.091,13.198,0.00,0.00,738.1,738.1,500.1,0,0.0,0.1,IDLE,0.00,0.00,0.00,0,0.0,856,0,0.0,0.0
41.8500,50318,0.0,0.0,-8.091,13.198,0.00,0.00,738.1,738.1,501.1,0,0.0,0.6,IDLE,0.00,0.00,0.00,0,0.0,856,0,0.0,0.0
41.9000,50368,0.0,0.0,-8.091,13.198,0.00,0.00,738.1,738.1,501.1,0,0.0,0.6,IDLE,0.00,0.00,0.00,0,0.0,856,0,0.0,0.0
41.9500,50418,0.0,0.0,-8.298,13.198,0.00,0.00,740.6,740.6,501.1,0,0.0,0.6,IDLE,0.00,0.00,0.00,0,0.0,856,0,0.0,0.0
42.0000,50468,0.0,0.0,-8.298,13.198,0.00,0.00,740.6,740.6,501.6,0,0.0,0.8,IDLE,0.00,0.00,0.00,0,0.0,856,0,0.0,0.0
42.0500,50518,0.0,0.0,-8.298,13.198,0.00,0.00,740.6,740.6,501.6,0,0.0,0.8,IDLE,0.00,0.00,0.00,0,0.0,856,0,0.0,0.0
42.1000,50568,0.0,0.0,-8.275,13.198,0.00,0.00,739.4,739.4,501.6,0,0.0,0.8,IDLE,0.00,0.00,0.00,0,0.0,856,0,0.0,0.0
42.1500,50618,0.0,0.0,-8.275,13.198,0.00,0.00,739.4,739.4,501.0,0,0.0,0.5,IDLE,0.00,0.00,0.00,0,0.0,856,0,0.0,0.0
42.2000,50668,0.0,0.0,-8.275,13.198,0.00,0.00,739.4,739.4,501.0,0,0.0,0.5,IDLE,0.00,0.00,0.00,0,0.0,856,0,0.0,0.0
42.2500,50718,0.0,0.0,-8.275,13.198,0.00,0.00,745.6,745.6,501.0,0,0.0,0.5,IDLE,0.00,0.00,0.00,0,0.0,856,0,0.0,0.0
42.3000,50768,0.0,0.0,-8.275,13.198,0.00,0.00,745.6,745.6,501.0,0,0.0,0.5,IDLE,0.00,0.00,0.00,0,0.0,856,0,0.0,0.0
42.3500,50818,0.0,0.0,-8.275,13.198,0.00,0.00,745.6,745.6,501.4,0,0.0,0.7,IDLE,0.00,0.00,0.00,0,0.0,856,0,0.0,0.0
42.4000,50868,0.0,0.0,-8.275,13.198,0.00,0.00,745.6,745.6,501.4,0,0.0,0.7,IDLE,0.00,0.00,0.00,0,0.0,856,0,0.0,0.0
42.4500,50918,0.0,0.0,-8.091,13.198,0.00,0.00,744.7,744.7,501.4,0,0.0,0.7,IDLE,0.00,0.00,0.00,0,0.0,856,0,0.0,0.0
42.5000,50968,0.0,0.0,-8.091,13.198,0.00,0.00,744.7,744.7,500.5,0,0.0,0.3,IDLE,0.00,0.00,0.00,0,0.0,856,0,0.0,0.0
42.5500,51018,0.0,0.0,-8.091,13.198,0.00,0.00,744.7,744.7,500.5,0,0.0,0.3,IDLE,0.00,0.00,0.00,0,0.0,856,0,0.0,0.0
42.6000,51068,0.0,0.0,-7.951,13.198,0.00,0.00,747.5,747.5,500.5,0,0.0,0.3,IDLE,0.00,0.00,0.00,0,0.0,856,0,0.0,0.0
42.6500,51118,0.0,0.0,-7.951,13.198,0.00,0.00,747.5,747.5,501.3,0,0.0,0.6,IDLE,0.00,0.00,0.00,0,0.0,856,0,0.0,0.0
42.7000,51168,0.0,0.0,-7.951,13.198,0.00,0.00,747.5,747.5,501.3,0,0.0,0.6,IDLE,0.00,0.00,0.00,0,0.0,856,0,0.0,0.0
42.7500,51218,0.0,0.0,-7.649,13.198,0.00,0.00,747.8,747.8,501.3,0,0.0,0.6,IDLE,0.00,0.00,0.00,0,0.0,856,0,0.0,0.0
42.8000,51268,0.0,0.0,-7.649,13.198,0.00,0.00,747.8,747.8,501.1,0,0.0,0.6,IDLE,0.00,0.00,0.00,0,0.0,856,0,0.0,0.0
42.8500,51318,0.0,0.0,-7.649,13.198,0.00,0.00,747.8,747.8,501.1,0,0.0,0.6,IDLE,0.00,0.00,0.00,0,0.0,856,0,0.0,0.0
42.9000,51368,0.0,0.0,-7.302,13.198,0.00,0.00,749.1,749.1,501.1,0,0.0,0.6,IDLE,0.00,0.00,0.00,0,0.0,856,0,0.0,0.0
42.9500,51418,0.0,0.0,-7.302,13.198,0.00,0.00,749.1,749.1,501.5,0,0.0,0.8,IDLE,0.00,0.00,0.00,0,0.0,856,0,0.0,0.0
43.0000,51468,0.0,0.0,-7.302,13.198,0.00,0.00,749.1,749.1,501.5,0,0.0,0.8,IDLE,0.00,0.00,0.00,0,0.0,856,0,0.0,0.0
43.0500,51518,0.0,0.0,-6.955,13.198,0.00,0.00,750.9,750.9,501.5,0,0.0,0.8,IDLE,0.00,0.00,0.00,0,0.0,856,0,0.0,0.0
43.1000,51568,0.0,0.0,-6.955,13.198,0.00,0.00,750.9,750.9,501.5,0,0.0,0.8,IDLE,0.00,0.00,0.00,0,0.0,856,0,0.0,0.0
43.1500,51618,0.0,0.0,-6.955,13.198,0.00,0.00,750.9,750.9,501.5,0,0.0,0.8,IDLE,0.00,0.00,0.00,0,0.0,856,0,0.0,0.0
43.2000,51668,0.0,0.0,-6.955,13.198,0.00,0.00,750.9,750.9,501.5,0,0.0,0.8,IDLE,0.00,0.00,0.00,0,0.0,856,0,0.0,0.0
43.2500,51718,0.0,0.0,-6.800,13.198,0.00,0.00,745.0,745.0,501.5,0,0.0,0.8,IDLE,0.00,0.00,0.00,0,0.0,856,0,0.0,0.0
43.3000,51768,0.0,0.0,-6.800,13.198,0.00,0.00,745.0,745.0,501.3,0,0.0,0.6,IDLE,0.00,0.00,0.00,0,0.0,856,0,0.0,0.0
43.3500,51818,0.0,0.0,-6.800,13.198,0.00,0.00,745.0,745.0,501.3,0,0.0,0.6,IDLE,0.00,0.00,0.00,0,0.0,856,0,0.0,0.0
43.4000,51868,0.0,0.0,-6.867,13.198,0.00,0.00,735.3,735.3,501.3,0,0.0,0.6,IDLE,0.00,0.00,0.00,0,0.0,856,0,0.0,0.0
43.4500,51918,0.0,0.0,-6.867,13.198,0.00,0.00,735.3,735.3,503.1,0,0.0,1.6,IDLE,0.00,0.00,0.00,0,0.0,856,0,0.0,0.0
43.5000,51968,0.0,0.0,-6.867,13.198,0.00,0.00,735.3,735.3,503.1,0,0.0,1.6,IDLE,0.00,0.00,0.00,0,0.0,856,0,0.0,0.0
43.5500,52018,0.0,0.0,-6.815,13.198,0.00,0.00,742.8,742.8,503.1,0,0.0,1.6,IDLE,0.00,0.00,0.00,0,0.0,856,0,0.0,0.0
43.6000,52068,0.0,0.0,-6.815,13.198,0.00,0.00,742.8,742.8,502.6,0,0.0,1.3,IDLE,0.00,0.00,0.00,0,0.0,856,0,0.0,0.0
43.6500,52118,0.0,0.0,-6.815,13.198,0.00,0.00,742.8,742.8,502.6,0,0.0,1.3,IDLE,0.00,0.00,0.00,0,0.0,856,0,0.0,0.0
43.7000,52168,0.0,0.0,-6.557,13.198,0.00,0.00,751.2,751.2,502.6,0,0.0,1.3,IDLE,0.00,0.00,0.00,0,0.0,856,0,0.0,0.0
43.7500,52218,0.0,0.0,-6.557,13.198,0.00,0.00,751.2,751.2,502.6,0,0.0,1.3,IDLE,0.00,0.00,0.00,0,0.0,856,0,0.0,0.0
43.8000,52268,0.0,0.0,-6.557,13.198,0.00,0.00,751.2,751.2,501.6,0,0.0,0.8,IDLE,0.00,0.00,0.00,0,0.0,856,0,0.0,0.0
43.8500,52318,0.0,0.0,-6.557,13.198,0.00,0.00,751.2,751.2,501.6,0,0.0,0.8,IDLE,0.00,0.00,0.00,0,0.0,856,0,0.0,0.0
43.9000,52368,0.0,0.0,-6.690,13.198,0.00,0.00,739.7,739.7,501.6,0,0.0,0.8,IDLE,0.00,0.00,0.00,0,0.0,856,0,0.0,0.0
43.9500,52418,0.0,0.0,-6.690,13.198,0.00,0.00,739.7,739.7,501.9,0,0.0,0.9,IDLE,0.00,0.00,0.00,0,0.0,856,0,0.0,0.0
44.0000,52468,0.0,0.0,-6.690,13.198,0.00,0.00,739.7,739.7,501.9,0,0.0,0.9,IDLE,0.00,0.00,0.00,0,0.0,856,0,0.0,0.0
44.0500,52518,0.0,0.0,-6.601,13.198,0.00,0.00,748.4,748.4,501.9,0,0.0,0.9,IDLE,0.00,0.00,0.00,0,0.0,856,0,0.0,0.0
44.1000,52568,0.0,0.0,-6.601,13.198,0.00,0.00,748.4,748.4,502.4,0,0.0,1.2,IDLE,0.00,0.00,0.00,0,0.0,856,0,0.0,0.0
44.1500,52618,0.0,0.0,-6.601,13.198,0.00,0.00,748.4,748.4,502.4,0,0.0,1.2,IDLE,0.00,0.00,0.00,0,0.0,856,0,0.0,0.0
44.2000,52668,0.0,0.0,-6.815,13.198,0.00,0.00,737.8,737.8,502.4,0,0.0,1.2,IDLE,0.00,0.00,0.00,0,0.0,856,0,0.0,0.0
44.2500,52718,0.0,0.0,-6.815,13.198,0.00,0.00,737.8,737.8,503.0,0,0.0,1.5,IDLE,0.00,0.00,0.00,0,0.0,856,0,0.0,0.0
44.3000,52768,0.0,0.0,-6.815,13.198,0.00,0.00,737.8,737.8,503.0,0,0.0,1.5,IDLE,0.00,0.00,0.00,0,0.0,856,0,0.0,0.0
44.3500,52818,0.0,0.0,-6.904,13.198,0.00,0.00,744.1,744.1,503.0,0,0.0,1.5,IDLE,0.00,0.00,0.00,0,0.0,856,0,0.0,0.0
44.4000,52868,0.0,0.0,-6.904,13.198,0.00,0.00,744.1,744.1,501.9,0,0.0,0.9,IDLE,0.00,0.00,0.00,0,0.0,856,0,0.0,0.0
44.4500,52918,0.0,0.0,-6.904,13.198,0.00,0.00,744.1,744.1,501.9,0,0.0,0.9,IDLE,0.00,0.00,0.00,0,0.0,856,0,0.0,0.0
44.5000,52968,0.0,0.0,-7.199,13.198,0.00,0.00,735.6,735.6,501.9,0,0.0,0.9,IDLE,0.00,0.00,0.00,0,0.0,856,0,0.0,0.0
44.5500,53018,0.0,0.0,-7.199,13.198,0.00,0.00,735.6,735.6,501.9,0,0.0,0.9,IDLE,0.00,0.00,0.00,0,0.0,856,0,0.0,0.0
44.6000,53068,0.0,0.0,-7.199,13.198,0.00,0.00,735.6,735.6,501.8,0,0.0,0.9,IDLE,0.00,0.00,0.00,0,0.0,856,0,0.0,0.0
44.6500,53118,0.0,0.0,-7.199,13.198,0.00,0.00,735.6,735.6,501.8,0,0.0,0.9,IDLE,0.00,0.00,0.00,0,0.0,856,0,0.0,0.0
44.7000,53168,0.0,0.0,-7.398,13.198,0.00,0.00,741.9,741.9,501.8,0,0.0,0.9,IDLE,0.00,0.00,0.00,0,0.0,856,0,0.0,0.0
44.7500,53218,0.0,0.0,-7.398,13.198,0.00,0.00,741.9,741.9,503.1,0,0.0,1.6,IDLE,0.00,0.00,0.00,0,0.0,856,0,0.0,0.0
44.8000,53268,0.0,0.0,-7.398,13.198,0.00,0.00,741.9,741.9,503.1,0,0.0,1.6,IDLE,0.00,0.00,0.00,0,0.0,856,0,0.0,0.0
44.8500,53318,0.0,0.0,-7.612,13.198,0.00,0.00,735.3,735.3,503.1,0,0.0,1.6,IDLE,0.00,0.00,0.00,0,0.0,856,0,0.0,0.0
44.9000,53368,0.0,0.0,-7.612,13.198,0.00,0.00,735.3,735.3,501.9,0,0.0,0.9,IDLE,0.00,0.00,0.00,0,0.0,856,0,0.0,0.0
44.9500,53418,0.0,0.0,-7.612,13.198,0.00,0.00,735.3,735.3,501.9,0,0.0,0.9,IDLE,0.00,0.00,0.00,0,0.0,856,0,0.0,0.0
45.0000,53468,0.0,0.0,-7.494,13.198,0.00,0.00,740.6,740.6,501.9,0,0.0,0.9,IDLE,0.00,0.00,0.00,0,0.0,856,0,0.0,0.0
45.0500,53518,0.0,0.0,-7.494,13.198,0.00,0.00,740.6,740.6,502.4,0,0.0,1.2,IDLE,0.00,0.00,0.00,0,0.0,856,0,0.0,0.0
45.1000,53568,0.0,0.0,-7.494,13.198,0.00,0.00,740.6,740.6,502.4,0,0.0,1.2,IDLE,0.00,0.00,0.00,0,0.0,856,0,0.0,0.0
45.1500,53618,0.0,0.0,-7.590,13.198,0.00,0.00,738.4,738.4,502.4,0,0.0,1.2,IDLE,0.00,0.00,0.00,0,0.0,856,0,0.0,0.0
45.2000,53668,0.0,0.0,-7.590,13.198,0.00,0.00,738.4,738.4,502.4,0,0.0,1.2,IDLE,0.00,0.00,0.00,0,0.0,856,0,0.0,0.0
45.2500,53718,0.0,0.0,-7.590,13.198,0.00,0.00,738.4,738.4,501.9,0,0.0,0.9,IDLE,0.00,0.00,0.00,0,0.0,856,0,0.0,0.0
45.3000,53768,0.0,0.0,-7.590,13.198,0.00,0.00,738.4,738.4,501.9,0,0.0,0.9,IDLE,0.00,0.00,0.00,0,0.0,856,0,0.0,0.0
45.3500,53818,0.0,0.0,-7.811,13.198,0.00,0.00,741.2,741.2,501.9,0,0.0,0.9,IDLE,0.00,0.00,0.00,0,0.0,856,0,0.0,0.0
45.4000,53868,0.0,0.0,-7.811,13.198,0.00,0.00,741.2,741.2,502.4,0,0.0,1.2,IDLE,0.00,0.00,0.00,0,0.0,856,0,0.0,0.0
45.4500,53918,0.0,0.0,-7.811,13.198,0.00,0.00,741.2,741.2,502.4,0,0.0,1.2,IDLE,0.00,0.00,0.00,0,0.0,856,0,0.0,0.0
45.5000,53968,0.0,0.0,-7.774,13.198,0.00,0.00,741.6,741.6,502.4,0,0.0,1.2,IDLE,0.00,0.00,0.00,0,0.0,856,0,0.0,0.0
45.5500,54018,0.0,0.0,-7.774,13.198,0.00,0.00,741.6,741.6,502.1,0,0.0,1.1,IDLE,0.00,0.00,0.00,0,0.0,856,0,0.0,0.0
45.6000,54068,0.0,0.0,-7.774,13.198,0.00,0.00,741.6,741.6,502.1,0,0.0,1.1,IDLE,0.00,0.00,0.00,0,0.0,856,0,0.0,0.0
45.6500,54118,0.0,0.0,-7.855,13.198,0.00,0.00,744.7,744.7,502.1,0,0.0,1.1,IDLE,0.00,0.00,0.00,0,0.0,856,0,0.0,0.0
45.7000,54168,0.0,0.0,-7.855,13.198,0.00,0.00,744.7,744.7,502.8,0,0.0,1.4,IDLE,0.00,0.00,0.00,0,0.0,856,0,0.0,0.0
45.7500,54218,0.0,0.0,-7.855,13.198,0.00,0.00,744.7,744.7,502.8,0,0.0,1.4,IDLE,0.00,0.00,0.00,0,0.0,856,0,0.0,0.0
45.8000,54268,0.0,0.0,-7.722,13.198,0.00,0.00,743.8,743.8,502.8,0,0.0,1.4,IDLE,0.00,0.00,0.00,0,0.0,856,0,0.0,0.0
45.8500,54318,0.0,0.0,-7.722,13.198,0.00,0.00,743.8,743.8,502.1,0,0.0,1.1,IDLE,0.00,0.00,0.00,0,0.0,856,0,0.0,0.0
45.9000,54368,0.0,0.0,-7.722,13.198,0.00,0.00,743.8,743.8,502.1,0,0.0,1.1,IDLE,0.00,0.00,0.00,0,0.0,856,0,0.0,0.0
45.9500,54418,0.0,0.0,-7.641,13.198,0.00,0.00,747.8,747.8,502.1,0,0.0,1.1,IDLE,0.00,0.00,0.00,0,0.0,856,0,0.0,0.0
46.0000,54468,0.0,0.0,-7.641,13.198,0.00,0.00,747.8,747.8,502.1,0,0.0,1.1,IDLE,0.00,0.00,0.00,0,0.0,856,0,0.0,0.0
46.0500,54518,0.0,0.0,-7.641,13.198,0.00,0.00,747.8,747.8,503.2,0,0.0,1.6,IDLE,0.00,0.00,0.00,0,0.0,856,0,0.0,0.0
46.1000,54568,0.0,0.0,-7.641,13.198,0.00,0.00,747.8,747.8,503.2,0,0.0,1.6,IDLE,0.00,0.00,0.00,0,0.0,856,0,0.0,0.0
46.1500,54618,0.0,0.0,-7.472,13.198,0.00,0.00,743.1,743.1,503.2,0,0.0,1.6,IDLE,0.00,0.00,0.00,0,0.0,856,0,0.0,0.0
46.2000,54668,0.0,0.0,-7.472,13.198,0.00,0.00,743.1,743.1,502.4,0,0.0,1.2,IDLE,0.00,0.00,0.00,0,0.0,856,0,0.0,0.0
46.2500,54718,0.0,0.0,-7.472,13.198,0.00,0.00,743.1,743.1,502.4,0,0.0,1.2,IDLE,0.00,0.00,0.00,0,0.0,856,0,0.0,0.0
46.3000,54768,0.0,0.0,-7.353,13.198,0.00,0.00,747.2,747.2,502.4,0,0.0,1.2,IDLE,0.00,0.00,0.00,0,0.0,856,0,0.0,0.0
46.3500,54818,0.0,0.0,-7.353,13.198,0.00,0.00,747.2,747.2,503.1,0,0.0,1.6,IDLE,0.00,0.00,0.00,0,0.0,856,0,0.0,0.0
46.4000,54868,0.0,0.0,-7.353,13.198,0.00,0.00,747.2,747.2,503.1,0,0.0,1.6,IDLE,0.00,0.00,0.00,0,0.0,856,0,0.0,0.0
46.4500,54918,0.0,0.0,-7.361,13.198,0.00,0.00,735.0,735.0,503.1,0,0.0,1.6,IDLE,0.00,0.00,0.00,0,0.0,856,0,0.0,0.0
46.5000,54968,0.0,0.0,-7.361,13.198,0.00,0.00,735.0,735.0,502.9,0,0.0,1.4,IDLE,0.00,0.00,0.00,0,0.0,856,0,0.0,0.0
46.5500,55018,0.0,0.0,-7.361,13.198,0.00,0.00,735.0,735.0,502.9,0,0.0,1.4,IDLE,0.00,0.00,0.00,0,0.0,856,0,0.0,0.0
46.6000,55068,0.0,0.0,-7.553,13.198,0.00,0.00,732.2,732.2,502.9,0,0.0,1.4,IDLE,0.00,0.00,0.00,0,0.0,856,0,0.0,0.0
46.6500,55118,0.0,0.0,-7.553,13.198,0.00,0.00,732.2,732.2,502.9,0,0.0,1.4,IDLE,0.00,0.00,0.00,0,0.0,856,0,0.0,0.0
46.7000,55168,0.0,0.0,-7.553,13.198,0.00,0.00,732.2,732.2,501.4,0,0.0,0.7,IDLE,0.00,0.00,0.00,0,0.0,856,0,0.0,0.0
46.7500,55218,0.0,0.0,-7.553,13.198,0.00,0.00,732.2,732.2,501.4,0,0.0,0.7,IDLE,0.00,0.00,0.00,0,0.0,856,0,0.0,0.0
46.8000,55268,0.0,0.0,-7.715,13.198,0.00,0.00,730.9,730.9,501.4,0,0.0,0.7,IDLE,0.00,0.00,0.00,0,0.0,856,0,0.0,0.0
46.8500,55318,0.0,0.0,-7.715,13.198,0.00,0.00,730.9,730.9,503.0,0,0.0,1.5,IDLE,0.00,0.00,0.00,0,0.0,856,0,0.0,0.0
46.9000,55368,0.0,0.0,-7.715,13.198,0.00,0.00,730.9,730.9,503.0,0,0.0,1.5,IDLE,0.00,0.00,0.00,0,0.0,856,0,0.0,0.0
46.9500,55418,0.0,0.0,-7.877,13.198,0.00,0.00,734.1,734.1,503.0,0,0.0,1.5,IDLE,0.00,0.00,0.00,0,0.0,856,0,0.0,0.0
47.0000,55468,0.0,0.0,-7.877,13.198,0.00,0.00,734.1,734.1,502.9,0,0.0,1.4,IDLE,0.00,0.00,0.00,0,0.0,856,0,0.0,0.0
47.0500,55518,0.0,0.0,-7.877,13.198,0.00,0.00,734.1,734.1,502.9,0,0.0,1.4,IDLE,0.00,0.00,0.00,0,0.0,856,0,0.0,0.0
47.1000,55568,0.0,0.0,-8.135,13.198,0.00,0.00,729.7,729.7,502.9,0,0.0,1.4,IDLE,0.00,0.00,0.00,0,0.0,856,0,0.0,0.0
47.1500,55618,0.0,0.0,-8.135,13.198,0.00,0.00,729.7,729.7,502.5,0,0.0,1.2,IDLE,0.00,0.00,0.00,0,0.0,856,0,0.0,0.0
47.2000,55668,0.0,0.0,-8.135,13.198,0.00,0.00,729.7,729.7,502.5,0,0.0,1.2,IDLE,0.00,0.00,0.00,0,0.0,856,0,0.0,0.0
47.2500,55718,0.0,0.0,-8.246,13.198,0.00,0.00,739.7,739.7,502.5,0,0.0,1.2,IDLE,0.00,0.00,0.00,0,0.0,856,0,0.0,0.0
47.3000,55768,0.0,0.0,-8.246,13.198,0.00,0.00,739.7,739.7,501.8,0,0.0,0.9,IDLE,0.00,0.00,0.00,0,0.0,856,0,0.0,0.0
47.3500,55818,0.0,0.0,-8.246,13.198,0.00,0.00,739.7,739.7,501.8,0,0.0,0.9,IDLE,0.00,0.00,0.00,0,0.0,856,0,0.0,0.0
47.4000,55868,0.0,0.0,-8.452,13.198,0.00,0.00,734.7,734.7,501.8,0,0.0,0.9,IDLE,0.00,0.00,0.00,0,0.0,856,0,0.0,0.0
47.4500,55918,0.0,0.0,-8.452,13.198,0.00,0.00,734.7,734.7,501.8,0,0.0,0.9,IDLE,0.00,0.00,0.00,0,0.0,856,0,0.0,0.0
47.5000,55968,0.0,0.0,-8.452,13.198,0.00,0.00,734.7,734.7,502.4,0,0.0,1.2,IDLE,0.00,0.00,0.00,0,0.0,856,0,0.0,0.0
47.5500,56018,0.0,0.0,-8.452,13.198,0.00,0.00,734.7,734.7,502.4,0,0.0,1.2,IDLE,0.00,0.00,0.00,0,0.0,856,0,0.0,0.0
47.6000,56068,0.0,0.0,-8.445,13.198,0.00,0.00,748.1,748.1,502.4,0,0.0,1.2,IDLE,0.00,0.00,0.00,0,0.0,856,0,0.0,0.0
47.6500,56118,0.0,0.0,-8.445,13.198,0.00,0.00,748.1,748.1,503.6,0,0.0,1.8,IDLE,0.00,0.00,0.00,0,0.0,856,0,0.0,0.0
47.7000,56168,0.0,0.0,-8.445,13.198,0.00,0.00,748.1,748.1,503.6,0,0.0,1.8,IDLE,0.00,0.00,0.00,0,0.0,856,0,0.0,0.0
47.7500,56218,0.0,0.0,-8.452,13.198,0.00,0.00,742.8,742.8,503.6,0,0.0,1.8,IDLE,0.00,0.00,0.00,0,0.0,856,0,0.0,0.0
47.8000,56268,0.0,0.0,-8.452,13.198,0.00,0.00,742.8,742.8,502.0,0,0.0,1.0,IDLE,0.00,0.00,0.00,0,0.0,856,0,0.0,0.0
47.8500,56318,0.0,0.0,-8.452,13.198,0.00,0.00,742.8,742.8,502.0,0,0.0,1.0,IDLE,0.00,0.00,0.00,0,0.0,856,0,0.0,0.0
47.9000,56368,0.0,0.0,-8.342,13.198,0.00,0.00,752.2,752.2,502.0,0,0.0,1.0,IDLE,0.00,0.00,0.00,0,0.0,856,0,0.0,0.0
47.9500,56418,0.0,0.0,-8.342,13.198,0.00,0.00,752.2,752.2,502.6,0,0.0,1.3,IDLE,0.00,0.00,0.00,0,0.0,856,0,0.0,0.0
48.0000,56468,0.0,0.0,-8.342,13.198,0.00,0.00,752.2,752.2,502.6,0,0.0,1.3,IDLE,0.00,0.00,0.00,0,0.0,856,0,0.0,0.0
48.0500,56518,0.0,0.0,-8.047,13.198,0.00,0.00,748.1,748.1,502.6,0,0.0,1.3,IDLE,0.00,0.00,0.00,0,0.0,856,0,0.0,0.0
48.1000,56568,0.0,0.0,-8.047,13.198,0.00,0.00,748.1,748.1,502.6,0,0.0,1.3,IDLE,0.00,0.00,0.00,0,0.0,856,0,0.0,0.0
48.1500,56618,0.0,0.0,-8.047,13.198,0.00,0.00,748.1,748.1,501.5,0,0.0,0.8,IDLE,0.00,0.00,0.00,0,0.0,856,0,0.0,0.0
48.2000,56668,0.0,0.0,-8.047,13.198,0.00,0.00,748.1,748.1,501.5,0,0.0,0.8,IDLE,0.00,0.00,0.00,0,0.0,856,0,0.0,0.0
48.2500,56718,0.0,0.0,-7.663,13.198,0.00,0.00,749.7,749.7,501.5,0,0.0,0.8,IDLE,0.00,0.00,0.00,0,0.0,856,0,0.0,0.0
48.3000,56768,0.0,0.0,-7.663,13.198,0.00,0.00,749.7,749.7,501.4,0,0.0,0.7,IDLE,0.00,0.00,0.00,0,0.0,856,0,0.0,0.0
48.3500,56818,0.0,0.0,-7.663,13.198,0.00,0.00,749.7,749.7,501.4,0,0.0,0.7,IDLE,0.00,0.00,0.00,0,0.0,856,0,0.0,0.0
48.4000,56868,0.0,0.0,-7.280,13.198,0.00,0.00,748.1,748.1,501.4,0,0.0,0.7,IDLE,0.00,0.00,0.00,0,0.0,856,0,0.0,0.0
48.4500,56918,0.0,0.0,-7.280,13.198,0.00,0.00,748.1,748.1,501.0,0,0.0,0.5,IDLE,0.00,0.00,0.00,0,0.0,856,0,0.0,0.0
48.5000,56968,0.0,0.0,-7.280,13.198,0.00,0.00,748.1,748.1,501.0,0,0.0,0.5,IDLE,0.00,0.00,0.00,0,0.0,856,0,0.0,0.0
48.5500,57018,0.0,0.0,-6.999,13.198,0.00,0.00,746.9,746.9,501.0,0,0.0,0.5,IDLE,0.00,0.00,0.00,0,0.0,856,0,0.0,0.0
48.6000,57068,0.0,0.0,-6.999,13.198,0.00,0.00,746.9,746.9,503.1,0,0.0,1.6,IDLE,0.00,0.00,0.00,0,0.0,856,0,0.0,0.0
48.6500,57118,0.0,0.0,-6.999,13.198,0.00,0.00,746.9,746.9,503.1,0,0.0,1.6,IDLE,0.00,0.00,0.00,0,0.0,856,0,0.0,0.0
48.7000,57168,0.0,0.0,-6.645,13.198,0.00,0.00,745.6,745.6,503.1,0,0.0,1.6,IDLE,0.00,0.00,0.00,0,0.0,856,0,0.0,0.0
48.7500,57218,0.0,0.0,-6.645,13.198,0.00,0.00,745.6,745.6,502.9,0,0.0,1.4,IDLE,0.00,0.00,0.00,0,0.0,856,0,0.0,0.0
48.8000,57268,0.0,0.0,-6.645,13.198,0.00,0.00,745.6,745.6,502.9,0,0.0,1.4,IDLE,0.00,0.00,0.00,0,0.0,856,0,0.0,0.0
48.8500,57318,0.0,0.0,-6.505,13.198,0.00,0.00,745.9,745.9,502.9,0,0.0,1.4,IDLE,0.00,0.00,0.00,0,0.0,856,0,0.0,0.0
48.9000,57368,0.0,0.0,-6.505,13.198,0.00,0.00,745.9,745.9,502.9,0,0.0,1.4,IDLE,0.00,0.00,0.00,0,0.0,856,0,0.0,0.0
48.9500,57418,0.0,0.0,-6.505,13.198,0.00,0.00,745.9,745.9,503.5,0,0.0,1.8,IDLE,0.00,0.00,0.00,0,0.0,856,0,0.0,0.0
49.0000,57468,0.0,0.0,-6.505,13.198,0.00,0.00,745.9,745.9,503.5,0,0.0,1.8,IDLE,0.00,0.00,0.00,0,0.0,856,0,0.0,0.0
49.0500,57518,0.0,0.0,-6.306,13.198,0.00,0.00,743.8,743.8,503.5,0,0.0,1.8,IDLE,0.00,0.00,0.00,0,0.0,856,0,0.0,0.0
49.1000,57568,0.0,0.0,-6.306,13.198,0.00,0.00,743.8,743.8,501.4,0,0.0,0.7,IDLE,0.00,0.00,0.00,0,0.0,856,0,0.0,0.0
49.1500,57618,0.0,0.0,-6.306,13.198,0.00,0.00,743.8,743.8,501.4,0,0.0,0.7,IDLE,0.00,0.00,0.00,0,0.0,856,0,0.0,0.0
49.2000,57668,0.0,0.0,-6.277,13.198,0.00,0.00,749.4,749.4,501.4,0,0.0,0.7,IDLE,0.00,0.00,0.00,0,0.0,856,0,0.0,0.0
49.2500,57718,0.0,0.0,-6.277,13.198,0.00,0.00,749.4,749.4,502.8,0,0.0,1.4,IDLE,0.00,0.00,0.00,0,0.0,856,0,0.0,0.0
49.3000,57768,0.0,0.0,-6.277,13.198,0.00,0.00,749.4,749.4,502.8,0,0.0,1.4,IDLE,0.00,0.00,0.00,0,0.0,856,0,0.0,0.0
49.3500,57818,0.0,0.0,-6.137,13.198,0.00,0.00,749.4,749.4,502.8,0,0.0,1.4,IDLE,0.00,0.00,0.00,0,0.0,856,0,0.0,0.0
49.4000,57868,0.0,0.0,-6.137,13.198,0.00,0.00,749.4,749.4,501.3,0,0.0,0.6,IDLE,0.00,0.00,0.00,0,0.0,856,0,0.0,0.0
49.4500,57918,0.0,0.0,-6.137,13.198,0.00,0.00,749.4,749.4,501.3,0,0.0,0.6,IDLE,0.00,0.00,0.00,0,0.0,856,0,0.0,0.0
49.5000,57968,0.0,0.0,-6.107,13.198,0.00,0.00,753.4,753.4,501.3,0,0.0,0.6,IDLE,0.00,0.00,0.00,0,0.0,856,0,0.0,0.0
49.5500,58018,0.0,0.0,-6.107,13.198,0.00,0.00,753.4,753.4,501.3,0,0.0,0.6,IDLE,0.00,0.00,0.00,0,0.0,856,0,0.0,0.0
49.6000,58068,0.0,0.0,-6.107,13.198,0.00,0.00,753.4,753.4,502.8,0,0.0,1.4,IDLE,0.00,0.00,0.00,0,0.0,856,0,0.0,0.0
49.6500,58118,0.0,0.0,-6.107,13.198,0.00,0.00,753.4,753.4,502.8,0,0.0,1.4,IDLE,0.00,0.00,0.00,0,0.0,856,0,0.0,0.0
49.7000,58168,0.0,0.0,-5.967,13.198,0.00,0.00,754.3,754.3,502.8,0,0.0,1.4,IDLE,0.00,0.00,0.00,0,0.0,856,0,0.0,0.0
49.7500,58218,0.0,0.0,-5.967,13.198,0.00,0.00,754.3,754.3,502.3,0,0.0,1.1,IDLE,0.00,0.00,0.00,0,0.0,856,0,0.0,0.0
49.8000,58268,0.0,0.0,-5.967,13.198,0.00,0.00,754.3,754.3,502.3,0,0.0,1.1,IDLE,0.00,0.00,0.00,0,0.0,856,0,0.0,0.0
49.8500,58318,0.0,0.0,-6.358,13.198,0.00,0.00,732.2,732.2,502.3,0,0.0,1.1,IDLE,0.00,0.00,0.00,0,0.0,856,0,0.0,0.0
49.9000,58368,0.0,0.0,-6.358,13.198,0.00,0.00,732.2,732.2,503.4,0,0.0,1.7,IDLE,0.00,0.00,0.00,0,0.0,856,0,0.0,0.0
49.9500,58418,0.0,0.0,-6.358,13.198,0.00,0.00,732.2,732.2,503.4,0,0.0,1.7,IDLE,0.00,0.00,0.00,0,0.0,856,0,0.0,0.0
50.0000,58468,0.0,0.0,-6.631,13.198,0.00,0.00,735.6,735.6,503.4,0,0.0,1.7,IDLE,0.00,0.00,0.00,0,0.0,856,0,0.0,0.0
50.0500,58518,0.0,0.0,-6.631,13.198,0.00,0.00,735.6,735.6,503.0,0,0.0,1.5,IDLE,0.00,0.00,0.00,0,0.0,856,0,0.0,0.0
50.1000,58568,0.0,0.0,-6.631,13.198,0.00,0.00,735.6,735.6,503.0,0,0.0,1.5,IDLE,0.00,0.00,0.00,0,0.0,856,0,0.0,0.0
50.1500,58618,0.0,0.0,-6.830,13.198,0.00,0.00,737.8,737.8,503.0,0,0.0,1.5,IDLE,0.00,0.00,0.00,0,0.0,856,0,0.0,0.0
50.2000,58668,0.0,0.0,-6.830,13.198,0.00,0.00,737.8,737.8,501.6,0,0.0,0.8,IDLE,0.00,0.00,0.00,0,0.0,856,0,0.0,0.0
50.2500,58718,0.0,0.0,-6.830,13.198,0.00,0.00,737.8,737.8,501.6,0,0.0,0.8,IDLE,0.00,0.00,0.00,0,0.0,856,0,0.0,0.0
50.3000,58768,0.0,0.0,-7.162,13.198,0.00,0.00,730.9,730.9,501.6,0,0.0,0.8,IDLE,0.00,0.00,0.00,0,0.0,856,0,0.0,0.0
50.3500,58818,0.0,0.0,-7.162,13.198,0.00,0.00,730.9,730.9,501.6,0,0.0,0.8,IDLE,0.00,0.00,0.00,0,0.0,856,0,0.0,0.0
50.4000,58868,0.0,0.0,-7.162,13.198,0.00,0.00,730.9,730.9,500.1,0,0.0,0.1,IDLE,0.00,0.00,0.00,0,0.0,856,0,0.0,0.0
50.4500,58918,0.0,0.0,-7.162,13.198,0.00,0.00,730.9,730.9,500.1,0,0.0,0.1,IDLE,0.00,0.00,0.00,0,0.0,856,0,0.0,0.0
50.5000,58968,0.0,0.0,-7.464,13.198,0.00,0.00,732.2,732.2,500.1,0,0.0,0.1,IDLE,0.00,0.00,0.00,0,0.0,856,0,0.0,0.0
50.5500,59018,0.0,0.0,-7.464,13.198,0.00,0.00,732.2,732.2,502.1,0,0.0,1.1,IDLE,0.00,0.00,0.00,0,0.0,856,0,0.0,0.0
50.6000,59068,0.0,0.0,-7.464,13.198,0.00,0.00,732.2,732.2,502.1,0,0.0,1.1,IDLE,0.00,0.00,0.00,0,0.0,856,0,0.0,0.0
50.6500,59118,0.0,0.0,-7.649,13.198,0.00,0.00,735.3,735.3,502.1,0,0.0,1.1,IDLE,0.00,0.00,0.00,0,0.0,856,0,0.0,0.0
50.7000,59168,0.0,0.0,-7.649,13.198,0.00,0.00,735.3,735.3,501.5,0,0.0,0.8,IDLE,0.00,0.00,0.00,0,0.0,856,0,0.0,0.0
50.7500,59218,0.0,0.0,-7.649,13.198,0.00,0.00,735.3,735.3,501.5,0,0.0,0.8,IDLE,0.00,0.00,0.00,0,0.0,856,0,0.0,0.0
50.8000,59268,0.0,0.0,-7.980,13.198,0.00,0.00,734.4,734.4,501.5,0,0.0,0.8,IDLE,0.00,0.00,0.00,0,0.0,856,0,0.0,0.0
50.8500,59318,0.0,0.0,-7.980,13.198,0.00,0.00,734.4,734.4,501.1,0,0.0,0.6,IDLE,0.00,0.00,0.00,0,0.0,856,0,0.0,0.0
50.9000,59368,0.0,0.0,-7.980,13.198,0.00,0.00,734.4,734.4,501.1,0,0.0,0.6,IDLE,0.00,0.00,0.00,0,0.0,856,0,0.0,0.0
50.9500,59418,0.0,0.0,-8.113,13.198,0.00,0.00,743.4,743.4,501.1,0,0.0,0.6,IDLE,0.00,0.00,0.00,0,0.0,856,0,0.0,0.0
51.0000,59468,0.0,0.0,-8.113,13.198,0.00,0.00,743.4,743.4,501.8,0,0.0,0.9,IDLE,0.00,0.00,0.00,0,0.0,856,0,0.0,0.0
51.0500,59518,0.0,0.0,-8.113,13.198,0.00,0.00,743.4,743.4,501.8,0,0.0,0.9,IDLE,0.00,0.00,0.00,0,0.0,856,0,0.0,0.0
51.1000,59568,0.0,0.0,-8.386,13.198,0.00,0.00,740.9,740.9,501.8,0,0.0,0.9,IDLE,0.00,0.00,0.00,0,0.0,856,0,0.0,0.0
51.1500,59618,0.0,0.0,-8.386,13.198,0.00,0.00,740.9,740.9,501.8,0,0.0,0.9,IDLE,0.00,0.00,0.00,0,0.0,856,0,0.0,0.0
51.2000,59668,0.0,0.0,-8.386,13.198,0.00,0.00,740.9,740.9,501.1,0,0.0,0.6,IDLE,0.00,0.00,0.00,0,0.0,856,0,0.0,0.0
51.2500,59718,0.0,0.0,-8.386,13.198,0.00,0.00,740.9,740.9,501.1,0,0.0,0.6,IDLE,0.00,0.00,0.00,0,0.0,856,0,0.0,0.0
51.3000,59768,0.0,0.0,-8.578,13.198,0.00,0.00,745.9,745.9,501.1,0,0.0,0.6,IDLE,0.00,0.00,0.00,0,0.0,856,0,0.0,0.0
51.3500,59818,0.0,0.0,-8.578,13.198,0.00,0.00,745.9,745.9,501.4,0,0.0,0.7,IDLE,0.00,0.00,0.00,0,0.0,856,0,0.0,0.0
51.4000,59868,0.0,0.0,-8.578,13.198,0.00,0.00,745.9,745.9,501.4,0,0.0,0.7,IDLE,0.00,0.00,0.00,0,0.0,856,0,0.0,0.0
51.4500,59918,0.0,0.0,-8.357,13.198,0.00,0.00,741.9,741.9,501.4,0,0.0,0.7,IDLE,0.00,0.00,0.00,0,0.0,856,0,0.0,0.0
51.5000,59968,0.0,0.0,-8.357,13.198,0.00,0.00,741.9,741.9,500.8,0,0.0,0.4,IDLE,0.00,0.00,0.00,0,0.0,856,0,0.0,0.0
51.5500,60018,0.0,0.0,-8.357,13.198,0.00,0.00,741.9,741.9,500.8,0,0.0,0.4,IDLE,0.00,0.00,0.00,0,0.0,856,0,0.0,0.0
51.6000,60068,0.0,0.0,-8.187,13.198,0.00,0.00,743.4,743.4,500.8,0,0.0,0.4,IDLE,0.00,0.00,0.00,0,0.0,856,0,0.0,0.0
51.6500,60118,0.0,0.0,-8.187,13.198,0.00,0.00,743.4,743.4,500.9,0,0.0,0.4,IDLE,0.00,0.00,0.00,0,0.0,856,0,0.0,0.0
51.7000,60168,0.0,0.0,-8.187,13.198,0.00,0.00,743.4,743.4,500.9,0,0.0,0.4,IDLE,0.00,0.00,0.00,0,0.0,856,0,0.0,0.0
51.7500,60218,0.0,0.0,-8.150,13.198,0.00,0.00,739.4,739.4,500.9,0,0.0,0.4,IDLE,0.00,0.00,0.00,0,0.0,856,0,0.0,0.0
51.8000,60268,0.0,0.0,-8.150,13.198,0.00,0.00,739.4,739.4,500.9,0,0.0,0.4,IDLE,0.00,0.00,0.00,0,0.0,856,0,0.0,0.0
51.8500,60318,0.0,0.0,-8.150,13.198,0.00,0.00,739.4,739.4,500.3,0,0.0,0.1,IDLE,0.00,0.00,0.00,0,0.0,856,0,0.0,0.0
51.9000,60368,0.0,0.0,-8.150,13.198,0.00,0.00,739.4,739.4,500.3,0,0.0,0.1,IDLE,0.00,0.00,0.00,0,0.0,856,0,0.0,0.0
51.9500,60418,0.0,0.0,-7.840,13.198,0.00,0.00,745.0,745.0,500.3,0,0.0,0.1,IDLE,0.00,0.00,0.00,0,0.0,856,0,0.0,0.0
52.0000,60468,0.0,0.0,-7.840,13.198,0.00,0.00,745.0,745.0,501.6,0,0.0,0.8,IDLE,0.00,0.00,0.00,0,0.0,856,0,0.0,0.0
52.0500,60518,0.0,0.0,-7.840,13.198,0.00,0.00,745.0,745.0,501.6,0,0.0,0.8,IDLE,0.00,0.00,0.00,0,0.0,856,0,0.0,0.0
52.1000,60568,0.0,0.0,-7.634,13.198,0.00,0.00,741.6,741.6,501.6,0,0.0,0.8,IDLE,0.00,0.00,0.00,0,0.0,856,0,0.0,0.0
52.1500,60618,0.0,0.0,-7.634,13.198,0.00,0.00,741.6,741.6,502.6,0,0.0,1.3,IDLE,0.00,0.00,0.00,0,0.0,856,0,0.0,0.0
52.2000,60668,0.0,0.0,-7.634,13.198,0.00,0.00,741.6,741.6,502.6,0,0.0,1.3,IDLE,0.00,0.00,0.00,0,0.0,856,0,0.0,0.0
52.2500,60718,0.0,0.0,-7.280,13.198,0.00,0.00,751.2,751.2,502.6,0,0.0,1.3,IDLE,0.00,0.00,0.00,0,0.0,856,0,0.0,0.0
52.3000,60768,0.0,0.0,-7.280,13.198,0.00,0.00,751.2,751.2,502.3,0,0.0,1.1,IDLE,0.00,0.00,0.00,0,0.0,856,0,0.0,0.0
52.3500,60818,0.0,0.0,-7.280,13.198,0.00,0.00,751.2,751.2,502.3,0,0.0,1.1,IDLE,0.00,0.00,0.00,0,0.0,856,0,0.0,0.0
52.4000,60868,0.0,0.0,-6.918,13.198,0.00,0.00,750.6,750.6,502.3,0,0.0,1.1,IDLE,0.00,0.00,0.00,0,0.0,856,0,0.0,0.0
52.4500,60918,0.0,0.0,-6.918,13.198,0.00,0.00,750.6,750.6,501.4,0,0.0,0.7,IDLE,0.00,0.00,0.00,0,0.0,856,0,0.0,0.0
52.5000,60968,0.0,0.0,-6.918,13.198,0.00,0.00,750.6,750.6,501.4,0,0.0,0.7,IDLE,0.00,0.00,0.00,0,0.0,856,0,0.0,0.0
52.5500,61018,0.0,0.0,-6.645,13.198,0.00,0.00,755.9,755.9,501.4,0,0.0,0.7,IDLE,0.00,0.00,0.00,0,0.0,856,0,0.0,0.0
52.6000,61068,0.0,0.0,-6.645,13.198,0.00,0.00,755.9,755.9,501.4,0,0.0,0.7,IDLE,0.00,0.00,0.00,0,0.0,856,0,0.0,0.0
52.6500,61118,0.0,0.0,-6.645,13.198,0.00,0.00,755.9,755.9,500.1,0,0.0,0.1,IDLE,0.00,0.00,0.00,0,0.0,856,0,0.0,0.0
52.7000,61168,0.0,0.0,-6.645,13.198,0.00,0.00,755.9,755.9,500.1,0,0.0,0.1,IDLE,0.00,0.00,0.00,0,0.0,856,0,0.0,0.0
52.7500,61218,0.0,0.0,-6.269,13.198,0.00,0.00,757.8,757.8,500.1,0,0.0,0.1,IDLE,0.00,0.00,0.00,0,0.0,856,0,0.0,0.0
52.8000,61268,0.0,0.0,-6.269,13.198,0.00,0.00,757.8,757.8,501.5,0,0.0,0.8,IDLE,0.00,0.00,0.00,0,0.0,856,0,0.0,0.0
52.8500,61318,0.0,0.0,-6.269,13.198,0.00,0.00,757.8,757.8,501.5,0,0.0,0.8,IDLE,0.00,0.00,0.00,0,0.0,856,0,0.0,0.0
52.9000,61368,0.0,0.0,-6.196,13.198,0.00,0.00,749.2,749.2,501.5,0,0.0,0.8,IDLE,0.00,0.00,0.00,0,0.0,856,0,0.0,0.0
52.9500,61418,0.0,0.0,-6.196,13.198,0.00,0.00,749.2,749.2,501.5,0,0.0,0.8,IDLE,0.00,0.00,0.00,0,0.0,856,0,0.0,0.0
53.0000,61468,0.0,0.0,-6.196,13.198,0.00,0.00,749.2,749.2,501.5,0,0.0,0.8,IDLE,0.00,0.00,0.00,0,0.0,856,0,0.0,0.0
53.0500,61518,0.0,0.0,-6.454,13.198,0.00,0.00,730.3,730.3,501.5,0,0.0,0.8,IDLE,0.00,0.00,0.00,0,0.0,856,0,0.0,0.0
53.1000,61568,0.0,0.0,-6.454,13.198,0.00,0.00,730.3,730.3,502.1,0,0.0,1.1,IDLE,0.00,0.00,0.00,0,0.0,856,0,0.0,0.0
53.1500,61618,0.0,0.0,-6.454,13.198,0.00,0.00,730.3,730.3,502.1,0,0.0,1.1,IDLE,0.00,0.00,0.00,0,0.0,856,0,0.0,0.0
53.2000,61668,0.0,0.0,-6.690,13.198,0.00,0.00,732.8,732.8,502.1,0,0.0,1.1,IDLE,0.00,0.00,0.00,0,0.0,856,0,0.0,0.0
53.2500,61718,0.0,0.0,-6.690,13.198,0.00,0.00,732.8,732.8,502.1,0,0.0,1.1,IDLE,0.00,0.00,0.00,0,0.0,856,0,0.0,0.0
53.3000,61768,0.0,0.0,-6.690,13.198,0.00,0.00,732.8,732.8,501.4,0,0.0,0.7,IDLE,0.00,0.00,0.00,0,0.0,856,0,0.0,0.0
53.3500,61818,0.0,0.0,-6.690,13.198,0.00,0.00,732.8,732.8,501.4,0,0.0,0.7,IDLE,0.00,0.00,0.00,0,0.0,856,0,0.0,0.0
53.4000,61868,0.0,0.0,-6.845,13.198,0.00,0.00,732.2,732.2,501.4,0,0.0,0.7,IDLE,0.00,0.00,0.00,0,0.0,856,0,0.0,0.0
53.4500,61918,0.0,0.0,-6.845,13.198,0.00,0.00,732.2,732.2,501.1,0,0.0,0.6,IDLE,0.00,0.00,0.00,0,0.0,856,0,0.0,0.0
53.5000,61968,0.0,0.0,-6.845,13.198,0.00,0.00,732.2,732.2,501.1,0,0.0,0.6,IDLE,0.00,0.00,0.00,0,0.0,856,0,0.0,0.0
53.5500,62018,0.0,0.0,-7.147,13.198,0.00,0.00,731.6,731.6,501.1,0,0.0,0.6,IDLE,0.00,0.00,0.00,0,0.0,856,0,0.0,0.0
53.6000,62068,0.0,0.0,-7.147,13.198,0.00,0.00,731.6,731.6,501.3,0,0.0,0.6,IDLE,0.00,0.00,0.00,0,0.0,856,0,0.0,0.0
53.6500,62118,0.0,0.0,-7.147,13.198,0.00,0.00,731.6,731.6,501.3,0,0.0,0.6,IDLE,0.00,0.00,0.00,0,0.0,856,0,0.0,0.0
53.7000,62168,0.0,0.0,-7.140,13.198,0.00,0.00,741.9,741.9,501.3,0,0.0,0.6,IDLE,0.00,0.00,0.00,0,0.0,856,0,0.0,0.0
53.7500,62218,0.0,0.0,-7.140,13.198,0.00,0.00,741.9,741.9,502.5,0,0.0,1.2,IDLE,0.00,0.00,0.00,0,0.0,856,0,0.0,0.0
53.8000,62268,0.0,0.0,-7.140,13.198,0.00,0.00,741.9,741.9,502.5,0,0.0,1.2,IDLE,0.00,0.00,0.00,0,0.0,856,0,0.0,0.0
53.8500,62318,0.0,0.0,-7.383,13.198,0.00,0.00,740.3,740.3,502.5,0,0.0,1.2,IDLE,0.00,0.00,0.00,0,0.0,856,0,0.0,0.0
53.9000,62368,0.0,0.0,-7.383,13.198,0.00,0.00,740.3,740.3,502.6,0,0.0,1.3,IDLE,0.00,0.00,0.00,0,0.0,856,0,0.0,0.0
53.9500,62418,0.0,0.0,-7.383,13.198,0.00,0.00,740.3,740.3,502.6,0,0.0,1.3,IDLE,0.00,0.00,0.00,0,0.0,856,0,0.0,0.0
54.0000,62468,0.0,0.0,-7.449,13.198,0.00,0.00,747.5,747.5,502.6,0,0.0,1.3,IDLE,0.00,0.00,0.00,0,0.0,856,0,0.0,0.0
54.0500,62518,0.0,0.0,-7.449,13.198,0.00,0.00,747.5,747.5,502.6,0,0.0,1.3,IDLE,0.00,0.00,0.00,0,0.0,856,0,0.0,0.0
54.1000,62568,0.0,0.0,-7.449,13.198,0.00,0.00,747.5,747.5,501.4,0,0.0,0.7,IDLE,0.00,0.00,0.00,0,0.0,856,0,0.0,0.0
54.1500,62618,0.0,0.0,-7.449,13.198,0.00,0.00,747.5,747.5,501.4,0,0.0,0.7,IDLE,0.00,0.00,0.00,0,0.0,856,0,0.0,0.0
54.2000,62668,0.0,0.0,-7.715,13.198,0.00,0.00,744.1,744.1,501.4,0,0.0,0.7,IDLE,0.00,0.00,0.00,0,0.0,856,0,0.0,0.0
54.2500,62718,0.0,0.0,-7.715,13.198,0.00,0.00,744.1,744.1,501.9,0,0.0,0.9,IDLE,0.00,0.00,0.00,0,0.0,856,0,0.0,0.0
54.3000,62768,0.0,0.0,-7.715,13.198,0.00,0.00,744.1,744.1,501.9,0,0.0,0.9,IDLE,0.00,0.00,0.00,0,0.0,856,0,0.0,0.0
54.3500,62818,0.0,0.0,-7.988,13.198,0.00,0.00,745.3,745.3,501.9,0,0.0,0.9,IDLE,0.00,0.00,0.00,0,0.0,856,0,0.0,0.0
54.4000,62868,0.0,0.0,-7.988,13.198,0.00,0.00,745.3,745.3,501.1,0,0.0,0.6,IDLE,0.00,0.00,0.00,0,0.0,856,0,0.0,0.0
54.4500,62918,0.0,0.0,-7.988,13.198,0.00,0.00,745.3,745.3,501.1,0,0.0,0.6,IDLE,0.00,0.00,0.00,0,0.0,856,0,0.0,0.0
54.5000,62968,0.0,0.0,-8.128,13.198,0.00,0.00,742.8,742.8,501.1,0,0.0,0.6,IDLE,0.00,0.00,0.00,0,0.0,856,0,0.0,0.0
54.5500,63018,0.0,0.0,-8.128,13.198,0.00,0.00,742.8,742.8,503.8,0,0.0,1.9,IDLE,0.00,0.00,0.00,0,0.0,856,0,0.0,0.0
54.6000,63068,0.0,0.0,-8.128,13.198,0.00,0.00,742.8,742.8,503.8,0,0.0,1.9,IDLE,0.00,0.00,0.00,0,0.0,856,0,0.0,0.0
54.6500,63118,0.0,0.0,-7.759,13.198,0.00,0.00,747.2,747.2,503.8,0,0.0,1.9,IDLE,0.00,0.00,0.00,0,0.0,856,0,0.0,0.0
54.7000,63168,0.0,0.0,-7.759,13.198,0.00,0.00,747.2,747.2,503.8,0,0.0,1.9,IDLE,0.00,0.00,0.00,0,0.0,856,0,0.0,0.0
54.7500,63218,0.0,0.0,-7.759,13.198,0.00,0.00,747.2,747.2,502.8,0,0.0,1.4,IDLE,0.00,0.00,0.00,0,0.0,856,0,0.0,0.0
54.8000,63268,0.0,0.0,-7.759,13.198,0.00,0.00,747.2,747.2,502.8,0,0.0,1.4,IDLE,0.00,0.00,0.00,0,0.0,856,0,0.0,0.0
54.8500,63318,0.0,0.0,-7.472,13.198,0.00,0.00,745.6,745.6,502.8,0,0.0,1.4,IDLE,0.00,0.00,0.00,0,0.0,856,0,0.0,0.0
54.9000,63368,0.0,0.0,-7.472,13.198,0.00,0.00,745.6,745.6,501.6,0,0.0,0.8,IDLE,0.00,0.00,0.00,0,0.0,856,0,0.0,0.0
54.9500,63418,0.0,0.0,-7.472,13.198,0.00,0.00,745.6,745.6,501.6,0,0.0,0.8,IDLE,0.00,0.00,0.00,0,0.0,856,0,0.0,0.0
55.0000,63468,0.0,0.0,-7.007,13.198,0.00,0.00,753.4,753.4,501.6,0,0.0,0.8,IDLE,0.00,0.00,0.00,0,0.0,856,0,0.0,0.0
55.0500,63518,0.0,0.0,-7.007,13.198,0.00,0.00,753.4,753.4,501.5,0,0.0,0.8,IDLE,0.00,0.00,0.00,0,0.0,856,0,0.0,0.0
55.1000,63568,0.0,0.0,-7.007,13.198,0.00,0.00,753.4,753.4,501.5,0,0.0,0.8,IDLE,0.00,0.00,0.00,0,0.0,856,0,0.0,0.0
55.1500,63618,0.0,0.0,-6.498,13.198,0.00,0.00,754.4,754.4,501.5,0,0.0,0.8,IDLE,0.00,0.00,0.00,0,0.0,856,0,0.0,0.0
55.2000,63668,0.0,0.0,-6.498,13.198,0.00,0.00,754.4,754.4,502.6,0,0.0,1.3,IDLE,0.00,0.00,0.00,0,0.0,856,0,0.0,0.0
55.2500,63718,0.0,0.0,-6.498,13.198,0.00,0.00,754.4,754.4,502.6,0,0.0,1.3,IDLE,0.00,0.00,0.00,0,0.0,856,0,0.0,0.0
55.3000,63768,0.0,0.0,-6.247,13.198,0.00,0.00,753.1,753.1,502.6,0,0.0,1.3,IDLE,0.00,0.00,0.00,0,0.0,856,0,0.0,0.0
55.3500,63818,0.0,0.0,-6.247,13.198,0.00,0.00,753.1,753.1,501.3,0,0.0,0.6,IDLE,0.00,0.00,0.00,0,0.0,856,0,0.0,0.0
