Time_s,Timestamp_ms,Target_RPM,RPM,Torque_raw_lb-ft,Torque_filt_lb-ft,HP_raw,HP_filt,LoadCell_mV,ADC_Load_mV,Pressure_mV,Brake_Pos,Brake_Pct,Brake_PSI,State,PID_P,PID_I,PID_Output,Fault_Bits,Spare_Aux_mV,Tach_Glitches,RPM_Estimated,RPM_Counted,RPM_Rev
0.0000,1616418,0.0,839.1,0.044,10.615,0.01,1.70,858.1,858.1,501.0,0,0.0,0.5,IDLE,0.00,0.00,0.00,0,0.0,4072,0,839.1,816.3
0.0500,1616468,0.0,839.1,3.031,10.615,0.48,1.70,872.5,872.5,501.0,0,0.0,0.5,IDLE,0.00,0.00,0.00,0,0.0,4074,0,839.1,816.3
0.1000,1616518,0.0,839.1,3.031,10.615,0.48,1.70,872.5,872.5,501.8,0,0.0,0.9,IDLE,0.00,0.00,0.00,0,0.0,4076,0,839.1,816.3
0.1500,1616568,0.0,839.1,3.031,10.615,0.48,1.70,872.5,872.5,501.8,0,0.0,0.9,IDLE,0.00,0.00,0.00,0,0.0,4077,0,839.1,816.3
0.2000,1616618,0.0,839.1,5.561,10.615,0.89,1.70,854.1,854.1,501.8,0,0.0,0.9,IDLE,0.00,0.00,0.00,0,0.0,4080,0,839.1,816.3
0.2500,1616668,0.0,839.1,5.561,10.615,0.89,1.70,854.1,854.1,501.9,0,0.0,0.9,IDLE,0.00,0.00,0.00,0,0.0,4082,0,839.1,816.3
0.3000,1616718,0.0,839.1,5.561,10.615,0.89,1.70,854.1,854.1,501.9,0,0.0,0.9,IDLE,0.00,0.00,0.00,0,0.0,4083,0,839.1,816.3
0.3500,1616768,0.0,839.1,4.595,10.615,0.73,1.70,653.1,653.1,501.9,0,0.0,0.9,IDLE,0.00,0.00,0.00,0,0.0,4085,0,839.1,816.3
0.4000,1616818,0.0,839.1,4.595,10.615,0.73,1.70,653.1,653.1,501.9,0,0.0,0.9,IDLE,0.00,0.00,0.00,0,0.0,4086,0,839.1,816.3
0.4500,1616868,0.0,839.1,4.595,10.615,0.73,1.70,653.1,653.1,501.8,0,0.0,0.9,IDLE,0.00,0.00,0.00,0,0.0,4088,0,839.1,816.3
0.5000,1616918,0.0,839.1,4.595,10.615,0.73,1.70,653.1,653.1,501.8,0,0.0,0.9,IDLE,0.00,0.00,0.00,0,0.0,4090,0,839.1,816.3
0.5500,1616968,0.0,839.1,3.378,10.615,0.54,1.70,825.6,825.6,501.8,0,0.0,0.9,IDLE,0.00,0.00,0.00,0,0.0,4091,0,839.1,816.3
0.6000,1617018,0.0,839.1,3.378,10.615,0.54,1.70,825.6,825.6,502.6,0,0.0,1.3,IDLE,0.00,0.00,0.00,0,0.0,4093,0,839.1,816.3
0.6500,1617068,0.0,839.1,3.378,10.615,0.54,1.70,825.6,825.6,502.6,0,0.0,1.3,IDLE,0.00,0.00,0.00,0,0.0,4094,0,839.1,816.3
0.7000,1617118,0.0,839.1,7.789,10.615,1.24,1.70,898.8,898.8,502.6,0,0.0,1.3,IDLE,0.00,0.00,0.00,0,0.0,4096,0,839.1,816.3
0.7500,1617168,0.0,839.1,7.789,10.615,1.24,1.70,898.8,898.8,502.3,0,0.0,1.1,IDLE,0.00,0.00,0.00,0,0.0,4097,0,839.1,816.3
0.8000,1617218,0.0,839.1,7.789,10.615,1.24,1.70,898.8,898.8,502.3,0,0.0,1.1,IDLE,0.00,0.00,0.00,0,0.0,4099,0,839.1,816.3
0.8500,1617268,0.0,839.1,8.135,10.615,1.30,1.70,781.9,781.9,502.3,0,0.0,1.1,IDLE,0.00,0.00,0.00,0,0.0,4101,0,839.1,816.3
0.9000,1617318,0.0,839.1,8.135,10.615,1.30,1.70,781.9,781.9,499.6,0,0.0,-0.2,IDLE,0.00,0.00,0.00,0,0.0,4102,0,839.1,816.3
0.9500,1617368,0.0,839.1,8.135,10.615,1.30,1.70,781.9,781.9,499.6,0,0.0,-0.2,IDLE,0.00,0.00,0.00,0,0.0,4104,0,839.1,816.3
1.0000,1617418,0.0,839.1,2.677,10.615,0.43,1.70,662.8,662.8,499.6,0,0.0,-0.2,IDLE,0.00,0.00,0.00,0,0.0,4107,0,839.1,816.3
1.0500,1617468,0.0,839.1,2.677,10.615,0.43,1.70,662.8,662.8,502.3,0,0.0,1.1,IDLE,0.00,0.00,0.00,0,0.0,4108,0,839.1,816.3
1.1000,1617518,0.0,839.1,2.677,10.615,0.43,1.70,662.8,662.8,502.3,0,0.0,1.1,IDLE,0.00,0.00,0.00,0,0.0,4111,0,839.1,816.3
1.1500,1617568,0.0,839.1,3.835,10.615,0.61,1.70,686.9,686.9,502.3,0,0.0,1.1,IDLE,0.00,0.00,0.00,0,0.0,4113,0,839.1,816.3
1.2000,1617618,0.0,839.1,3.835,10.615,0.61,1.70,686.9,686.9,502.3,0,0.0,1.1,IDLE,0.00,0.00,0.00,0,0.0,4114,0,839.1,816.3
1.2500,1617668,0.0,839.1,3.835,10.615,0.61,1.70,686.9,686.9,503.0,0,0.0,1.5,IDLE,0.00,0.00,0.00,0,0.0,4116,0,839.1,816.3
1.3000,1617718,0.0,839.1,3.835,10.615,0.61,1.70,686.9,686.9,503.0,0,0.0,1.5,IDLE,0.00,0.00,0.00,0,0.0,4118,0,839.1,816.3
1.3500,1617768,0.0,839.1,1.180,10.615,0.19,1.70,715.9,715.9,503.0,0,0.0,1.5,IDLE,0.00,0.00,0.00,0,0.0,4119,0,839.1,816.3
1.4000,1617818,0.0,839.1,1.180,10.615,0.19,1.70,715.9,715.9,501.8,0,0.0,0.9,IDLE,0.00,0.00,0.00,0,0.0,4121,0,839.1,816.3
1.4500,1617868,0.0,839.1,1.180,10.615,0.19,1.70,715.9,715.9,501.8,0,0.0,0.9,IDLE,0.00,0.00,0.00,0,0.0,4123,0,839.1,816.3
1.5000,1617918,0.0,839.1,-4.838,10.615,-0.77,1.70,585.9,585.9,501.8,0,0.0,0.9,IDLE,0.00,0.00,0.00,0,0.0,4124,0,839.1,816.3
1.5500,1617968,0.0,839.1,-4.838,10.615,-0.77,1.70,585.9,585.9,500.9,0,0.0,0.4,IDLE,0.00,0.00,0.00,0,0.0,4126,0,839.1,816.3
1.6000,1618018,0.0,839.1,-4.838,10.615,-0.77,1.70,585.9,585.9,500.9,0,0.0,0.4,IDLE,0.00,0.00,0.00,0,0.0,4129,0,839.1,816.3
1.6500,1618068,0.0,839.1,-3.562,10.615,-0.57,1.70,930.3,930.3,500.9,0,0.0,0.4,IDLE,0.00,0.00,0.00,0,0.0,4130,0,839.1,816.3
1.7000,1618118,0.0,839.1,-3.562,10.615,-0.57,1.70,930.3,930.3,503.0,0,0.0,1.5,IDLE,0.00,0.00,0.00,0,0.0,4132,0,839.1,816.3
1.7500,1618168,0.0,839.1,-3.562,10.615,-0.57,1.70,930.3,930.3,503.0,0,0.0,1.5,IDLE,0.00,0.00,0.00,0,0.0,4134,0,839.1,816.3
1.8000,1618218,0.0,839.1,-2.478,10.615,-0.40,1.70,903.1,903.1,503.0,0,0.0,1.5,IDLE,0.00,0.00,0.00,0,0.0,4135,0,839.1,816.3
1.8500,1618268,0.0,839.1,-2.478,10.615,-0.40,1.70,903.1,903.1,503.0,0,0.0,1.5,IDLE,0.00,0.00,0.00,0,0.0,4137,0,839.1,816.3
1.9000,1618318,0.0,839.1,-2.478,10.615,-0.40,1.70,903.1,903.1,501.6,0,0.0,0.8,IDLE,0.00,0.00,0.00,0,0.0,4139,0,839.1,816.3
1.9500,1618368,0.0,839.1,-2.478,10.615,-0.40,1.70,903.1,903.1,501.6,0,0.0,0.8,IDLE,0.00,0.00,0.00,0,0.0,4140,0,839.1,816.3
2.0000,1618418,0.0,839.1,7.663,10.615,1.22,1.70,1111.2,1111.2,501.6,0,0.0,0.8,IDLE,0.00,0.00,0.00,0,0.0,4142,0,839.1,816.3
2.0500,1618468,0.0,839.1,7.663,10.615,1.22,1.70,1111.2,1111.2,501.8,0,0.0,0.9,IDLE,0.00,0.00,0.00,0,0.0,4144,0,839.1,816.3
2.1000,1618518,0.0,839.1,7.663,10.615,1.22,1.70,1111.2,1111.2,501.8,0,0.0,0.9,IDLE,0.00,0.00,0.00,0,0.0,4145,0,839.1,816.3
2.1500,1618568,0.0,839.1,3.784,10.615,0.60,1.70,650.3,650.3,501.8,0,0.0,0.9,IDLE,0.00,0.00,0.00,0,0.0,4147,0,839.1,816.3
2.2000,1618618,0.0,839.1,3.784,10.615,0.60,1.70,650.3,650.3,502.1,0,0.0,1.1,IDLE,0.00,0.00,0.00,0,0.0,4148,0,839.1,816.3
2.2500,1618668,2000.0,839.1,3.784,10.615,0.60,1.70,650.3,650.3,502.1,6,1.2,1.1,HOLD_RPM,0.00,0.00,0.00,0,0.0,4150,0,839.1,816.3
2.3000,1618718,2000.0,839.1,-0.384,10.615,-0.06,1.70,710.3,710.3,502.1,22,4.4,1.1,HOLD_RPM,0.00,0.00,0.00,0,0.0,4152,0,839.1,816.3
2.3500,1618768,2000.0,839.1,-0.384,10.615,-0.06,1.70,710.3,710.3,503.2,48,9.6,1.6,HOLD_RPM,0.00,0.00,0.00,0,0.0,4154,0,839.1,816.3
2.4000,1618818,2000.0,839.1,-0.384,10.615,-0.06,1.70,710.3,710.3,503.2,75,15.0,1.6,HOLD_RPM,0.00,0.00,0.00,0,0.0,4156,0,839.1,816.3
2.4500,1618868,2000.0,839.1,2.176,10.615,0.35,1.70,897.8,897.8,503.2,93,18.6,1.6,HOLD_RPM,0.00,0.00,0.00,0,0.0,4157,0,839.1,816.3
2.5000,1618918,2000.0,839.1,2.176,10.615,0.35,1.70,897.8,897.8,501.3,100,20.0,0.6,HOLD_RPM,0.00,0.00,0.00,0,0.0,4159,0,839.1,816.3
2.5500,1618968,2000.0,839.1,2.176,10.615,0.35,1.70,897.8,897.8,501.3,100,20.0,0.6,HOLD_RPM,0.00,0.00,0.00,0,0.0,4160,0,839.1,816.3
2.6000,1619018,2000.0,839.1,5.915,10.615,0.95,1.70,831.7,831.7,501.3,100,20.0,0.6,HOLD_RPM,0.00,0.00,0.00,0,0.0,4162,0,839.1,816.3
2.6500,1619068,2000.0,839.1,5.915,10.615,0.95,1.70,831.7,831.7,501.3,100,20.0,0.6,HOLD_RPM,0.00,0.00,0.00,0,0.0,4164,0,839.1,816.3
2.7000,1619118,2000.0,839.1,5.915,10.615,0.95,1.70,831.7,831.7,502.0,100,20.0,1.0,HOLD_RPM,0.00,0.00,0.00,0,0.0,4165,0,839.1,816.3
2.7500,1619168,2000.0,839.1,5.915,10.615,0.95,1.70,831.7,831.7,502.0,100,20.0,1.0,HOLD_RPM,0.00,0.00,0.00,0,0.0,4167,0,839.1,816.3
2.8000,1619218,2000.0,839.1,8.770,10.615,1.40,1.70,815.9,815.9,502.0,100,20.0,1.0,HOLD_RPM,0.00,0.00,0.00,0,0.0,4168,0,839.1,816.3
2.8500,1619268,2000.0,839.1,8.770,10.615,1.40,1.70,815.9,815.9,499.9,100,20.0,-0.1,HOLD_RPM,0.00,0.00,0.00,0,0.0,4170,0,839.1,816.3
2.9000,1619318,2000.0,839.1,8.770,10.615,1.40,1.70,815.9,815.9,499.9,100,20.0,-0.1,HOLD_RPM,0.00,0.00,0.00,0,0.0,4172,0,839.1,816.3
2.9500,1619368,2000.0,839.1,7.538,10.615,1.20,1.70,660.3,660.3,499.9,100,20.0,-0.1,HOLD_RPM,0.00,0.00,0.00,0,0.0,4173,0,839.1,816.3
3.0000,1619418,2000.0,839.1,7.538,10.615,1.20,1.70,660.3,660.3,501.9,100,20.0,0.9,HOLD_RPM,0.00,0.00,0.00,0,0.0,4175,0,839.1,816.3
3.0500,1619468,2000.0,839.1,7.538,10.615,1.20,1.70,660.3,660.3,501.9,100,20.0,0.9,HOLD_RPM,0.00,0.00,0.00,0,0.0,4176,0,839.1,816.3
3.1000,1619518,2000.0,839.1,14.146,10.615,2.26,1.70,884.4,884.4,501.9,100,20.0,0.9,HOLD_RPM,0.00,0.00,0.00,0,0.0,4178,0,839.1,816.3
3.1500,1619568,2000.0,839.1,14.146,10.615,2.26,1.70,884.4,884.4,500.5,100,20.0,0.3,HOLD_RPM,0.00,0.00,0.00,0,0.0,4180,0,839.1,816.3
3.2000,1619618,2000.0,839.1,14.146,10.615,2.26,1.70,884.4,884.4,500.5,100,20.0,0.3,HOLD_RPM,0.00,0.00,0.00,0,0.0,4182,0,839.1,816.3
3.2500,1619668,2000.0,839.1,12.391,10.615,1.98,1.70,850.9,850.9,500.5,100,20.0,0.3,HOLD_RPM,0.00,0.00,0.00,0,0.0,4184,0,839.1,816.3
3.3000,1619718,2000.0,839.1,12.391,10.615,1.98,1.70,850.9,850.9,500.5,100,20.0,0.3,HOLD_RPM,0.00,0.00,0.00,0,0.0,4185,0,839.1,816.3
3.3500,1619768,2000.0,839.1,12.391,10.615,1.98,1.70,850.9,850.9,502.6,100,20.0,1.3,HOLD_RPM,0.00,0.00,0.00,0,0.0,4187,0,839.1,816.3
3.4000,1619818,2000.0,839.1,12.391,10.615,1.98,1.70,850.9,850.9,502.6,100,20.0,1.3,HOLD_RPM,0.00,0.00,0.00,0,0.0,4189,0,839.1,816.3
3.4500,1619868,2000.0,839.1,10.791,10.615,1.72,1.70,830.9,830.9,502.6,100,20.0,1.3,HOLD_RPM,0.00,0.00,0.00,0,0.0,4191,0,839.1,816.3
3.5000,1619918,2000.0,839.1,10.791,10.615,1.72,1.70,830.9,830.9,501.3,100,20.0,0.6,HOLD_RPM,0.00,0.00,0.00,0,0.0,4192,0,839.1,816.3
3.5500,1619968,2000.0,839.1,10.791,10.615,1.72,1.70,830.9,830.9,501.3,100,20.0,0.6,HOLD_RPM,0.00,0.00,0.00,0,0.0,4194,0,839.1,816.3
3.6000,1620018,2000.0,839.1,4.034,10.615,0.64,1.70,805.9,805.9,501.3,100,20.0,0.6,HOLD_RPM,0.00,0.00,0.00,0,0.0,4196,0,839.1,816.3
3.6500,1620068,2000.0,839.1,4.034,10.615,0.64,1.70,805.9,805.9,500.1,100,20.0,0.1,HOLD_RPM,0.00,0.00,0.00,0,0.0,4198,0,839.1,816.3
3.7000,1620118,2000.0,839.1,4.034,10.615,0.64,1.70,805.9,805.9,500.1,100,20.0,0.1,HOLD_RPM,0.00,0.00,0.00,0,0.0,4198,0,839.1,830.4
3.7500,1620168,2000.0,836.3,4.064,10.615,0.65,1.69,651.6,651.6,500.1,100,20.0,0.1,HOLD_RPM,0.00,0.00,0.00,0,0.0,4198,0,836.3,838.3
3.8000,1620218,2000.0,836.3,4.064,10.615,0.65,1.69,651.6,651.6,500.9,100,20.0,0.4,HOLD_RPM,0.00,0.00,0.00,0,0.0,4199,0,836.3,883.2
3.8500,1620268,2000.0,905.1,4.064,10.615,0.70,1.83,651.6,651.6,500.9,100,20.0,0.4,HOLD_RPM,0.00,0.00,0.00,0,0.0,4199,0,905.1,926.6
3.9000,1620318,2000.0,905.1,7.309,10.615,1.26,1.83,857.2,857.2,500.9,100,20.0,0.4,HOLD_RPM,0.00,0.00,0.00,0,0.0,4199,0,905.1,1001.7
3.9500,1620368,2000.0,1023.5,7.309,10.615,1.42,2.07,857.2,857.2,502.4,100,20.0,1.2,HOLD_RPM,0.00,0.00,0.00,0,0.0,4199,0,1023.5,1048.1
4.0000,1620418,2000.0,1023.5,7.309,10.615,1.42,2.07,857.2,857.2,502.4,100,20.0,1.2,HOLD_RPM,0.00,0.00,0.00,0,0.0,4199,0,1023.5,1120.2
4.0500,1620468,2000.0,1155.6,1.077,10.615,0.24,2.34,615.9,615.9,502.4,100,20.0,1.2,HOLD_RPM,0.00,0.00,0.00,0,0.0,4199,0,1155.6,1193.4
4.1000,1620518,2000.0,1155.6,1.077,10.615,0.24,2.34,615.9,615.9,502.4,100,20.0,1.2,HOLD_RPM,0.00,0.00,0.00,0,0.0,4199,0,1155.6,1257.0
4.1500,1620568,2000.0,1297.0,1.077,10.615,0.27,2.62,615.9,615.9,500.6,100,20.0,0.3,HOLD_RPM,0.00,0.00,0.00,0,0.0,4200,0,1297.0,1339.3
4.2000,1620618,2000.0,1297.0,1.077,10.615,0.27,2.62,615.9,615.9,500.6,100,20.0,0.3,HOLD_RPM,0.00,0.00,0.00,0,0.0,4200,0,1297.0,1400.1
4.2500,1620668,2000.0,1433.2,4.101,10.615,1.12,2.90,968.4,968.4,500.6,100,20.0,0.3,HOLD_RPM,0.00,0.00,0.00,0,0.0,4200,0,1433.2,1466.6
4.3000,1620718,2000.0,1433.2,4.101,10.615,1.12,2.90,968.4,968.4,501.4,100,20.0,0.7,HOLD_RPM,0.00,0.00,0.00,0,0.0,4200,0,1433.2,1514.9
4.3500,1620768,2000.0,1533.7,4.101,11.328,1.20,3.31,968.4,968.4,501.4,100,20.0,0.7,HOLD_RPM,0.00,0.00,0.00,0,0.0,4200,0,1533.7,1565.8
4.4000,1620818,2000.0,1533.7,0.878,11.328,0.26,3.31,670.3,670.3,501.4,100,20.0,0.7,HOLD_RPM,0.00,0.00,0.00,0,0.0,4200,0,1533.7,1602.7
4.4500,1620868,2000.0,1617.6,0.878,12.837,0.27,3.95,670.3,670.3,501.9,100,20.0,0.9,HOLD_RPM,0.00,0.00,0.00,0,0.0,4201,0,1617.6,1642.6
4.5000,1620918,2000.0,1617.6,0.878,12.837,0.27,3.95,670.3,670.3,501.9,100,20.0,0.9,HOLD_RPM,0.00,0.00,0.00,0,0.0,4201,0,1617.6,1669.1
4.5500,1620968,2000.0,1675.5,7.132,13.182,2.28,4.21,943.1,943.1,501.9,100,20.0,0.9,HOLD_RPM,0.00,0.00,0.00,0,0.0,4202,0,1675.5,1687.9
4.6000,1621018,2000.0,1675.5,7.132,13.182,2.28,4.21,943.1,943.1,500.0,100,20.0,0.0,HOLD_RPM,0.00,0.00,0.00,0,0.0,4203,0,1675.5,1700.2
4.6500,1621068,2000.0,1699.6,7.132,13.326,2.31,4.31,943.1,943.1,500.0,100,20.0,0.0,HOLD_RPM,0.00,0.00,0.00,0,0.0,4203,0,1699.6,1700.5
4.7000,1621118,2000.0,1699.6,2.073,13.326,0.67,4.31,655.6,655.6,500.0,100,20.0,0.0,HOLD_RPM,0.00,0.00,0.00,0,0.0,4204,0,1699.6,1706.1
4.7500,1621168,2000.0,1706.3,2.073,13.406,0.67,4.36,655.6,655.6,500.8,100,20.0,0.4,HOLD_RPM,0.00,0.00,0.00,0,0.0,4205,0,1706.3,1706.3
4.8000,1621218,2000.0,1706.3,2.073,13.406,0.67,4.36,655.6,655.6,500.8,100,20.0,0.4,HOLD_RPM,0.00,0.00,0.00,0,0.0,4205,0,1706.3,1695.9
4.8500,1621268,2000.0,1692.6,3.400,13.284,1.10,4.28,910.9,910.9,500.8,100,20.0,0.4,HOLD_RPM,0.00,0.00,0.00,0,0.0,4205,0,1692.6,1688.3
4.9000,1621318,2000.0,1692.6,3.400,13.284,1.10,4.28,910.9,910.9,500.8,100,20.0,0.4,HOLD_RPM,0.00,0.00,0.00,0,0.0,4205,0,1692.6,1671.1
4.9500,1621368,2000.0,1668.8,3.400,13.142,1.08,4.18,910.9,910.9,500.0,100,20.0,0.0,HOLD_RPM,0.00,0.00,0.00,0,0.0,4206,0,1668.8,1664.4
5.0000,1621418,2000.0,1668.8,3.400,13.142,1.08,4.18,910.9,910.9,500.0,100,20.0,0.0,HOLD_RPM,0.00,0.00,0.00,0,0.0,4206,0,1668.8,1657.8
5.0500,1621468,2000.0,1654.7,-1.534,13.058,-0.48,4.11,607.8,607.8,500.0,100,20.0,0.0,HOLD_RPM,0.00,0.00,0.00,0,0.0,4207,0,1654.7,1648.2
5.1000,1621518,2000.0,1654.7,-1.534,13.058,-0.48,4.11,607.8,607.8,499.9,100,20.0,-0.1,HOLD_RPM,0.00,0.00,0.00,0,0.0,4207,0,1654.7,1633.1
5.1500,1621568,2000.0,1628.6,-1.534,12.903,-0.48,4.00,607.8,607.8,499.9,100,20.0,-0.1,HOLD_RPM,0.00,0.00,0.00,0,0.0,4207,0,1628.6,1619.9
5.2000,1621618,2000.0,1628.6,-4.374,12.903,-1.36,4.00,677.5,677.5,499.9,100,20.0,-0.1,HOLD_RPM,0.00,0.00,0.00,0,0.0,4207,0,1628.6,1615.1
5.2500,1621668,2000.0,1613.6,-4.374,12.813,-1.34,3.94,677.5,677.5,501.0,100,20.0,0.5,HOLD_RPM,0.00,0.00,0.00,0,0.0,4207,0,1613.6,1610.0
5.3000,1621718,2000.0,1613.6,-4.374,12.813,-1.34,3.94,677.5,677.5,501.0,100,20.0,0.5,HOLD_RPM,0.00,0.00,0.00,0,0.0,4207,0,1613.6,1599.7
5.3500,1621768,2000.0,1596.0,4.484,12.647,1.36,3.84,1052.2,1052.2,501.0,100,20.0,0.5,HOLD_RPM,0.00,0.00,0.00,0,0.0,4208,0,1596.0,1590.3
5.4000,1621818,2000.0,1596.0,4.484,12.647,1.36,3.84,1052.2,1052.2,499.4,100,20.0,-0.3,HOLD_RPM,0.00,0.00,0.00,0,0.0,4208,0,1596.0,1591.8
5.4500,1621868,2000.0,1588.2,4.484,12.482,1.36,3.77,1052.2,1052.2,499.4,100,20.0,-0.3,HOLD_RPM,0.00,0.00,0.00,0,0.0,4208,0,1588.2,1581.7
5.5000,1621918,2000.0,1588.2,3.511,12.482,1.06,3.77,813.1,813.1,499.4,100,20.0,-0.3,HOLD_RPM,0.00,0.00,0.00,0,0.0,4208,0,1588.2,1576.5
5.5500,1621968,2000.0,1576.1,3.511,12.226,1.05,3.67,813.1,813.1,499.4,100,20.0,-0.3,HOLD_RPM,0.00,0.00,0.00,0,0.0,4208,0,1576.1,1576.0
5.6000,1622018,2000.0,1576.1,3.511,12.226,1.05,3.67,813.1,813.1,500.1,100,20.0,0.1,HOLD_RPM,0.00,0.00,0.00,0,0.0,4208,0,1576.1,1577.1
5.6500,1622068,2000.0,1575.2,3.511,12.207,1.05,3.66,813.1,813.1,500.1,100,20.0,0.1,HOLD_RPM,0.00,0.00,0.00,0,0.0,4208,0,1575.2,1574.0
5.7000,1622118,2000.0,1575.2,0.266,12.207,0.08,3.66,469.1,469.1,500.1,100,20.0,0.1,HOLD_RPM,0.00,0.00,0.00,0,0.0,4208,0,1575.2,1576.5
5.7500,1622168,2000.0,1578.1,0.266,12.269,0.08,3.69,469.1,469.1,500.8,100,20.0,0.4,HOLD_RPM,0.00,0.00,0.00,0,0.0,4209,0,1578.1,1581.0
5.8000,1622218,2000.0,1578.1,0.266,12.269,0.08,3.69,469.1,469.1,500.8,100,20.0,0.4,HOLD_RPM,0.00,0.00,0.00,0,0.0,4209,0,1578.1,1575.9
5.8500,1622268,2000.0,1574.2,-6.712,12.186,-2.01,3.65,653.1,653.1,500.8,100,20.0,0.4,HOLD_RPM,0.00,0.00,0.00,0,0.0,4209,0,1574.2,1573.9
5.9000,1622318,2000.0,1574.2,-6.712,12.186,-2.01,3.65,653.1,653.1,500.8,100,20.0,0.4,HOLD_RPM,0.00,0.00,0.00,0,0.0,4209,0,1574.2,1582.3
5.9500,1622368,2000.0,1581.6,-6.712,12.343,-2.02,3.72,653.1,653.1,500.8,100,20.0,0.4,HOLD_RPM,0.00,0.00,0.00,0,0.0,4210,0,1581.6,1585.1
6.0000,1622418,2000.0,1581.6,2.604,12.343,0.78,3.72,1091.2,1091.2,500.8,100,20.0,0.4,HOLD_RPM,0.00,0.00,0.00,0,0.0,4210,0,1581.6,1588.1
6.0500,1622468,2000.0,1592.3,2.604,12.569,0.79,3.81,1091.2,1091.2,500.5,100,20.0,0.3,HOLD_RPM,0.00,0.00,0.00,0,0.0,4210,0,1592.3,1600.9
6.1000,1622518,2000.0,1592.3,2.604,12.569,0.79,3.81,1091.2,1091.2,500.5,100,20.0,0.3,HOLD_RPM,0.00,0.00,0.00,0,0.0,4210,0,1592.3,1605.9
6.1500,1622568,2000.0,1608.7,4.905,12.784,1.50,3.92,1047.2,1047.2,500.5,100,20.0,0.3,HOLD_RPM,0.00,0.00,0.00,0,0.0,4210,0,1608.7,1614.1
6.2000,1622618,2000.0,1608.7,4.905,12.784,1.50,3.92,1047.2,1047.2,501.8,100,20.0,0.9,HOLD_RPM,0.00,0.00,0.00,0,0.0,4211,0,1608.7,1629.3
6.2500,1622668,2000.0,1635.3,4.905,12.942,1.53,4.03,1047.2,1047.2,501.8,100,20.0,0.9,HOLD_RPM,0.00,0.00,0.00,0,0.0,4212,0,1635.3,1645.0
6.3000,1622718,2000.0,1635.3,13.564,12.942,4.22,4.03,1047.2,1047.2,501.8,100,20.0,0.9,HOLD_RPM,0.00,0.00,0.00,0,0.0,4213,0,1635.3,1658.7
6.3500,1622768,2000.0,1668.5,13.564,13.140,4.31,4.17,1047.2,1047.2,501.8,100,20.0,0.9,HOLD_RPM,0.00,0.00,0.00,0,0.0,4213,0,1668.5,1683.0
6.4000,1622818,2000.0,1668.5,13.564,13.140,4.31,4.17,1047.2,1047.2,501.8,100,20.0,0.9,HOLD_RPM,0.00,0.00,0.00,0,0.0,4214,0,1668.5,1696.1
6.4500,1622868,2000.0,1702.5,13.564,13.359,4.40,4.33,1047.2,1047.2,501.8,100,20.0,0.9,HOLD_RPM,0.00,0.00,0.00,0,0.0,4214,0,1702.5,1711.0
6.5000,1622918,2000.0,1702.5,8.475,13.359,2.75,4.33,680.9,680.9,501.8,100,20.0,0.9,HOLD_RPM,0.00,0.00,0.00,0,0.0,4214,0,1702.5,1729.5
6.5500,1622968,2000.0,1729.0,8.475,13.687,2.79,4.51,680.9,680.9,501.4,100,20.0,0.7,HOLD_RPM,0.00,0.00,0.00,0,0.0,4214,0,1729.0,1730.6
6.6000,1623018,2000.0,1729.0,8.475,13.687,2.79,4.51,680.9,680.9,501.4,100,20.0,0.7,HOLD_RPM,0.00,0.00,0.00,0,0.0,4214,0,1729.0,1745.5
6.6500,1623068,2000.0,1743.2,10.053,13.863,3.34,4.60,679.1,679.1,501.4,100,20.0,0.7,HOLD_RPM,0.00,0.00,0.00,0,0.0,4214,0,1743.2,1747.4
6.7000,1623118,2000.0,1743.2,10.053,13.863,3.34,4.60,679.1,679.1,501.4,100,20.0,0.7,HOLD_RPM,0.00,0.00,0.00,0,0.0,4215,0,1743.2,1756.9
6.7500,1623168,2000.0,1764.9,10.053,14.132,3.38,4.75,679.1,679.1,501.4,100,20.0,0.7,HOLD_RPM,0.00,0.00,0.00,0,0.0,4216,0,1764.9,1777.6
6.8000,1623218,2000.0,1764.9,15.769,14.132,5.30,4.75,935.6,935.6,501.4,100,20.0,0.7,HOLD_RPM,0.00,0.00,0.00,0,0.0,4216,0,1764.9,1789.8
6.8500,1623268,2000.0,1795.9,15.769,14.516,5.39,4.96,935.6,935.6,501.8,100,20.0,0.9,HOLD_RPM,0.00,0.00,0.00,0,0.0,4217,0,1795.9,1806.1
6.9000,1623318,2000.0,1795.9,15.769,14.516,5.39,4.96,935.6,935.6,501.8,100,20.0,0.9,HOLD_RPM,0.00,0.00,0.00,0,0.0,4217,0,1795.9,1827.5
6.9500,1623368,2000.0,1840.3,12.022,15.716,4.21,5.51,883.1,883.1,501.8,100,20.0,0.9,HOLD_RPM,0.00,0.00,0.00,0,0.0,4217,0,1840.3,1856.4
7.0000,1623418,2000.0,1840.3,12.022,15.716,4.21,5.51,883.1,883.1,501.8,100,20.0,0.9,HOLD_RPM,0.00,0.00,0.00,0,0.0,4217,0,1840.3,1876.0
7.0500,1623468,2000.0,1882.7,12.022,16.925,4.31,6.07,883.1,883.1,501.3,100,20.0,0.6,HOLD_RPM,0.00,0.00,0.00,0,0.0,4217,0,1882.7,1898.7
7.1000,1623518,2000.0,1882.7,12.022,16.925,4.31,6.07,883.1,883.1,501.3,100,20.0,0.6,HOLD_RPM,0.00,0.00,0.00,0,0.0,4218,0,1882.7,1903.6
7.1500,1623568,2000.0,1913.7,15.555,17.838,5.67,6.50,972.8,972.8,501.3,100,20.0,0.6,HOLD_RPM,0.00,0.00,0.00,0,0.0,4219,0,1913.7,1925.8
7.2000,1623618,2000.0,1913.7,15.555,17.838,5.67,6.50,972.8,972.8,503.0,100,20.0,1.5,HOLD_RPM,0.00,0.00,0.00,0,0.0,4219,0,1913.7,1933.6
7.2500,1623668,2000.0,1939.5,15.555,18.628,5.74,6.88,972.8,972.8,503.0,100,20.0,1.5,HOLD_RPM,0.00,0.00,0.00,0,0.0,4221,0,1939.5,1951.1
7.3000,1623718,2000.0,1939.5,25.542,18.628,9.43,6.88,920.3,920.3,503.0,100,20.0,1.5,HOLD_RPM,0.00,0.00,0.00,0,0.0,4221,0,1939.5,1967.9
7.3500,1623768,2000.0,1970.0,25.542,19.563,9.58,7.34,920.3,920.3,502.6,100,20.0,1.3,HOLD_RPM,0.00,0.00,0.00,0,0.0,4222,0,1970.0,1978.3
7.4000,1623818,2000.0,1970.0,25.542,19.563,9.58,7.34,920.3,920.3,502.6,100,20.0,1.3,HOLD_RPM,0.00,0.00,0.00,0,0.0,4222,0,1970.0,1980.2
7.4500,1623868,2000.0,1985.0,25.357,20.023,9.58,7.57,644.7,644.7,502.6,100,20.0,1.3,HOLD_RPM,0.00,0.00,0.00,0,0.0,4222,0,1985.0,1992.8
7.5000,1623918,2000.0,1985.0,25.357,20.023,9.58,7.57,644.7,644.7,500.4,100,20.0,0.2,HOLD_RPM,0.00,0.00,0.00,0,0.0,4222,0,1985.0,2002.4
7.5500,1623968,2000.0,2003.5,25.357,20.510,9.67,7.82,644.7,644.7,500.4,100,20.0,0.2,HOLD_RPM,0.00,0.00,0.00,0,0.0,4222,0,2003.5,2005.6
7.6000,1624018,2000.0,2003.5,22.938,20.510,8.75,7.82,981.9,981.9,500.4,100,20.0,0.2,HOLD_RPM,0.35,100.01,100.36,0,0.0,4222,0,2003.5,2002.7
7.6500,1624068,2000.0,2000.9,22.938,20.489,8.74,7.81,981.9,981.9,502.5,100,20.0,1.2,HOLD_RPM,0.35,100.02,100.37,0,0.0,4222,0,2000.9,1998.9
7.7000,1624118,2000.0,2000.9,22.938,20.489,8.74,7.81,981.9,981.9,502.5,99,19.8,1.2,HOLD_RPM,0.09,100.02,99.59,0,0.0,4224,0,2000.9,2002.0
7.7500,1624168,2000.0,2005.5,21.006,20.526,8.02,7.84,960.0,960.0,502.5,100,20.0,1.2,HOLD_RPM,0.09,100.02,100.11,0,0.0,4224,0,2005.5,2007.4
7.8000,1624218,2000.0,2005.5,21.006,20.526,8.02,7.84,960.0,960.0,502.5,101,20.2,1.2,HOLD_RPM,0.55,100.04,101.49,0,0.0,4224,0,2005.5,1994.5
7.8500,1624268,2000.0,1998.3,21.006,20.430,7.99,7.77,960.0,960.0,501.9,100,20.0,0.9,HOLD_RPM,0.55,100.05,100.59,0,0.0,4224,0,1998.3,2002.4
7.9000,1624318,2000.0,1998.3,21.006,20.430,7.99,7.77,960.0,960.0,501.9,98,19.6,0.9,HOLD_RPM,-0.17,100.05,98.46,0,0.0,4224,0,1998.3,2005.8
7.9500,1624368,2000.0,2007.8,9.861,20.545,3.77,7.85,543.4,543.4,501.9,99,19.8,0.9,HOLD_RPM,-0.17,100.04,99.88,0,0.0,4224,0,2007.8,2009.2
8.0000,1624418,2000.0,2007.8,9.861,20.545,3.77,7.85,543.4,543.4,499.4,102,20.4,-0.3,HOLD_RPM,0.78,100.06,102.73,0,0.0,4225,0,2007.8,2017.6
8.0500,1624468,2000.0,2018.0,9.861,20.627,3.79,7.93,543.4,543.4,499.4,100,20.0,-0.3,HOLD_RPM,0.78,100.08,100.86,0,0.0,4227,0,2018.0,2020.2
8.1000,1624518,2000.0,2018.0,9.456,20.627,3.63,7.93,662.5,662.5,499.4,103,20.6,-0.3,HOLD_RPM,1.80,100.12,103.95,0,0.0,4227,0,2018.0,2016.9
8.1500,1624568,2000.0,2013.7,9.456,20.593,3.63,7.90,662.5,662.5,503.2,101,20.2,1.6,HOLD_RPM,1.80,100.17,101.97,0,0.0,4227,0,2013.7,2009.1
8.2000,1624618,2000.0,2013.7,9.456,20.593,3.63,7.90,662.5,662.5,503.2,100,20.0,1.6,HOLD_RPM,1.37,100.20,100.73,0,0.0,4228,0,2013.7,2016.9
8.2500,1624668,2000.0,2018.4,14.124,20.630,5.43,7.93,890.3,890.3,503.2,101,20.2,1.6,HOLD_RPM,1.37,100.24,101.61,0,0.0,4228,0,2018.4,2022.2
8.3000,1624718,2000.0,2018.4,14.124,20.630,5.43,7.93,890.3,890.3,501.0,103,20.6,0.5,HOLD_RPM,1.84,100.28,103.07,0,0.0,4228,0,2018.4,2027.5
8.3500,1624768,2000.0,2031.4,14.124,20.735,5.46,8.02,890.3,890.3,501.0,102,20.4,0.5,HOLD_RPM,1.84,100.33,102.17,0,0.0,4229,0,2031.4,2035.3
8.4000,1624818,2000.0,2031.4,6.365,20.735,2.46,8.02,585.0,585.0,501.0,106,21.2,0.5,HOLD_RPM,3.14,100.41,106.13,0,0.0,4229,0,2031.4,2041.2
8.4500,1624868,2000.0,2044.3,6.365,20.839,2.48,8.11,585.0,585.0,501.0,103,20.6,0.5,HOLD_RPM,3.14,100.49,103.62,0,0.0,4230,0,2044.3,2051.6
8.5000,1624918,2000.0,2044.3,6.365,20.839,2.48,8.11,585.0,585.0,503.0,107,21.4,1.5,HOLD_RPM,4.43,100.60,107.62,0,0.0,4230,0,2044.3,2053.7
8.5500,1624968,2000.0,2054.9,6.365,20.925,2.49,8.19,585.0,585.0,503.0,105,21.0,1.5,HOLD_RPM,4.43,100.71,105.14,0,0.0,4230,0,2054.9,2056.6
8.6000,1625018,2000.0,2054.9,12.502,20.925,4.89,8.19,1160.3,1160.3,503.0,108,21.6,1.5,HOLD_RPM,5.49,100.85,108.46,0,0.0,4230,0,2054.9,2053.0
8.6500,1625068,2000.0,2054.6,12.502,20.922,4.89,8.18,1160.3,1160.3,501.5,106,21.2,0.8,HOLD_RPM,5.49,100.98,106.48,0,0.0,4231,0,2054.6,2059.2
8.7000,1625118,2000.0,2054.6,12.502,20.922,4.89,8.18,1160.3,1160.3,501.5,106,21.2,0.8,HOLD_RPM,5.46,101.12,106.52,0,0.0,4232,0,2054.6,2050.5
8.7500,1625168,2000.0,2052.5,5.318,20.905,2.08,8.17,648.1,648.1,501.5,106,21.2,0.8,HOLD_RPM,5.46,101.26,106.72,0,0.0,4232,0,2052.5,2053.2
8.8000,1625218,2000.0,2052.5,5.318,20.905,2.08,8.17,648.1,648.1,504.3,106,21.2,2.1,HOLD_RPM,5.25,101.39,106.22,0,0.0,4232,0,2052.5,2058.2
8.8500,1625268,2000.0,2055.4,5.318,20.929,2.08,8.19,648.1,648.1,504.3,106,21.2,2.1,HOLD_RPM,5.25,101.52,106.77,0,0.0,4232,0,2055.4,2051.9
8.9000,1625318,2000.0,2055.4,7.213,20.929,2.82,8.19,1005.9,1005.9,504.3,107,21.4,2.1,HOLD_RPM,5.54,101.66,107.76,0,0.0,4232,0,2055.4,2047.0
8.9500,1625368,2000.0,2046.9,7.213,20.860,2.81,8.13,1005.9,1005.9,502.3,107,21.4,1.1,HOLD_RPM,5.54,101.80,107.33,0,0.0,4233,0,2046.9,2048.6
9.0000,1625418,2000.0,2046.9,7.213,20.860,2.81,8.13,1005.9,1005.9,502.3,104,20.8,1.1,HOLD_RPM,4.69,101.91,104.91,0,0.0,4234,0,2046.9,2050.0
9.0500,1625468,2000.0,2048.9,12.214,20.876,4.76,8.14,870.6,870.6,502.3,106,21.2,1.1,HOLD_RPM,4.69,102.03,106.72,0,0.0,4234,0,2048.9,2050.1
9.1000,1625518,2000.0,2048.9,12.214,20.876,4.76,8.14,870.6,870.6,503.5,107,21.4,1.8,HOLD_RPM,4.89,102.15,107.46,0,0.0,4234,0,2048.9,2055.8
9.1500,1625568,2000.0,2055.7,12.214,20.931,4.78,8.19,870.6,870.6,503.5,107,21.4,1.8,HOLD_RPM,4.89,102.28,107.17,0,0.0,4234,0,2055.7,2055.6
9.2000,1625618,2000.0,2055.7,10.318,20.931,4.04,8.19,896.2,896.2,503.5,109,21.8,1.8,HOLD_RPM,5.57,102.41,109.34,0,0.0,4235,0,2055.7,2057.1
9.2500,1625668,2000.0,2061.0,10.318,20.974,4.05,8.23,896.2,896.2,503.5,108,21.6,1.8,HOLD_RPM,5.57,102.55,108.12,0,0.0,4236,0,2061.0,2068.4
9.3000,1625718,2000.0,2061.0,10.318,20.974,4.05,8.23,896.2,896.2,502.0,109,21.8,1.0,HOLD_RPM,6.10,102.71,109.88,0,0.0,4238,0,2061.0,2074.5
9.3500,1625768,2000.0,2070.5,10.318,21.050,4.07,8.30,896.2,896.2,502.0,108,21.6,1.0,HOLD_RPM,6.10,102.86,108.96,0,0.0,4238,0,2070.5,2069.3
9.4000,1625818,2000.0,2070.5,9.574,21.050,3.77,8.30,926.6,926.6,502.0,111,22.2,1.0,HOLD_RPM,7.05,103.04,111.99,0,0.0,4238,0,2070.5,2074.2
9.4500,1625868,2000.0,2077.4,9.574,21.106,3.79,8.35,926.6,926.6,505.4,110,22.0,2.7,HOLD_RPM,7.05,103.21,110.27,0,0.0,4238,0,2077.4,2084.3
9.5000,1625918,2000.0,2077.4,9.574,21.106,3.79,8.35,926.6,926.6,505.4,112,22.4,2.7,HOLD_RPM,7.74,103.41,112.52,0,0.0,4238,0,2077.4,2096.9
9.5500,1625968,2000.0,2097.6,18.675,21.269,7.46,8.49,954.5,954.5,505.4,111,22.2,2.7,HOLD_RPM,7.74,103.60,111.34,0,0.0,4238,0,2097.6,2099.4
9.6000,1626018,2000.0,2097.6,18.675,21.269,7.46,8.49,954.5,954.5,501.9,116,23.2,0.9,HOLD_RPM,9.76,103.84,117.64,0,0.0,4239,0,2097.6,2107.7
9.6500,1626068,2000.0,2112.1,18.675,21.187,7.51,8.52,954.5,954.5,501.9,113,22.6,0.9,HOLD_RPM,9.76,104.09,113.85,0,0.0,4239,0,2112.1,2119.0
9.7000,1626118,2000.0,2112.1,28.108,21.187,11.30,8.52,1089.1,1089.1,501.9,117,23.4,0.9,HOLD_RPM,11.21,104.37,118.48,0,0.0,4240,0,2112.1,2125.6
9.7500,1626168,2000.0,2124.2,28.108,21.087,11.37,8.53,1089.1,1089.1,504.1,115,23.0,2.1,HOLD_RPM,11.21,104.65,115.86,0,0.0,4240,0,2124.2,2125.1
9.8000,1626218,2000.0,2124.2,28.108,21.087,11.37,8.53,1089.1,1089.1,504.1,119,23.8,2.1,HOLD_RPM,12.42,104.96,119.80,0,0.0,4240,0,2124.2,2121.9
9.8500,1626268,2000.0,2123.3,28.418,21.094,11.49,8.53,904.1,904.1,504.1,117,23.4,2.1,HOLD_RPM,12.42,105.27,117.69,0,0.0,4240,0,2123.3,2123.3
9.9000,1626318,2000.0,2123.3,28.418,21.094,11.49,8.53,904.1,904.1,504.1,117,23.4,2.1,HOLD_RPM,12.33,105.58,117.71,0,0.0,4242,0,2123.3,2117.6
9.9500,1626368,2000.0,2115.2,28.418,21.162,11.45,8.52,904.1,904.1,500.5,118,23.6,0.3,HOLD_RPM,12.33,105.89,118.21,0,0.0,4242,0,2115.2,2115.5
10.0000,1626418,2000.0,2115.2,28.418,21.162,11.45,8.52,904.1,904.1,500.5,116,23.2,0.3,HOLD_RPM,11.52,106.17,116.09,0,0.0,4242,0,2115.2,2114.2
10.0500,1626468,2000.0,2120.8,27.946,21.115,11.28,8.53,563.8,563.8,500.5,117,23.4,0.3,HOLD_RPM,11.52,106.46,117.99,0,0.0,4243,0,2120.8,2128.3
10.1000,1626518,2000.0,2120.8,27.946,21.115,11.28,8.53,563.8,563.8,499.4,119,23.8,-0.3,HOLD_RPM,12.08,106.76,119.97,0,0.0,4243,0,2120.8,2105.0
10.1500,1626568,2000.0,2107.1,27.946,21.229,11.21,8.52,563.8,563.8,499.4,119,23.8,-0.3,HOLD_RPM,12.08,107.07,119.15,0,0.0,4243,0,2107.1,2108.5
10.2000,1626618,2000.0,2107.1,24.605,21.229,9.87,8.52,1009.4,1009.4,499.4,115,23.0,-0.3,HOLD_RPM,10.71,107.33,115.29,0,0.0,4245,0,2107.1,2117.4
10.2500,1626668,2000.0,2115.9,24.605,21.156,9.91,8.52,1009.4,1009.4,506.4,118,23.6,3.2,HOLD_RPM,10.71,107.60,118.31,0,0.0,4245,0,2115.9,2111.6
10.3000,1626718,2000.0,2115.9,24.605,21.156,9.91,8.52,1009.4,1009.4,506.4,121,24.2,3.2,HOLD_RPM,11.59,107.89,121.25,0,0.0,4245,0,2115.9,2114.9
10.3500,1626768,2000.0,2116.4,32.969,21.152,13.29,8.52,1026.2,1026.2,506.4,119,23.8,3.2,HOLD_RPM,11.59,108.18,119.77,0,0.0,4245,0,2116.4,2124.3
10.4000,1626818,2000.0,2116.4,32.969,21.152,13.29,8.52,1026.2,1026.2,504.0,120,24.0,2.0,HOLD_RPM,11.64,108.47,120.19,0,0.0,4246,0,2116.4,2123.1
10.4500,1626868,2000.0,2126.7,32.969,21.066,13.35,8.53,1026.2,1026.2,504.0,120,24.0,2.0,HOLD_RPM,11.64,108.76,120.40,0,0.0,4246,0,2126.7,2130.7
10.5000,1626918,2000.0,2126.7,24.104,21.066,9.76,8.53,605.0,605.0,504.0,123,24.6,2.0,HOLD_RPM,12.67,109.08,123.81,0,0.0,4246,0,2126.7,2140.2
10.5500,1626968,2000.0,2140.0,24.104,20.956,9.82,8.54,605.0,605.0,498.5,122,24.4,-0.7,HOLD_RPM,12.67,109.40,122.06,0,0.0,4246,0,2140.0,2142.6
10.6000,1627018,2000.0,2140.0,24.104,20.956,9.82,8.54,605.0,605.0,498.5,126,25.2,-0.7,HOLD_RPM,14.00,109.75,126.40,0,0.0,4246,0,2140.0,2148.6
10.6500,1627068,2000.0,2147.4,24.251,20.894,9.92,8.54,877.5,877.5,498.5,124,24.8,-0.7,HOLD_RPM,14.00,110.10,124.09,0,0.0,4246,0,2147.4,2143.9
10.7000,1627118,2000.0,2147.4,24.251,20.894,9.92,8.54,877.5,877.5,498.5,126,25.2,-0.7,HOLD_RPM,14.74,110.46,126.69,0,0.0,4246,0,2147.4,2151.1
10.7500,1627168,2000.0,2152.3,24.251,20.853,9.94,8.55,877.5,877.5,504.5,125,25.0,2.3,HOLD_RPM,14.74,110.83,125.57,0,0.0,4247,0,2152.3,2156.4
10.8000,1627218,2000.0,2152.3,24.251,20.853,9.94,8.55,877.5,877.5,504.5,127,25.4,2.3,HOLD_RPM,15.23,111.21,127.44,0,0.0,4247,0,2152.3,2151.8
10.8500,1627268,2000.0,2156.2,23.418,20.821,9.61,8.55,858.4,858.4,504.5,126,25.2,2.3,HOLD_RPM,15.23,111.59,126.83,0,0.0,4248,0,2156.2,2162.6
10.9000,1627318,2000.0,2156.2,23.418,20.821,9.61,8.55,858.4,858.4,502.3,128,25.6,1.1,HOLD_RPM,15.62,111.98,128.36,0,0.0,4249,0,2156.2,2166.0
10.9500,1627368,2000.0,2170.1,23.418,20.705,9.68,8.56,858.4,858.4,502.3,127,25.4,1.1,HOLD_RPM,15.62,112.37,127.99,0,0.0,4249,0,2170.1,2178.8
11.0000,1627418,2000.0,2170.1,20.010,20.705,8.27,8.56,772.5,772.5,502.3,131,26.2,1.1,HOLD_RPM,17.01,112.80,132.60,0,0.0,4249,0,2170.1,2181.9
11.0500,1627468,2000.0,2184.5,20.010,20.586,8.32,8.56,772.5,772.5,501.3,130,26.0,0.6,HOLD_RPM,17.01,113.23,130.24,0,0.0,4250,0,2184.5,2190.7
11.1000,1627518,2000.0,2184.5,20.010,20.586,8.32,8.56,772.5,772.5,501.3,134,26.8,0.6,HOLD_RPM,18.45,113.69,135.02,0,0.0,4250,0,2184.5,2193.1
11.1500,1627568,2000.0,2194.9,16.189,20.499,6.77,8.57,781.9,781.9,501.3,132,26.4,0.6,HOLD_RPM,18.45,114.15,132.60,0,0.0,4250,0,2194.9,2201.0
11.2000,1627618,2000.0,2194.9,16.189,20.499,6.77,8.57,781.9,781.9,500.1,136,27.2,0.1,HOLD_RPM,19.49,114.64,136.21,0,0.0,4251,0,2194.9,2211.8
11.2500,1627668,2000.0,2208.9,16.189,20.500,6.81,8.62,781.9,781.9,500.1,134,26.8,0.1,HOLD_RPM,19.49,115.12,134.62,0,0.0,4252,0,2208.9,2207.2
11.3000,1627718,2000.0,2208.9,8.873,20.500,3.73,8.62,758.4,758.4,500.1,138,27.6,0.1,HOLD_RPM,20.89,115.64,139.32,0,0.0,4253,0,2208.9,2214.3
11.3500,1627768,2000.0,2211.5,8.873,20.513,3.74,8.64,758.4,758.4,500.1,137,27.4,0.1,HOLD_RPM,20.89,116.17,137.05,0,0.0,4254,0,2211.5,2210.2
11.4000,1627818,2000.0,2211.5,8.873,20.513,3.74,8.64,758.4,758.4,499.8,138,27.6,-0.1,HOLD_RPM,21.15,116.70,138.39,0,0.0,4254,0,2211.5,2207.7
11.4500,1627868,2000.0,2210.1,8.873,20.506,3.73,8.63,758.4,758.4,499.8,138,27.6,-0.1,HOLD_RPM,21.15,117.22,138.38,0,0.0,4256,0,2210.1,2215.6
11.5000,1627918,2000.0,2210.1,11.971,20.506,5.04,8.63,1044.1,1044.1,499.8,138,27.6,-0.1,HOLD_RPM,21.01,117.75,138.48,0,0.0,4256,0,2210.1,2217.5
11.5500,1627968,2000.0,2218.5,11.971,20.547,5.06,8.68,1044.1,1044.1,499.5,139,27.8,-0.2,HOLD_RPM,21.01,118.28,139.29,0,0.0,4256,0,2218.5,2217.4
11.6000,1628018,2000.0,2218.5,11.971,20.547,5.06,8.68,1044.1,1044.1,499.5,142,28.4,-0.2,HOLD_RPM,21.85,118.82,142.36,0,0.0,4257,0,2218.5,2211.2
11.6500,1628068,2000.0,2213.2,20.143,20.521,8.49,8.65,933.1,933.1,499.5,141,28.2,-0.2,HOLD_RPM,21.85,119.37,141.22,0,0.0,4257,0,2213.2,2212.1
11.7000,1628118,2000.0,2213.2,20.143,20.521,8.49,8.65,933.1,933.1,498.3,140,28.0,-0.9,HOLD_RPM,21.32,119.90,140.16,0,0.0,4257,0,2213.2,2225.8
11.7500,1628168,2000.0,2219.1,20.143,20.550,8.51,8.68,933.1,933.1,498.3,141,28.2,-0.9,HOLD_RPM,21.32,120.43,141.76,0,0.0,4257,0,2219.1,2208.9
11.8000,1628218,2000.0,2219.1,18.321,20.550,7.74,8.68,927.2,927.2,498.3,144,28.8,-0.9,HOLD_RPM,21.91,120.98,144.06,0,0.0,4258,0,2219.1,2215.5
11.8500,1628268,2000.0,2216.2,18.321,20.536,7.73,8.67,927.2,927.2,498.8,143,28.6,-0.6,HOLD_RPM,21.91,121.53,143.44,0,0.0,4258,0,2216.2,2221.2
11.9000,1628318,2000.0,2216.2,18.321,20.536,7.73,8.67,927.2,927.2,498.8,143,28.6,-0.6,HOLD_RPM,21.62,122.07,143.11,0,0.0,4259,0,2216.2,2218.5
11.9500,1628368,2000.0,2219.7,16.721,20.553,7.07,8.69,953.8,953.8,498.8,144,28.8,-0.6,HOLD_RPM,21.62,122.61,144.23,0,0.0,4261,0,2219.7,2218.2
12.0000,1628418,2000.0,2219.7,16.721,20.553,7.07,8.69,953.8,953.8,499.9,145,29.0,-0.1,HOLD_RPM,21.97,123.16,145.83,0,0.0,4262,0,2219.7,2218.7
12.0500,1628468,2000.0,2219.6,16.721,20.552,7.07,8.69,953.8,953.8,499.9,145,29.0,-0.1,HOLD_RPM,21.97,123.71,145.68,0,0.0,4262,0,2219.6,2221.2
12.1000,1628518,2000.0,2219.6,20.548,20.552,8.68,8.69,778.1,778.1,499.9,146,29.2,-0.1,HOLD_RPM,21.96,124.26,146.18,0,0.0,4263,0,2219.6,2226.8
12.1500,1628568,2000.0,2222.7,20.548,20.567,8.70,8.70,778.1,778.1,499.9,146,29.2,-0.1,HOLD_RPM,21.96,124.81,146.76,0,0.0,4263,0,2222.7,2222.8
12.2000,1628618,2000.0,2222.7,20.548,20.567,8.70,8.70,778.1,778.1,501.4,148,29.6,0.7,HOLD_RPM,22.27,125.36,148.26,0,0.0,4263,0,2222.7,2220.6
12.2500,1628668,2000.0,2220.9,20.548,20.559,8.69,8.69,778.1,778.1,501.4,148,29.6,0.7,HOLD_RPM,22.27,125.92,148.19,0,0.0,4263,0,2220.9,2222.0
12.3000,1628718,2000.0,2220.9,20.762,20.559,8.78,8.69,887.2,887.2,501.4,148,29.6,0.7,HOLD_RPM,22.09,126.47,148.19,0,0.0,4263,0,2220.9,2220.8
12.3500,1628768,2000.0,2226.1,20.762,20.584,8.80,8.72,887.2,887.2,502.0,149,29.8,1.0,HOLD_RPM,22.09,127.02,149.11,0,0.0,4264,0,2226.1,2235.2
12.4000,1628818,2000.0,2226.1,20.762,20.584,8.80,8.72,887.2,887.2,502.0,151,30.2,1.0,HOLD_RPM,22.61,127.59,151.24,0,0.0,4266,0,2226.1,2242.1
12.4500,1628868,2000.0,2244.8,23.167,20.675,9.90,8.84,966.9,966.9,502.0,150,30.0,1.0,HOLD_RPM,22.61,128.16,150.76,0,0.0,4268,0,2244.8,2249.0
12.5000,1628918,2000.0,2244.8,23.167,20.675,9.90,8.84,966.9,966.9,502.5,155,31.0,1.2,HOLD_RPM,24.48,128.77,157.00,0,0.0,4269,0,2244.8,2259.6
12.5500,1628968,2000.0,2261.3,23.167,20.755,9.97,8.94,966.9,966.9,502.5,153,30.6,1.2,HOLD_RPM,24.48,129.38,153.86,0,0.0,4269,0,2261.3,2266.3
12.6000,1629018,2000.0,2261.3,24.546,20.755,10.57,8.94,835.0,835.0,502.5,158,31.6,1.2,HOLD_RPM,26.13,130.03,159.47,0,0.0,4269,0,2261.3,2269.3
12.6500,1629068,2000.0,2274.1,24.546,20.817,10.63,9.01,835.0,835.0,500.4,156,31.2,0.2,HOLD_RPM,26.13,130.69,156.82,0,0.0,4269,0,2274.1,2285.4
12.7000,1629118,2000.0,2274.1,24.546,20.817,10.63,9.01,835.0,835.0,500.4,160,32.0,0.2,HOLD_RPM,27.41,131.37,161.33,0,0.0,4269,0,2274.1,2298.4
12.7500,1629168,2000.0,2299.8,29.916,20.942,13.10,9.17,1024.4,1024.4,500.4,159,31.8,0.2,HOLD_RPM,27.41,132.06,159.46,0,0.0,4270,0,2299.8,2309.2
12.8000,1629218,2000.0,2299.8,29.916,20.942,13.10,9.17,1024.4,1024.4,497.3,165,33.0,-1.4,HOLD_RPM,29.98,132.81,167.93,0,0.0,4270,0,2299.8,2317.3
12.8500,1629268,2000.0,2317.0,29.916,20.844,13.20,9.20,1024.4,1024.4,497.3,164,32.8,-1.4,HOLD_RPM,29.98,133.56,163.54,0,0.0,4271,0,2317.0,2321.8
12.9000,1629318,2000.0,2317.0,36.126,20.844,15.94,9.20,1039.1,1039.1,497.3,168,33.6,-1.4,HOLD_RPM,31.70,134.35,169.49,0,0.0,4271,0,2317.0,2335.2
12.9500,1629368,2000.0,2333.9,36.126,20.746,16.05,9.22,1039.1,1039.1,497.3,166,33.2,-1.4,HOLD_RPM,31.70,135.14,166.84,0,0.0,4271,0,2333.9,2338.1
13.0000,1629418,2000.0,2333.9,36.126,20.746,16.05,9.22,1039.1,1039.1,502.3,171,34.2,1.1,HOLD_RPM,33.39,135.98,172.73,0,0.0,4272,0,2333.9,2346.1
13.0500,1629468,2000.0,2342.1,36.126,20.698,16.11,9.23,1039.1,1039.1,502.3,170,34.0,1.1,HOLD_RPM,33.39,136.81,170.20,0,0.0,4273,0,2342.1,2338.0
13.1000,1629518,2000.0,2342.1,29.348,20.698,13.09,9.23,737.8,737.8,502.3,173,34.6,1.1,HOLD_RPM,34.21,137.67,173.54,0,0.0,4273,0,2342.1,2349.2
13.1500,1629568,2000.0,2351.4,29.348,20.644,13.14,9.24,737.8,737.8,503.5,172,34.4,1.8,HOLD_RPM,34.21,138.52,172.74,0,0.0,4273,0,2351.4,2360.4
13.2000,1629618,2000.0,2351.4,29.348,20.644,13.14,9.24,737.8,737.8,503.5,176,35.2,1.8,HOLD_RPM,35.14,139.40,176.38,0,0.0,4273,0,2351.4,2363.1
13.2500,1629668,2000.0,2365.2,23.005,20.564,10.36,9.26,646.6,646.6,503.5,175,35.0,1.8,HOLD_RPM,35.14,140.28,175.41,0,0.0,4274,0,2365.2,2368.0
13.3000,1629718,2000.0,2365.2,23.005,20.564,10.36,9.26,646.6,646.6,499.9,179,35.8,-0.1,HOLD_RPM,36.52,141.19,180.48,0,0.0,4274,0,2365.2,2366.6
13.3500,1629768,2000.0,2367.4,23.005,20.551,10.37,9.26,646.6,646.6,499.9,178,35.6,-0.1,HOLD_RPM,36.52,142.10,178.62,0,0.0,4274,0,2367.4,2369.1
13.4000,1629818,2000.0,2367.4,24.229,20.551,10.92,9.26,982.5,982.5,499.9,180,36.0,-0.1,HOLD_RPM,36.74,143.02,180.19,0,0.0,4274,0,2367.4,2376.1
13.4500,1629868,2000.0,2376.5,24.229,20.498,10.96,9.28,982.5,982.5,501.9,180,36.0,0.9,HOLD_RPM,36.74,143.94,180.68,0,0.0,4276,0,2376.5,2383.0
13.5000,1629918,2000.0,2376.5,24.229,20.498,10.96,9.28,982.5,982.5,501.9,184,36.8,0.9,HOLD_RPM,37.65,144.88,184.37,0,0.0,4277,0,2376.5,2387.9
13.5500,1629968,2000.0,2388.8,18.793,20.427,8.55,9.29,708.1,708.1,501.9,183,36.6,0.9,HOLD_RPM,37.65,145.82,183.48,0,0.0,4277,0,2388.8,2392.9
13.6000,1630018,2000.0,2388.8,18.793,20.427,8.55,9.29,708.1,708.1,501.9,187,37.4,0.9,HOLD_RPM,38.88,146.80,188.13,0,0.0,4277,0,2388.8,2399.1
13.6500,1630068,2000.0,2397.3,18.793,20.377,8.58,9.30,708.1,708.1,504.8,186,37.2,2.4,HOLD_RPM,38.88,147.77,186.65,0,0.0,4278,0,2397.3,2395.0
13.7000,1630118,2000.0,2397.3,18.793,20.377,8.58,9.30,708.1,708.1,504.8,190,38.0,2.4,HOLD_RPM,39.73,148.76,190.20,0,0.0,4278,0,2397.3,2393.4
13.7500,1630168,2000.0,2389.4,16.957,20.423,7.71,9.29,695.0,695.0,504.8,189,37.8,2.4,HOLD_RPM,39.73,149.75,189.49,0,0.0,4278,0,2389.4,2386.9
13.8000,1630218,2000.0,2389.4,16.957,20.423,7.71,9.29,695.0,695.0,496.8,188,37.6,-1.6,HOLD_RPM,38.94,150.73,188.09,0,0.0,4280,0,2389.4,2388.7
13.8500,1630268,2000.0,2387.8,16.957,20.432,7.71,9.29,695.0,695.0,496.8,190,38.0,-1.6,HOLD_RPM,38.94,151.70,190.65,0,0.0,4282,0,2387.8,2384.5
13.9000,1630318,2000.0,2387.8,17.399,20.432,7.91,9.29,907.2,907.2,496.8,191,38.2,-1.6,HOLD_RPM,38.78,152.67,191.13,0,0.0,4282,0,2387.8,2384.5
13.9500,1630368,2000.0,2389.4,17.399,20.423,7.92,9.29,907.2,907.2,504.5,192,38.4,2.3,HOLD_RPM,38.78,153.64,192.42,0,0.0,4282,0,2389.4,2398.6
14.0000,1630418,2000.0,2389.4,17.399,20.423,7.92,9.29,907.2,907.2,504.5,193,38.6,2.3,HOLD_RPM,38.94,154.61,193.88,0,0.0,4282,0,2389.4,2404.4
14.0500,1630468,2000.0,2400.6,12.480,20.356,5.70,9.30,744.7,744.7,504.5,194,38.8,2.3,HOLD_RPM,38.94,155.59,194.53,0,0.0,4283,0,2400.6,2394.2
14.1000,1630518,2000.0,2400.6,12.480,20.356,5.70,9.30,744.7,744.7,498.3,198,39.6,-0.9,HOLD_RPM,40.06,156.59,198.88,0,0.0,4283,0,2400.6,2399.5
14.1500,1630568,2000.0,2394.4,12.480,20.394,5.69,9.30,744.7,744.7,498.3,197,39.4,-0.9,HOLD_RPM,40.06,157.59,197.65,0,0.0,4285,0,2394.4,2389.4
14.2000,1630618,2000.0,2394.4,13.719,20.394,6.25,9.30,890.9,890.9,498.3,196,39.2,-0.9,HOLD_RPM,39.44,158.58,196.79,0,0.0,4286,0,2394.4,2381.3
14.2500,1630668,2000.0,2383.2,13.719,20.459,6.23,9.28,890.9,890.9,503.6,199,39.8,1.8,HOLD_RPM,39.44,159.56,199.01,0,0.0,4286,0,2383.2,2384.4
14.3000,1630718,2000.0,2383.2,13.719,20.459,6.23,9.28,890.9,890.9,503.6,196,39.2,1.8,HOLD_RPM,38.32,160.52,196.60,0,0.0,4287,0,2383.2,2393.7
14.3500,1630768,2000.0,2398.3,14.176,20.371,6.47,9.30,1045.0,1045.0,503.6,199,39.8,1.8,HOLD_RPM,38.32,161.48,199.80,0,0.0,4288,0,2398.3,2410.2
14.4000,1630818,2000.0,2398.3,14.176,20.371,6.47,9.30,1045.0,1045.0,503.6,204,40.8,1.8,HOLD_RPM,39.83,162.47,205.31,0,0.0,4289,0,2398.3,2420.1
14.4500,1630868,2000.0,2418.2,14.176,20.193,6.53,9.30,1045.0,1045.0,504.9,203,40.6,2.4,HOLD_RPM,39.83,163.47,203.30,0,0.0,4289,0,2418.2,2417.5
14.5000,1630918,2000.0,2418.2,14.176,20.193,6.53,9.30,1045.0,1045.0,504.9,208,41.6,2.4,HOLD_RPM,41.82,164.52,210.31,0,0.0,4289,0,2418.2,2430.6
14.5500,1630968,2000.0,2432.4,6.586,20.061,3.05,9.29,695.9,695.9,504.9,207,41.4,2.4,HOLD_RPM,41.82,165.56,207.38,0,0.0,4289,0,2432.4,2440.5
14.6000,1631018,2000.0,2432.4,6.586,20.061,3.05,9.29,695.9,695.9,500.4,211,42.2,0.2,HOLD_RPM,43.24,166.64,212.74,0,0.0,4290,0,2432.4,2453.1
14.6500,1631068,2000.0,2449.5,6.586,19.902,3.07,9.28,695.9,695.9,500.4,210,42.0,0.2,HOLD_RPM,43.24,167.72,210.97,0,0.0,4291,0,2449.5,2449.3
14.7000,1631118,2000.0,2449.5,11.004,19.902,5.13,9.28,937.5,937.5,500.4,215,43.0,0.2,HOLD_RPM,44.95,168.85,217.20,0,0.0,4292,0,2449.5,2460.4
14.7500,1631168,2000.0,2464.6,11.004,19.762,5.16,9.27,937.5,937.5,501.8,214,42.8,0.9,HOLD_RPM,44.95,169.97,214.92,0,0.0,4292,0,2464.6,2472.8
14.8000,1631218,2000.0,2464.6,11.004,19.762,5.16,9.27,937.5,937.5,501.8,219,43.8,0.9,HOLD_RPM,46.46,171.13,220.63,0,0.0,4293,0,2464.6,2468.8
14.8500,1631268,2000.0,2469.3,12.708,19.719,5.97,9.27,723.8,723.8,501.8,218,43.6,0.9,HOLD_RPM,46.46,172.29,218.76,0,0.0,4294,0,2469.3,2469.7
14.9000,1631318,2000.0,2469.3,12.708,19.719,5.97,9.27,723.8,723.8,502.0,221,44.2,1.0,HOLD_RPM,46.93,173.47,221.34,0,0.0,4294,0,2469.3,2485.1
14.9500,1631368,2000.0,2485.0,12.708,19.573,6.01,9.26,723.8,723.8,502.0,221,44.2,1.0,HOLD_RPM,46.93,174.64,221.57,0,0.0,4294,0,2485.0,2494.8
15.0000,1631418,2000.0,2485.0,13.726,19.573,6.49,9.26,1028.4,1028.4,502.0,226,45.2,1.0,HOLD_RPM,48.50,175.85,227.48,0,0.0,4294,0,2485.0,2498.0
15.0500,1631468,2000.0,2499.2,13.726,19.442,6.53,9.25,1028.4,1028.4,502.0,225,45.0,1.0,HOLD_RPM,48.50,177.07,225.56,0,0.0,4294,0,2499.2,2501.7
15.1000,1631518,2000.0,2499.2,13.726,19.442,6.53,9.25,1028.4,1028.4,498.9,230,46.0,-0.6,HOLD_RPM,49.92,178.31,231.06,0,0.0,4294,0,2499.2,2482.4
15.1500,1631568,2000.0,2486.2,13.726,19.562,6.50,9.26,1028.4,1028.4,498.9,229,45.8,-0.6,HOLD_RPM,49.92,179.56,229.48,0,0.0,4294,0,2486.2,2480.5
15.2000,1631618,2000.0,2486.2,18.092,19.562,8.56,9.26,905.3,905.3,498.9,226,45.2,-0.6,HOLD_RPM,48.62,180.78,226.81,0,0.0,4295,0,2486.2,2471.6
15.2500,1631668,2000.0,2473.1,18.092,19.684,8.52,9.27,905.3,905.3,501.6,230,46.0,0.8,HOLD_RPM,48.62,181.99,230.61,0,0.0,4296,0,2473.1,2472.0
15.3000,1631718,2000.0,2473.1,18.092,19.684,8.52,9.27,905.3,905.3,501.6,227,45.4,0.8,HOLD_RPM,47.31,183.18,227.86,0,0.0,4296,0,2473.1,2485.6
15.3500,1631768,2000.0,2482.7,19.243,19.595,9.10,9.26,747.2,747.2,501.6,231,46.2,0.8,HOLD_RPM,47.31,184.36,231.67,0,0.0,4297,0,2482.7,2483.0
15.4000,1631818,2000.0,2482.7,19.243,19.595,9.10,9.26,747.2,747.2,503.4,235,47.0,1.7,HOLD_RPM,48.27,185.56,235.76,0,0.0,4298,0,2482.7,2491.4
15.4500,1631868,2000.0,2491.4,19.243,19.514,9.13,9.26,747.2,747.2,503.4,235,47.0,1.7,HOLD_RPM,48.27,186.77,235.04,0,0.0,4298,0,2491.4,2497.3
15.5000,1631918,2000.0,2491.4,21.662,19.514,10.28,9.26,1016.6,1016.6,503.4,238,47.6,1.7,HOLD_RPM,49.14,188.00,238.87,0,0.0,4298,0,2491.4,2501.8
15.5500,1631968,2000.0,2505.8,21.662,19.409,10.34,9.26,1016.6,1016.6,496.8,238,47.6,-1.6,HOLD_RPM,49.14,189.23,238.36,0,0.0,4299,0,2505.8,2518.0
15.6000,1632018,2000.0,2505.8,21.662,19.409,10.34,9.26,1016.6,1016.6,496.8,242,48.4,-1.6,HOLD_RPM,50.58,190.49,243.95,0,0.0,4300,0,2505.8,2523.7
15.6500,1632068,2000.0,2521.3,20.349,19.340,9.77,9.28,685.3,685.3,496.8,242,48.4,-1.6,HOLD_RPM,50.58,191.76,242.33,0,0.0,4301,0,2521.3,2523.3
15.7000,1632118,2000.0,2521.3,20.349,19.340,9.77,9.28,685.3,685.3,499.1,247,49.4,-0.4,HOLD_RPM,52.13,193.06,248.29,0,0.0,4301,0,2521.3,2532.1
15.7500,1632168,2000.0,2528.5,20.349,19.309,9.80,9.30,685.3,685.3,499.1,246,49.2,-0.4,HOLD_RPM,52.13,194.36,246.49,0,0.0,4302,0,2528.5,2524.9
15.8000,1632218,2000.0,2528.5,12.162,19.309,5.86,9.30,520.9,520.9,499.1,249,49.8,-0.4,HOLD_RPM,52.85,195.68,249.99,0,0.0,4303,0,2528.5,2539.5
15.8500,1632268,2000.0,2535.8,12.162,19.277,5.87,9.31,520.9,520.9,499.1,249,49.8,-0.4,HOLD_RPM,52.85,197.01,249.86,0,0.0,4303,0,2535.8,2534.1
15.9000,1632318,2000.0,2535.8,12.162,19.277,5.87,9.31,520.9,520.9,503.2,253,50.6,1.6,HOLD_RPM,53.58,198.35,253.38,0,0.0,4303,0,2535.8,2548.0
15.9500,1632368,2000.0,2545.8,12.162,19.233,5.90,9.32,520.9,520.9,503.2,253,50.6,1.6,HOLD_RPM,53.58,199.69,253.27,0,0.0,4303,0,2545.8,2547.8
16.0000,1632418,2000.0,2545.8,12.008,19.233,5.82,9.32,1037.8,1037.8,503.2,257,51.4,1.6,HOLD_RPM,54.58,201.05,257.62,0,0.0,4303,0,2545.8,2548.9
16.0500,1632468,2000.0,2551.2,12.008,19.209,5.83,9.33,1037.8,1037.8,504.1,256,51.2,2.1,HOLD_RPM,54.58,202.41,256.99,0,0.0,4304,0,2551.2,2555.7
16.1000,1632518,2000.0,2551.2,12.008,19.209,5.83,9.33,1037.8,1037.8,504.1,260,52.0,2.1,HOLD_RPM,55.12,203.79,260.00,0,0.0,4305,0,2551.2,2553.4
16.1500,1632568,2000.0,2552.2,21.397,19.204,10.40,9.33,1120.3,1120.3,504.1,260,52.0,2.1,HOLD_RPM,55.12,205.17,260.29,0,0.0,4305,0,2552.2,2547.2
16.2000,1632618,2000.0,2552.2,21.397,19.204,10.40,9.33,1120.3,1120.3,501.6,261,52.2,0.8,HOLD_RPM,55.22,206.55,261.96,0,0.0,4305,0,2552.2,2553.5
16.2500,1632668,2000.0,2549.5,21.397,19.216,10.39,9.33,1120.3,1120.3,501.6,263,52.6,0.8,HOLD_RPM,55.22,207.93,263.15,0,0.0,4307,0,2549.5,2544.7
16.3000,1632718,2000.0,2549.5,15.179,19.216,7.37,9.33,656.6,656.6,501.6,263,52.6,0.8,HOLD_RPM,54.95,209.30,263.71,0,0.0,4308,0,2549.5,2543.7
16.3500,1632768,2000.0,2541.8,15.179,19.250,7.35,9.32,656.6,656.6,498.5,265,53.0,-0.7,HOLD_RPM,54.95,210.68,265.63,0,0.0,4308,0,2541.8,2544.3
16.4000,1632818,2000.0,2541.8,15.179,19.250,7.35,9.32,656.6,656.6,498.5,264,52.8,-0.7,HOLD_RPM,54.18,212.03,264.69,0,0.0,4309,0,2541.8,2565.3
16.4500,1632868,2000.0,2563.4,27.430,19.155,13.39,9.35,1277.5,1277.5,498.5,267,53.4,-0.7,HOLD_RPM,54.18,213.39,267.57,0,0.0,4310,0,2563.4,2568.9
16.5000,1632918,2000.0,2563.4,27.430,19.155,13.39,9.35,1277.5,1277.5,498.5,273,54.6,-0.7,HOLD_RPM,56.34,214.80,275.46,0,0.0,4311,0,2563.4,2570.5
16.5500,1632968,2000.0,2575.9,27.430,19.100,13.45,9.37,1277.5,1277.5,496.4,273,54.6,-1.8,HOLD_RPM,56.34,216.20,272.55,0,0.0,4311,0,2575.9,2582.4
16.6000,1633018,2000.0,2575.9,27.430,19.100,13.45,9.37,1277.5,1277.5,496.4,276,55.2,-1.8,HOLD_RPM,57.59,217.64,277.74,0,0.0,4311,0,2575.9,2577.3
16.6500,1633068,2000.0,2575.9,23.683,19.100,11.62,9.37,859.1,859.1,496.4,276,55.2,-1.8,HOLD_RPM,57.59,219.08,276.68,0,0.0,4313,0,2575.9,2572.2
16.7000,1633118,2000.0,2575.9,23.683,19.100,11.62,9.37,859.1,859.1,495.8,278,55.6,-2.1,HOLD_RPM,57.59,220.52,278.10,0,0.0,4313,0,2575.9,2577.9
16.7500,1633168,2000.0,2575.9,23.683,19.100,11.62,9.37,859.1,859.1,495.8,279,55.8,-2.1,HOLD_RPM,57.59,221.96,279.55,0,0.0,4313,0,2575.9,2575.7
16.8000,1633218,2000.0,2575.9,21.397,19.100,10.49,9.37,801.9,801.9,495.8,280,56.0,-2.1,HOLD_RPM,57.59,223.40,280.98,0,0.0,4313,0,2575.9,2573.8
16.8500,1633268,2000.0,2571.7,21.397,19.118,10.48,9.36,801.9,801.9,500.3,282,56.4,0.1,HOLD_RPM,57.59,224.84,282.43,0,0.0,4314,0,2571.7,2570.6
16.9000,1633318,2000.0,2571.7,21.397,19.118,10.48,9.36,801.9,801.9,500.3,282,56.4,0.1,HOLD_RPM,57.17,226.27,282.60,0,0.0,4314,0,2571.7,2568.4
16.9500,1633368,2000.0,2572.2,24.096,19.116,11.80,9.36,869.4,869.4,500.3,284,56.8,0.1,HOLD_RPM,57.17,227.70,284.87,0,0.0,4314,0,2572.2,2578.3
17.0000,1633418,2000.0,2572.2,24.096,19.116,11.80,9.36,869.4,869.4,500.4,286,57.2,0.2,HOLD_RPM,57.22,229.13,286.45,0,0.0,4315,0,2572.2,2571.6
17.0500,1633468,2000.0,2573.8,24.096,19.109,11.81,9.36,869.4,869.4,500.4,287,57.4,0.2,HOLD_RPM,57.22,230.56,287.78,0,0.0,4315,0,2573.8,2575.2
17.1000,1633518,2000.0,2573.8,25.896,19.109,12.69,9.36,1097.8,1097.8,500.4,289,57.8,0.2,HOLD_RPM,57.38,232.00,289.72,0,0.0,4316,0,2573.8,2585.4
17.1500,1633568,2000.0,2585.8,25.896,19.056,12.75,9.38,1097.8,1097.8,501.9,290,58.0,0.9,HOLD_RPM,57.38,233.43,290.82,0,0.0,4317,0,2585.8,2596.6
17.2000,1633618,2000.0,2585.8,25.896,19.056,12.75,9.38,1097.8,1097.8,501.9,294,58.8,0.9,HOLD_RPM,58.58,234.90,295.87,0,0.0,4317,0,2585.8,2591.9
17.2500,1633668,2000.0,2593.0,35.027,19.025,17.29,9.39,1097.8,1097.8,501.9,294,58.8,0.9,HOLD_RPM,58.58,236.36,294.94,0,0.0,4317,0,2593.0,2591.7
17.3000,1633718,2000.0,2593.0,35.027,19.025,17.29,9.39,1097.8,1097.8,501.9,298,59.6,0.9,HOLD_RPM,59.30,237.84,298.57,0,0.0,4317,0,2593.0,2597.1
17.3500,1633768,2000.0,2597.9,35.027,19.003,17.33,9.40,1097.8,1097.8,502.0,298,59.6,1.0,HOLD_RPM,59.30,239.33,298.62,0,0.0,4318,0,2597.9,2602.7
17.4000,1633818,2000.0,2597.9,35.027,19.003,17.33,9.40,1097.8,1097.8,502.0,301,60.2,1.0,HOLD_RPM,59.79,240.82,301.61,0,0.0,4319,0,2597.9,2596.7
17.4500,1633868,2000.0,2596.3,39.887,19.010,19.72,9.40,740.6,740.6,502.0,302,60.4,1.0,HOLD_RPM,59.79,242.32,302.11,0,0.0,4319,0,2596.3,2590.8
17.5000,1633918,2000.0,2596.3,39.887,19.010,19.72,9.40,740.6,740.6,503.6,303,60.6,1.8,HOLD_RPM,59.63,243.81,303.09,0,0.0,4321,0,2596.3,2593.7
17.5500,1633968,2000.0,2596.9,39.887,19.007,19.72,9.40,740.6,740.6,503.6,304,60.8,1.8,HOLD_RPM,59.63,245.30,304.92,0,0.0,4321,0,2596.9,2598.3
17.6000,1634018,2000.0,2596.9,40.234,19.007,19.89,9.40,1053.4,1053.4,503.6,306,61.2,1.8,HOLD_RPM,59.69,246.79,306.61,0,0.0,4322,0,2596.9,2604.7
17.6500,1634068,2000.0,2608.1,40.234,19.006,19.98,9.44,1053.4,1053.4,502.1,307,61.4,1.1,HOLD_RPM,59.69,248.28,307.97,0,0.0,4323,0,2608.1,2612.6
17.7000,1634118,2000.0,2608.1,40.234,19.006,19.98,9.44,1053.4,1053.4,502.1,311,62.2,1.1,HOLD_RPM,60.81,249.80,312.86,0,0.0,4323,0,2608.1,2610.1
17.7500,1634168,2000.0,2609.5,29.820,19.008,14.82,9.44,649.7,649.7,502.1,312,62.4,1.1,HOLD_RPM,60.81,251.32,312.14,0,0.0,4323,0,2609.5,2607.7
17.8000,1634218,2000.0,2609.5,29.820,19.008,14.82,9.44,649.7,649.7,504.3,314,62.8,2.1,HOLD_RPM,60.95,252.85,314.06,0,0.0,4324,0,2609.5,2612.1
17.8500,1634268,2000.0,2610.6,29.820,19.010,14.82,9.45,649.7,649.7,504.3,315,63.0,2.1,HOLD_RPM,60.95,254.37,315.32,0,0.0,4325,0,2610.6,2613.2
17.9000,1634318,2000.0,2610.6,33.367,19.010,16.59,9.45,816.9,816.9,504.3,317,63.4,2.1,HOLD_RPM,61.06,255.90,317.18,0,0.0,4326,0,2610.6,2624.7
17.9500,1634368,2000.0,2620.9,33.367,19.026,16.65,9.49,816.9,816.9,504.3,318,63.6,2.1,HOLD_RPM,61.06,257.42,318.48,0,0.0,4327,0,2620.9,2623.8
18.0000,1634418,2000.0,2620.9,33.367,19.026,16.65,9.49,816.9,816.9,502.8,322,64.4,1.4,HOLD_RPM,62.09,258.97,323.14,0,0.0,4328,0,2620.9,2621.3
18.0500,1634468,2000.0,2622.8,33.367,19.029,16.66,9.50,816.9,816.9,502.8,322,64.4,1.4,HOLD_RPM,62.09,260.53,322.62,0,0.0,4328,0,2622.8,2625.5
18.1000,1634518,2000.0,2622.8,18.616,19.029,9.30,9.50,610.9,610.9,502.8,324,64.8,1.4,HOLD_RPM,62.28,262.08,324.73,0,0.0,4328,0,2622.8,2628.7
18.1500,1634568,2000.0,2631.4,18.616,19.042,9.33,9.54,610.9,610.9,503.2,325,65.0,1.6,HOLD_RPM,62.28,263.64,325.92,0,0.0,4328,0,2631.4,2633.7
18.2000,1634618,2000.0,2631.4,18.616,19.042,9.33,9.54,610.9,610.9,503.2,329,65.8,1.6,HOLD_RPM,63.14,265.22,330.10,0,0.0,4330,0,2631.4,2624.1
18.2500,1634668,2000.0,2627.1,14.980,19.035,7.49,9.52,694.7,694.7,503.2,329,65.8,1.6,HOLD_RPM,63.14,266.80,329.94,0,0.0,4330,0,2627.1,2629.8
18.3000,1634718,2000.0,2627.1,14.980,19.035,7.49,9.52,694.7,694.7,502.1,330,66.0,1.1,HOLD_RPM,62.71,268.37,330.20,0,0.0,4331,0,2627.1,2638.5
18.3500,1634768,2000.0,2646.0,14.980,19.064,7.55,9.60,694.7,694.7,502.1,332,66.4,1.1,HOLD_RPM,62.71,269.93,332.64,0,0.0,4334,0,2646.0,2661.6
18.4000,1634818,2000.0,2646.0,10.156,19.064,5.12,9.60,584.1,584.1,502.1,337,67.4,1.1,HOLD_RPM,64.60,271.55,339.94,0,0.0,4334,0,2646.0,2655.2
18.4500,1634868,2000.0,2655.9,10.156,19.080,5.14,9.65,584.1,584.1,500.8,337,67.4,0.4,HOLD_RPM,64.60,273.16,337.76,0,0.0,4335,0,2655.9,2656.7
18.5000,1634918,2000.0,2655.9,10.156,19.080,5.14,9.65,584.1,584.1,500.8,341,68.2,0.4,HOLD_RPM,65.59,274.80,342.37,0,0.0,4335,0,2655.9,2658.7
18.5500,1634968,2000.0,2660.6,11.130,19.087,5.64,9.67,913.4,913.4,500.8,342,68.4,0.4,HOLD_RPM,65.59,276.44,342.03,0,0.0,4336,0,2660.6,2668.2
18.6000,1635018,2000.0,2660.6,11.130,19.087,5.64,9.67,913.4,913.4,503.4,345,69.0,1.7,HOLD_RPM,66.06,278.09,345.09,0,0.0,4337,0,2660.6,2668.3
18.6500,1635068,2000.0,2669.6,11.130,19.101,5.66,9.71,913.4,913.4,503.4,345,69.0,1.7,HOLD_RPM,66.06,279.75,345.80,0,0.0,4338,0,2669.6,2673.3
18.7000,1635118,2000.0,2669.6,2.412,19.101,1.23,9.71,703.8,703.8,503.4,349,69.8,1.7,HOLD_RPM,66.96,281.42,350.17,0,0.0,4338,0,2669.6,2673.4
18.7500,1635168,2000.0,2669.4,2.412,19.100,1.23,9.71,703.8,703.8,503.4,350,70.0,1.7,HOLD_RPM,66.96,283.09,350.05,0,0.0,4338,0,2669.4,2665.0
18.8000,1635218,2000.0,2669.4,2.412,19.100,1.23,9.71,703.8,703.8,503.4,351,70.2,1.7,HOLD_RPM,66.94,284.77,351.67,0,0.0,4340,0,2669.4,2665.5
18.8500,1635268,2000.0,2664.8,2.412,19.093,1.22,9.69,703.8,703.8,503.4,353,70.6,1.7,HOLD_RPM,66.94,286.44,353.38,0,0.0,4340,0,2664.8,2662.2
18.9000,1635318,2000.0,2664.8,0.479,19.093,0.24,9.69,1010.3,1010.3,503.4,353,70.6,1.7,HOLD_RPM,66.48,288.10,353.68,0,0.0,4340,0,2664.8,2662.2
18.9500,1635368,2000.0,2667.7,0.479,19.098,0.24,9.70,1010.3,1010.3,502.1,356,71.2,1.1,HOLD_RPM,66.48,289.76,356.25,0,0.0,4342,0,2667.7,2677.0
19.0000,1635418,2000.0,2667.7,0.479,19.098,0.24,9.70,1010.3,1010.3,502.1,358,71.6,1.1,HOLD_RPM,66.77,291.43,358.79,0,0.0,4342,0,2667.7,2680.4
19.0500,1635468,2000.0,2677.0,3.371,19.112,1.72,9.74,871.2,871.2,502.1,359,71.8,1.1,HOLD_RPM,66.77,293.10,359.88,0,0.0,4343,0,2677.0,2673.2
19.1000,1635518,2000.0,2677.0,3.371,19.112,1.72,9.74,871.2,871.2,505.3,363,72.6,2.6,HOLD_RPM,67.70,294.80,364.35,0,0.0,4344,0,2677.0,2660.0
19.1500,1635568,2000.0,2657.3,3.371,19.082,1.71,9.65,871.2,871.2,505.3,364,72.8,2.6,HOLD_RPM,67.70,296.49,364.19,0,0.0,4345,0,2657.3,2650.4
19.2000,1635618,2000.0,2657.3,2.471,19.082,1.25,9.65,1012.8,1012.8,505.3,360,72.0,2.6,HOLD_RPM,65.73,298.13,359.91,0,0.0,4345,0,2657.3,2651.0
19.2500,1635668,2000.0,2649.3,2.471,19.070,1.25,9.62,1012.8,1012.8,509.9,364,72.8,4.9,HOLD_RPM,65.73,299.77,365.50,0,0.0,4345,0,2649.3,2649.1
19.3000,1635718,2000.0,2649.3,2.471,19.070,1.25,9.62,1012.8,1012.8,509.9,364,72.8,4.9,HOLD_RPM,64.93,301.40,364.74,0,0.0,4346,0,2649.3,2650.1
19.3500,1635768,2000.0,2651.2,8.991,19.072,4.54,9.63,944.4,944.4,509.9,367,73.4,4.9,HOLD_RPM,64.93,303.02,367.95,0,0.0,4346,0,2651.2,2655.3
19.4000,1635818,2000.0,2651.2,8.991,19.072,4.54,9.63,944.4,944.4,509.9,370,74.0,4.9,HOLD_RPM,65.12,304.65,370.15,0,0.0,4346,0,2651.2,2643.3
19.4500,1635868,2000.0,2643.2,8.991,19.060,4.52,9.59,944.4,944.4,511.0,371,74.2,5.5,HOLD_RPM,65.12,306.28,371.40,0,0.0,4348,0,2643.2,2637.0
19.5000,1635918,2000.0,2643.2,8.991,19.060,4.52,9.59,944.4,944.4,511.0,370,74.0,5.5,HOLD_RPM,64.32,307.89,370.60,0,0.0,4350,0,2643.2,2630.5
19.5500,1635968,2000.0,2635.6,9.183,19.049,4.61,9.56,825.6,825.6,511.0,373,74.6,5.5,HOLD_RPM,64.32,309.49,373.81,0,0.0,4351,0,2635.6,2639.6
19.6000,1636018,2000.0,2635.6,9.183,19.049,4.61,9.56,825.6,825.6,509.1,373,74.6,4.6,HOLD_RPM,63.56,311.08,373.13,0,0.0,4351,0,2635.6,2639.8
19.6500,1636068,2000.0,2643.1,9.183,19.060,4.62,9.59,825.6,825.6,509.1,376,75.2,4.6,HOLD_RPM,63.56,312.67,376.23,0,0.0,4353,0,2643.1,2647.0
19.7000,1636118,2000.0,2643.1,17.812,19.060,8.96,9.59,1000.9,1000.9,509.1,380,76.0,4.6,HOLD_RPM,64.31,314.28,380.08,0,0.0,4353,0,2643.1,2650.9
19.7500,1636168,2000.0,2652.4,17.812,19.074,9.00,9.63,1000.9,1000.9,518.6,380,76.0,9.3,HOLD_RPM,64.31,315.89,380.19,0,0.0,4353,0,2652.4,2656.6
19.8000,1636218,2000.0,2652.4,17.812,19.074,9.00,9.63,1000.9,1000.9,518.6,384,76.8,9.3,HOLD_RPM,65.24,317.52,384.61,0,0.0,4354,0,2652.4,2641.7
19.8500,1636268,2000.0,2640.6,20.172,19.056,10.14,9.58,801.4,801.4,518.6,384,76.8,9.3,HOLD_RPM,65.24,319.15,384.38,0,0.0,4356,0,2640.6,2627.0
19.9000,1636318,2000.0,2640.6,20.172,19.056,10.14,9.58,801.4,801.4,518.3,382,76.4,9.1,HOLD_RPM,64.06,320.75,382.47,0,0.0,4356,0,2640.6,2616.4
19.9500,1636368,2000.0,2617.5,20.172,19.021,10.05,9.48,801.4,801.4,518.3,386,77.2,9.1,HOLD_RPM,64.06,322.35,386.42,0,0.0,4356,0,2617.5,2617.6
20.0000,1636418,2000.0,2617.5,26.242,19.021,13.08,9.48,858.4,858.4,518.3,382,76.4,9.1,HOLD_RPM,61.75,323.90,381.02,0,0.0,4357,0,2617.5,2621.9
20.0500,1636468,2000.0,2618.0,26.242,19.021,13.08,9.48,858.4,858.4,519.6,386,77.2,9.8,HOLD_RPM,61.75,325.44,387.19,0,0.0,4358,0,2618.0,2613.6
20.1000,1636518,2000.0,2618.0,26.242,19.021,13.08,9.48,858.4,858.4,519.6,388,77.6,9.8,HOLD_RPM,61.80,326.98,388.87,0,0.0,4358,0,2618.0,2613.1
20.1500,1636568,2000.0,2609.4,22.813,19.008,11.33,9.44,758.4,758.4,519.6,390,78.0,9.8,HOLD_RPM,61.80,328.53,390.32,0,0.0,4358,0,2609.4,2604.1
20.2000,1636618,2000.0,2609.4,22.813,19.008,11.33,9.44,758.4,758.4,519.6,389,77.8,9.8,HOLD_RPM,60.94,330.05,389.29,0,0.0,4358,0,2609.4,2591.6
20.2500,1636668,2000.0,2592.9,22.813,19.025,11.26,9.39,758.4,758.4,525.1,392,78.4,12.6,HOLD_RPM,60.94,331.58,392.52,0,0.0,4358,0,2592.9,2590.3
20.3000,1636718,2000.0,2592.9,22.813,19.025,11.26,9.39,758.4,758.4,525.1,389,77.8,12.6,HOLD_RPM,59.29,333.06,389.04,0,0.0,4359,0,2592.9,2593.4
20.3500,1636768,2000.0,2590.7,24.155,19.035,11.92,9.39,764.4,764.4,525.1,393,78.6,12.6,HOLD_RPM,59.29,334.54,393.83,0,0.0,4360,0,2590.7,2587.9
20.4000,1636818,2000.0,2590.7,24.155,19.035,11.92,9.39,764.4,764.4,528.5,394,78.8,14.2,HOLD_RPM,59.07,336.02,394.64,0,0.0,4361,0,2590.7,2591.1
20.4500,1636868,2000.0,2589.4,24.155,19.041,11.91,9.39,764.4,764.4,528.5,396,79.2,14.2,HOLD_RPM,59.07,337.49,396.56,0,0.0,4363,0,2589.4,2585.2
20.5000,1636918,2000.0,2589.4,23.971,19.041,11.82,9.39,1001.9,1001.9,528.5,397,79.4,14.2,HOLD_RPM,58.94,338.97,397.66,0,0.0,4363,0,2589.4,2572.3
20.5500,1636968,2000.0,2569.0,23.971,19.130,11.73,9.36,1001.9,1001.9,534.1,399,79.8,17.1,HOLD_RPM,58.94,340.44,399.38,0,0.0,4363,0,2569.0,2556.3
20.6000,1637018,2000.0,2569.0,23.971,19.130,11.73,9.36,1001.9,1001.9,534.1,395,79.0,17.1,HOLD_RPM,56.90,341.86,394.69,0,0.0,4363,0,2569.0,2545.7
20.6500,1637068,2000.0,2540.7,27.887,19.255,13.49,9.31,1048.1,1048.1,534.1,399,79.8,17.1,HOLD_RPM,56.90,343.29,400.19,0,0.0,4365,0,2540.7,2529.3
20.7000,1637118,2000.0,2540.7,27.887,19.255,13.49,9.31,1048.1,1048.1,542.5,396,79.2,21.2,HOLD_RPM,54.07,344.64,393.03,0,0.0,4365,0,2540.7,2530.7
20.7500,1637168,2000.0,2523.0,27.887,19.333,13.40,9.29,1048.1,1048.1,542.5,398,79.6,21.2,HOLD_RPM,54.07,345.99,400.06,0,0.0,4365,0,2523.0,2508.5
20.8000,1637218,2000.0,2523.0,21.684,19.333,10.42,9.29,732.5,732.5,542.5,398,79.6,21.2,HOLD_RPM,52.30,347.30,396.06,0,0.0,4366,0,2523.0,2498.9
20.8500,1637268,2000.0,2497.5,21.684,19.457,10.31,9.25,732.5,732.5,541.6,399,79.8,20.8,HOLD_RPM,52.30,348.60,400.90,0,0.0,4366,0,2497.5,2495.2
20.9000,1637318,2000.0,2497.5,21.684,19.457,10.31,9.25,732.5,732.5,541.6,395,79.0,20.8,HOLD_RPM,49.75,349.85,394.50,0,0.0,4366,0,2497.5,2476.5
20.9500,1637368,2000.0,2479.0,14.862,19.629,7.01,9.27,636.2,636.2,541.6,399,79.8,20.8,HOLD_RPM,49.75,351.09,400.84,0,0.0,4367,0,2479.0,2478.0
21.0000,1637418,2000.0,2479.0,14.862,19.629,7.01,9.27,636.2,636.2,541.6,396,79.2,20.8,HOLD_RPM,47.90,352.29,396.50,0,0.0,4367,0,2479.0,2475.8
21.0500,1637468,2000.0,2478.5,14.862,19.634,7.01,9.27,636.2,636.2,536.0,400,80.0,18.0,HOLD_RPM,47.90,353.49,401.39,0,0.0,4367,0,2478.5,2484.6
21.1000,1637518,2000.0,2478.5,14.862,19.634,7.01,9.27,636.2,636.2,536.0,402,80.4,18.0,HOLD_RPM,47.85,354.68,402.41,0,0.0,4367,0,2478.5,2486.1
21.1500,1637568,2000.0,2485.2,13.940,19.571,6.60,9.26,783.8,783.8,536.0,403,80.6,18.0,HOLD_RPM,47.85,355.88,403.73,0,0.0,4368,0,2485.2,2483.2
21.2000,1637618,2000.0,2485.2,13.940,19.571,6.60,9.26,783.8,783.8,543.0,406,81.2,21.5,HOLD_RPM,48.52,357.09,406.95,0,0.0,4368,0,2485.2,2491.9
21.2500,1637668,2000.0,2487.7,13.940,19.548,6.60,9.26,783.8,783.8,543.0,406,81.2,21.5,HOLD_RPM,48.52,358.31,406.82,0,0.0,4368,0,2487.7,2485.5
21.3000,1637718,2000.0,2487.7,7.317,19.548,3.47,9.26,701.9,701.9,543.0,408,81.6,21.5,HOLD_RPM,48.77,359.52,408.80,0,0.0,4369,0,2487.7,2466.3
21.3500,1637768,2000.0,2467.1,7.317,19.739,3.44,9.27,701.9,701.9,554.9,409,81.8,27.4,HOLD_RPM,48.77,360.74,409.51,0,0.0,4369,0,2467.1,2460.0
21.4000,1637818,2000.0,2467.1,7.317,19.739,3.44,9.27,701.9,701.9,554.9,405,81.0,27.4,HOLD_RPM,46.71,361.91,404.51,0,0.0,4369,0,2467.1,2459.4
21.4500,1637868,2000.0,2459.2,6.173,19.812,2.89,9.28,749.7,749.7,554.9,408,81.6,27.4,HOLD_RPM,46.71,363.08,409.79,0,0.0,4370,0,2459.2,2460.1
21.5000,1637918,2000.0,2459.2,6.173,19.812,2.89,9.28,749.7,749.7,548.2,408,81.6,24.1,HOLD_RPM,45.92,364.23,408.57,0,0.0,4370,0,2459.2,2468.1
21.5500,1637968,2000.0,2469.7,6.173,19.715,2.90,9.27,749.7,749.7,548.2,411,82.2,24.1,HOLD_RPM,45.92,365.38,411.30,0,0.0,4370,0,2469.7,2476.6
21.6000,1638018,2000.0,2469.7,8.379,19.715,3.94,9.27,958.1,958.1,548.2,415,83.0,24.1,HOLD_RPM,46.97,366.55,415.63,0,0.0,4370,0,2469.7,2471.3
21.6500,1638068,2000.0,2471.8,8.379,19.696,3.94,9.27,958.1,958.1,548.2,414,82.8,24.1,HOLD_RPM,46.97,367.72,414.70,0,0.0,4370,0,2471.8,2468.6
21.7000,1638118,2000.0,2471.8,8.379,19.696,3.94,9.27,958.1,958.1,572.4,416,83.2,36.2,HOLD_RPM,47.18,368.90,416.50,0,0.0,4371,0,2471.8,2452.3
21.7500,1638168,2000.0,2444.3,8.379,19.951,3.90,9.29,958.1,958.1,572.4,417,83.4,36.2,HOLD_RPM,47.18,370.08,417.26,0,0.0,4371,0,2444.3,2427.1
21.8000,1638218,2000.0,2444.3,7.523,19.951,3.50,9.29,719.7,719.7,572.4,412,82.4,36.2,HOLD_RPM,44.43,371.19,410.11,0,0.0,4372,0,2444.3,2408.4
21.8500,1638268,2000.0,2402.5,7.523,20.338,3.44,9.30,719.7,719.7,568.5,415,83.0,34.3,HOLD_RPM,44.43,372.30,416.73,0,0.0,4373,0,2402.5,2390.6
21.9000,1638318,2000.0,2402.5,7.523,20.338,3.44,9.30,719.7,719.7,568.5,412,82.4,34.3,HOLD_RPM,40.25,373.31,405.21,0,0.0,4373,0,2402.5,2384.5
21.9500,1638368,2000.0,2379.3,8.216,20.482,3.72,9.28,795.6,795.6,568.5,406,81.2,34.3,HOLD_RPM,40.25,374.32,414.57,0,0.0,4374,0,2379.3,2368.0
22.0000,1638418,2000.0,2379.3,8.216,20.482,3.72,9.28,795.6,795.6,547.9,408,81.6,23.9,HOLD_RPM,37.93,375.27,408.57,0,0.0,4376,0,2379.3,2363.0
22.0500,1638468,2000.0,2364.9,8.216,20.565,3.70,9.26,795.6,795.6,547.9,413,82.6,23.9,HOLD_RPM,37.93,376.21,414.15,0,0.0,4376,0,2364.9,2369.2
22.1000,1638518,2000.0,2364.9,4.617,20.565,2.08,9.26,839.4,839.4,547.9,410,82.0,23.9,HOLD_RPM,36.49,377.13,410.71,0,0.0,4377,0,2364.9,2380.5
22.1500,1638568,2000.0,2378.3,4.617,20.488,2.09,9.28,839.4,839.4,546.6,414,82.8,23.3,HOLD_RPM,36.49,378.04,414.52,0,0.0,4377,0,2378.3,2375.1
22.2000,1638618,2000.0,2378.3,4.617,20.488,2.09,9.28,839.4,839.4,546.6,418,83.6,23.3,HOLD_RPM,37.83,378.98,419.51,0,0.0,4377,0,2378.3,2372.4
22.2500,1638668,2000.0,2369.3,-2.043,20.540,-0.92,9.27,746.9,746.9,546.6,417,83.4,23.3,HOLD_RPM,37.83,379.93,417.76,0,0.0,4377,0,2369.3,2361.5
22.3000,1638718,2000.0,2369.3,-2.043,20.540,-0.92,9.27,746.9,746.9,564.1,415,83.0,32.1,HOLD_RPM,36.93,380.85,415.98,0,0.0,4377,0,2369.3,2370.3
22.3500,1638768,2000.0,2366.3,-2.043,20.557,-0.92,9.26,746.9,746.9,564.1,418,83.6,32.1,HOLD_RPM,36.93,381.78,418.71,0,0.0,4377,0,2366.3,2364.7
22.4000,1638818,2000.0,2366.3,5.377,20.557,2.42,9.26,1068.1,1068.1,564.1,418,83.6,32.1,HOLD_RPM,36.63,382.69,418.71,0,0.0,4378,0,2366.3,2352.6
22.4500,1638868,2000.0,2352.8,5.377,20.636,2.41,9.24,1068.1,1068.1,564.1,420,84.0,32.1,HOLD_RPM,36.63,383.61,420.24,0,0.0,4378,0,2352.8,2351.7
22.5000,1638918,2000.0,2352.8,5.377,20.636,2.41,9.24,1068.1,1068.1,565.6,417,83.4,32.8,HOLD_RPM,35.28,384.49,417.08,0,0.0,4379,0,2352.8,2350.6
22.5500,1638968,2000.0,2347.1,5.377,20.669,2.40,9.24,1068.1,1068.1,565.6,420,84.0,32.8,HOLD_RPM,35.28,385.37,420.65,0,0.0,4379,0,2347.1,2343.4
22.6000,1639018,2000.0,2347.1,13.416,20.669,6.00,9.24,999.4,999.4,565.6,419,83.8,32.8,HOLD_RPM,34.71,386.24,419.82,0,0.0,4381,0,2347.1,2346.5
22.6500,1639068,2000.0,2343.4,13.416,20.690,5.99,9.23,999.4,999.4,561.4,421,84.2,30.7,HOLD_RPM,34.71,387.11,421.82,0,0.0,4382,0,2343.4,2338.8
22.7000,1639118,2000.0,2343.4,13.416,20.690,5.99,9.23,999.4,999.4,561.4,421,84.2,30.7,HOLD_RPM,34.34,387.97,421.56,0,0.0,4383,0,2343.4,2333.4
22.7500,1639168,2000.0,2332.3,13.350,20.755,5.93,9.22,780.9,780.9,561.4,423,84.6,30.7,HOLD_RPM,34.34,388.82,423.17,0,0.0,4384,0,2332.3,2331.5
22.8000,1639218,2000.0,2332.3,13.350,20.755,5.93,9.22,780.9,780.9,568.8,420,84.0,34.4,HOLD_RPM,33.23,389.66,420.67,0,0.0,4384,0,2332.3,2329.6
22.8500,1639268,2000.0,2327.8,13.350,20.781,5.92,9.21,780.9,780.9,568.8,423,84.6,34.4,HOLD_RPM,33.23,390.49,423.72,0,0.0,4386,0,2327.8,2322.9
22.9000,1639318,2000.0,2327.8,14.707,20.781,6.52,9.21,763.1,763.1,568.8,423,84.6,34.4,HOLD_RPM,32.78,391.31,423.19,0,0.0,4386,0,2327.8,2320.2
22.9500,1639368,2000.0,2320.2,14.707,20.825,6.50,9.20,763.1,763.1,574.5,424,84.8,37.2,HOLD_RPM,32.78,392.13,424.91,0,0.0,4386,0,2320.2,2317.6
23.0000,1639418,2000.0,2320.2,14.707,20.825,6.50,9.20,763.1,763.1,574.5,423,84.6,37.2,HOLD_RPM,32.02,392.93,423.42,0,0.0,4387,0,2320.2,2304.8
23.0500,1639468,2000.0,2300.2,17.775,20.942,7.78,9.17,888.4,888.4,574.5,425,85.0,37.2,HOLD_RPM,32.02,393.73,425.75,0,0.0,4387,0,2300.2,2286.3
23.1000,1639518,2000.0,2300.2,17.775,20.942,7.78,9.17,888.4,888.4,574.5,421,84.2,37.2,HOLD_RPM,30.02,394.48,420.49,0,0.0,4391,0,2300.2,2273.2
23.1500,1639568,2000.0,2274.6,17.775,20.819,7.70,9.02,888.4,888.4,568.4,424,84.8,34.2,HOLD_RPM,30.02,395.23,425.25,0,0.0,4393,0,2274.6,2273.2
23.2000,1639618,2000.0,2274.6,17.775,20.819,7.70,9.02,888.4,888.4,568.4,421,84.2,34.2,HOLD_RPM,27.46,395.91,418.26,0,0.0,4393,0,2274.6,2271.3
23.2500,1639668,2000.0,2270.7,14.515,20.800,6.28,8.99,810.6,810.6,568.4,422,84.4,34.2,HOLD_RPM,27.46,396.60,424.06,0,0.0,4393,0,2270.7,2270.1
23.3000,1639718,2000.0,2270.7,14.515,20.800,6.28,8.99,810.6,810.6,567.5,423,84.6,33.8,HOLD_RPM,27.07,397.28,423.57,0,0.0,4393,0,2270.7,2277.9
23.3500,1639768,2000.0,2281.7,14.515,20.854,6.31,9.06,810.6,810.6,567.5,425,85.0,33.8,HOLD_RPM,27.07,397.95,425.03,0,0.0,4393,0,2281.7,2289.2
23.4000,1639818,2000.0,2281.7,16.241,20.854,7.06,9.06,797.8,797.8,567.5,429,85.8,33.8,HOLD_RPM,28.17,398.66,429.03,0,0.0,4393,0,2281.7,2283.8
23.4500,1639868,2000.0,2281.9,16.241,20.855,7.06,9.06,797.8,797.8,577.5,427,85.4,38.8,HOLD_RPM,28.17,399.36,427.53,0,0.0,4393,0,2281.9,2274.1
23.5000,1639918,2000.0,2281.9,16.241,20.855,7.06,9.06,797.8,797.8,577.5,428,85.6,38.8,HOLD_RPM,28.19,400.07,428.29,0,0.0,4394,0,2281.9,2264.7
23.5500,1639968,2000.0,2262.3,19.140,20.760,8.24,8.94,926.6,926.6,577.5,428,85.6,38.8,HOLD_RPM,28.19,400.77,428.96,0,0.0,4395,0,2262.3,2254.8
23.6000,1640018,2000.0,2262.3,19.140,20.760,8.24,8.94,926.6,926.6,579.4,424,84.8,39.7,HOLD_RPM,26.23,401.43,423.75,0,0.0,4396,0,2262.3,2238.3
23.6500,1640068,2000.0,2237.1,19.140,20.637,8.15,8.79,926.6,926.6,579.4,427,85.4,39.7,HOLD_RPM,26.23,402.08,428.32,0,0.0,4396,0,2237.1,2233.4
23.7000,1640118,2000.0,2237.1,17.392,20.637,7.41,8.79,760.3,760.3,579.4,424,84.8,39.7,HOLD_RPM,23.71,402.68,421.35,0,0.0,4396,0,2237.1,2234.7
23.7500,1640168,2000.0,2233.9,17.392,20.622,7.40,8.77,760.3,760.3,568.1,425,85.0,34.1,HOLD_RPM,23.71,403.27,426.98,0,0.0,4397,0,2233.9,2238.0
23.8000,1640218,2000.0,2233.9,17.392,20.622,7.40,8.77,760.3,760.3,568.1,426,85.2,34.1,HOLD_RPM,23.39,403.85,426.61,0,0.0,4398,0,2233.9,2249.3
23.8500,1640268,2000.0,2248.8,19.774,20.694,8.47,8.86,854.7,854.7,568.1,427,85.4,34.1,HOLD_RPM,23.39,404.44,427.83,0,0.0,4398,0,2248.8,2254.1
23.9000,1640318,2000.0,2248.8,19.774,20.694,8.47,8.86,854.7,854.7,568.1,431,86.2,34.1,HOLD_RPM,24.88,405.06,432.91,0,0.0,4400,0,2248.8,2254.9
23.9500,1640368,2000.0,2256.5,19.774,20.731,8.50,8.91,854.7,854.7,569.0,430,86.0,34.5,HOLD_RPM,24.88,405.68,430.56,0,0.0,4400,0,2256.5,2255.7
24.0000,1640418,2000.0,2256.5,19.774,20.731,8.50,8.91,854.7,854.7,569.0,433,86.6,34.5,HOLD_RPM,25.65,406.32,433.51,0,0.0,4400,0,2256.5,2254.2
24.0500,1640468,2000.0,2252.6,12.074,20.713,5.18,8.88,720.0,720.0,569.0,432,86.4,34.5,HOLD_RPM,25.65,406.97,432.61,0,0.0,4400,0,2252.6,2247.0
24.1000,1640518,2000.0,2252.6,12.074,20.713,5.18,8.88,720.0,720.0,581.8,432,86.4,40.9,HOLD_RPM,25.26,407.60,432.09,0,0.0,4400,0,2252.6,2248.9
24.1500,1640568,2000.0,2244.2,12.074,20.672,5.16,8.83,720.0,720.0,581.8,433,86.6,40.9,HOLD_RPM,25.26,408.23,433.49,0,0.0,4400,0,2244.2,2237.2
24.2000,1640618,2000.0,2244.2,7.826,20.672,3.34,8.83,807.5,807.5,581.8,431,86.2,40.9,HOLD_RPM,24.42,408.84,431.56,0,0.0,4401,0,2244.2,2226.3
24.2500,1640668,2000.0,2226.7,7.826,20.587,3.32,8.73,807.5,807.5,577.8,433,86.6,38.9,HOLD_RPM,24.42,409.45,433.87,0,0.0,4402,0,2226.7,2222.8
24.3000,1640718,2000.0,2226.7,7.826,20.587,3.32,8.73,807.5,807.5,577.8,429,85.8,38.9,HOLD_RPM,22.67,410.02,429.18,0,0.0,4402,0,2226.7,2210.9
24.3500,1640768,2000.0,2211.6,5.878,20.513,2.48,8.64,692.8,692.8,577.8,433,86.6,38.9,HOLD_RPM,22.67,410.58,433.25,0,0.0,4402,0,2211.6,2206.5
24.4000,1640818,2000.0,2211.6,5.878,20.513,2.48,8.64,692.8,692.8,575.6,429,85.8,37.8,HOLD_RPM,21.16,411.11,429.25,0,0.0,4402,0,2211.6,2206.1
24.4500,1640868,2000.0,2204.8,5.878,20.480,2.47,8.60,692.8,692.8,575.6,432,86.4,37.8,HOLD_RPM,21.16,411.64,432.80,0,0.0,4402,0,2204.8,2206.0
24.5000,1640918,2000.0,2204.8,3.607,20.480,1.51,8.60,660.6,660.6,575.6,431,86.2,37.8,HOLD_RPM,20.48,412.15,431.27,0,0.0,4403,0,2204.8,2208.2
24.5500,1640968,2000.0,2210.7,3.607,20.509,1.52,8.63,660.6,660.6,575.6,433,86.6,37.8,HOLD_RPM,20.48,412.66,433.14,0,0.0,4403,0,2210.7,2214.8
24.6000,1641018,2000.0,2210.7,3.607,20.509,1.52,8.63,660.6,660.6,578.6,435,87.0,39.3,HOLD_RPM,21.07,413.19,435.46,0,0.0,4403,0,2210.7,2215.7
24.6500,1641068,2000.0,2214.4,3.607,20.527,1.52,8.65,660.6,660.6,578.6,434,86.8,39.3,HOLD_RPM,21.07,413.72,434.79,0,0.0,4403,0,2214.4,2215.1
24.7000,1641118,2000.0,2214.4,4.160,20.527,1.75,8.65,913.4,913.4,578.6,436,87.2,39.3,HOLD_RPM,21.44,414.25,436.42,0,0.0,4403,0,2214.4,2215.2
24.7500,1641168,2000.0,2213.1,4.160,20.521,1.75,8.65,913.4,913.4,579.4,436,87.2,39.7,HOLD_RPM,21.44,414.79,436.23,0,0.0,4403,0,2213.1,2206.6
24.8000,1641218,2000.0,2213.1,4.160,20.521,1.75,8.65,913.4,913.4,579.4,436,87.2,39.7,HOLD_RPM,21.31,415.32,436.37,0,0.0,4404,0,2213.1,2201.2
24.8500,1641268,2000.0,2199.2,4.920,20.464,2.06,8.57,844.7,844.7,579.4,437,87.4,39.7,HOLD_RPM,21.31,415.86,437.16,0,0.0,4404,0,2199.2,2195.7
24.9000,1641318,2000.0,2199.2,4.920,20.464,2.06,8.57,844.7,844.7,581.9,433,86.6,40.9,HOLD_RPM,19.92,416.35,433.51,0,0.0,4405,0,2199.2,2204.1
24.9500,1641368,2000.0,2206.9,4.920,20.491,2.07,8.61,844.7,844.7,581.9,436,87.2,40.9,HOLD_RPM,19.92,416.85,436.77,0,0.0,4405,0,2206.9,2212.8
25.0000,1641418,2000.0,2206.9,8.733,20.491,3.67,8.61,970.3,970.3,581.9,439,87.8,40.9,HOLD_RPM,20.69,417.37,439.60,0,0.0,4405,0,2206.9,2215.3
25.0500,1641468,2000.0,2214.7,8.733,20.528,3.68,8.66,970.3,970.3,588.5,438,87.6,44.2,HOLD_RPM,20.69,417.89,438.58,0,0.0,4405,0,2214.7,2211.5
25.1000,1641518,2000.0,2214.7,8.733,20.528,3.68,8.66,970.3,970.3,588.5,441,88.2,44.2,HOLD_RPM,21.47,418.42,441.44,0,0.0,4405,0,2214.7,2192.5
25.1500,1641568,2000.0,2193.2,9.677,20.513,4.04,8.57,969.1,969.1,588.5,440,88.0,44.2,HOLD_RPM,21.47,418.96,440.43,0,0.0,4405,0,2193.2,2190.7
25.2000,1641618,2000.0,2193.2,9.677,20.513,4.04,8.57,969.1,969.1,594.4,435,87.0,47.2,HOLD_RPM,19.32,419.44,434.46,0,0.0,4405,0,2193.2,2197.6
25.2500,1641668,2000.0,2195.4,9.677,20.495,4.05,8.57,969.1,969.1,594.4,438,87.6,47.2,HOLD_RPM,19.32,419.93,439.24,0,0.0,4405,0,2195.4,2191.9
25.3000,1641718,2000.0,2195.4,8.357,20.495,3.49,8.57,700.6,700.6,594.4,440,88.0,47.2,HOLD_RPM,19.54,420.41,440.40,0,0.0,4406,0,2195.4,2198.4
25.3500,1641768,2000.0,2203.3,8.357,20.473,3.51,8.59,700.6,700.6,594.4,440,88.0,47.2,HOLD_RPM,19.54,420.90,440.44,0,0.0,4408,0,2203.3,2209.3
25.4000,1641818,2000.0,2203.3,8.357,20.473,3.51,8.59,700.6,700.6,592.1,443,88.6,46.1,HOLD_RPM,20.33,421.41,443.34,0,0.0,4408,0,2203.3,2211.3
25.4500,1641868,2000.0,2209.6,8.357,20.504,3.52,8.63,700.6,700.6,592.1,442,88.4,46.1,HOLD_RPM,20.33,421.92,442.25,0,0.0,4408,0,2209.6,2203.5
25.5000,1641918,2000.0,2209.6,5.207,20.504,2.19,8.63,712.5,712.5,592.1,444,88.8,46.1,HOLD_RPM,20.96,422.44,444.66,0,0.0,4410,0,2209.6,2188.7
25.5500,1641968,2000.0,2184.0,5.207,20.590,2.17,8.56,712.5,712.5,607.4,443,88.6,53.7,HOLD_RPM,20.96,422.97,443.93,0,0.0,4412,0,2184.0,2176.2
25.6000,1642018,2000.0,2184.0,5.207,20.590,2.17,8.56,712.5,712.5,607.4,438,87.6,53.7,HOLD_RPM,18.40,423.43,436.70,0,0.0,4413,0,2184.0,2166.5
25.6500,1642068,2000.0,2163.8,7.826,20.758,3.22,8.55,838.4,838.4,607.4,441,88.2,53.7,HOLD_RPM,18.40,423.89,442.29,0,0.0,4414,0,2163.8,2157.7
25.7000,1642118,2000.0,2163.8,7.826,20.758,3.22,8.55,838.4,838.4,600.0,438,87.6,50.0,HOLD_RPM,16.38,424.30,436.65,0,0.0,4414,0,2163.8,2159.4
25.7500,1642168,2000.0,2160.5,7.826,20.785,3.22,8.55,838.4,838.4,600.0,439,87.8,50.0,HOLD_RPM,16.38,424.71,441.09,0,0.0,4414,0,2160.5,2164.3
25.8000,1642218,2000.0,2160.5,10.783,20.785,4.44,8.55,940.9,940.9,600.0,440,88.0,50.0,HOLD_RPM,16.05,425.11,440.51,0,0.0,4416,0,2160.5,2177.9
25.8500,1642268,2000.0,2179.9,10.783,20.624,4.48,8.56,940.9,940.9,588.9,441,88.2,44.4,HOLD_RPM,16.05,425.51,441.56,0,0.0,4416,0,2179.9,2188.8
25.9000,1642318,2000.0,2179.9,10.783,20.624,4.48,8.56,940.9,940.9,588.9,446,89.2,44.4,HOLD_RPM,17.99,425.96,447.81,0,0.0,4416,0,2179.9,2209.7
25.9500,1642368,2000.0,2208.7,19.568,20.499,8.23,8.62,1090.0,1090.0,588.9,444,88.8,44.4,HOLD_RPM,17.99,426.41,444.39,0,0.0,4418,0,2208.7,2215.7
26.0000,1642418,2000.0,2208.7,19.568,20.499,8.23,8.62,1090.0,1090.0,588.9,450,90.0,44.4,HOLD_RPM,20.87,426.93,453.58,0,0.0,4420,0,2208.7,2222.8
26.0500,1642468,2000.0,2221.8,19.568,20.563,8.28,8.70,1090.0,1090.0,612.1,449,89.8,56.1,HOLD_RPM,20.87,427.45,448.32,0,0.0,4420,0,2221.8,2221.4
26.1000,1642518,2000.0,2221.8,19.568,20.563,8.28,8.70,1090.0,1090.0,612.1,452,90.4,56.1,HOLD_RPM,22.18,428.01,452.81,0,0.0,4420,0,2221.8,2215.8
26.1500,1642568,2000.0,2215.5,30.056,20.532,12.68,8.66,1134.7,1134.7,612.1,450,90.0,56.1,HOLD_RPM,22.18,428.56,450.74,0,0.0,4421,0,2215.5,2210.8
26.2000,1642618,2000.0,2215.5,30.056,20.532,12.68,8.66,1134.7,1134.7,644.3,449,89.8,72.1,HOLD_RPM,21.55,429.10,449.39,0,0.0,4422,0,2215.5,2205.5
26.2500,1642668,2000.0,2205.4,30.056,20.483,12.62,8.60,1134.7,1134.7,644.3,451,90.2,72.1,HOLD_RPM,21.55,429.64,451.19,0,0.0,4423,0,2205.4,2202.8
26.3000,1642718,2000.0,2205.4,29.584,20.483,12.42,8.60,891.9,891.9,644.3,448,89.6,72.1,HOLD_RPM,20.54,430.15,448.67,0,0.0,4423,0,2205.4,2195.9
26.3500,1642768,2000.0,2190.3,29.584,20.538,12.34,8.57,891.9,891.9,639.4,451,90.2,69.7,HOLD_RPM,20.54,430.67,451.20,0,0.0,4423,0,2190.3,2178.5
26.4000,1642818,2000.0,2190.3,29.584,20.538,12.34,8.57,891.9,891.9,639.4,447,89.4,69.7,HOLD_RPM,19.03,431.14,447.15,0,0.0,4424,0,2190.3,2149.6
26.4500,1642868,2000.0,2148.8,29.893,20.882,12.23,8.54,858.8,858.8,639.4,450,90.0,69.7,HOLD_RPM,19.03,431.62,450.65,0,0.0,4424,0,2148.8,2135.8
26.5000,1642918,2000.0,2148.8,29.893,20.882,12.23,8.54,858.8,858.8,637.1,444,88.8,68.6,HOLD_RPM,14.88,431.99,438.57,0,0.0,4424,0,2148.8,2125.9
26.5500,1642968,2000.0,2125.6,29.893,21.075,12.10,8.53,858.8,858.8,637.1,438,87.6,68.6,HOLD_RPM,14.88,432.36,447.24,0,0.0,4424,0,2125.6,2124.8
26.6000,1643018,2000.0,2125.6,28.817,21.075,11.66,8.53,921.6,921.6,637.1,440,88.0,68.6,HOLD_RPM,12.56,432.68,440.60,0,0.0,4425,0,2125.6,2136.3
26.6500,1643068,2000.0,2149.6,28.817,20.876,11.79,8.54,921.6,921.6,571.6,444,88.8,35.8,HOLD_RPM,12.56,432.99,445.55,0,0.0,4425,0,2149.6,2173.8
26.7000,1643118,2000.0,2149.6,28.817,20.876,11.79,8.54,921.6,921.6,571.6,450,90.0,35.8,HOLD_RPM,14.96,433.36,453.12,0,0.0,4425,0,2149.6,2226.4
26.7500,1643168,2000.0,2235.3,31.391,20.628,13.36,8.78,1085.6,1085.6,571.6,452,90.4,35.8,HOLD_RPM,14.96,433.74,448.70,0,0.0,4425,0,2235.3,2267.0
26.8000,1643218,2000.0,2235.3,31.391,20.628,13.36,8.78,1085.6,1085.6,571.6,451,90.2,35.8,HOLD_RPM,23.53,434.33,474.98,0,0.0,4425,0,2235.3,2274.4
26.8500,1643268,2000.0,2271.8,31.391,20.806,13.58,9.00,1085.6,1085.6,642.6,458,91.6,71.3,HOLD_RPM,23.53,434.91,458.44,0,0.0,4425,0,2271.8,2269.0
26.9000,1643318,2000.0,2271.8,31.391,20.806,13.58,9.00,1085.6,1085.6,642.6,464,92.8,71.3,HOLD_RPM,27.18,435.59,470.08,0,0.0,4425,0,2271.8,2264.7
26.9500,1643368,2000.0,2264.4,37.070,20.770,15.98,8.95,957.2,957.2,642.6,470,94.0,71.3,HOLD_RPM,27.18,436.27,463.45,0,0.0,4425,0,2264.4,2262.6
27.0000,1643418,2000.0,2264.4,37.070,20.770,15.98,8.95,957.2,957.2,742.1,462,92.4,121.1,HOLD_RPM,26.44,436.93,461.88,0,0.0,4425,0,2264.4,2234.0
27.0500,1643468,2000.0,2226.6,37.070,20.586,15.72,8.73,957.2,957.2,742.1,464,92.8,121.1,HOLD_RPM,26.44,437.59,464.03,0,0.0,4426,0,2226.6,2199.3
27.1000,1643518,2000.0,2226.6,45.633,20.586,19.35,8.73,1099.4,1099.4,742.1,458,91.6,121.1,HOLD_RPM,22.66,438.16,453.27,0,0.0,4427,0,2226.6,2165.2
27.1500,1643568,2000.0,2158.0,45.633,20.806,18.75,8.55,1099.4,1099.4,674.6,455,91.0,87.3,HOLD_RPM,22.66,438.73,461.39,0,0.0,4428,0,2158.0,2131.5
27.2000,1643618,2000.0,2158.0,45.633,20.806,18.75,8.55,1099.4,1099.4,674.6,460,92.0,87.3,HOLD_RPM,15.80,439.12,441.22,0,0.0,4428,0,2158.0,2133.1
27.2500,1643668,2000.0,2143.0,51.961,20.931,21.20,8.54,1124.7,1124.7,674.6,455,91.0,87.3,HOLD_RPM,15.80,439.52,455.32,0,0.0,4428,0,2143.0,2160.4
27.3000,1643718,2000.0,2143.0,51.961,20.931,21.20,8.54,1124.7,1124.7,634.8,451,90.2,67.4,HOLD_RPM,14.30,439.88,451.17,0,0.0,4430,0,2143.0,2183.2
27.3500,1643768,2000.0,2191.8,51.961,20.525,21.68,8.57,1124.7,1124.7,634.8,454,90.8,67.4,HOLD_RPM,14.30,440.23,454.53,0,0.0,4430,0,2191.8,2207.0
27.4000,1643818,2000.0,2191.8,46.916,20.525,19.58,8.57,712.8,712.8,634.8,460,92.0,67.4,HOLD_RPM,19.18,440.71,469.64,0,0.0,4430,0,2191.8,2223.9
27.4500,1643868,2000.0,2228.6,46.916,20.596,19.91,8.74,712.8,712.8,634.8,467,93.4,67.4,HOLD_RPM,19.18,441.19,460.37,0,0.0,4430,0,2228.6,2240.6
27.5000,1643918,2000.0,2228.6,46.916,20.596,19.91,8.74,712.8,712.8,674.1,471,94.2,87.1,HOLD_RPM,22.86,441.76,471.98,0,0.0,4431,0,2228.6,2247.0
27.5500,1643968,2000.0,2242.2,46.916,20.662,20.03,8.82,712.8,712.8,674.1,466,93.2,87.1,HOLD_RPM,22.86,442.33,465.19,0,0.0,4431,0,2242.2,2231.7
27.6000,1644018,2000.0,2242.2,42.616,20.662,18.19,8.82,895.6,895.6,674.1,469,93.8,87.1,HOLD_RPM,24.22,442.94,469.87,0,0.0,4432,0,2242.2,2205.5
27.6500,1644068,2000.0,2199.9,42.616,20.458,17.85,8.57,895.6,895.6,732.1,467,93.4,116.1,HOLD_RPM,24.22,443.55,467.76,0,0.0,4433,0,2199.9,2180.9
27.7000,1644118,2000.0,2199.9,42.616,20.458,17.85,8.57,895.6,895.6,732.1,461,92.2,116.1,HOLD_RPM,19.99,444.05,455.59,0,0.0,4434,0,2199.9,2148.0
27.7500,1644168,2000.0,2141.9,34.732,20.940,14.16,8.54,778.4,778.4,732.1,455,91.0,116.1,HOLD_RPM,19.99,444.54,464.54,0,0.0,4434,0,2141.9,2118.6
27.8000,1644218,2000.0,2141.9,34.732,20.940,14.16,8.54,778.4,778.4,622.1,455,91.0,61.1,HOLD_RPM,14.19,444.90,447.47,0,0.0,4435,0,2141.9,2118.7
27.8500,1644268,2000.0,2130.3,34.732,21.036,14.09,8.53,778.4,778.4,622.1,449,89.8,61.1,HOLD_RPM,14.19,445.25,459.44,0,0.0,4435,0,2130.3,2150.7
27.9000,1644318,2000.0,2130.3,36.819,21.036,14.93,8.53,986.2,986.2,622.1,455,91.0,61.1,HOLD_RPM,13.03,445.58,456.29,0,0.0,4436,0,2130.3,2184.4
27.9500,1644368,2000.0,2200.5,36.819,20.459,15.43,8.57,986.2,986.2,612.8,458,91.6,56.4,HOLD_RPM,13.03,445.91,458.93,0,0.0,4438,0,2200.5,2233.4
28.0000,1644418,2000.0,2200.5,36.819,20.459,15.43,8.57,986.2,986.2,612.8,464,92.8,56.4,HOLD_RPM,20.05,446.41,480.51,0,0.0,4440,0,2200.5,2266.6
28.0500,1644468,2000.0,2276.0,39.305,20.826,17.03,9.03,970.9,970.9,612.8,475,95.0,56.4,HOLD_RPM,20.05,446.91,466.96,0,0.0,4440,0,2276.0,2297.6
28.1000,1644518,2000.0,2276.0,39.305,20.826,17.03,9.03,970.9,970.9,738.2,481,96.2,119.1,HOLD_RPM,27.60,447.60,490.30,0,0.0,4440,0,2276.0,2284.8
28.1500,1644568,2000.0,2269.8,39.305,20.796,16.99,8.99,970.9,970.9,738.2,488,97.6,119.1,HOLD_RPM,27.60,448.29,475.89,0,0.0,4440,0,2269.8,2233.0
28.2000,1644618,2000.0,2269.8,42.004,20.796,18.15,8.99,1043.8,1043.8,738.2,482,96.4,119.1,HOLD_RPM,26.98,448.96,474.69,0,0.0,4440,0,2269.8,2160.0
28.2500,1644668,2000.0,2148.4,42.004,20.886,17.18,8.54,1043.8,1043.8,738.2,475,95.0,119.1,HOLD_RPM,26.98,449.64,476.61,0,0.0,4440,0,2148.4,2100.4
28.3000,1644718,2000.0,2148.4,42.004,20.886,17.18,8.54,1043.8,1043.8,787.1,468,93.6,143.6,HOLD_RPM,14.84,450.01,440.57,0,0.0,4440,0,2148.4,2046.5
28.3500,1644768,2000.0,2031.7,42.004,20.738,16.25,8.02,1043.8,1043.8,787.1,457,91.4,143.6,HOLD_RPM,14.84,450.38,465.22,0,0.0,4441,0,2031.7,2000.5
28.4000,1644818,2000.0,2031.7,39.482,20.738,15.27,8.02,971.6,971.6,787.1,451,90.2,143.6,HOLD_RPM,3.17,450.46,430.29,0,0.0,4441,0,2031.7,2008.9
28.4500,1644868,2000.0,2030.8,39.482,20.730,15.27,8.02,971.6,971.6,596.5,443,88.6,48.3,HOLD_RPM,3.17,450.54,453.71,0,0.0,4441,0,2030.8,2073.2
28.5000,1644918,2000.0,2030.8,39.482,20.730,15.27,8.02,971.6,971.6,596.5,444,88.8,48.3,HOLD_RPM,3.08,450.61,453.51,0,0.0,4442,0,2030.8,2133.5
28.5500,1644968,2000.0,2150.7,39.983,20.867,16.37,8.54,979.7,979.7,596.5,453,90.6,48.3,HOLD_RPM,3.08,450.69,453.77,0,0.0,4442,0,2150.7,2206.5
28.6000,1645018,2000.0,2150.7,39.983,20.867,16.37,8.54,979.7,979.7,604.5,459,91.8,52.3,HOLD_RPM,15.07,451.07,490.14,0,0.0,4442,0,2150.7,2292.4
28.6500,1645068,2000.0,2297.6,39.983,20.931,17.49,9.16,979.7,979.7,604.5,470,94.0,52.3,HOLD_RPM,15.07,451.45,466.52,0,0.0,4442,0,2297.6,2333.4
28.7000,1645118,2000.0,2297.6,38.147,20.931,16.69,9.16,1016.6,1016.6,604.5,476,95.2,52.3,HOLD_RPM,29.76,451.45,510.56,0,0.0,4442,0,2297.6,2338.3
28.7500,1645168,2000.0,2329.3,38.147,20.772,16.92,9.21,1016.6,1016.6,752.6,485,97.0,126.3,HOLD_RPM,29.76,452.19,481.94,0,0.0,4442,0,2329.3,2308.4
28.8000,1645218,2000.0,2329.3,38.147,20.772,16.92,9.21,1016.6,1016.6,752.6,489,97.8,126.3,HOLD_RPM,32.93,453.01,492.28,0,0.0,4443,0,2329.3,2254.2
28.8500,1645268,2000.0,2241.5,33.648,20.659,14.36,8.82,921.2,921.2,752.6,490,98.0,126.3,HOLD_RPM,32.93,453.84,486.76,0,0.0,4443,0,2241.5,2198.1
28.9000,1645318,2000.0,2241.5,33.648,20.659,14.36,8.82,921.2,921.2,811.0,477,95.4,155.5,HOLD_RPM,24.15,454.44,461.05,0,0.0,4444,0,2241.5,2115.4
28.9500,1645368,2000.0,2101.4,33.648,21.276,13.46,8.51,921.2,921.2,811.0,464,92.8,155.5,HOLD_RPM,24.15,455.04,479.20,0,0.0,4445,0,2101.4,2049.7
29.0000,1645418,2000.0,2101.4,42.823,21.276,17.13,8.51,1127.5,1127.5,811.0,450,90.0,155.5,HOLD_RPM,10.14,455.30,437.42,0,0.0,4446,0,2101.4,2021.1
29.0500,1645468,2000.0,2040.3,42.823,20.807,16.64,8.08,1127.5,1127.5,811.0,439,87.8,155.5,HOLD_RPM,10.14,455.55,465.69,0,0.0,4446,0,2040.3,2070.5
29.1000,1645518,2000.0,2040.3,42.823,20.807,16.64,8.08,1127.5,1127.5,545.5,441,88.2,22.8,HOLD_RPM,4.03,455.65,447.46,0,0.0,4447,0,2040.3,2152.5
29.1500,1645568,2000.0,2184.4,42.823,20.587,17.81,8.56,1127.5,1127.5,545.5,453,90.6,22.8,HOLD_RPM,4.03,455.75,459.78,0,0.0,4447,0,2184.4,2254.2
29.2000,1645618,2000.0,2184.4,38.862,20.587,16.16,8.56,716.6,716.6,545.5,466,93.2,22.8,HOLD_RPM,18.44,455.75,503.00,0,0.0,4447,0,2184.4,2334.3
29.2500,1645668,2000.0,2333.9,38.862,20.746,17.27,9.22,716.6,716.6,688.6,487,97.4,94.3,HOLD_RPM,18.44,456.21,474.65,0,0.0,4447,0,2333.9,2354.5
29.3000,1645718,2000.0,2333.9,38.862,20.746,17.27,9.22,716.6,716.6,688.6,498,99.6,94.3,HOLD_RPM,33.39,456.21,519.52,0,0.0,4447,0,2333.9,2321.7
29.3500,1645768,2000.0,2295.6,44.173,20.921,19.31,9.14,1018.4,1018.4,688.6,496,99.2,94.3,HOLD_RPM,33.39,457.05,490.44,0,0.0,4448,0,2295.6,2231.8
29.4000,1645818,2000.0,2295.6,44.173,20.921,19.31,9.14,1018.4,1018.4,863.8,485,97.0,181.9,HOLD_RPM,29.56,457.79,479.68,0,0.0,4448,0,2295.6,2113.0
29.4500,1645868,2000.0,2079.7,44.173,21.124,17.49,8.36,1018.4,1018.4,863.8,479,95.8,181.9,HOLD_RPM,29.56,458.53,488.08,0,0.0,4448,0,2079.7,2007.2
29.5000,1645918,2000.0,2079.7,40.595,21.124,16.08,8.36,824.7,824.7,863.8,479,95.8,181.9,HOLD_RPM,7.97,458.73,423.52,0,0.0,4449,0,2079.7,1919.4
29.5500,1645968,2000.0,1902.2,40.595,17.485,14.70,6.33,824.7,824.7,729.5,469,93.8,114.8,HOLD_RPM,7.97,458.92,466.89,0,0.0,4449,0,1902.2,1857.4
29.6000,1646018,2000.0,1902.2,40.595,17.485,14.70,6.33,824.7,824.7,729.5,452,90.4,114.8,HOLD_RPM,-9.78,458.68,413.39,0,0.0,4449,0,1902.2,1842.5
29.6500,1646068,2000.0,1858.6,37.055,16.238,13.11,5.75,810.9,810.9,729.5,430,86.0,114.8,HOLD_RPM,-9.78,458.44,448.65,0,0.0,4449,0,1858.6,1887.9
29.7000,1646118,2000.0,1858.6,37.055,16.238,13.11,5.75,810.9,810.9,729.5,418,83.6,114.8,HOLD_RPM,-14.14,458.08,435.23,0,0.0,4449,0,1858.6,1978.6
29.7500,1646168,2000.0,2010.7,37.055,20.568,14.19,7.87,810.9,810.9,507.2,420,84.0,3.6,HOLD_RPM,-14.14,457.73,443.59,0,0.0,4449,0,2010.7,2088.3
29.8000,1646218,2000.0,2010.7,37.055,20.568,14.19,7.87,810.9,810.9,507.2,434,86.8,3.6,HOLD_RPM,1.07,457.75,489.25,0,0.0,4450,0,2010.7,2216.9
29.8500,1646268,2000.0,2247.8,34.562,20.689,14.79,8.85,930.9,930.9,507.2,454,90.8,3.6,HOLD_RPM,1.07,457.78,458.85,0,0.0,4450,0,2247.8,2341.6
29.9000,1646318,2000.0,2247.8,34.562,20.689,14.79,8.85,930.9,930.9,616.0,471,94.2,58.0,HOLD_RPM,24.78,457.78,529.97,0,0.0,4450,0,2247.8,2411.4
29.9500,1646368,2000.0,2412.1,34.562,20.249,15.87,9.30,930.9,930.9,616.0,490,98.0,58.0,HOLD_RPM,24.78,458.40,483.18,0,0.0,4451,0,2412.1,2429.6
30.0000,1646418,2000.0,2412.1,35.838,20.249,16.46,9.30,1029.4,1029.4,616.0,499,99.8,58.0,HOLD_RPM,41.21,458.40,532.49,0,0.0,4452,0,2412.1,2403.6
30.0500,1646468,2000.0,2367.3,35.838,20.552,16.15,9.26,1029.4,1029.4,845.6,499,99.8,172.8,HOLD_RPM,41.21,458.40,499.61,0,0.0,4452,0,2367.3,2293.2
30.1000,1646518,2000.0,2367.3,35.838,20.552,16.15,9.26,1029.4,1029.4,845.6,493,98.6,172.8,HOLD_RPM,36.73,459.32,487.08,0,0.0,4453,0,2367.3,2185.3
30.1500,1646568,2000.0,2150.4,36.804,20.869,15.07,8.54,1023.4,1023.4,845.6,487,97.4,172.8,HOLD_RPM,36.73,460.24,496.97,0,0.0,4453,0,2150.4,2078.1
30.2000,1646618,2000.0,2150.4,36.804,20.869,15.07,8.54,1023.4,1023.4,857.9,487,97.4,178.9,HOLD_RPM,15.04,460.61,432.27,0,0.0,4455,0,2150.4,1972.1
30.2500,1646668,2000.0,1943.6,36.804,18.754,13.62,6.94,1023.4,1023.4,857.9,478,95.6,178.9,HOLD_RPM,15.04,460.99,476.03,0,0.0,4455,0,1943.6,1880.5
30.3000,1646718,2000.0,1943.6,35.432,18.754,13.11,6.94,954.4,954.4,857.9,472,94.4,178.9,HOLD_RPM,-5.64,460.85,413.85,0,0.0,4455,0,1943.6,1817.9
30.3500,1646768,2000.0,1811.6,35.432,14.898,12.22,5.14,954.4,954.4,645.5,460,92.0,72.8,HOLD_RPM,-5.64,460.71,455.07,0,0.0,4457,0,1811.6,1802.9
30.4000,1646818,2000.0,1811.6,35.432,14.898,12.22,5.14,954.4,954.4,645.5,447,89.4,72.8,HOLD_RPM,-18.84,460.24,415.00,0,0.0,4457,0,1811.6,1843.0
30.4500,1646868,2000.0,1862.5,34.665,16.349,12.29,5.80,886.6,886.6,645.5,427,85.4,72.8,HOLD_RPM,-18.84,459.77,440.92,0,0.0,4458,0,1862.5,1910.7
30.5000,1646918,2000.0,1862.5,34.665,16.349,12.29,5.80,886.6,886.6,645.5,417,83.4,72.8,HOLD_RPM,-13.75,459.42,455.86,0,0.0,4458,0,1862.5,2021.2
30.5500,1646968,2000.0,2064.7,34.665,21.004,13.63,8.26,886.6,886.6,507.1,422,84.4,3.6,HOLD_RPM,-13.75,459.08,445.33,0,0.0,4459,0,2064.7,2161.8
30.6000,1647018,2000.0,2064.7,34.665,21.004,13.63,8.26,886.6,886.6,507.1,439,87.8,3.6,HOLD_RPM,6.47,459.08,505.97,0,0.0,4459,0,2064.7,2276.5
30.6500,1647068,2000.0,2318.5,29.023,20.835,12.81,9.20,872.5,872.5,507.1,461,92.2,3.6,HOLD_RPM,6.47,459.24,465.71,0,0.0,4460,0,2318.5,2406.2
30.7000,1647118,2000.0,2318.5,29.023,20.835,12.81,9.20,872.5,872.5,640.1,479,95.8,70.1,HOLD_RPM,31.85,459.24,541.87,0,0.0,4460,0,2318.5,2460.6
30.7500,1647168,2000.0,2450.6,29.023,19.892,13.54,9.28,872.5,872.5,640.1,494,98.8,70.1,HOLD_RPM,31.85,460.04,491.89,0,0.0,4461,0,2450.6,2439.6
30.8000,1647218,2000.0,2450.6,28.927,19.892,13.50,9.28,712.5,712.5,640.1,501,100.0,70.1,HOLD_RPM,45.06,460.04,531.52,0,0.0,4462,0,2450.6,2346.6
30.8500,1647268,2000.0,2312.4,28.927,20.871,12.74,9.19,712.5,712.5,847.0,500,100.0,173.5,HOLD_RPM,45.06,460.04,505.10,0,0.0,4463,0,2312.4,2211.6
30.9000,1647318,2000.0,2312.4,28.927,20.871,12.74,9.19,712.5,712.5,847.0,494,98.8,173.5,HOLD_RPM,31.24,460.82,464.40,0,0.0,4463,0,2312.4,2065.2
30.9500,1647368,2000.0,2016.5,28.049,20.615,10.77,7.92,978.8,978.8,847.0,483,96.6,173.5,HOLD_RPM,31.24,461.60,492.83,0,0.0,4463,0,2016.5,1916.6
31.0000,1647418,2000.0,2016.5,28.049,20.615,10.77,7.92,978.8,978.8,770.1,477,95.4,135.1,HOLD_RPM,1.65,461.64,404.12,0,0.0,4463,0,2016.5,1778.6
31.0500,1647468,2000.0,1754.1,28.049,13.998,9.37,4.68,978.8,978.8,770.1,466,93.2,135.1,HOLD_RPM,1.65,461.68,463.33,0,0.0,4464,0,1754.1,1684.0
31.1000,1647518,2000.0,1754.1,35.056,13.998,11.71,4.68,1141.2,1141.2,770.1,461,92.2,135.1,HOLD_RPM,-24.59,461.07,384.00,0,0.0,4466,0,1754.1,1645.4
31.1500,1647568,2000.0,1649.4,35.056,13.026,11.01,4.09,1141.2,1141.2,770.1,450,90.0,135.1,HOLD_RPM,-24.59,460.45,435.86,0,0.0,4466,0,1649.4,1653.3
31.2000,1647618,2000.0,1649.4,35.056,13.026,11.01,4.09,1141.2,1141.2,586.4,434,86.8,43.2,HOLD_RPM,-35.06,459.57,403.56,0,0.0,4468,0,1649.4,1675.4
31.2500,1647668,2000.0,1704.8,35.056,13.387,11.38,4.35,1141.2,1141.2,586.4,414,82.8,43.2,HOLD_RPM,-35.06,458.70,423.63,0,0.0,4468,0,1704.8,1752.1
31.3000,1647718,2000.0,1704.8,37.151,13.387,12.06,4.35,905.6,905.6,586.4,405,81.0,43.2,HOLD_RPM,-29.52,457.96,439.54,0,0.0,4468,0,1704.8,1836.5
31.3500,1647768,2000.0,1877.7,37.151,16.782,13.28,6.00,905.6,905.6,500.5,410,82.0,0.3,HOLD_RPM,-29.52,457.22,427.71,0,0.0,4468,0,1877.7,1943.4
31.4000,1647818,2000.0,1877.7,37.151,16.782,13.28,6.00,905.6,905.6,500.5,428,85.6,0.3,HOLD_RPM,-12.23,456.92,479.25,0,0.0,4469,0,1877.7,2044.2
31.4500,1647868,2000.0,2066.7,31.619,21.020,12.44,8.27,680.9,680.9,500.5,451,90.2,0.3,HOLD_RPM,-12.23,456.61,444.38,0,0.0,4469,0,2066.7,2128.0
31.5000,1647918,2000.0,2066.7,31.619,21.020,12.44,8.27,680.9,680.9,602.4,469,93.8,51.2,HOLD_RPM,6.67,456.61,501.10,0,0.0,4469,0,2066.7,2190.0
31.5500,1647968,2000.0,2183.2,31.619,20.597,13.14,8.56,680.9,680.9,602.4,489,97.8,51.2,HOLD_RPM,6.67,456.78,463.45,0,0.0,4472,0,2183.2,2183.2
31.6000,1648018,2000.0,2183.2,32.209,20.597,13.39,8.56,1055.9,1055.9,602.4,498,99.6,51.2,HOLD_RPM,18.32,457.24,498.85,0,0.0,4472,0,2183.2,2132.8
31.6500,1648068,2000.0,2096.5,32.209,21.260,12.86,8.49,1055.9,1055.9,824.8,492,98.4,162.4,HOLD_RPM,18.32,457.69,476.01,0,0.0,4474,0,2096.5,2009.0
31.7000,1648118,2000.0,2096.5,32.209,21.260,12.86,8.49,1055.9,1055.9,824.8,475,95.0,162.4,HOLD_RPM,9.65,457.93,450.25,0,0.0,4475,0,2096.5,1858.6
31.7500,1648168,2000.0,1826.6,26.641,15.325,9.27,5.33,771.9,771.9,824.8,458,91.6,162.4,HOLD_RPM,9.65,458.18,467.83,0,0.0,4476,0,1826.6,1740.7
31.8000,1648218,2000.0,1826.6,26.641,15.325,9.27,5.33,771.9,771.9,575.4,445,89.0,37.7,HOLD_RPM,-17.34,457.74,386.42,0,0.0,4476,0,1826.6,1692.6
31.8500,1648268,2000.0,1693.6,26.641,13.290,8.59,4.29,771.9,771.9,575.4,424,84.8,37.7,HOLD_RPM,-17.34,457.31,439.97,0,0.0,4476,0,1693.6,1691.9
31.9000,1648318,2000.0,1693.6,29.864,13.290,9.63,4.29,1100.0,1100.0,575.4,408,81.6,37.7,HOLD_RPM,-30.64,456.54,399.28,0,0.0,4477,0,1693.6,1717.2
31.9500,1648368,2000.0,1726.1,29.864,13.651,9.81,4.49,1100.0,1100.0,575.4,400,80.0,37.7,HOLD_RPM,-30.64,455.78,425.13,0,0.0,4477,0,1726.1,1751.4
32.0000,1648418,2000.0,1726.1,29.864,13.651,9.81,4.49,1100.0,1100.0,500.8,406,81.2,0.4,HOLD_RPM,-27.39,455.09,434.20,0,0.0,4477,0,1726.1,1804.0
32.0500,1648468,2000.0,1811.4,29.864,14.892,10.30,5.14,1100.0,1100.0,500.8,420,84.0,0.4,HOLD_RPM,-27.39,454.41,427.01,0,0.0,4477,0,1811.4,1840.4
32.1000,1648518,2000.0,1811.4,30.874,14.892,10.65,5.14,932.2,932.2,500.8,434,86.8,0.4,HOLD_RPM,-18.86,453.94,452.15,0,0.0,4477,0,1811.4,1889.0
32.1500,1648568,2000.0,1898.5,30.874,17.375,11.16,6.28,932.2,932.2,547.4,447,89.4,23.7,HOLD_RPM,-18.86,453.46,434.61,0,0.0,4478,0,1898.5,1922.3
32.2000,1648618,2000.0,1898.5,30.874,17.375,11.16,6.28,932.2,932.2,547.4,457,91.4,23.7,HOLD_RPM,-10.15,453.21,460.48,0,0.0,4478,0,1898.5,1911.4
32.2500,1648668,2000.0,1902.9,29.879,17.507,10.83,6.34,827.5,827.5,547.4,458,91.6,23.7,HOLD_RPM,-10.15,452.96,442.81,0,0.0,4478,0,1902.9,1889.9
32.3000,1648718,2000.0,1902.9,29.879,17.507,10.83,6.34,827.5,827.5,641.4,447,89.4,70.7,HOLD_RPM,-9.71,452.71,443.88,0,0.0,4478,0,1902.9,1841.0
32.3500,1648768,2000.0,1831.7,29.879,15.471,10.42,5.40,827.5,827.5,641.4,441,88.2,70.7,HOLD_RPM,-9.71,452.47,442.76,0,0.0,4478,0,1831.7,1804.1
32.4000,1648818,2000.0,1831.7,34.179,15.471,11.92,5.40,906.9,906.9,641.4,435,87.0,70.7,HOLD_RPM,-16.83,452.05,420.98,0,0.0,4478,0,1831.7,1804.0
32.4500,1648868,2000.0,1805.7,34.179,14.729,11.75,5.06,906.9,906.9,523.8,424,84.8,11.9,HOLD_RPM,-16.83,451.63,434.80,0,0.0,4478,0,1805.7,1811.5
32.5000,1648918,2000.0,1805.7,34.179,14.729,11.75,5.06,906.9,906.9,523.8,426,85.2,11.9,HOLD_RPM,-19.43,451.14,426.50,0,0.0,4478,0,1805.7,1835.6
32.5500,1648968,2000.0,1845.2,28.794,15.856,10.12,5.57,735.3,735.3,523.8,430,86.0,11.9,HOLD_RPM,-19.43,450.66,431.22,0,0.0,4478,0,1845.2,1866.9
32.6000,1649018,2000.0,1845.2,28.794,15.856,10.12,5.57,735.3,735.3,523.8,436,87.2,11.9,HOLD_RPM,-15.48,450.27,442.70,0,0.0,4480,0,1845.2,1897.0
32.6500,1649068,2000.0,1904.9,28.794,17.568,10.44,6.37,735.3,735.3,522.4,441,88.2,11.2,HOLD_RPM,-15.48,449.88,434.40,0,0.0,4480,0,1904.9,1917.8
32.7000,1649118,2000.0,1904.9,28.794,17.568,10.44,6.37,735.3,735.3,522.4,437,87.4,11.2,HOLD_RPM,-9.51,449.65,452.08,0,0.0,4480,0,1904.9,1924.7
32.7500,1649168,2000.0,1923.4,23.130,18.135,8.47,6.64,885.3,885.3,522.4,443,88.6,11.2,HOLD_RPM,-9.51,449.41,439.90,0,0.0,4480,0,1923.4,1923.8
32.8000,1649218,2000.0,1923.4,23.130,18.135,8.47,6.64,885.3,885.3,550.9,442,88.4,25.4,HOLD_RPM,-7.66,449.22,445.27,0,0.0,4480,0,1923.4,1924.6
32.8500,1649268,2000.0,1928.4,23.130,18.288,8.49,6.71,885.3,885.3,550.9,443,88.6,25.4,HOLD_RPM,-7.66,449.03,441.37,0,0.0,4480,0,1928.4,1933.6
32.9000,1649318,2000.0,1928.4,21.028,18.288,7.72,6.71,810.6,810.6,550.9,442,88.4,25.4,HOLD_RPM,-7.16,448.85,442.69,0,0.0,4480,0,1928.4,1930.5
32.9500,1649368,2000.0,1932.2,21.028,18.405,7.74,6.77,810.6,810.6,561.1,441,88.2,30.6,HOLD_RPM,-7.16,448.67,441.51,0,0.0,4481,0,1932.2,1933.7
33.0000,1649418,2000.0,1932.2,21.028,18.405,7.74,6.77,810.6,810.6,561.1,442,88.4,30.6,HOLD_RPM,-6.78,448.50,442.47,0,0.0,4481,0,1932.2,1922.5
33.0500,1649468,2000.0,1920.1,28.212,18.034,10.31,6.59,1005.6,1005.6,561.1,441,88.2,30.6,HOLD_RPM,-6.78,448.33,441.55,0,0.0,4481,0,1920.1,1911.6
33.1000,1649518,2000.0,1920.1,28.212,18.034,10.31,6.59,1005.6,1005.6,555.5,437,87.4,27.8,HOLD_RPM,-7.99,448.13,437.72,0,0.0,4481,0,1920.1,1901.1
33.1500,1649568,2000.0,1900.3,28.212,17.427,10.21,6.31,1005.6,1005.6,555.5,439,87.8,27.8,HOLD_RPM,-7.99,447.93,439.94,0,0.0,4481,0,1900.3,1901.5
33.2000,1649618,2000.0,1900.3,25.121,17.427,9.09,6.31,916.2,916.2,555.5,434,86.8,27.8,HOLD_RPM,-9.97,447.68,433.75,0,0.0,4481,0,1900.3,1898.7
33.2500,1649668,2000.0,1898.7,25.121,17.381,9.08,6.28,916.2,916.2,524.0,437,87.4,12.0,HOLD_RPM,-9.97,447.43,437.46,0,0.0,4482,0,1898.7,1897.5
33.3000,1649718,2000.0,1898.7,25.121,17.381,9.08,6.28,916.2,916.2,524.0,436,87.2,12.0,HOLD_RPM,-10.13,447.18,436.71,0,0.0,4484,0,1898.7,1904.6
33.3500,1649768,2000.0,1910.9,28.263,17.752,10.28,6.46,913.8,913.8,524.0,436,87.2,12.0,HOLD_RPM,-10.13,446.92,436.79,0,0.0,4484,0,1910.9,1919.0
33.4000,1649818,2000.0,1910.9,28.263,17.752,10.28,6.46,913.8,913.8,524.0,440,88.0,12.0,HOLD_RPM,-8.91,446.70,440.24,0,0.0,4484,0,1910.9,1921.0
33.4500,1649868,2000.0,1924.4,28.263,18.166,10.36,6.66,913.8,913.8,533.5,437,87.4,16.8,HOLD_RPM,-8.91,446.48,437.57,0,0.0,4484,0,1924.4,1931.2
33.5000,1649918,2000.0,1924.4,28.263,18.166,10.36,6.66,913.8,913.8,533.5,441,88.2,16.8,HOLD_RPM,-7.56,446.29,441.44,0,0.0,4484,0,1924.4,1942.5
33.5500,1649968,2000.0,1945.9,20.003,18.824,7.41,6.97,726.9,726.9,533.5,438,87.6,16.8,HOLD_RPM,-7.56,446.10,438.54,0,0.0,4485,0,1945.9,1953.3
33.6000,1650018,2000.0,1945.9,20.003,18.824,7.41,6.97,726.9,726.9,537.4,443,88.6,18.7,HOLD_RPM,-5.41,445.97,444.84,0,0.0,4485,0,1945.9,1962.3
33.6500,1650068,2000.0,1963.0,20.003,19.348,7.48,7.23,726.9,726.9,537.4,440,88.0,18.7,HOLD_RPM,-5.41,445.83,440.42,0,0.0,4486,0,1963.0,1962.8
33.7000,1650118,2000.0,1963.0,13.084,19.348,4.89,7.23,619.3,619.3,537.4,444,88.8,18.7,HOLD_RPM,-3.70,445.74,445.47,0,0.0,4486,0,1963.0,1958.7
33.7500,1650168,2000.0,1956.8,13.084,19.158,4.87,7.14,619.3,619.3,556.6,441,88.2,28.3,HOLD_RPM,-3.70,445.65,441.95,0,0.0,4486,0,1956.8,1952.9
33.8000,1650218,2000.0,1956.8,13.084,19.158,4.87,7.14,619.3,619.3,556.6,439,87.8,28.3,HOLD_RPM,-4.32,445.54,439.97,0,0.0,4486,0,1956.8,1952.4
33.8500,1650268,2000.0,1949.8,8.910,18.944,3.31,7.03,639.1,639.1,556.6,441,88.2,28.3,HOLD_RPM,-4.32,445.43,441.11,0,0.0,4486,0,1949.8,1944.0
33.9000,1650318,2000.0,1949.8,8.910,18.944,3.31,7.03,639.1,639.1,540.8,438,87.6,20.4,HOLD_RPM,-5.02,445.30,438.88,0,0.0,4486,0,1949.8,1944.6
33.9500,1650368,2000.0,1940.8,8.910,18.668,3.29,6.90,639.1,639.1,540.8,440,88.0,20.4,HOLD_RPM,-5.02,445.18,440.16,0,0.0,4487,0,1940.8,1935.8
34.0000,1650418,2000.0,1940.8,5.930,18.668,2.19,6.90,772.2,772.2,540.8,437,87.4,20.4,HOLD_RPM,-5.92,445.03,437.31,0,0.0,4487,0,1940.8,1930.8
34.0500,1650468,2000.0,1928.9,5.930,18.304,2.18,6.72,772.2,772.2,540.8,438,87.6,20.4,HOLD_RPM,-5.92,444.88,438.96,0,0.0,4487,0,1928.9,1926.1
34.1000,1650518,2000.0,1928.9,5.930,18.304,2.18,6.72,772.2,772.2,531.5,435,87.0,15.8,HOLD_RPM,-7.11,444.70,435.21,0,0.0,4488,0,1928.9,1926.2
34.1500,1650568,2000.0,1925.0,5.930,18.184,2.17,6.66,772.2,772.2,531.5,437,87.4,15.8,HOLD_RPM,-7.11,444.53,437.41,0,0.0,4489,0,1925.0,1925.1
34.2000,1650618,2000.0,1925.0,9.161,18.184,3.36,6.66,881.2,881.2,531.5,436,87.2,15.8,HOLD_RPM,-7.50,444.34,436.07,0,0.0,4490,0,1925.0,1929.6
34.2500,1650668,2000.0,1931.0,9.161,18.368,3.37,6.75,881.2,881.2,528.1,436,87.2,14.1,HOLD_RPM,-7.50,444.15,436.65,0,0.0,4490,0,1931.0,1935.0
34.3000,1650718,2000.0,1931.0,9.161,18.368,3.37,6.75,881.2,881.2,528.1,438,87.6,14.1,HOLD_RPM,-6.90,443.98,438.27,0,0.0,4491,0,1931.0,1939.0
34.3500,1650768,2000.0,1942.4,11.285,18.717,4.17,6.92,981.2,981.2,528.1,436,87.2,14.1,HOLD_RPM,-6.90,443.81,436.90,0,0.0,4491,0,1942.4,1946.0
34.4000,1650818,2000.0,1942.4,11.285,18.717,4.17,6.92,981.2,981.2,529.2,440,88.0,14.6,HOLD_RPM,-5.76,443.66,440.18,0,0.0,4491,0,1942.4,1949.8
34.4500,1650868,2000.0,1945.7,11.285,18.818,4.18,6.97,981.2,981.2,529.2,437,87.4,14.6,HOLD_RPM,-5.76,443.52,437.75,0,0.0,4491,0,1945.7,1941.3
34.5000,1650918,2000.0,1945.7,14.169,18.818,5.25,6.97,940.9,940.9,529.2,438,87.6,14.6,HOLD_RPM,-5.43,443.38,438.62,0,0.0,4492,0,1945.7,1942.4
34.5500,1650968,2000.0,1939.2,14.169,18.619,5.23,6.87,940.9,940.9,531.0,437,87.4,15.5,HOLD_RPM,-5.43,443.25,437.82,0,0.0,4492,0,1939.2,1936.4
34.6000,1651018,2000.0,1939.2,14.169,18.619,5.23,6.87,940.9,940.9,531.0,435,87.0,15.5,HOLD_RPM,-6.08,443.09,435.72,0,0.0,4495,0,1939.2,1942.2
34.6500,1651068,2000.0,1943.4,6.756,18.748,2.50,6.94,670.6,670.6,531.0,436,87.2,15.5,HOLD_RPM,-6.08,442.94,436.86,0,0.0,4495,0,1943.4,1946.6
34.7000,1651118,2000.0,1943.4,6.756,18.748,2.50,6.94,670.6,670.6,526.6,437,87.4,13.3,HOLD_RPM,-5.66,442.80,437.98,0,0.0,4495,0,1943.4,1950.1
34.7500,1651168,2000.0,1951.7,6.756,19.002,2.51,7.06,670.6,670.6,526.6,436,87.2,13.3,HOLD_RPM,-5.66,442.66,437.00,0,0.0,4495,0,1951.7,1955.9
34.8000,1651218,2000.0,1951.7,2.309,19.002,0.86,7.06,715.3,715.3,526.6,439,87.8,13.3,HOLD_RPM,-4.83,442.54,439.37,0,0.0,4496,0,1951.7,1967.4
34.8500,1651268,2000.0,1971.9,2.309,19.621,0.87,7.37,715.3,715.3,526.6,437,87.4,13.3,HOLD_RPM,-4.83,442.42,437.59,0,0.0,4496,0,1971.9,1979.4
34.9000,1651318,2000.0,1971.9,2.309,19.621,0.87,7.37,715.3,715.3,525.2,442,88.4,12.6,HOLD_RPM,-2.81,442.35,443.58,0,0.0,4497,0,1971.9,1987.3
34.9500,1651368,2000.0,1986.9,2.309,20.081,0.87,7.60,715.3,715.3,525.2,439,87.8,12.6,HOLD_RPM,-2.81,442.28,439.47,0,0.0,4497,0,1986.9,1987.7
35.0000,1651418,2000.0,1986.9,1.652,20.081,0.63,7.60,884.1,884.1,525.2,443,88.6,12.6,HOLD_RPM,-1.31,442.24,443.93,0,0.0,4498,0,1986.9,1985.0
35.0500,1651468,2000.0,1983.6,1.652,19.980,0.62,7.55,884.1,884.1,533.5,440,88.0,16.8,HOLD_RPM,-1.31,442.21,440.90,0,0.0,4499,0,1983.6,1981.0
35.1000,1651518,2000.0,1983.6,1.652,19.980,0.62,7.55,884.1,884.1,533.5,439,87.8,16.8,HOLD_RPM,-1.64,442.17,439.87,0,0.0,4500,0,1983.6,1984.8
35.1500,1651568,2000.0,1986.4,8.784,20.065,3.32,7.59,1049.4,1049.4,533.5,440,88.0,16.8,HOLD_RPM,-1.64,442.13,440.49,0,0.0,4500,0,1986.4,1988.4
35.2000,1651618,2000.0,1986.4,8.784,20.065,3.32,7.59,1049.4,1049.4,534.6,441,88.2,17.3,HOLD_RPM,-1.36,442.10,441.31,0,0.0,4500,0,1986.4,1988.3
35.2500,1651668,2000.0,1985.9,8.784,20.050,3.32,7.58,1049.4,1049.4,534.6,440,88.0,17.3,HOLD_RPM,-1.36,442.06,440.71,0,0.0,4501,0,1985.9,1982.6
35.3000,1651718,2000.0,1985.9,11.263,20.050,4.26,7.58,731.2,731.2,534.6,440,88.0,17.3,HOLD_RPM,-1.41,442.03,440.52,0,0.0,4502,0,1985.9,1976.5
35.3500,1651768,2000.0,1971.5,11.263,19.609,4.23,7.36,731.2,731.2,529.9,440,88.0,14.9,HOLD_RPM,-1.41,441.99,440.59,0,0.0,4503,0,1971.5,1965.5
35.4000,1651818,2000.0,1971.5,11.263,19.609,4.23,7.36,731.2,731.2,529.9,436,87.2,14.9,HOLD_RPM,-2.85,441.92,436.17,0,0.0,4504,0,1971.5,1966.5
35.4500,1651868,2000.0,1968.7,13.549,19.523,5.08,7.32,742.2,742.2,529.9,438,87.6,14.9,HOLD_RPM,-2.85,441.85,438.99,0,0.0,4504,0,1968.7,1971.5
35.5000,1651918,2000.0,1968.7,13.549,19.523,5.08,7.32,742.2,742.2,529.9,438,87.6,14.9,HOLD_RPM,-3.13,441.77,438.10,0,0.0,4504,0,1968.7,1974.1
35.5500,1651968,2000.0,1976.5,13.549,19.762,5.10,7.44,742.2,742.2,524.8,438,87.6,12.4,HOLD_RPM,-3.13,441.69,438.57,0,0.0,4504,0,1976.5,1982.0
35.6000,1652018,2000.0,1976.5,13.549,19.762,5.10,7.44,742.2,742.2,524.8,440,88.0,12.4,HOLD_RPM,-2.35,441.63,440.82,0,0.0,4504,0,1976.5,1982.9
35.6500,1652068,2000.0,1981.6,19.081,19.918,7.20,7.52,1022.2,1022.2,524.8,439,87.8,12.4,HOLD_RPM,-2.35,441.57,439.22,0,0.0,4504,0,1981.6,1979.3
35.7000,1652118,2000.0,1981.6,19.081,19.918,7.20,7.52,1022.2,1022.2,527.3,440,88.0,13.6,HOLD_RPM,-1.84,441.53,440.73,0,0.0,4504,0,1981.6,1982.6
35.7500,1652168,2000.0,1982.1,19.081,19.934,7.20,7.52,1022.2,1022.2,527.3,439,87.8,13.6,HOLD_RPM,-1.84,441.48,439.65,0,0.0,4506,0,1982.1,1983.4
35.8000,1652218,2000.0,1982.1,20.659,19.934,7.80,7.52,952.8,952.8,527.3,439,87.8,13.6,HOLD_RPM,-1.79,441.44,439.75,0,0.0,4506,0,1982.1,1970.8
35.8500,1652268,2000.0,1977.0,20.659,19.777,7.78,7.44,952.8,952.8,524.6,439,87.8,12.3,HOLD_RPM,-1.79,441.39,439.61,0,0.0,4507,0,1977.0,1984.7
35.9000,1652318,2000.0,1977.0,20.659,19.777,7.78,7.44,952.8,952.8,524.6,438,87.6,12.3,HOLD_RPM,-2.30,441.34,438.02,0,0.0,4507,0,1977.0,1993.0
35.9500,1652368,2000.0,1993.4,11.941,20.280,4.53,7.70,587.2,587.2,524.6,438,87.6,12.3,HOLD_RPM,-2.30,441.28,438.98,0,0.0,4507,0,1993.4,1998.0
36.0000,1652418,2000.0,1993.4,11.941,20.280,4.53,7.70,587.2,587.2,524.2,442,88.4,12.1,HOLD_RPM,-0.66,441.26,443.89,0,0.0,4508,0,1993.4,2006.0
36.0500,1652468,2000.0,2005.8,11.941,20.529,4.56,7.84,587.2,587.2,524.2,440,88.0,12.1,HOLD_RPM,-0.66,441.25,440.59,0,0.0,4509,0,2005.8,2006.4
36.1000,1652518,2000.0,2005.8,11.749,20.529,4.49,7.84,932.2,932.2,524.2,444,88.8,12.1,HOLD_RPM,0.58,441.26,444.32,0,0.0,4510,0,2005.8,2008.9
36.1500,1652568,2000.0,2010.0,11.749,20.563,4.50,7.87,932.2,932.2,526.2,441,88.2,13.1,HOLD_RPM,0.58,441.28,441.86,0,0.0,4510,0,2010.0,2010.9
36.2000,1652618,2000.0,2010.0,11.749,20.563,4.50,7.87,932.2,932.2,526.2,443,88.6,13.1,HOLD_RPM,1.00,441.30,443.15,0,0.0,4511,0,2010.0,2011.4
36.2500,1652668,2000.0,2011.5,16.293,20.575,6.24,7.88,875.9,875.9,526.2,442,88.4,13.1,HOLD_RPM,1.00,441.33,442.33,0,0.0,4511,0,2011.5,2010.1
36.3000,1652718,2000.0,2011.5,16.293,20.575,6.24,7.88,875.9,875.9,526.2,442,88.4,13.1,HOLD_RPM,1.15,441.35,442.80,0,0.0,4511,0,2011.5,2015.2
36.3500,1652768,2000.0,2019.2,16.293,20.637,6.26,7.93,875.9,875.9,525.9,442,88.4,12.9,HOLD_RPM,1.15,441.38,442.53,0,0.0,4511,0,2019.2,2025.7
36.4000,1652818,2000.0,2019.2,16.293,20.637,6.26,7.93,875.9,875.9,525.9,444,88.8,12.9,HOLD_RPM,1.92,441.43,444.89,0,0.0,4512,0,2019.2,2021.3
36.4500,1652868,2000.0,2018.8,14.899,20.634,5.73,7.93,652.5,652.5,525.9,443,88.6,12.9,HOLD_RPM,1.92,441.48,443.40,0,0.0,4512,0,2018.8,2011.3
36.5000,1652918,2000.0,2018.8,14.899,20.634,5.73,7.93,652.5,652.5,532.8,443,88.6,16.4,HOLD_RPM,1.88,441.53,443.32,0,0.0,4512,0,2018.8,2018.2
36.5500,1652968,2000.0,2011.7,14.899,20.576,5.71,7.88,652.5,652.5,532.8,443,88.6,16.4,HOLD_RPM,1.88,441.57,443.45,0,0.0,4513,0,2011.7,2002.2
36.6000,1653018,2000.0,2011.7,20.025,20.576,7.67,7.88,1115.6,1115.6,532.8,441,88.2,16.4,HOLD_RPM,1.17,441.60,441.36,0,0.0,4513,0,2011.7,1994.0
36.6500,1653068,2000.0,1992.6,20.025,20.255,7.60,7.68,1115.6,1115.6,526.4,442,88.4,13.2,HOLD_RPM,1.17,441.63,442.80,0,0.0,4514,0,1992.6,1989.7
36.7000,1653118,2000.0,1992.6,20.025,20.255,7.60,7.68,1115.6,1115.6,526.4,438,87.6,13.2,HOLD_RPM,-0.74,441.61,437.06,0,0.0,4514,0,1992.6,2000.7
36.7500,1653168,2000.0,2001.5,16.492,20.494,6.28,7.81,889.7,889.7,526.4,440,88.0,13.2,HOLD_RPM,-0.74,441.59,440.86,0,0.0,4515,0,2001.5,2004.6
36.8000,1653218,2000.0,2001.5,16.492,20.494,6.28,7.81,889.7,889.7,518.5,443,88.6,9.2,HOLD_RPM,0.15,441.60,443.53,0,0.0,4516,0,2001.5,2014.1
36.8500,1653268,2000.0,2017.1,16.492,20.620,6.33,7.92,889.7,889.7,518.5,441,88.2,9.2,HOLD_RPM,0.15,441.60,441.75,0,0.0,4516,0,2017.1,2028.6
36.9000,1653318,2000.0,2017.1,13.697,20.620,5.26,7.92,605.0,605.0,518.5,445,89.0,9.2,HOLD_RPM,1.71,441.65,446.47,0,0.0,4516,0,2017.1,2043.8
36.9500,1653368,2000.0,2051.9,13.697,20.900,5.35,8.17,605.0,605.0,523.4,443,88.6,11.7,HOLD_RPM,1.71,441.69,443.40,0,0.0,4518,0,2051.9,2061.3
37.0000,1653418,2000.0,2051.9,13.697,20.900,5.35,8.17,605.0,605.0,523.4,449,89.8,11.7,HOLD_RPM,5.19,441.82,453.96,0,0.0,4518,0,2051.9,2067.5
37.0500,1653468,2000.0,2068.4,23.078,21.033,9.09,8.28,1166.2,1166.2,523.4,452,90.4,11.7,HOLD_RPM,5.19,441.95,447.13,0,0.0,4518,0,2068.4,2073.9
37.1000,1653518,2000.0,2068.4,23.078,21.033,9.09,8.28,1166.2,1166.2,523.4,447,89.4,11.7,HOLD_RPM,6.84,442.12,452.27,0,0.0,4518,0,2068.4,2065.7
37.1500,1653568,2000.0,2064.0,23.078,20.998,9.07,8.25,1166.2,1166.2,540.5,449,89.8,20.3,HOLD_RPM,6.84,442.29,449.13,0,0.0,4518,0,2064.0,2057.9
37.2000,1653618,2000.0,2064.0,23.078,20.998,9.07,8.25,1166.2,1166.2,540.5,447,89.4,20.3,HOLD_RPM,6.40,442.45,447.98,0,0.0,4520,0,2064.0,2060.9
37.2500,1653668,2000.0,2065.7,13.947,21.012,5.49,8.26,609.4,609.4,540.5,449,89.8,20.3,HOLD_RPM,6.40,442.61,449.01,0,0.0,4520,0,2065.7,2073.6
37.3000,1653718,2000.0,2065.7,13.947,21.012,5.49,8.26,609.4,609.4,537.0,449,89.8,18.5,HOLD_RPM,6.57,442.77,449.68,0,0.0,4520,0,2065.7,2078.4
37.3500,1653768,2000.0,2082.5,13.947,21.147,5.53,8.39,609.4,609.4,537.0,449,89.8,18.5,HOLD_RPM,6.57,442.94,449.51,0,0.0,4520,0,2082.5,2088.5
37.4000,1653818,2000.0,2082.5,19.191,21.147,7.61,8.39,1189.7,1189.7,537.0,453,90.6,18.5,HOLD_RPM,8.25,443.14,454.75,0,0.0,4520,0,2082.5,2090.7
37.4500,1653868,2000.0,2093.4,19.191,21.235,7.65,8.46,1189.7,1189.7,538.0,451,90.2,19.0,HOLD_RPM,8.25,443.35,451.60,0,0.0,4520,0,2093.4,2097.8
37.5000,1653918,2000.0,2093.4,19.191,21.235,7.65,8.46,1189.7,1189.7,538.0,455,91.0,19.0,HOLD_RPM,9.34,443.58,455.10,0,0.0,4521,0,2093.4,2104.6
37.5500,1653968,2000.0,2106.3,21.603,21.236,8.66,8.52,696.2,696.2,538.0,453,90.6,19.0,HOLD_RPM,9.34,443.82,453.16,0,0.0,4521,0,2106.3,2110.7
37.6000,1654018,2000.0,2106.3,21.603,21.236,8.66,8.52,696.2,696.2,539.2,457,91.4,19.6,HOLD_RPM,10.63,444.08,457.29,0,0.0,4522,0,2106.3,2109.4
37.6500,1654068,2000.0,2109.3,21.603,21.211,8.68,8.52,696.2,696.2,539.2,454,90.8,19.6,HOLD_RPM,10.63,444.35,454.98,0,0.0,4523,0,2109.3,2109.8
37.7000,1654118,2000.0,2109.3,20.630,21.211,8.29,8.52,888.1,888.1,539.2,456,91.2,19.6,HOLD_RPM,10.93,444.62,456.16,0,0.0,4524,0,2109.3,2109.1
37.7500,1654168,2000.0,2115.3,20.630,21.161,8.31,8.52,888.1,888.1,539.2,455,91.0,19.6,HOLD_RPM,10.93,444.90,455.83,0,0.0,4524,0,2115.3,2122.2
37.8000,1654218,2000.0,2115.3,20.630,21.161,8.31,8.52,888.1,888.1,543.4,457,91.4,21.7,HOLD_RPM,11.53,445.18,457.90,0,0.0,4524,0,2115.3,2132.9
37.8500,1654268,2000.0,2135.2,20.630,20.995,8.39,8.54,888.1,888.1,543.4,456,91.2,21.7,HOLD_RPM,11.53,445.47,457.00,0,0.0,4524,0,2135.2,2143.2
37.9000,1654318,2000.0,2135.2,24.900,20.995,10.12,8.54,1069.1,1069.1,543.4,461,92.2,21.7,HOLD_RPM,13.52,445.81,463.33,0,0.0,4525,0,2135.2,2140.4
37.9500,1654368,2000.0,2143.3,24.900,20.928,10.16,8.54,1069.1,1069.1,551.8,459,91.8,25.9,HOLD_RPM,13.52,446.15,459.67,0,0.0,4525,0,2143.3,2144.3
38.0000,1654418,2000.0,2143.3,24.900,20.928,10.16,8.54,1069.1,1069.1,551.8,462,92.4,25.9,HOLD_RPM,14.33,446.51,462.46,0,0.0,4525,0,2143.3,2130.8
38.0500,1654468,2000.0,2126.9,24.708,21.064,10.01,8.53,643.8,643.8,551.8,461,92.2,25.9,HOLD_RPM,14.33,446.86,461.20,0,0.0,4525,0,2126.9,2118.1
38.1000,1654518,2000.0,2126.9,24.708,21.064,10.01,8.53,643.8,643.8,558.6,457,91.4,29.3,HOLD_RPM,12.69,447.18,456.59,0,0.0,4526,0,2126.9,2095.4
38.1500,1654568,2000.0,2092.5,24.708,21.228,9.84,8.46,643.8,643.8,558.6,460,92.0,29.3,HOLD_RPM,12.69,447.50,460.19,0,0.0,4527,0,2092.5,2081.8
38.2000,1654618,2000.0,2092.5,20.069,21.228,8.00,8.46,905.9,905.9,558.6,454,90.8,29.3,HOLD_RPM,9.25,447.73,450.11,0,0.0,4528,0,2092.5,2079.4
38.2500,1654668,2000.0,2079.8,20.069,21.125,7.95,8.37,905.9,905.9,540.9,451,90.2,20.4,HOLD_RPM,9.25,447.96,457.21,0,0.0,4530,0,2079.8,2080.2
38.3000,1654718,2000.0,2079.8,20.069,21.125,7.95,8.37,905.9,905.9,540.9,457,91.4,20.4,HOLD_RPM,7.98,448.16,453.60,0,0.0,4530,0,2079.8,2088.8
38.3500,1654768,2000.0,2098.5,16.086,21.276,6.43,8.50,709.7,709.7,540.9,456,91.2,20.4,HOLD_RPM,7.98,448.36,456.34,0,0.0,4531,0,2098.5,2115.3
38.4000,1654818,2000.0,2098.5,16.086,21.276,6.43,8.50,709.7,709.7,534.5,461,92.2,17.2,HOLD_RPM,9.85,448.61,462.20,0,0.0,4532,0,2098.5,2139.3
38.4500,1654868,2000.0,2143.1,16.086,20.930,6.56,8.54,709.7,709.7,534.5,458,91.6,17.2,HOLD_RPM,9.85,448.85,458.70,0,0.0,4532,0,2143.1,2159.4
38.5000,1654918,2000.0,2143.1,16.086,20.930,6.56,8.54,605.0,605.0,534.5,464,92.8,17.2,HOLD_RPM,14.31,449.21,472.45,0,0.0,4532,0,2143.1,2174.9
38.5500,1654968,2000.0,2173.1,16.086,20.681,6.66,8.56,605.0,605.0,534.5,471,94.2,17.2,HOLD_RPM,14.31,449.57,463.88,0,0.0,4532,0,2173.1,2173.7
38.6000,1655018,2000.0,2173.1,16.086,20.681,6.66,8.56,605.0,605.0,591.1,473,94.6,45.6,HOLD_RPM,17.31,450.00,473.32,0,0.0,4533,0,2173.1,2143.5
38.6500,1655068,2000.0,2136.0,16.086,20.989,6.54,8.54,605.0,605.0,591.1,468,93.6,45.6,HOLD_RPM,17.31,450.43,467.75,0,0.0,4534,0,2136.0,2110.5
38.7000,1655118,2000.0,2136.0,12.878,20.989,5.24,8.54,1021.2,1021.2,591.1,462,92.4,45.6,HOLD_RPM,13.60,450.77,456.95,0,0.0,4534,0,2136.0,2080.1
38.7500,1655168,2000.0,2072.1,12.878,21.063,5.08,8.31,1021.2,1021.2,557.5,457,91.4,28.8,HOLD_RPM,13.60,451.11,464.71,0,0.0,4535,0,2072.1,2055.2
38.8000,1655218,2000.0,2072.1,12.878,21.063,5.08,8.31,1021.2,1021.2,557.5,460,92.0,28.8,HOLD_RPM,7.21,451.29,445.71,0,0.0,4535,0,2072.1,2057.4
38.8500,1655268,2000.0,2062.5,17.429,20.986,6.84,8.24,815.3,815.3,557.5,458,91.6,28.8,HOLD_RPM,7.21,451.47,458.68,0,0.0,4535,0,2062.5,2075.0
38.9000,1655318,2000.0,2062.5,17.429,20.986,6.84,8.24,815.3,815.3,535.8,455,91.0,17.9,HOLD_RPM,6.25,451.63,455.97,0,0.0,4536,0,2062.5,2103.7
38.9500,1655368,2000.0,2107.8,17.429,21.223,6.99,8.52,815.3,815.3,535.8,458,91.6,17.9,HOLD_RPM,6.25,451.79,458.04,0,0.0,4536,0,2107.8,2122.9
39.0000,1655418,2000.0,2107.8,14.611,21.223,5.86,8.52,1062.2,1062.2,535.8,464,92.8,17.9,HOLD_RPM,10.78,452.06,471.88,0,0.0,4536,0,2107.8,2132.0
39.0500,1655468,2000.0,2138.2,14.611,20.971,5.95,8.54,1062.2,1062.2,568.6,470,94.0,34.3,HOLD_RPM,10.78,452.33,463.10,0,0.0,4536,0,2138.2,2149.2
39.1000,1655518,2000.0,2138.2,14.611,20.971,5.95,8.54,1062.2,1062.2,568.6,470,94.0,34.3,HOLD_RPM,13.82,452.67,472.59,0,0.0,4536,0,2138.2,2145.0
39.1500,1655568,2000.0,2139.3,23.049,20.961,9.39,8.54,1077.5,1077.5,568.6,469,93.8,34.3,HOLD_RPM,13.82,453.02,466.84,0,0.0,4537,0,2139.3,2126.4
39.2000,1655618,2000.0,2139.3,23.049,20.961,9.39,8.54,1077.5,1077.5,568.6,467,93.4,34.3,HOLD_RPM,13.93,453.37,467.51,0,0.0,4537,0,2139.3,2100.5
39.2500,1655668,2000.0,2101.0,23.049,21.280,9.22,8.51,1077.5,1077.5,579.9,467,93.4,39.9,HOLD_RPM,13.93,453.71,467.65,0,0.0,4538,0,2101.0,2094.6
39.3000,1655718,2000.0,2101.0,23.049,21.280,9.22,8.51,1077.5,1077.5,579.9,461,92.2,39.9,HOLD_RPM,10.10,453.97,456.39,0,0.0,4539,0,2101.0,2086.7
39.3500,1655768,2000.0,2086.5,16.993,21.179,6.75,8.41,614.7,614.7,579.9,458,91.6,39.9,HOLD_RPM,10.10,454.22,464.31,0,0.0,4540,0,2086.5,2083.5
39.4000,1655818,2000.0,2086.5,16.993,21.179,6.75,8.41,614.7,614.7,531.6,464,92.8,15.8,HOLD_RPM,8.65,454.44,460.19,0,0.0,4540,0,2086.5,2097.9
39.4500,1655868,2000.0,2102.0,16.993,21.271,6.80,8.51,614.7,614.7,531.6,463,92.6,15.8,HOLD_RPM,8.65,454.65,463.30,0,0.0,4542,0,2102.0,2115.8
39.5000,1655918,2000.0,2102.0,16.426,21.271,6.57,8.51,1043.1,1043.1,531.6,467,93.4,15.8,HOLD_RPM,10.20,454.91,468.20,0,0.0,4542,0,2102.0,2118.3
39.5500,1655968,2000.0,2120.6,16.426,21.117,6.63,8.53,1043.1,1043.1,553.4,465,93.0,26.7,HOLD_RPM,10.20,455.16,465.36,0,0.0,4544,0,2120.6,2120.7
39.6000,1656018,2000.0,2120.6,16.426,21.117,6.63,8.53,1043.1,1043.1,553.4,470,94.0,26.7,HOLD_RPM,12.06,455.46,471.26,0,0.0,4545,0,2120.6,2118.4
39.6500,1656068,2000.0,2121.2,18.977,21.112,7.66,8.53,759.1,759.1,553.4,467,93.4,26.7,HOLD_RPM,12.06,455.76,467.83,0,0.0,4545,0,2121.2,2130.5
39.7000,1656118,2000.0,2121.2,18.977,21.112,7.66,8.53,759.1,759.1,566.8,468,93.6,33.4,HOLD_RPM,12.12,456.07,468.31,0,0.0,4545,0,2121.2,2128.2
39.7500,1656168,2000.0,2131.4,18.977,21.027,7.70,8.53,759.1,759.1,566.8,468,93.6,33.4,HOLD_RPM,12.12,456.37,468.49,0,0.0,4545,0,2131.4,2134.6
39.8000,1656218,2000.0,2131.4,13.018,21.027,5.28,8.53,636.9,636.9,566.8,471,94.2,33.4,HOLD_RPM,13.14,456.70,471.87,0,0.0,4545,0,2131.4,2141.6
39.8500,1656268,2000.0,2144.7,13.018,20.917,5.32,8.54,636.9,636.9,572.2,470,94.0,36.1,HOLD_RPM,13.14,457.03,470.17,0,0.0,4545,0,2144.7,2148.9
39.9000,1656318,2000.0,2144.7,13.018,20.917,5.32,8.54,636.9,636.9,572.2,474,94.8,36.1,HOLD_RPM,14.47,457.39,474.53,0,0.0,4546,0,2144.7,2143.9
39.9500,1656368,2000.0,2142.4,21.065,20.936,8.59,8.54,1073.1,1073.1,572.2,472,94.4,36.1,HOLD_RPM,14.47,457.75,472.22,0,0.0,4547,0,2142.4,2135.5
40.0000,1656418,2000.0,2142.4,21.065,20.936,8.59,8.54,1073.1,1073.1,572.2,471,94.2,36.1,HOLD_RPM,14.24,458.11,471.89,0,0.0,4547,0,2142.4,2128.2
40.0500,1656468,2000.0,2126.1,21.065,21.071,8.53,8.53,1073.1,1073.1,571.2,472,94.4,35.6,HOLD_RPM,14.24,458.46,472.71,0,0.0,4547,0,2126.1,2119.8
40.1000,1656518,2000.0,2126.1,21.065,21.071,8.53,8.53,1073.1,1073.1,571.2,468,93.6,35.6,HOLD_RPM,12.61,458.78,468.12,0,0.0,4548,0,2126.1,2121.7
40.1500,1656568,2000.0,2125.6,30.321,21.075,12.27,8.53,1023.4,1023.4,571.2,471,94.2,35.6,HOLD_RPM,12.61,459.09,471.70,0,0.0,4549,0,2125.6,2133.5
40.2000,1656618,2000.0,2125.6,30.321,21.075,12.27,8.53,1023.4,1023.4,574.4,471,94.2,37.2,HOLD_RPM,12.56,459.41,471.88,0,0.0,4549,0,2125.6,2142.9
40.2500,1656668,2000.0,2145.9,30.321,20.907,12.39,8.54,1023.4,1023.4,574.4,472,94.4,37.2,HOLD_RPM,12.56,459.72,472.29,0,0.0,4549,0,2145.9,2154.4
40.3000,1656718,2000.0,2145.9,24.612,20.907,10.06,8.54,763.1,763.1,574.4,477,95.4,37.2,HOLD_RPM,14.59,460.09,478.71,0,0.0,4549,0,2145.9,2157.1
40.3500,1656768,2000.0,2156.5,24.612,20.818,10.11,8.55,763.1,763.1,593.1,475,95.0,46.6,HOLD_RPM,14.59,460.45,475.04,0,0.0,4549,0,2156.5,2152.6
40.4000,1656818,2000.0,2156.5,24.612,20.818,10.11,8.55,763.1,763.1,593.1,478,95.6,46.6,HOLD_RPM,15.65,460.84,478.62,0,0.0,4550,0,2156.5,2157.8
40.4500,1656868,2000.0,2150.5,26.139,20.868,10.70,8.54,884.4,884.4,593.1,476,95.2,46.6,HOLD_RPM,15.65,461.23,476.88,0,0.0,4551,0,2150.5,2141.7
40.5000,1656918,2000.0,2150.5,26.139,20.868,10.70,8.54,884.4,884.4,587.9,475,95.0,43.9,HOLD_RPM,15.05,461.61,475.45,0,0.0,4552,0,2150.5,2141.5
40.5500,1656968,2000.0,2144.2,26.139,20.921,10.67,8.54,884.4,884.4,587.9,477,95.4,43.9,HOLD_RPM,15.05,461.99,477.03,0,0.0,4552,0,2144.2,2147.2
40.6000,1657018,2000.0,2144.2,22.916,20.921,9.36,8.54,916.6,916.6,587.9,475,95.0,43.9,HOLD_RPM,14.42,462.35,475.51,0,0.0,4552,0,2144.2,2146.5
40.6500,1657068,2000.0,2145.9,22.916,20.907,9.36,8.54,916.6,916.6,587.9,477,95.4,43.9,HOLD_RPM,14.42,462.71,477.13,0,0.0,4552,0,2145.9,2140.4
40.7000,1657118,2000.0,2145.9,22.916,20.907,9.36,8.54,916.6,916.6,587.6,478,95.6,43.8,HOLD_RPM,14.59,463.07,478.01,0,0.0,4553,0,2145.9,2143.1
40.7500,1657168,2000.0,2145.3,22.916,20.912,9.36,8.54,916.6,916.6,587.6,478,95.6,43.8,HOLD_RPM,14.59,463.44,478.03,0,0.0,4554,0,2145.3,2150.4
40.8000,1657218,2000.0,2145.3,15.504,20.912,6.33,8.54,742.5,742.5,587.6,478,95.6,43.8,HOLD_RPM,14.53,463.80,478.19,0,0.0,4555,0,2145.3,2150.6
40.8500,1657268,2000.0,2146.6,15.504,20.901,6.34,8.54,742.5,742.5,591.4,478,95.6,45.7,HOLD_RPM,14.53,464.16,478.69,0,0.0,4555,0,2146.6,2139.2
40.9000,1657318,2000.0,2146.6,15.504,20.901,6.34,8.54,742.5,742.5,591.4,479,95.8,45.7,HOLD_RPM,14.66,464.53,479.47,0,0.0,4555,0,2146.6,2134.2
40.9500,1657368,2000.0,2129.4,10.473,21.044,4.25,8.53,387.5,387.5,591.4,479,95.8,45.7,HOLD_RPM,14.66,464.90,479.56,0,0.0,4557,0,2129.4,2120.7
41.0000,1657418,2000.0,2129.4,10.473,21.044,4.25,8.53,387.5,387.5,600.1,475,95.0,50.1,HOLD_RPM,12.94,465.22,474.71,0,0.0,4558,0,2129.4,2116.1
41.0500,1657468,2000.0,2116.2,10.473,21.153,4.22,8.52,387.5,387.5,600.1,478,95.6,50.1,HOLD_RPM,12.94,465.54,478.48,0,0.0,4558,0,2116.2,2115.3
41.1000,1657518,2000.0,2116.2,8.578,21.153,3.46,8.52,957.5,957.5,600.1,474,94.8,50.1,HOLD_RPM,11.62,465.83,474.81,0,0.0,4558,0,2116.2,2111.6
41.1500,1657568,2000.0,2117.4,8.578,21.143,3.46,8.52,957.5,957.5,578.0,477,95.4,39.0,HOLD_RPM,11.62,466.12,477.74,0,0.0,4558,0,2117.4,2122.8
41.2000,1657618,2000.0,2117.4,8.578,21.143,3.46,8.52,957.5,957.5,578.0,478,95.6,39.0,HOLD_RPM,11.74,466.42,478.40,0,0.0,4558,0,2117.4,2134.5
41.2500,1657668,2000.0,2135.1,7.870,20.996,3.20,8.54,726.9,726.9,578.0,478,95.6,39.0,HOLD_RPM,11.74,466.71,478.45,0,0.0,4558,0,2135.1,2141.3
41.3000,1657718,2000.0,2135.1,7.870,20.996,3.20,8.54,726.9,726.9,582.9,483,96.6,41.4,HOLD_RPM,13.51,467.05,484.10,0,0.0,4559,0,2135.1,2145.2
41.3500,1657768,2000.0,2144.0,7.870,20.922,3.21,8.54,726.9,726.9,582.9,480,96.0,41.4,HOLD_RPM,13.51,467.39,480.90,0,0.0,4559,0,2144.0,2142.2
41.4000,1657818,2000.0,2144.0,15.268,20.922,6.23,8.54,971.2,971.2,582.9,483,96.6,41.4,HOLD_RPM,14.40,467.75,483.94,0,0.0,4559,0,2144.0,2144.5
41.4500,1657868,2000.0,2149.8,15.268,20.874,6.25,8.54,971.2,971.2,582.9,482,96.4,41.4,HOLD_RPM,14.40,468.11,482.51,0,0.0,4561,0,2149.8,2157.3
41.5000,1657918,2000.0,2149.8,15.268,20.874,6.25,8.54,971.2,971.2,591.6,484,96.8,45.8,HOLD_RPM,14.98,468.48,484.62,0,0.0,4561,0,2149.8,2158.5
41.5500,1657968,2000.0,2157.6,15.268,20.809,6.27,8.55,971.2,971.2,591.6,483,96.6,45.8,HOLD_RPM,14.98,468.86,483.84,0,0.0,4562,0,2157.6,2159.7
41.6000,1658018,2000.0,2157.6,15.459,20.809,6.35,8.55,1081.9,1081.9,591.6,486,97.2,45.8,HOLD_RPM,15.76,469.25,486.57,0,0.0,4562,0,2157.6,2158.5
41.6500,1658068,2000.0,2159.7,15.459,20.792,6.36,8.55,1081.9,1081.9,601.6,485,97.0,50.8,HOLD_RPM,15.76,469.64,485.40,0,0.0,4562,0,2159.7,2160.1
41.7000,1658118,2000.0,2159.7,15.459,20.792,6.36,8.55,1081.9,1081.9,601.6,486,97.2,50.8,HOLD_RPM,15.97,470.04,486.43,0,0.0,4563,0,2159.7,2162.8
41.7500,1658168,2000.0,2160.0,9.795,20.789,4.03,8.55,767.5,767.5,601.6,486,97.2,50.8,HOLD_RPM,15.97,470.44,486.41,0,0.0,4564,0,2160.0,2157.3
41.8000,1658218,2000.0,2160.0,9.795,20.789,4.03,8.55,767.5,767.5,603.0,486,97.2,51.5,HOLD_RPM,16.00,470.84,486.90,0,0.0,4564,0,2160.0,2158.4
41.8500,1658268,2000.0,2156.7,9.795,20.817,4.02,8.55,767.5,767.5,603.0,487,97.4,51.5,HOLD_RPM,16.00,471.24,487.24,0,0.0,4564,0,2156.7,2154.9
41.9000,1658318,2000.0,2156.7,7.125,20.817,2.93,8.55,642.2,642.2,603.0,486,97.2,51.5,HOLD_RPM,15.67,471.63,486.66,0,0.0,4565,0,2156.7,2154.7
41.9500,1658368,2000.0,2150.1,7.125,20.872,2.92,8.54,642.2,642.2,601.0,487,97.4,50.5,HOLD_RPM,15.67,472.03,487.70,0,0.0,4565,0,2150.1,2144.5
42.0000,1658418,2000.0,2150.1,7.125,20.872,2.92,8.54,642.2,642.2,601.0,486,97.2,50.5,HOLD_RPM,15.01,472.40,486.09,0,0.0,4565,0,2150.1,2136.4
42.0500,1658468,2000.0,2133.7,10.141,21.008,4.12,8.53,1020.9,1020.9,601.0,487,97.4,50.5,HOLD_RPM,15.01,472.78,487.79,0,0.0,4565,0,2133.7,2128.1
42.1000,1658518,2000.0,2133.7,10.141,21.008,4.12,8.53,1020.9,1020.9,601.0,483,96.6,50.5,HOLD_RPM,13.37,473.11,483.19,0,0.0,4566,0,2133.7,2128.2
42.1500,1658568,2000.0,2126.4,10.141,21.069,4.11,8.53,1020.9,1020.9,600.8,486,97.2,50.4,HOLD_RPM,13.37,473.44,486.81,0,0.0,4566,0,2126.4,2124.9
42.2000,1658618,2000.0,2126.4,10.141,21.069,4.11,8.53,1020.9,1020.9,600.8,484,96.8,50.4,HOLD_RPM,12.64,473.76,484.95,0,0.0,4566,0,2126.4,2127.9
42.2500,1658668,2000.0,2125.3,12.583,21.078,5.09,8.53,1026.9,1026.9,600.8,486,97.2,50.4,HOLD_RPM,12.64,474.08,486.72,0,0.0,4567,0,2125.3,2122.0
42.3000,1658718,2000.0,2125.3,12.583,21.078,5.09,8.53,1026.9,1026.9,606.3,486,97.2,53.1,HOLD_RPM,12.53,474.39,486.70,0,0.0,4567,0,2125.3,2121.3
42.3500,1658768,2000.0,2117.4,12.583,21.143,5.07,8.52,1026.9,1026.9,606.3,487,97.4,53.1,HOLD_RPM,12.53,474.70,487.23,0,0.0,4567,0,2117.4,2109.7
42.4000,1658818,2000.0,2117.4,13.379,21.143,5.39,8.52,778.4,778.4,606.3,485,97.0,53.1,HOLD_RPM,11.74,475.00,485.16,0,0.0,4567,0,2117.4,2107.6
42.4500,1658868,2000.0,2103.4,13.379,21.260,5.36,8.51,778.4,778.4,602.4,487,97.4,51.2,HOLD_RPM,11.74,475.29,487.03,0,0.0,4567,0,2103.4,2098.6
42.5000,1658918,2000.0,2103.4,13.379,21.260,5.36,8.51,778.4,778.4,602.4,483,96.6,51.2,HOLD_RPM,10.34,475.55,483.07,0,0.0,4568,0,2103.4,2089.8
42.5500,1658968,2000.0,2091.2,25.579,21.217,10.18,8.45,938.8,938.8,602.4,486,97.2,51.2,HOLD_RPM,10.34,475.81,486.14,0,0.0,4569,0,2091.2,2089.7
42.6000,1659018,2000.0,2091.2,25.579,21.217,10.18,8.45,938.8,938.8,604.2,482,96.4,52.1,HOLD_RPM,9.12,476.04,482.72,0,0.0,4569,0,2091.2,2091.2
42.6500,1659068,2000.0,2091.5,25.579,21.220,10.19,8.45,938.8,938.8,604.2,485,97.0,52.1,HOLD_RPM,9.12,476.26,485.38,0,0.0,4570,0,2091.5,2091.2
42.7000,1659118,2000.0,2091.5,30.152,21.220,12.01,8.45,1164.4,1164.4,604.2,485,97.0,52.1,HOLD_RPM,9.15,476.49,485.72,0,0.0,4570,0,2091.5,2092.7
42.7500,1659168,2000.0,2090.0,30.152,21.207,12.00,8.44,1164.4,1164.4,598.5,485,97.0,49.2,HOLD_RPM,9.15,476.72,485.88,0,0.0,4571,0,2090.0,2086.5
42.8000,1659218,2000.0,2090.0,30.152,21.207,12.00,8.44,1164.4,1164.4,598.5,485,97.0,49.2,HOLD_RPM,9.00,476.95,485.65,0,0.0,4571,0,2090.0,2087.6
42.8500,1659268,2000.0,2082.3,33.035,21.145,13.10,8.38,857.2,857.2,598.5,486,97.2,49.2,HOLD_RPM,9.00,477.17,486.18,0,0.0,4571,0,2082.3,2076.6
42.9000,1659318,2000.0,2082.3,33.035,21.145,13.10,8.38,857.2,857.2,598.5,484,96.8,49.2,HOLD_RPM,8.23,477.38,484.07,0,0.0,4571,0,2082.3,2083.6
42.9500,1659368,2000.0,2082.6,33.035,21.148,13.10,8.39,857.2,857.2,589.9,485,97.0,44.9,HOLD_RPM,8.23,477.58,485.82,0,0.0,4572,0,2082.6,2083.3
43.0000,1659418,2000.0,2082.6,33.035,21.148,13.10,8.39,857.2,857.2,589.9,486,97.2,44.9,HOLD_RPM,8.26,477.79,486.11,0,0.0,4572,0,2082.6,2088.0
43.0500,1659468,2000.0,2086.6,32.246,21.180,12.81,8.41,935.3,935.3,589.9,486,97.2,44.9,HOLD_RPM,8.26,478.00,486.26,0,0.0,4574,0,2086.6,2085.8
43.1000,1659518,2000.0,2086.6,32.246,21.180,12.81,8.41,935.3,935.3,598.6,487,97.4,49.3,HOLD_RPM,8.66,478.21,487.67,0,0.0,4575,0,2086.6,2081.2
43.1500,1659568,2000.0,2083.7,32.246,21.157,12.79,8.39,935.3,935.3,598.6,487,97.4,49.3,HOLD_RPM,8.66,478.43,487.09,0,0.0,4575,0,2083.7,2085.3
43.2000,1659618,2000.0,2083.7,25.070,21.157,9.95,8.39,757.8,757.8,598.6,486,97.2,49.3,HOLD_RPM,8.37,478.64,486.44,0,0.0,4575,0,2083.7,2082.5
43.2500,1659668,2000.0,2080.8,25.070,21.133,9.93,8.37,757.8,757.8,598.8,487,97.4,49.4,HOLD_RPM,8.37,478.85,487.22,0,0.0,4575,0,2080.8,2078.9
43.3000,1659718,2000.0,2080.8,25.070,21.133,9.93,8.37,757.8,757.8,598.8,486,97.2,49.4,HOLD_RPM,8.08,479.05,486.55,0,0.0,4575,0,2080.8,2081.6
43.3500,1659768,2000.0,2082.4,32.866,21.146,13.03,8.38,1119.7,1119.7,598.8,487,97.4,49.4,HOLD_RPM,8.08,479.25,487.34,0,0.0,4575,0,2082.4,2082.5
43.4000,1659818,2000.0,2082.4,32.866,21.146,13.03,8.38,1119.7,1119.7,601.8,487,97.4,50.9,HOLD_RPM,8.24,479.46,488.00,0,0.0,4576,0,2082.4,2082.9
43.4500,1659868,2000.0,2082.1,32.866,21.144,13.03,8.38,1119.7,1119.7,601.8,487,97.4,50.9,HOLD_RPM,8.24,479.66,487.90,0,0.0,4576,0,2082.1,2079.9
43.5000,1659918,2000.0,2082.1,34.761,21.144,13.78,8.38,727.8,727.8,601.8,488,97.6,50.9,HOLD_RPM,8.21,479.87,488.02,0,0.0,4576,0,2082.1,2078.1
43.5500,1659968,2000.0,2077.4,34.761,21.106,13.75,8.35,727.8,727.8,601.8,488,97.6,50.9,HOLD_RPM,8.21,480.07,488.28,0,0.0,4577,0,2077.4,2076.7
43.6000,1660018,2000.0,2077.4,34.761,21.106,13.75,8.35,727.8,727.8,605.0,487,97.4,52.5,HOLD_RPM,7.74,480.27,487.06,0,0.0,4578,0,2077.4,2068.0
43.6500,1660068,2000.0,2069.7,34.761,21.044,13.70,8.29,727.8,727.8,605.0,488,97.6,52.5,HOLD_RPM,7.74,480.46,488.20,0,0.0,4579,0,2069.7,2074.5
43.7000,1660118,2000.0,2069.7,33.139,21.044,13.06,8.29,947.5,947.5,605.0,486,97.2,52.5,HOLD_RPM,6.97,480.64,486.06,0,0.0,4580,0,2069.7,2079.2
43.7500,1660168,2000.0,2080.1,33.139,21.128,13.12,8.37,947.5,947.5,599.4,487,97.4,49.7,HOLD_RPM,6.97,480.81,487.78,0,0.0,4580,0,2080.1,2081.4
43.8000,1660218,2000.0,2080.1,33.139,21.128,13.12,8.37,947.5,947.5,599.4,491,98.2,49.7,HOLD_RPM,8.01,481.01,491.09,0,0.0,4581,0,2080.1,2087.2
43.8500,1660268,2000.0,2087.0,25.446,21.183,10.11,8.42,679.4,679.4,599.4,489,97.8,49.7,HOLD_RPM,8.01,481.21,489.22,0,0.0,4581,0,2087.0,2086.0
43.9000,1660318,2000.0,2087.0,25.446,21.183,10.11,8.42,679.4,679.4,604.1,491,98.2,52.1,HOLD_RPM,8.70,481.43,491.52,0,0.0,4582,0,2087.0,2082.8
43.9500,1660368,2000.0,2083.5,25.446,21.155,10.09,8.39,679.4,679.4,604.1,490,98.0,52.1,HOLD_RPM,8.70,481.64,490.35,0,0.0,4583,0,2083.5,2086.9
44.0000,1660418,2000.0,2083.5,30.137,21.155,11.96,8.39,990.3,990.3,604.1,489,97.8,52.1,HOLD_RPM,8.35,481.85,489.48,0,0.0,4585,0,2083.5,2080.3
44.0500,1660468,2000.0,2084.2,30.137,21.161,11.96,8.40,990.3,990.3,602.4,490,98.0,51.2,HOLD_RPM,8.35,482.06,490.41,0,0.0,4586,0,2084.2,2088.3
44.1000,1660518,2000.0,2084.2,30.137,21.161,11.96,8.40,990.3,990.3,602.4,490,98.0,51.2,HOLD_RPM,8.42,482.27,490.84,0,0.0,4586,0,2084.2,2092.5
44.1500,1660568,2000.0,2093.0,26.707,21.232,10.64,8.46,783.8,783.8,602.4,490,98.0,51.2,HOLD_RPM,8.42,482.48,490.90,0,0.0,4587,0,2093.0,2093.3
44.2000,1660618,2000.0,2093.0,26.707,21.232,10.64,8.46,783.8,783.8,608.0,493,98.6,54.0,HOLD_RPM,9.30,482.72,493.79,0,0.0,4588,0,2093.0,2106.3
44.2500,1660668,2000.0,2106.8,26.707,21.231,10.71,8.52,783.8,783.8,608.0,492,98.4,54.0,HOLD_RPM,9.30,482.95,492.25,0,0.0,4588,0,2106.8,2110.7
44.3000,1660718,2000.0,2106.8,23.373,21.231,9.38,8.52,1013.8,1013.8,608.0,496,99.2,54.0,HOLD_RPM,10.68,483.21,496.64,0,0.0,4590,0,2106.8,2113.9
44.3500,1660768,2000.0,2117.2,23.373,21.145,9.42,8.52,1013.8,1013.8,608.0,494,98.8,54.0,HOLD_RPM,10.68,483.48,494.16,0,0.0,4591,0,2117.2,2125.5
44.4000,1660818,2000.0,2117.2,23.373,21.145,9.42,8.52,1013.8,1013.8,615.5,497,99.4,57.8,HOLD_RPM,11.72,483.77,497.59,0,0.0,4591,0,2117.2,2131.9
44.4500,1660868,2000.0,2134.5,23.373,21.001,9.50,8.54,1013.8,1013.8,615.5,495,99.0,57.8,HOLD_RPM,11.72,484.07,495.79,0,0.0,4591,0,2134.5,2138.5
44.5000,1660918,2000.0,2134.5,23.189,21.001,9.42,8.54,849.1,849.1,615.5,499,99.8,57.8,HOLD_RPM,13.45,484.07,500.98,0,0.0,4594,0,2134.5,2139.2
44.5500,1660968,2000.0,2138.6,23.189,20.967,9.44,8.54,849.1,849.1,619.9,497,99.4,59.9,HOLD_RPM,13.45,484.40,497.86,0,0.0,4595,0,2138.6,2138.7
44.6000,1661018,2000.0,2138.6,23.189,20.967,9.44,8.54,849.1,849.1,619.9,499,99.8,59.9,HOLD_RPM,13.86,484.75,499.44,0,0.0,4595,0,2138.6,2140.6
44.6500,1661068,2000.0,2138.9,17.606,20.965,7.17,8.54,682.8,682.8,619.9,498,99.6,59.9,HOLD_RPM,13.86,485.10,498.96,0,0.0,4595,0,2138.9,2139.0
44.7000,1661118,2000.0,2138.9,17.606,20.965,7.17,8.54,682.8,682.8,628.8,499,99.8,64.4,HOLD_RPM,13.89,485.44,499.40,0,0.0,4595,0,2138.9,2139.9
44.7500,1661168,2000.0,2134.9,17.606,20.998,7.16,8.54,682.8,682.8,628.8,499,99.8,64.4,HOLD_RPM,13.89,485.79,499.69,0,0.0,4595,0,2134.9,2128.0
44.8000,1661218,2000.0,2134.9,19.700,20.998,8.01,8.54,852.5,852.5,628.8,498,99.6,64.4,HOLD_RPM,13.49,486.13,498.80,0,0.0,4597,0,2134.9,2124.6
44.8500,1661268,2000.0,2124.4,19.700,21.085,7.97,8.53,852.5,852.5,631.0,499,99.8,65.5,HOLD_RPM,13.49,486.47,499.95,0,0.0,4598,0,2124.4,2123.1
44.9000,1661318,2000.0,2124.4,19.700,21.085,7.97,8.53,852.5,852.5,631.0,497,99.4,65.5,HOLD_RPM,12.44,486.78,497.11,0,0.0,4598,0,2124.4,2129.6
44.9500,1661368,2000.0,2129.7,15.400,21.041,6.24,8.53,925.3,925.3,631.0,499,99.8,65.5,HOLD_RPM,12.44,487.09,499.52,0,0.0,4599,0,2129.7,2130.0
45.0000,1661418,2000.0,2129.7,15.400,21.041,6.24,8.53,925.3,925.3,631.4,500,100.0,65.7,HOLD_RPM,12.97,487.09,501.13,0,0.0,4599,0,2129.7,2134.9
45.0500,1661468,2000.0,2134.8,15.400,20.999,6.26,8.54,925.3,925.3,631.4,500,100.0,65.7,HOLD_RPM,12.97,487.09,500.06,0,0.0,4600,0,2134.8,2139.1
45.1000,1661518,2000.0,2134.8,17.694,20.999,7.19,8.54,831.6,831.6,631.4,500,100.0,65.7,HOLD_RPM,13.48,487.09,501.60,0,0.0,4600,0,2134.8,2146.3
45.1500,1661568,2000.0,2147.8,17.694,20.891,7.24,8.54,831.6,831.6,631.4,500,100.0,65.7,HOLD_RPM,13.48,487.09,500.57,0,0.0,4600,0,2147.8,2151.4
45.2000,1661618,2000.0,2147.8,17.694,20.891,7.24,8.54,831.6,831.6,626.5,500,100.0,63.2,HOLD_RPM,14.78,487.09,504.46,0,0.0,4601,0,2147.8,2141.8
45.2500,1661668,2000.0,2139.7,17.694,20.958,7.21,8.54,831.6,831.6,626.5,500,100.0,63.2,HOLD_RPM,14.78,487.09,501.87,0,0.0,4601,0,2139.7,2134.4
45.3000,1661718,2000.0,2139.7,18.395,20.958,7.49,8.54,979.1,979.1,626.5,499,99.8,63.2,HOLD_RPM,13.97,487.44,499.79,0,0.0,4601,0,2139.7,2134.5
45.3500,1661768,2000.0,2134.1,18.395,21.005,7.47,8.54,979.1,979.1,628.2,500,100.0,64.1,HOLD_RPM,13.97,487.44,501.41,0,0.0,4603,0,2134.1,2134.9
45.4000,1661818,2000.0,2134.1,18.395,21.005,7.47,8.54,979.1,979.1,628.2,499,99.8,64.1,HOLD_RPM,13.41,487.44,499.73,0,0.0,4603,0,2134.1,2140.3
45.4500,1661868,2000.0,2142.7,26.737,20.933,10.91,8.54,1056.6,1056.6,628.2,500,100.0,64.1,HOLD_RPM,13.41,487.44,500.85,0,0.0,4603,0,2142.7,2148.7
45.5000,1661918,2000.0,2142.7,26.737,20.933,10.91,8.54,1056.6,1056.6,633.3,500,100.0,66.6,HOLD_RPM,14.27,487.44,503.41,0,0.0,4603,0,2142.7,2155.6
45.5500,1661968,2000.0,2154.9,26.737,20.832,10.97,8.55,1056.6,1056.6,633.3,500,100.0,66.6,HOLD_RPM,14.27,487.44,501.71,0,0.0,4603,0,2154.9,2155.8
45.6000,1662018,2000.0,2154.9,22.946,20.832,9.41,8.55,818.8,818.8,633.3,500,100.0,66.6,HOLD_RPM,15.49,487.44,505.38,0,0.0,4604,0,2154.9,2152.5
45.6500,1662068,2000.0,2151.4,22.946,20.861,9.40,8.55,818.8,818.8,626.1,500,100.0,63.1,HOLD_RPM,15.49,487.44,502.93,0,0.0,4606,0,2151.4,2149.1
45.7000,1662118,2000.0,2151.4,22.946,20.861,9.40,8.55,818.8,818.8,626.1,500,100.0,63.1,HOLD_RPM,15.14,487.44,501.88,0,0.0,4606,0,2151.4,2140.7
45.7500,1662168,2000.0,2138.5,22.068,20.968,8.99,8.54,744.1,744.1,626.1,500,100.0,63.1,HOLD_RPM,15.14,487.44,502.58,0,0.0,4606,0,2138.5,2138.0
45.8000,1662218,2000.0,2138.5,22.068,20.968,8.99,8.54,744.1,744.1,626.1,499,99.8,63.1,HOLD_RPM,13.85,487.78,499.05,0,0.0,4607,0,2138.5,2139.8
45.8500,1662268,2000.0,2140.0,22.068,20.956,8.99,8.54,744.1,744.1,623.4,500,100.0,61.7,HOLD_RPM,13.85,487.78,501.63,0,0.0,4608,0,2140.0,2142.2
45.9000,1662318,2000.0,2140.0,22.068,20.956,8.99,8.54,744.1,744.1,623.4,500,100.0,61.7,HOLD_RPM,14.00,487.78,502.08,0,0.0,4609,0,2140.0,2148.0
45.9500,1662368,2000.0,2146.8,21.478,20.899,8.78,8.54,987.2,987.2,623.4,500,100.0,61.7,HOLD_RPM,14.00,487.78,501.78,0,0.0,4610,0,2146.8,2148.7
46.0000,1662418,2000.0,2146.8,21.478,20.899,8.78,8.54,987.2,987.2,623.4,500,100.0,61.7,HOLD_RPM,14.68,487.78,503.84,0,0.0,4611,0,2146.8,2150.1
46.0500,1662468,2000.0,2152.8,21.478,20.849,8.80,8.55,987.2,987.2,623.4,500,100.0,61.7,HOLD_RPM,14.68,487.78,502.47,0,0.0,4611,0,2152.8,2156.5
46.1000,1662518,2000.0,2152.8,25.756,20.849,10.56,8.55,1042.5,1042.5,623.4,500,100.0,61.7,HOLD_RPM,15.28,487.78,504.25,0,0.0,4611,0,2152.8,2158.0
46.1500,1662568,2000.0,2161.0,25.756,20.781,10.60,8.55,1042.5,1042.5,625.0,500,100.0,62.5,HOLD_RPM,15.28,487.78,503.06,0,0.0,4611,0,2161.0,2163.2
46.2000,1662618,2000.0,2161.0,25.756,20.781,10.60,8.55,1042.5,1042.5,625.0,500,100.0,62.5,HOLD_RPM,16.10,487.78,505.54,0,0.0,4612,0,2161.0,2164.3
46.2500,1662668,2000.0,2165.2,26.766,20.746,11.03,8.55,728.4,728.4,625.0,500,100.0,62.5,HOLD_RPM,16.10,487.78,503.89,0,0.0,4613,0,2165.2,2168.0
46.3000,1662718,2000.0,2165.2,26.766,20.746,11.03,8.55,728.4,728.4,624.8,500,100.0,62.4,HOLD_RPM,16.52,487.78,505.12,0,0.0,4613,0,2165.2,2165.5
46.3500,1662768,2000.0,2168.0,26.766,20.723,11.05,8.55,728.4,728.4,624.8,500,100.0,62.4,HOLD_RPM,16.52,487.78,504.30,0,0.0,4613,0,2168.0,2171.1
46.4000,1662818,2000.0,2168.0,26.906,20.723,11.11,8.55,858.8,858.8,624.8,500,100.0,62.4,HOLD_RPM,16.80,487.78,505.16,0,0.0,4614,0,2168.0,2180.4
46.4500,1662868,2000.0,2181.6,26.906,20.610,11.18,8.56,858.8,858.8,619.9,500,100.0,59.9,HOLD_RPM,16.80,487.78,504.59,0,0.0,4616,0,2181.6,2184.8
46.5000,1662918,2000.0,2181.6,26.906,20.610,11.18,8.56,858.8,858.8,619.9,500,100.0,59.9,HOLD_RPM,18.16,487.78,508.65,0,0.0,4616,0,2181.6,2187.7
46.5500,1662968,2000.0,2188.4,30.948,20.553,12.90,8.56,1108.1,1108.1,619.9,500,100.0,59.9,HOLD_RPM,18.16,487.78,505.94,0,0.0,4616,0,2188.4,2190.9
46.6000,1663018,2000.0,2188.4,30.948,20.553,12.90,8.56,1108.1,1108.1,619.9,500,100.0,59.9,HOLD_RPM,18.84,487.78,508.00,0,0.0,4617,0,2188.4,2194.0
46.6500,1663068,2000.0,2196.7,30.948,20.484,12.94,8.57,1108.1,1108.1,618.1,500,100.0,59.1,HOLD_RPM,18.84,487.78,506.63,0,0.0,4618,0,2196.7,2201.3
46.7000,1663118,2000.0,2196.7,30.948,20.484,12.94,8.57,1108.1,1108.1,618.1,500,100.0,59.1,HOLD_RPM,19.67,487.78,509.11,0,0.0,4619,0,2196.7,2209.0
46.7500,1663168,2000.0,2209.5,36.399,20.503,15.31,8.63,1077.8,1077.8,618.1,500,100.0,59.1,HOLD_RPM,19.67,487.78,507.46,0,0.0,4620,0,2209.5,2213.2
46.8000,1663218,2000.0,2209.5,36.399,20.503,15.31,8.63,1077.8,1077.8,618.1,500,100.0,59.1,HOLD_RPM,20.95,487.78,511.29,0,0.0,4620,0,2209.5,2217.6
46.8500,1663268,2000.0,2218.2,36.399,20.545,15.37,8.68,1077.8,1077.8,618.1,500,100.0,59.1,HOLD_RPM,20.95,487.78,508.73,0,0.0,4620,0,2218.2,2220.8
46.9000,1663318,2000.0,2218.2,38.029,20.545,16.06,8.68,1052.8,1052.8,618.1,500,100.0,59.1,HOLD_RPM,21.82,487.78,511.35,0,0.0,4620,0,2218.2,2211.9
46.9500,1663368,2000.0,2210.5,38.029,20.508,16.01,8.63,1052.8,1052.8,618.0,500,100.0,59.0,HOLD_RPM,21.82,487.78,509.61,0,0.0,4620,0,2210.5,2202.3
47.0000,1663418,2000.0,2210.5,38.029,20.508,16.01,8.63,1052.8,1052.8,618.0,500,100.0,59.0,HOLD_RPM,21.05,487.78,507.28,0,0.0,4621,0,2210.5,2200.5
47.0500,1663468,2000.0,2203.7,36.509,20.475,15.32,8.59,987.8,987.8,618.0,500,100.0,59.0,HOLD_RPM,21.05,487.78,508.83,0,0.0,4622,0,2203.7,2207.0
47.1000,1663518,2000.0,2203.7,36.509,20.475,15.32,8.59,987.8,987.8,616.8,500,100.0,58.4,HOLD_RPM,20.37,487.78,506.79,0,0.0,4622,0,2203.7,2219.3
47.1500,1663568,2000.0,2221.6,36.509,20.562,15.44,8.70,987.8,987.8,616.8,500,100.0,58.4,HOLD_RPM,20.37,487.78,508.15,0,0.0,4622,0,2221.6,2227.6
47.2000,1663618,2000.0,2221.6,35.248,20.562,14.91,8.70,761.9,761.9,616.8,500,100.0,58.4,HOLD_RPM,22.16,487.78,513.54,0,0.0,4622,0,2221.6,2238.1
47.2500,1663668,2000.0,2235.4,35.248,20.629,15.00,8.78,761.9,761.9,616.8,500,100.0,58.4,HOLD_RPM,22.16,487.78,509.95,0,0.0,4623,0,2235.4,2233.4
47.3000,1663718,2000.0,2235.4,35.248,20.629,15.00,8.78,761.9,761.9,616.8,500,100.0,58.4,HOLD_RPM,23.54,487.78,514.09,0,0.0,4624,0,2235.4,2230.1
47.3500,1663768,2000.0,2234.4,35.248,20.624,15.00,8.77,761.9,761.9,616.8,500,100.0,58.4,HOLD_RPM,23.54,487.78,511.33,0,0.0,4624,0,2234.4,2240.2
47.4000,1663818,2000.0,2234.4,38.678,20.624,16.45,8.77,899.1,899.1,616.8,500,100.0,58.4,HOLD_RPM,23.44,487.78,511.03,0,0.0,4624,0,2234.4,2245.3
47.4500,1663868,2000.0,2246.1,38.678,20.681,16.54,8.84,899.1,899.1,613.4,500,100.0,56.7,HOLD_RPM,23.44,487.78,511.23,0,0.0,4624,0,2246.1,2250.7
47.5000,1663918,2000.0,2246.1,38.678,20.681,16.54,8.84,899.1,899.1,613.4,500,100.0,56.7,HOLD_RPM,24.61,487.78,514.73,0,0.0,4625,0,2246.1,2266.2
47.5500,1663968,2000.0,2266.5,33.574,20.780,14.49,8.97,756.2,756.2,613.4,500,100.0,56.7,HOLD_RPM,24.61,487.78,512.40,0,0.0,4625,0,2266.5,2275.6
47.6000,1664018,2000.0,2266.5,33.574,20.780,14.49,8.97,756.2,756.2,608.9,500,100.0,54.4,HOLD_RPM,26.65,487.78,518.53,0,0.0,4625,0,2266.5,2291.4
47.6500,1664068,2000.0,2295.0,33.574,20.919,14.67,9.14,756.2,756.2,608.9,500,100.0,54.4,HOLD_RPM,26.65,487.78,514.44,0,0.0,4626,0,2295.0,2305.0
47.7000,1664118,2000.0,2295.0,29.008,20.919,12.68,9.14,836.2,836.2,608.9,500,100.0,54.4,HOLD_RPM,29.50,487.78,522.96,0,0.0,4626,0,2295.0,2319.9
47.7500,1664168,2000.0,2320.5,29.008,20.824,12.82,9.20,836.2,836.2,604.4,500,100.0,52.2,HOLD_RPM,29.50,487.78,517.28,0,0.0,4626,0,2320.5,2326.9
47.8000,1664218,2000.0,2320.5,29.008,20.824,12.82,9.20,836.2,836.2,604.4,500,100.0,52.2,HOLD_RPM,32.05,487.78,524.94,0,0.0,4626,0,2320.5,2337.0
47.8500,1664268,2000.0,2341.1,33.603,20.704,14.98,9.23,936.2,936.2,604.4,500,100.0,52.2,HOLD_RPM,32.05,487.78,519.83,0,0.0,4626,0,2341.1,2348.1
47.9000,1664318,2000.0,2341.1,33.603,20.704,14.98,9.23,936.2,936.2,603.8,500,100.0,51.9,HOLD_RPM,34.11,487.78,526.00,0,0.0,4628,0,2341.1,2361.1
47.9500,1664368,2000.0,2363.0,33.603,20.577,15.12,9.26,936.2,936.2,603.8,500,100.0,51.9,HOLD_RPM,34.11,487.78,521.89,0,0.0,4629,0,2363.0,2370.9
48.0000,1664418,2000.0,2363.0,34.975,20.577,15.74,9.26,920.6,920.6,603.8,500,100.0,51.9,HOLD_RPM,36.30,487.78,528.49,0,0.0,4629,0,2363.0,2379.3
48.0500,1664468,2000.0,2381.4,34.975,20.470,15.86,9.28,920.6,920.6,603.8,500,100.0,51.9,HOLD_RPM,36.30,487.78,524.09,0,0.0,4629,0,2381.4,2387.9
48.1000,1664518,2000.0,2381.4,34.975,20.470,15.86,9.28,920.6,920.6,601.8,500,100.0,50.9,HOLD_RPM,38.14,487.78,529.59,0,0.0,4629,0,2381.4,2396.8
48.1500,1664568,2000.0,2401.5,34.975,20.347,15.99,9.30,920.6,920.6,601.8,500,100.0,50.9,HOLD_RPM,38.14,487.78,525.92,0,0.0,4629,0,2401.5,2408.7
48.2000,1664618,2000.0,2401.5,31.177,20.347,14.26,9.30,936.6,936.6,601.8,500,100.0,50.9,HOLD_RPM,40.15,487.78,531.96,0,0.0,4629,0,2401.5,2421.5
48.2500,1664668,2000.0,2425.0,31.177,20.130,14.40,9.29,936.6,936.6,597.1,500,100.0,48.6,HOLD_RPM,40.15,487.78,527.94,0,0.0,4630,0,2425.0,2433.7
48.3000,1664718,2000.0,2425.0,31.177,20.130,14.40,9.29,936.6,936.6,597.1,500,100.0,48.6,HOLD_RPM,42.50,487.78,534.99,0,0.0,4630,0,2425.0,2441.5
48.3500,1664768,2000.0,2439.8,32.180,19.992,14.95,9.29,1123.1,1123.1,597.1,500,100.0,48.6,HOLD_RPM,42.50,487.78,530.29,0,0.0,4632,0,2439.8,2439.2
48.4000,1664818,2000.0,2439.8,32.180,19.992,14.95,9.29,1123.1,1123.1,601.8,500,100.0,50.9,HOLD_RPM,43.98,487.78,534.72,0,0.0,4634,0,2439.8,2447.6
48.4500,1664868,2000.0,2449.2,32.180,19.905,15.01,9.28,1123.1,1123.1,601.8,500,100.0,50.9,HOLD_RPM,43.98,487.78,531.76,0,0.0,4635,0,2449.2,2454.8
48.5000,1664918,2000.0,2449.2,27.526,19.905,12.84,9.28,842.5,842.5,601.8,500,100.0,50.9,HOLD_RPM,44.92,487.78,534.57,0,0.0,4636,0,2449.2,2459.8
48.5500,1664968,2000.0,2454.7,27.526,19.854,12.87,9.28,842.5,842.5,591.4,500,100.0,45.7,HOLD_RPM,44.92,487.78,532.70,0,0.0,4636,0,2454.7,2449.6
48.6000,1665018,2000.0,2454.7,27.526,19.854,12.87,9.28,842.5,842.5,591.4,500,100.0,45.7,HOLD_RPM,45.47,487.78,534.36,0,0.0,4637,0,2454.7,2453.2
48.6500,1665068,2000.0,2454.3,28.086,19.858,13.12,9.28,1013.1,1013.1,591.4,500,100.0,45.7,HOLD_RPM,45.47,487.78,533.25,0,0.0,4637,0,2454.3,2458.2
48.7000,1665118,2000.0,2454.3,28.086,19.858,13.12,9.28,1013.1,1013.1,591.4,500,100.0,45.7,HOLD_RPM,45.43,487.78,533.15,0,0.0,4637,0,2454.3,2459.7
48.7500,1665168,2000.0,2458.2,28.086,19.822,13.15,9.28,1013.1,1013.1,594.5,500,100.0,47.2,HOLD_RPM,45.43,487.78,533.22,0,0.0,4637,0,2458.2,2460.1
48.8000,1665218,2000.0,2458.2,28.086,19.822,13.15,9.28,1013.1,1013.1,594.5,500,100.0,47.2,HOLD_RPM,45.82,487.78,534.37,0,0.0,4639,0,2458.2,2459.3
48.8500,1665268,2000.0,2455.6,31.287,19.846,14.63,9.28,906.6,906.6,594.5,500,100.0,47.2,HOLD_RPM,45.82,487.78,533.60,0,0.0,4640,0,2455.6,2454.2
48.9000,1665318,2000.0,2455.6,31.287,19.846,14.63,9.28,906.6,906.6,593.8,500,100.0,46.9,HOLD_RPM,45.56,487.78,532.84,0,0.0,4640,0,2455.6,2457.1
48.9500,1665368,2000.0,2458.2,31.287,19.822,14.64,9.28,906.6,906.6,593.8,500,100.0,46.9,HOLD_RPM,45.56,487.78,533.35,0,0.0,4640,0,2458.2,2460.1
49.0000,1665418,2000.0,2458.2,35.307,19.822,16.53,9.28,1080.6,1080.6,593.8,500,100.0,46.9,HOLD_RPM,45.82,487.78,534.11,0,0.0,4641,0,2458.2,2457.2
49.0500,1665468,2000.0,2458.9,35.307,19.815,16.53,9.28,1080.6,1080.6,590.8,500,100.0,45.4,HOLD_RPM,45.82,487.78,533.60,0,0.0,4641,0,2458.9,2463.8
49.1000,1665518,2000.0,2458.9,35.307,19.815,16.53,9.28,1080.6,1080.6,590.8,500,100.0,45.4,HOLD_RPM,45.89,487.78,533.81,0,0.0,4643,0,2458.9,2478.6
49.1500,1665568,2000.0,2480.9,40.109,19.611,18.95,9.26,973.1,973.1,590.8,500,100.0,45.4,HOLD_RPM,45.89,487.78,533.67,0,0.0,4644,0,2480.9,2488.4
49.2000,1665618,2000.0,2480.9,40.109,19.611,18.95,9.26,973.1,973.1,592.9,500,100.0,46.4,HOLD_RPM,48.09,487.78,540.29,0,0.0,4646,0,2480.9,2500.4
49.2500,1665668,2000.0,2496.5,40.109,19.467,19.07,9.25,973.1,973.1,592.9,500,100.0,46.4,HOLD_RPM,48.09,487.78,535.88,0,0.0,4646,0,2496.5,2493.0
49.3000,1665718,2000.0,2496.5,40.079,19.467,19.05,9.25,835.0,835.0,592.9,500,100.0,46.4,HOLD_RPM,49.65,487.78,540.55,0,0.0,4646,0,2496.5,2496.8
49.3500,1665768,2000.0,2496.6,40.079,19.466,19.05,9.25,835.0,835.0,584.9,500,100.0,42.4,HOLD_RPM,49.65,487.78,537.43,0,0.0,4646,0,2496.6,2499.6
49.4000,1665818,2000.0,2496.6,40.079,19.466,19.05,9.25,835.0,835.0,584.9,500,100.0,42.4,HOLD_RPM,49.66,487.78,537.47,0,0.0,4646,0,2496.6,2511.0
49.4500,1665868,2000.0,2514.3,44.357,19.371,21.24,9.27,1129.7,1129.7,584.9,500,100.0,42.4,HOLD_RPM,49.66,487.78,537.45,0,0.0,4646,0,2514.3,2528.0
49.5000,1665918,2000.0,2514.3,44.357,19.371,21.24,9.27,1129.7,1129.7,584.9,500,100.0,42.4,HOLD_RPM,51.43,487.78,542.76,0,0.0,4646,0,2514.3,2544.9
49.5500,1665968,2000.0,2549.1,44.357,19.218,21.53,9.33,1129.7,1129.7,583.0,500,100.0,41.5,HOLD_RPM,51.43,487.78,539.22,0,0.0,4646,0,2549.1,2559.8
49.6000,1666018,2000.0,2549.1,44.357,19.218,21.53,9.33,1129.7,1129.7,583.0,500,100.0,41.5,HOLD_RPM,54.91,487.78,549.64,0,0.0,4646,0,2549.1,2564.9
49.6500,1666068,2000.0,2562.0,40.994,19.161,20.00,9.35,768.8,768.8,583.0,500,100.0,41.5,HOLD_RPM,54.91,487.78,542.69,0,0.0,4646,0,2562.0,2556.6
49.7000,1666118,2000.0,2562.0,40.994,19.161,20.00,9.35,768.8,768.8,578.6,500,100.0,39.3,HOLD_RPM,56.20,487.78,546.56,0,0.0,4646,0,2562.0,2555.6
49.7500,1666168,2000.0,2554.2,40.994,19.196,19.94,9.34,768.8,768.8,578.6,500,100.0,39.3,HOLD_RPM,56.20,487.78,543.98,0,0.0,4646,0,2554.2,2556.1
49.8000,1666218,2000.0,2554.2,35.831,19.196,17.43,9.34,703.1,703.1,578.6,500,100.0,39.3,HOLD_RPM,55.42,487.78,541.65,0,0.0,4647,0,2554.2,2573.5
49.8500,1666268,2000.0,2576.9,35.831,19.096,17.58,9.37,703.1,703.1,583.9,500,100.0,41.9,HOLD_RPM,55.42,487.78,543.20,0,0.0,4647,0,2576.9,2592.9
49.9000,1666318,2000.0,2576.9,35.831,19.096,17.58,9.37,703.1,703.1,583.9,500,100.0,41.9,HOLD_RPM,57.69,487.78,550.00,0,0.0,4647,0,2576.9,2609.6
49.9500,1666368,2000.0,2609.6,29.539,19.009,14.68,9.44,838.8,838.8,583.9,500,100.0,41.9,HOLD_RPM,57.69,487.78,545.47,0,0.0,4648,0,2609.6,2617.2
50.0000,1666418,2000.0,2609.6,29.539,19.009,14.68,9.44,838.8,838.8,581.0,500,100.0,40.5,HOLD_RPM,60.96,487.78,555.29,0,0.0,4648,0,2609.6,2629.3
50.0500,1666468,2000.0,2631.3,29.539,19.042,14.80,9.54,838.8,838.8,581.0,500,100.0,40.5,HOLD_RPM,60.96,487.78,548.74,0,0.0,4648,0,2631.3,2636.8
50.1000,1666518,2000.0,2631.3,23.720,19.042,11.88,9.54,579.4,579.4,581.0,500,100.0,40.5,HOLD_RPM,63.13,487.78,555.24,0,0.0,4649,0,2631.3,2651.0
50.1500,1666568,2000.0,2654.7,23.720,19.078,11.99,9.64,579.4,579.4,581.0,500,100.0,40.5,HOLD_RPM,63.13,487.78,550.91,0,0.0,4649,0,2654.7,2668.7
50.2000,1666618,2000.0,2654.7,23.720,19.078,11.99,9.64,579.4,579.4,579.1,500,100.0,39.6,HOLD_RPM,65.47,487.78,557.95,0,0.0,4649,0,2654.7,2684.2
50.2500,1666668,2000.0,2683.5,23.720,19.122,12.12,9.77,579.4,579.4,579.1,500,100.0,39.6,HOLD_RPM,65.47,487.78,553.26,0,0.0,4649,0,2683.5,2686.1
50.3000,1666718,2000.0,2683.5,21.043,19.122,10.75,9.77,892.2,892.2,579.1,500,100.0,39.6,HOLD_RPM,68.35,487.78,561.88,0,0.0,4652,0,2683.5,2698.2
50.3500,1666768,2000.0,2699.6,21.043,19.147,10.82,9.84,892.2,892.2,573.9,500,100.0,36.9,HOLD_RPM,68.35,487.78,556.13,0,0.0,4652,0,2699.6,2709.3
50.4000,1666818,2000.0,2699.6,21.043,19.147,10.82,9.84,892.2,892.2,573.9,500,100.0,36.9,HOLD_RPM,69.96,487.78,560.96,0,0.0,4652,0,2699.6,2705.5
50.4500,1666868,2000.0,2710.6,18.505,19.182,9.55,9.90,791.9,791.9,573.9,500,100.0,36.9,HOLD_RPM,69.96,487.78,557.74,0,0.0,4654,0,2710.6,2717.1
50.5000,1666918,2000.0,2710.6,18.505,19.182,9.55,9.90,791.9,791.9,572.9,500,100.0,36.4,HOLD_RPM,71.06,487.78,561.04,0,0.0,4654,0,2710.6,2725.9
50.5500,1666968,2000.0,2728.9,18.505,19.242,9.62,10.00,791.9,791.9,572.9,500,100.0,36.4,HOLD_RPM,71.06,487.78,558.84,0,0.0,4654,0,2728.9,2740.2
50.6000,1667018,2000.0,2728.9,13.283,19.242,6.90,10.00,844.7,844.7,572.9,500,100.0,36.4,HOLD_RPM,72.89,487.78,564.35,0,0.0,4654,0,2728.9,2744.0
50.6500,1667068,2000.0,2747.0,13.283,19.301,6.95,10.10,844.7,844.7,573.4,500,100.0,36.7,HOLD_RPM,72.89,487.78,560.68,0,0.0,4656,0,2747.0,2752.5
50.7000,1667118,2000.0,2747.0,13.283,19.301,6.95,10.10,844.7,844.7,573.4,500,100.0,36.7,HOLD_RPM,74.70,487.78,566.08,0,0.0,4657,0,2747.0,2758.6
50.7500,1667168,2000.0,2757.9,12.133,19.337,6.37,10.15,921.2,921.2,573.4,500,100.0,36.7,HOLD_RPM,74.70,487.78,562.48,0,0.0,4657,0,2757.9,2759.9
50.8000,1667218,2000.0,2757.9,12.133,19.337,6.37,10.15,921.2,921.2,569.8,500,100.0,34.9,HOLD_RPM,75.79,487.78,565.78,0,0.0,4657,0,2757.9,2761.7
50.8500,1667268,2000.0,2767.7,12.133,19.369,6.39,10.21,921.2,921.2,569.8,500,100.0,34.9,HOLD_RPM,75.79,487.78,563.58,0,0.0,4657,0,2767.7,2778.4
50.9000,1667318,2000.0,2767.7,12.856,19.369,6.77,10.21,867.5,867.5,569.8,500,100.0,34.9,HOLD_RPM,76.77,487.78,566.51,0,0.0,4657,0,2767.7,2796.6
50.9500,1667368,2000.0,2796.0,12.856,19.462,6.84,10.36,867.5,867.5,569.8,500,100.0,34.9,HOLD_RPM,76.77,487.78,564.56,0,0.0,4657,0,2796.0,2803.1
51.0000,1667418,2000.0,2796.0,12.856,19.462,6.84,10.36,867.5,867.5,570.0,500,100.0,35.0,HOLD_RPM,79.60,487.78,573.04,0,0.0,4657,0,2796.0,2813.9
51.0500,1667468,2000.0,2814.7,12.856,19.503,6.89,10.45,867.5,867.5,570.0,500,100.0,35.0,HOLD_RPM,79.60,487.78,567.38,0,0.0,4657,0,2814.7,2817.8
51.1000,1667518,2000.0,2814.7,10.363,19.503,5.55,10.45,1017.2,1017.2,570.0,500,100.0,35.0,HOLD_RPM,81.47,487.78,573.00,0,0.0,4657,0,2814.7,2833.9
51.1500,1667568,2000.0,2837.9,10.363,19.548,5.60,10.56,1017.2,1017.2,570.5,500,100.0,35.2,HOLD_RPM,81.47,487.78,569.26,0,0.0,4659,0,2837.9,2850.6
51.2000,1667618,2000.0,2837.9,10.363,19.548,5.60,10.56,1017.2,1017.2,570.5,500,100.0,35.2,HOLD_RPM,83.79,487.78,576.21,0,0.0,4659,0,2837.9,2852.0
51.2500,1667668,2000.0,2851.0,11.897,19.573,6.46,10.63,837.8,837.8,570.5,500,100.0,35.2,HOLD_RPM,83.79,487.78,571.57,0,0.0,4660,0,2851.0,2852.3
51.3000,1667718,2000.0,2851.0,11.897,19.573,6.46,10.63,837.8,837.8,566.5,500,100.0,33.2,HOLD_RPM,85.10,487.78,575.51,0,0.0,4661,0,2851.0,2858.9
51.3500,1667768,2000.0,2863.0,11.897,19.596,6.49,10.68,837.8,837.8,566.5,500,100.0,33.2,HOLD_RPM,85.10,487.78,572.88,0,0.0,4662,0,2863.0,2873.6
51.4000,1667818,2000.0,2863.0,14.486,19.596,7.90,10.68,820.3,820.3,566.5,500,100.0,33.2,HOLD_RPM,86.30,487.78,576.47,0,0.0,4662,0,2863.0,2885.9
51.4500,1667868,2000.0,2886.1,14.486,19.641,7.96,10.79,820.3,820.3,564.0,500,100.0,32.0,HOLD_RPM,86.30,487.78,574.08,0,0.0,4663,0,2886.1,2890.7
51.5000,1667918,2000.0,2886.1,14.486,19.641,7.96,10.79,820.3,820.3,564.0,500,100.0,32.0,HOLD_RPM,88.61,487.78,581.04,0,0.0,4664,0,2886.1,2900.7
51.5500,1667968,2000.0,2898.0,15.599,19.663,8.61,10.85,889.1,889.1,564.0,500,100.0,32.0,HOLD_RPM,88.61,487.78,576.40,0,0.0,4665,0,2898.0,2900.1
51.6000,1668018,2000.0,2898.0,15.599,19.663,8.61,10.85,889.1,889.1,564.0,500,100.0,32.0,HOLD_RPM,89.80,487.78,579.94,0,0.0,4665,0,2898.0,2894.8
51.6500,1668068,2000.0,2899.4,15.599,19.666,8.61,10.86,889.1,889.1,561.9,500,100.0,30.9,HOLD_RPM,89.80,487.78,577.58,0,0.0,4665,0,2899.4,2898.6
51.7000,1668118,2000.0,2899.4,15.599,19.666,8.61,10.86,889.1,889.1,561.9,500,100.0,30.9,HOLD_RPM,89.94,487.78,578.01,0,0.0,4666,0,2899.4,2905.4
51.7500,1668168,2000.0,2907.2,22.628,19.578,12.53,10.84,896.9,896.9,561.9,500,100.0,30.9,HOLD_RPM,89.94,487.78,577.72,0,0.0,4667,0,2907.2,2912.8
51.8000,1668218,2000.0,2907.2,22.628,19.578,12.53,10.84,896.9,896.9,558.1,500,100.0,29.1,HOLD_RPM,90.72,487.78,580.08,0,0.0,4668,0,2907.2,2915.9
51.8500,1668268,2000.0,2917.6,22.628,19.450,12.57,10.80,896.9,896.9,558.1,500,100.0,29.1,HOLD_RPM,90.72,487.78,578.51,0,0.0,4669,0,2917.6,2923.8
51.9000,1668318,2000.0,2917.6,24.686,19.450,13.71,10.80,985.3,985.3,558.1,500,100.0,29.1,HOLD_RPM,91.76,487.78,581.62,0,0.0,4669,0,2917.6,2932.6
51.9500,1668368,2000.0,2935.3,24.686,19.232,13.80,10.75,985.3,985.3,561.0,500,100.0,30.5,HOLD_RPM,91.76,487.78,579.55,0,0.0,4669,0,2935.3,2942.6
52.0000,1668418,2000.0,2935.3,24.686,19.232,13.80,10.75,985.3,985.3,561.0,500,100.0,30.5,HOLD_RPM,93.53,487.78,584.83,0,0.0,4669,0,2935.3,2950.0
52.0500,1668468,2000.0,2951.9,27.629,19.027,15.53,10.69,925.0,925.0,561.0,500,100.0,30.5,HOLD_RPM,93.53,487.78,581.31,0,0.0,4669,0,2951.9,2956.5
52.1000,1668518,2000.0,2951.9,27.629,19.027,15.53,10.69,925.0,925.0,560.1,500,100.0,30.1,HOLD_RPM,95.19,487.78,586.31,0,0.0,4670,0,2951.9,2970.7
52.1500,1668568,2000.0,2971.3,27.629,18.788,15.63,10.63,925.0,925.0,560.1,500,100.0,30.1,HOLD_RPM,95.19,487.78,582.98,0,0.0,4670,0,2971.3,2980.2
52.2000,1668618,2000.0,2971.3,27.976,18.788,15.83,10.63,860.3,860.3,560.1,500,100.0,30.1,HOLD_RPM,97.13,487.78,588.78,0,0.0,4671,0,2971.3,2991.5
52.2500,1668668,2000.0,2992.0,27.976,18.532,15.94,10.56,860.3,860.3,558.0,500,100.0,29.0,HOLD_RPM,97.13,487.78,584.91,0,0.0,4671,0,2992.0,2998.8
52.3000,1668718,2000.0,2992.0,27.976,18.532,15.94,10.56,860.3,860.3,558.0,500,100.0,29.0,HOLD_RPM,99.20,487.78,591.12,0,0.0,4672,0,2992.0,3006.5
52.3500,1668768,2000.0,3005.5,26.619,18.434,15.23,10.55,860.0,860.0,558.0,500,100.0,29.0,HOLD_RPM,99.20,487.78,586.98,0,0.0,4673,0,3005.5,3008.9
52.4000,1668818,2000.0,3005.5,26.619,18.434,15.23,10.55,860.0,860.0,558.0,500,100.0,29.0,HOLD_RPM,100.55,487.78,591.05,0,0.0,4673,0,3005.5,3003.5
52.4500,1668868,2000.0,3007.2,26.619,18.434,15.24,10.55,860.0,860.0,552.6,500,100.0,26.3,HOLD_RPM,100.55,487.78,588.34,0,0.0,4673,0,3007.2,3005.7
52.5000,1668918,2000.0,3007.2,26.619,18.434,15.24,10.55,860.0,860.0,552.6,500,100.0,26.3,HOLD_RPM,100.72,487.78,588.83,0,0.0,4673,0,3007.2,3014.8
52.5500,1668968,2000.0,3016.4,28.824,18.434,16.55,10.59,966.9,966.9,552.6,500,100.0,26.3,HOLD_RPM,100.72,487.78,588.50,0,0.0,4673,0,3016.4,3026.0
52.6000,1669018,2000.0,3016.4,28.824,18.434,16.55,10.59,966.9,966.9,553.4,500,100.0,26.7,HOLD_RPM,101.64,487.78,591.28,0,0.0,4673,0,3016.4,3037.8
52.6500,1669068,2000.0,3038.2,28.824,18.434,16.67,10.66,966.9,966.9,553.4,500,100.0,26.7,HOLD_RPM,101.64,487.78,589.43,0,0.0,4673,0,3038.2,3040.3
52.7000,1669118,2000.0,3038.2,25.475,18.434,14.74,10.66,865.9,865.9,553.4,500,100.0,26.7,HOLD_RPM,103.82,487.78,595.96,0,0.0,4673,0,3038.2,3026.9
52.7500,1669168,2000.0,3026.5,25.475,18.434,14.68,10.62,865.9,865.9,553.9,500,100.0,26.9,HOLD_RPM,103.82,487.78,591.61,0,0.0,4673,0,3026.5,3017.2
52.8000,1669218,2000.0,3026.5,25.475,18.434,14.68,10.62,865.9,865.9,553.9,500,100.0,26.9,HOLD_RPM,102.65,487.78,588.10,0,0.0,4673,0,3026.5,2994.9
52.8500,1669268,2000.0,2992.2,24.421,18.530,13.91,10.56,790.3,790.3,553.9,500,100.0,26.9,HOLD_RPM,102.65,487.78,590.44,0,0.0,4674,0,2992.2,2974.0
52.9000,1669318,2000.0,2992.2,24.421,18.530,13.91,10.56,790.3,790.3,550.0,500,100.0,25.0,HOLD_RPM,99.22,487.78,580.13,0,0.0,4674,0,2992.2,2946.2
52.9500,1669368,2000.0,2945.2,24.421,19.110,13.69,10.72,790.3,790.3,550.0,500,100.0,25.0,HOLD_RPM,99.22,487.78,587.00,0,0.0,4674,0,2945.2,2927.5
53.0000,1669418,2000.0,2945.2,24.494,19.110,13.74,10.72,823.4,823.4,550.0,500,100.0,25.0,HOLD_RPM,94.52,487.78,572.90,0,0.0,4674,0,2945.2,2898.1
53.0500,1669468,2000.0,2891.5,24.494,19.651,13.49,10.82,823.4,823.4,545.9,500,100.0,22.9,HOLD_RPM,94.52,487.78,582.30,0,0.0,4675,0,2891.5,2867.5
53.1000,1669518,2000.0,2891.5,24.494,19.651,13.49,10.82,823.4,823.4,545.9,500,100.0,22.9,HOLD_RPM,89.15,487.78,566.20,0,0.0,4677,0,2891.5,2831.0
53.1500,1669568,2000.0,2824.1,24.642,19.521,13.25,10.50,895.9,895.9,545.9,500,100.0,22.9,HOLD_RPM,89.15,487.78,576.93,0,0.0,4679,0,2824.1,2796.7
53.2000,1669618,2000.0,2824.1,24.642,19.521,13.25,10.50,895.9,895.9,545.9,500,100.0,22.9,HOLD_RPM,82.41,487.78,556.71,0,0.0,4679,0,2824.1,2764.8
53.2500,1669668,2000.0,2758.9,24.642,19.340,12.94,10.16,895.9,895.9,548.1,500,100.0,24.1,HOLD_RPM,82.41,487.78,570.19,0,0.0,4680,0,2758.9,2735.2
53.3000,1669718,2000.0,2758.9,24.642,19.340,12.94,10.16,895.9,895.9,548.1,500,100.0,24.1,HOLD_RPM,75.89,487.78,550.64,0,0.0,4680,0,2758.9,2707.3
53.3500,1669768,2000.0,2700.5,21.109,19.149,10.85,9.85,737.2,737.2,548.1,500,100.0,24.1,HOLD_RPM,75.89,487.78,563.68,0,0.0,4680,0,2700.5,2681.8
53.4000,1669818,2000.0,2700.5,21.109,19.149,10.85,9.85,737.2,737.2,548.6,500,100.0,24.3,HOLD_RPM,70.05,487.78,546.16,0,0.0,4680,0,2700.5,2651.5
53.4500,1669868,2000.0,2650.2,21.109,19.071,10.65,9.62,737.2,737.2,548.6,500,100.0,24.3,HOLD_RPM,70.05,487.78,557.84,0,0.0,4680,0,2650.2,2634.9
53.5000,1669918,2000.0,2650.2,17.156,19.071,8.66,9.62,806.6,806.6,548.6,500,100.0,24.3,HOLD_RPM,65.02,487.78,542.75,0,0.0,4680,0,2650.2,2615.4
53.5500,1669968,2000.0,2612.6,17.156,19.013,8.53,9.46,806.6,806.6,547.3,500,100.0,23.6,HOLD_RPM,65.02,487.78,552.81,0,0.0,4680,0,2612.6,2598.9
53.6000,1670018,2000.0,2612.6,17.156,19.013,8.53,9.46,806.6,806.6,547.3,500,100.0,23.6,HOLD_RPM,61.26,487.78,541.53,0,0.0,4680,0,2612.6,2573.1
53.6500,1670068,2000.0,2571.6,10.636,19.119,5.21,9.36,630.3,630.3,547.3,500,100.0,23.6,HOLD_RPM,61.26,487.78,549.05,0,0.0,4680,0,2571.6,2558.7
53.7000,1670118,2000.0,2571.6,10.636,19.119,5.21,9.36,630.3,630.3,545.5,500,100.0,22.8,HOLD_RPM,57.16,487.78,536.74,0,0.0,4680,0,2571.6,2551.7
53.7500,1670168,2000.0,2548.2,10.636,19.222,5.16,9.33,630.3,630.3,545.5,500,100.0,22.8,HOLD_RPM,57.16,487.78,544.94,0,0.0,4682,0,2548.2,2538.2
53.8000,1670218,2000.0,2548.2,12.627,19.222,6.13,9.33,950.3,950.3,545.5,500,100.0,22.8,HOLD_RPM,54.82,487.78,537.92,0,0.0,4683,0,2548.2,2538.6
53.8500,1670268,2000.0,2536.3,12.627,19.274,6.10,9.31,950.3,950.3,545.5,500,100.0,22.8,HOLD_RPM,54.82,487.78,542.60,0,0.0,4683,0,2536.3,2529.9
53.9000,1670318,2000.0,2536.3,12.627,19.274,6.10,9.31,950.3,950.3,543.4,500,100.0,21.7,HOLD_RPM,53.63,487.78,539.04,0,0.0,4683,0,2536.3,2527.0
53.9500,1670368,2000.0,2523.7,12.627,19.330,6.07,9.29,950.3,950.3,543.4,500,100.0,21.7,HOLD_RPM,53.63,487.78,541.42,0,0.0,4684,0,2523.7,2517.2
54.0000,1670418,2000.0,2523.7,15.865,19.330,7.62,9.29,1006.2,1006.2,543.4,500,100.0,21.7,HOLD_RPM,52.37,487.78,537.63,0,0.0,4684,0,2523.7,2507.1
54.0500,1670468,2000.0,2505.0,15.865,19.412,7.57,9.26,1006.2,1006.2,539.5,500,100.0,19.8,HOLD_RPM,52.37,487.78,540.15,0,0.0,4686,0,2505.0,2499.7
54.1000,1670518,2000.0,2505.0,15.865,19.412,7.57,9.26,1006.2,1006.2,539.5,500,100.0,19.8,HOLD_RPM,50.50,487.78,534.53,0,0.0,4686,0,2505.0,2492.5
54.1500,1670568,2000.0,2490.6,10.348,19.521,4.91,9.26,717.8,717.8,539.5,500,100.0,19.8,HOLD_RPM,50.50,487.78,538.28,0,0.0,4686,0,2490.6,2487.3
54.2000,1670618,2000.0,2490.6,10.348,19.521,4.91,9.26,717.8,717.8,538.1,500,100.0,19.1,HOLD_RPM,49.06,487.78,533.97,0,0.0,4687,0,2490.6,2485.8
54.2500,1670668,2000.0,2482.8,10.348,19.594,4.89,9.26,717.8,717.8,538.1,500,100.0,19.1,HOLD_RPM,49.06,487.78,536.84,0,0.0,4687,0,2482.8,2477.6
54.3000,1670718,2000.0,2482.8,6.638,19.594,3.14,9.26,698.1,698.1,538.1,500,100.0,19.1,HOLD_RPM,48.28,487.78,534.49,0,0.0,4688,0,2482.8,2479.4
54.3500,1670768,2000.0,2479.6,6.638,19.623,3.13,9.26,698.1,698.1,540.2,500,100.0,20.1,HOLD_RPM,48.28,487.78,536.06,0,0.0,4690,0,2479.6,2481.2
54.4000,1670818,2000.0,2479.6,6.638,19.623,3.13,9.26,698.1,698.1,540.2,500,100.0,20.1,HOLD_RPM,47.96,487.78,535.10,0,0.0,4690,0,2479.6,2482.7
54.4500,1670868,2000.0,2482.5,8.379,19.596,3.96,9.26,869.1,869.1,540.2,500,100.0,20.1,HOLD_RPM,47.96,487.78,535.74,0,0.0,4690,0,2482.5,2483.1
54.5000,1670918,2000.0,2482.5,8.379,19.596,3.96,9.26,869.1,869.1,537.1,500,100.0,18.6,HOLD_RPM,48.25,487.78,536.61,0,0.0,4691,0,2482.5,2485.0
54.5500,1670968,2000.0,2483.7,8.379,19.585,3.96,9.26,869.1,869.1,537.1,500,100.0,18.6,HOLD_RPM,48.25,487.78,536.03,0,0.0,4692,0,2483.7,2483.1
54.6000,1671018,2000.0,2483.7,5.045,19.585,2.39,9.26,672.8,672.8,537.1,500,100.0,18.6,HOLD_RPM,48.37,487.78,536.40,0,0.0,4692,0,2483.7,2482.7
54.6500,1671068,2000.0,2479.6,5.045,19.623,2.38,9.26,672.8,672.8,537.1,500,100.0,18.6,HOLD_RPM,48.37,487.78,536.16,0,0.0,4692,0,2479.6,2474.1
54.7000,1671118,2000.0,2479.6,5.045,19.623,2.38,9.26,672.8,672.8,533.1,500,100.0,16.6,HOLD_RPM,47.96,487.78,534.93,0,0.0,4692,0,2479.6,2475.0
54.7500,1671168,2000.0,2473.0,5.045,19.685,2.38,9.27,672.8,672.8,533.1,500,100.0,16.6,HOLD_RPM,47.96,487.78,535.75,0,0.0,4692,0,2473.0,2467.9
54.8000,1671218,2000.0,2473.0,1.726,19.685,0.81,9.27,745.9,745.9,533.1,500,100.0,16.6,HOLD_RPM,47.30,487.78,533.76,0,0.0,4692,0,2473.0,2458.3
54.8500,1671268,2000.0,2450.9,1.726,19.889,0.81,9.28,745.9,745.9,536.5,500,100.0,18.3,HOLD_RPM,47.30,487.78,535.08,0,0.0,4692,0,2450.9,2434.7
54.9000,1671318,2000.0,2450.9,1.726,19.889,0.81,9.28,745.9,745.9,536.5,500,100.0,18.3,HOLD_RPM,45.09,487.78,528.44,0,0.0,4693,0,2450.9,2427.2
54.9500,1671368,2000.0,2419.1,2.161,20.184,1.00,9.30,756.9,756.9,536.5,500,100.0,18.3,HOLD_RPM,45.09,487.78,532.87,0,0.0,4693,0,2419.1,2403.0
55.0000,1671418,2000.0,2419.1,2.161,20.184,1.00,9.30,756.9,756.9,531.8,500,100.0,15.9,HOLD_RPM,41.91,487.78,523.35,0,0.0,4694,0,2419.1,2374.7
55.0500,1671468,2000.0,2367.1,2.161,20.553,0.97,9.26,756.9,756.9,531.8,500,100.0,15.9,HOLD_RPM,41.91,487.78,529.70,0,0.0,4694,0,2367.1,2344.2
55.1000,1671518,2000.0,2367.1,4.396,20.553,1.98,9.26,907.5,907.5,531.8,500,100.0,15.9,HOLD_RPM,36.71,487.78,514.08,0,0.0,4694,0,2367.1,2317.4
55.1500,1671568,2000.0,2300.1,4.396,20.942,1.93,9.17,907.5,907.5,535.2,500,100.0,17.6,HOLD_RPM,36.71,487.78,524.49,0,0.0,4694,0,2300.1,2268.5
55.2000,1671618,2000.0,2300.1,4.396,20.942,1.93,9.17,907.5,907.5,535.2,500,100.0,17.6,HOLD_RPM,30.01,487.78,504.40,0,0.0,4694,0,2300.1,2228.4
55.2500,1671668,2000.0,2222.7,10.496,20.567,4.44,8.70,905.9,905.9,535.2,500,100.0,17.6,HOLD_RPM,30.01,487.78,517.79,0,0.0,4694,0,2222.7,2199.7
55.3000,1671718,2000.0,2222.7,10.496,20.567,4.44,8.70,905.9,905.9,535.2,496,99.2,17.6,HOLD_RPM,22.27,488.34,495.12,0,0.0,4694,0,2222.7,2154.5
55.3500,1671768,2000.0,2147.6,10.496,20.892,4.29,8.54,905.9,905.9,531.0,499,99.8,15.5,HOLD_RPM,22.27,488.34,510.61,0,0.0,4694,0,2147.6,2120.0
55.4000,1671818,2000.0,2147.6,10.496,20.892,4.29,8.54,905.9,905.9,531.0,496,99.2,15.5,HOLD_RPM,14.76,488.71,488.44,0,0.0,4695,0,2147.6,2089.6
55.4500,1671868,2000.0,2076.9,10.621,21.102,4.20,8.34,955.9,955.9,531.0,489,97.8,15.5,HOLD_RPM,14.76,488.71,503.47,0,0.0,4695,0,2076.9,2049.0
55.5000,1671918,2000.0,2076.9,10.621,21.102,4.20,8.34,955.9,955.9,511.4,483,96.6,5.7,HOLD_RPM,7.69,488.90,482.45,0,0.0,4695,0,2076.9,2020.9
55.5500,1671968,2000.0,2012.9,10.621,20.586,4.07,7.89,955.9,955.9,511.4,486,97.2,5.7,HOLD_RPM,7.69,489.09,496.78,0,0.0,4695,0,2012.9,1996.1
55.6000,1672018,2000.0,2012.9,9.131,20.586,3.50,7.89,938.8,938.8,511.4,495,99.0,5.7,HOLD_RPM,1.29,489.13,477.64,0,0.0,4695,0,2012.9,1970.1
55.6500,1672068,2000.0,1962.2,9.131,19.324,3.41,7.22,938.8,938.8,519.0,491,98.2,9.5,HOLD_RPM,1.29,489.16,490.45,0,0.0,4697,0,1962.2,1946.0
55.7000,1672118,2000.0,1962.2,9.131,19.324,3.41,7.22,938.8,938.8,519.0,487,97.4,9.5,HOLD_RPM,-3.78,489.06,475.15,0,0.0,4698,0,1962.2,1908.8
55.7500,1672168,2000.0,1890.9,5.628,17.159,2.03,6.18,559.7,559.7,519.0,479,95.8,9.5,HOLD_RPM,-3.78,488.97,485.19,0,0.0,4698,0,1890.9,1855.3
55.8000,1672218,2000.0,1890.9,5.628,17.159,2.03,6.18,559.7,559.7,500.5,474,94.8,0.3,HOLD_RPM,-10.91,488.70,463.51,0,0.0,4698,0,1890.9,1835.1
55.8500,1672268,2000.0,1817.0,5.628,15.052,1.95,5.21,559.7,559.7,500.5,465,93.0,0.3,HOLD_RPM,-10.91,488.42,477.51,0,0.0,4699,0,1817.0,1789.4
55.9000,1672318,2000.0,1817.0,8.652,15.052,2.99,5.21,834.7,834.7,500.5,460,92.0,0.3,HOLD_RPM,-18.30,487.97,454.88,0,0.0,4699,0,1817.0,1749.1
55.9500,1672368,2000.0,1744.5,8.652,13.879,2.87,4.61,834.7,834.7,496.4,454,90.8,-1.8,HOLD_RPM,-18.30,487.51,469.20,0,0.0,4699,0,1744.5,1735.0
56.0000,1672418,2000.0,1744.5,8.652,13.879,2.87,4.61,834.7,834.7,496.4,455,91.0,-1.8,HOLD_RPM,-25.55,486.87,446.82,0,0.0,4699,0,1744.5,1713.1
56.0500,1672468,2000.0,1708.9,9.942,13.438,3.24,4.37,927.5,927.5,496.4,449,89.8,-1.8,HOLD_RPM,-25.55,486.23,460.68,0,0.0,4699,0,1708.9,1695.9
56.1000,1672518,2000.0,1708.9,9.942,13.438,3.24,4.37,927.5,927.5,496.4,449,89.8,-1.8,HOLD_RPM,-29.11,485.50,449.28,0,0.0,4699,0,1708.9,1676.8
56.1500,1672568,2000.0,1668.0,9.942,13.137,3.16,4.17,927.5,927.5,496.0,454,90.8,-2.0,HOLD_RPM,-29.11,484.78,455.67,0,0.0,4700,0,1668.0,1653.2
56.2000,1672618,2000.0,1668.0,9.942,13.137,3.16,4.17,927.5,927.5,496.0,450,90.0,-2.0,HOLD_RPM,-33.20,483.95,442.58,0,0.0,4700,0,1668.0,1620.2
56.2500,1672668,2000.0,1605.3,14.493,12.764,4.43,3.90,878.4,878.4,496.0,443,88.6,-2.0,HOLD_RPM,-33.20,483.12,449.92,0,0.0,4700,0,1605.3,1581.6
56.3000,1672718,2000.0,1605.3,14.493,12.764,4.43,3.90,878.4,878.4,496.6,444,88.8,-1.7,HOLD_RPM,-39.47,482.13,430.11,0,0.0,4701,0,1605.3,1518.3
56.3500,1672768,2000.0,1489.0,14.493,10.615,4.11,3.01,878.4,878.4,496.6,436,87.2,-1.7,HOLD_RPM,-39.47,481.14,441.67,0,0.0,4701,0,1489.0,1443.5
56.4000,1672818,2000.0,1489.0,2.921,10.615,0.83,3.01,222.8,222.8,496.6,431,86.2,-1.7,HOLD_RPM,-51.10,479.87,405.52,0,0.0,4701,0,1489.0,1382.4
56.4500,1672868,2000.0,1345.9,2.921,10.615,0.75,2.72,222.8,222.8,495.5,422,84.4,-2.2,HOLD_RPM,-51.10,478.59,427.49,0,0.0,4701,0,1345.9,1311.3
56.5000,1672918,2000.0,1345.9,2.921,10.615,0.75,2.72,222.8,222.8,495.5,416,83.2,-2.2,HOLD_RPM,-65.41,476.95,382.93,0,0.0,4701,0,1345.9,1226.0
56.5500,1672968,0.0,1177.9,10.215,10.615,2.29,2.38,1086.6,1086.6,495.5,405,81.0,-2.2,IDLE,0.00,0.00,0.00,0,0.0,4701,0,1177.9,1133.5
56.6000,1673018,0.0,1177.9,10.215,10.615,2.29,2.38,1086.6,1086.6,494.1,392,78.4,-2.9,IDLE,0.00,0.00,0.00,0,0.0,4701,0,1177.9,1033.8
56.6500,1673068,0.0,994.7,10.215,10.615,1.93,2.01,1086.6,1086.6,494.1,361,72.2,-2.9,IDLE,0.00,0.00,0.00,0,0.0,4701,0,994.7,960.2
56.7000,1673118,0.0,994.7,11.159,10.615,2.11,2.01,950.3,950.3,494.1,321,64.2,-2.9,IDLE,0.00,0.00,0.00,0,0.0,4701,0,994.7,884.9
56.7500,1673168,0.0,822.8,11.159,10.615,1.75,1.66,950.3,950.3,494.1,281,56.2,-2.9,IDLE,0.00,0.00,0.00,0,0.0,4701,0,822.8,803.5
56.8000,1673218,0.0,822.8,11.159,10.615,1.75,1.66,950.3,950.3,494.8,242,48.4,-2.6,IDLE,0.00,0.00,0.00,0,0.0,4703,0,822.8,803.5
56.8500,1673268,0.0,822.8,11.159,10.615,1.75,1.66,950.3,950.3,494.8,202,40.4,-2.6,IDLE,0.00,0.00,0.00,0,0.0,4704,0,822.8,803.5
56.9000,1673318,0.0,822.8,1.910,10.615,0.30,1.66,487.8,487.8,494.8,162,32.4,-2.6,IDLE,0.00,0.00,0.00,0,0.0,4705,0,822.8,803.5
56.9500,1673368,0.0,822.8,1.910,10.615,0.30,1.66,487.8,487.8,496.5,123,24.6,-1.8,IDLE,0.00,0.00,0.00,0,0.0,4706,0,822.8,803.5
57.0000,1673418,0.0,822.8,1.910,10.615,0.30,1.66,487.8,487.8,496.5,83,16.6,-1.8,IDLE,0.00,0.00,0.00,0,0.0,4707,0,822.8,803.5
57.0500,1673468,0.0,822.8,-4.868,10.615,-0.76,1.66,649.7,649.7,496.5,48,9.6,-1.8,IDLE,0.00,0.00,0.00,0,0.0,4708,0,822.8,803.5
57.1000,1673518,0.0,822.8,-4.868,10.615,-0.76,1.66,649.7,649.7,499.3,22,4.4,-0.4,IDLE,0.00,0.00,0.00,0,0.0,4708,0,822.8,803.5
57.1500,1673568,0.0,822.8,-4.868,10.615,-0.76,1.66,649.7,649.7,499.3,6,1.2,-0.4,IDLE,0.00,0.00,0.00,0,0.0,4709,0,822.8,803.5
57.2000,1673618,0.0,822.8,-8.725,10.615,-1.37,1.66,764.4,764.4,499.3,0,0.0,-0.4,IDLE,0.00,0.00,0.00,0,0.0,4709,0,822.8,803.5
57.2500,1673668,0.0,0.0,-8.725,10.615,0.00,0.00,764.4,764.4,499.1,0,0.0,-0.4,IDLE,0.00,0.00,0.00,0,0.0,4709,0,0.0,803.5
57.3000,1673718,0.0,0.0,-8.725,10.615,0.00,0.00,764.4,764.4,499.1,0,0.0,-0.4,IDLE,0.00,0.00,0.00,0,0.0,4709,0,0.0,803.5
57.3500,1673768,0.0,0.0,-8.556,10.615,0.00,0.00,567.5,567.5,499.1,0,0.0,-0.4,IDLE,0.00,0.00,0.00,0,0.0,4709,0,0.0,803.5
57.4000,1673818,0.0,0.0,-8.556,10.615,0.00,0.00,567.5,567.5,501.6,0,0.0,0.8,IDLE,0.00,0.00,0.00,0,0.0,4709,0,0.0,803.5
57.4500,1673868,0.0,0.0,-8.556,10.615,0.00,0.00,567.5,567.5,501.6,0,0.0,0.8,IDLE,0.00,0.00,0.00,0,0.0,4709,0,0.0,803.5
57.5000,1673918,0.0,0.0,-9.891,10.615,0.00,0.00,774.4,774.4,501.6,0,0.0,0.8,IDLE,0.00,0.00,0.00,0,0.0,4709,0,0.0,803.5
57.5500,1673968,0.0,0.0,-9.891,10.615,0.00,0.00,774.4,774.4,501.6,0,0.0,0.8,IDLE,0.00,0.00,0.00,0,0.0,4709,0,0.0,803.5
57.6000,1674018,0.0,0.0,-9.891,10.615,0.00,0.00,774.4,774.4,501.0,0,0.0,0.5,IDLE,0.00,0.00,0.00,0,0.0,4709,0,0.0,803.5
57.6500,1674068,0.0,0.0,-9.891,10.615,0.00,0.00,774.4,774.4,501.0,0,0.0,0.5,IDLE,0.00,0.00,0.00,0,0.0,4709,0,0.0,803.5
57.7000,1674118,0.0,0.0,-13.844,10.615,0.00,0.00,748.8,748.8,501.0,0,0.0,0.5,IDLE,0.00,0.00,0.00,0,0.0,4709,0,0.0,803.5
57.7500,1674168,0.0,0.0,-13.844,10.615,0.00,0.00,748.8,748.8,501.1,0,0.0,0.6,IDLE,0.00,0.00,0.00,0,0.0,4709,0,0.0,803.5
57.8000,1674218,0.0,0.0,-13.844,10.615,0.00,0.00,748.8,748.8,501.1,0,0.0,0.6,IDLE,0.00,0.00,0.00,0,0.0,4709,0,0.0,803.5
57.8500,1674268,0.0,0.0,-16.698,10.615,0.00,0.00,749.4,749.4,501.1,0,0.0,0.6,IDLE,0.00,0.00,0.00,0,0.0,4709,0,0.0,803.5
57.9000,1674318,0.0,0.0,-16.698,10.615,0.00,0.00,749.4,749.4,500.9,0,0.0,0.4,IDLE,0.00,0.00,0.00,0,0.0,4709,0,0.0,803.5
57.9500,1674368,0.0,0.0,-16.698,10.615,0.00,0.00,749.4,749.4,500.9,0,0.0,0.4,IDLE,0.00,0.00,0.00,0,0.0,4709,0,0.0,803.5
58.0000,1674418,0.0,0.0,-4.993,10.615,0.00,0.00,751.9,751.9,500.9,0,0.0,0.4,IDLE,0.00,0.00,0.00,0,0.0,4709,0,0.0,803.5
58.0500,1674468,0.0,0.0,-4.993,10.615,0.00,0.00,751.9,751.9,501.6,0,0.0,0.8,IDLE,0.00,0.00,0.00,0,0.0,4709,0,0.0,803.5
58.1000,1674518,0.0,0.0,-4.993,10.615,0.00,0.00,751.9,751.9,501.6,0,0.0,0.8,IDLE,0.00,0.00,0.00,0,0.0,4709,0,0.0,803.5
58.1500,1674568,0.0,0.0,-12.428,10.615,0.00,0.00,750.6,750.6,501.6,0,0.0,0.8,IDLE,0.00,0.00,0.00,0,0.0,4709,0,0.0,803.5
58.2000,1674618,0.0,0.0,-12.428,10.615,0.00,0.00,750.6,750.6,501.6,0,0.0,0.8,IDLE,0.00,0.00,0.00,0,0.0,4709,0,0.0,803.5
58.2500,1674668,0.0,0.0,-12.428,10.615,0.00,0.00,750.6,750.6,500.5,0,0.0,0.3,IDLE,0.00,0.00,0.00,0,0.0,4709,0,0.0,803.5
58.3000,1674718,0.0,0.0,-12.428,10.615,0.00,0.00,750.6,750.6,500.5,0,0.0,0.3,IDLE,0.00,0.00,0.00,0,0.0,4709,0,0.0,803.5
58.3500,1674768,0.0,0.0,-17.001,10.615,0.00,0.00,743.4,743.4,500.5,0,0.0,0.3,IDLE,0.00,0.00,0.00,0,0.0,4709,0,0.0,803.5
58.4000,1674818,0.0,0.0,-17.001,10.615,0.00,0.00,743.4,743.4,500.6,0,0.0,0.3,IDLE,0.00,0.00,0.00,0,0.0,4709,0,0.0,803.5
58.4500,1674868,0.0,0.0,-17.001,10.615,0.00,0.00,743.4,743.4,500.6,0,0.0,0.3,IDLE,0.00,0.00,0.00,0,0.0,4709,0,0.0,803.5
58.5000,1674918,0.0,0.0,-11.145,10.615,0.00,0.00,752.5,752.5,500.6,0,0.0,0.3,IDLE,0.00,0.00,0.00,0,0.0,4709,0,0.0,803.5
58.5500,1674968,0.0,0.0,-11.145,10.615,0.00,0.00,752.5,752.5,500.9,0,0.0,0.4,IDLE,0.00,0.00,0.00,0,0.0,4709,0,0.0,803.5
58.6000,1675018,0.0,0.0,-11.145,10.615,0.00,0.00,752.5,752.5,500.9,0,0.0,0.4,IDLE,0.00,0.00,0.00,0,0.0,4709,0,0.0,803.5
58.6500,1675068,0.0,0.0,-8.976,10.615,0.00,0.00,747.8,747.8,500.9,0,0.0,0.4,IDLE,0.00,0.00,0.00,0,0.0,4709,0,0.0,803.5
58.7000,1675118,0.0,0.0,-8.976,10.615,0.00,0.00,747.8,747.8,500.9,0,0.0,0.4,IDLE,0.00,0.00,0.00,0,0.0,4709,0,0.0,803.5
58.7500,1675168,0.0,0.0,-8.976,10.615,0.00,0.00,747.8,747.8,500.9,0,0.0,0.4,IDLE,0.00,0.00,0.00,0,0.0,4709,0,0.0,803.5
58.8000,1675218,0.0,0.0,-9.345,10.615,0.00,0.00,747.5,747.5,500.9,0,0.0,0.4,IDLE,0.00,0.00,0.00,0,0.0,4709,0,0.0,803.5
58.8500,1675268,0.0,0.0,-9.345,10.615,0.00,0.00,747.5,747.5,500.4,0,0.0,0.2,IDLE,0.00,0.00,0.00,0,0.0,4709,0,0.0,803.5
58.9000,1675318,0.0,0.0,-9.345,10.615,0.00,0.00,747.5,747.5,500.4,0,0.0,0.2,IDLE,0.00,0.00,0.00,0,0.0,4709,0,0.0,803.5
58.9500,1675368,0.0,0.0,-5.362,10.615,0.00,0.00,747.5,747.5,500.4,0,0.0,0.2,IDLE,0.00,0.00,0.00,0,0.0,4709,0,0.0,803.5
59.0000,1675418,0.0,0.0,-5.362,10.615,0.00,0.00,747.5,747.5,500.4,0,0.0,0.2,IDLE,0.00,0.00,0.00,0,0.0,4709,0,0.0,803.5
59.0500,1675468,0.0,0.0,-5.362,10.615,0.00,0.00,747.5,747.5,501.5,0,0.0,0.8,IDLE,0.00,0.00,0.00,0,0.0,4709,0,0.0,803.5
59.1000,1675518,0.0,0.0,-5.362,10.615,0.00,0.00,747.5,747.5,501.5,0,0.0,0.8,IDLE,0.00,0.00,0.00,0,0.0,4709,0,0.0,803.5
59.1500,1675568,0.0,0.0,-5.960,10.615,0.00,0.00,747.5,747.5,501.5,0,0.0,0.8,IDLE,0.00,0.00,0.00,0,0.0,4709,0,0.0,0.0
59.2000,1675618,0.0,0.0,-5.960,10.615,0.00,0.00,747.5,747.5,500.8,0,0.0,0.4,IDLE,0.00,0.00,0.00,0,0.0,4709,0,0.0,0.0
59.2500,1675668,0.0,0.0,-5.960,10.615,0.00,0.00,747.5,747.5,500.8,0,0.0,0.4,IDLE,0.00,0.00,0.00,0,0.0,4709,0,0.0,0.0
59.3000,1675718,0.0,0.0,-5.827,10.615,0.00,0.00,754.7,754.7,500.8,0,0.0,0.4,IDLE,0.00,0.00,0.00,0,0.0,4709,0,0.0,0.0
59.3500,1675768,0.0,0.0,-5.827,10.615,0.00,0.00,754.7,754.7,501.8,0,0.0,0.9,IDLE,0.00,0.00,0.00,0,0.0,4709,0,0.0,0.0
59.4000,1675818,0.0,0.0,-5.827,10.615,0.00,0.00,754.7,754.7,501.8,0,0.0,0.9,IDLE,0.00,0.00,0.00,0,0.0,4709,0,0.0,0.0
59.4500,1675868,0.0,0.0,-5.650,10.615,0.00,0.00,757.5,757.5,501.8,0,0.0,0.9,IDLE,0.00,0.00,0.00,0,0.0,4709,0,0.0,0.0
59.5000,1675918,0.0,0.0,-5.650,10.615,0.00,0.00,757.5,757.5,501.3,0,0.0,0.6,IDLE,0.00,0.00,0.00,0,0.0,4709,0,0.0,0.0
59.5500,1675968,0.0,0.0,-5.650,10.615,0.00,0.00,757.5,757.5,501.3,0,0.0,0.6,IDLE,0.00,0.00,0.00,0,0.0,4709,0,0.0,0.0
59.6000,1676018,0.0,0.0,-5.576,10.615,0.00,0.00,755.0,755.0,501.3,0,0.0,0.6,IDLE,0.00,0.00,0.00,0,0.0,4709,0,0.0,0.0
59.6500,1676068,0.0,0.0,-5.576,10.615,0.00,0.00,755.0,755.0,501.3,0,0.0,0.6,IDLE,0.00,0.00,0.00,0,0.0,4709,0,0.0,0.0
59.7000,1676118,0.0,0.0,-5.576,10.615,0.00,0.00,755.0,755.0,500.8,0,0.0,0.4,IDLE,0.00,0.00,0.00,0,0.0,4709,0,0.0,0.0
59.7500,1676168,0.0,0.0,-5.576,10.615,0.00,0.00,755.0,755.0,500.8,0,0.0,0.4,IDLE,0.00,0.00,0.00,0,0.0,4709,0,0.0,0.0
59.8000,1676218,0.0,0.0,-5.428,10.615,0.00,0.00,757.5,757.5,500.8,0,0.0,0.4,IDLE,0.00,0.00,0.00,0,0.0,4709,0,0.0,0.0
59.8500,1676268,0.0,0.0,-5.428,10.615,0.00,0.00,757.5,757.5,500.8,0,0.0,0.4,IDLE,0.00,0.00,0.00,0,0.0,4709,0,0.0,0.0
59.9000,1676318,0.0,0.0,-5.428,10.615,0.00,0.00,757.5,757.5,500.8,0,0.0,0.4,IDLE,0.00,0.00,0.00,0,0.0,4709,0,0.0,0.0
